"","date","item","count","sales_cat","semester","menu_condition","station","item_cat","station_type","meal_period"
"1","16-Oct","Quesadilla Deluxe Trillium",140,"Grill","Fall 2024","Control","Quesadilla","Main","Satellite","Lunch"
"2","16-Oct","Grilled Hamburger",91,"Grill","Fall 2024","Control","Grill","Main","Treatment","Lunch"
"3","16-Oct","Fried Chicken Tenders",92,"Grab N Go","Fall 2024","Control","Grab N Go","Side","Satellite","Lunch"
"4","16-Oct","Burrito Una Mano Trillium BYO",62,"Grill","Fall 2024","Control","Quesadilla","Main","Satellite","Lunch"
"5","16-Oct","French Fries",113,"Grill","Fall 2024","Control","Grill","Side","Treatment","Lunch"
"6","16-Oct","Quesadilla Cheese",35,"Grill","Fall 2024","Control","Quesadilla","Main","Satellite","Lunch"
"7","16-Oct","Grilled Chicken Breast Sandwich",14,"Grill","Fall 2024","Control","Grill","Main","Treatment","Lunch"
"8","16-Oct","Seared Salmon Burger",9,"Grill","Fall 2024","Control","Grill","Main","Treatment","Lunch"
"9","16-Oct","Trillium Grill Impossible Burger",7,"Grill","Fall 2024","Control","Grill","Main","Treatment","Lunch"
"10","16-Oct","Sweet Potato Fries",21,"Grill","Fall 2024","Control","Grill","Side","Treatment","Lunch"
"11","16-Oct","+ Beef Patty",13,"Grill","Fall 2024","Control","Grill","Modification","Treatment","Lunch"
"12","16-Oct","Black Bean Burger",2,"Grill","Fall 2024","Control","Grill","Main","Treatment","Lunch"
"13","16-Oct","Add Impossible Burger Patty",1,"Grill","Fall 2024","Control","Grill","Modification","Treatment","Lunch"
"14","16-Oct","Add Egg .99",6,"Grill","Fall 2024","Control","Grill","Modification","Treatment","Lunch"
"15","16-Oct","ADD Cheese",9,"Grill","Fall 2024","Control","Grill","Modification","Treatment","Lunch"
"16","16-Oct","Add Sausage 2 Patty",2,"Grill","Fall 2024","Control","Grill","Modification","Treatment","Lunch"
"17","16-Oct","ADD Burger Salmon Grilled",1,"Grill","Fall 2024","Control","Grill","Modification","Treatment","Lunch"
"18","16-Oct","1 Entree + 1 Side",206,"Asian","Fall 2024","Control","Wok","Main","Satellite","Lunch"
"19","16-Oct","1 Entree + 2 Side",79,"Asian","Fall 2024","Control","Wok","Main","Satellite","Lunch"
"20","16-Oct","Bowl Ramen Chicken",83,"Asian","Fall 2024","Control","Ramen","Main","Treatment","Lunch"
"21","16-Oct","2 Entrees + 2 Sides",20,"Asian","Fall 2024","Control","Wok","Main","Satellite","Lunch"
"22","16-Oct","Bowl Ramen Tofu",16,"Asian","Fall 2024","Control","Ramen","Main","Treatment","Lunch"
"23","16-Oct","Bowl Ramen Chicken",5,"Asian","Fall 2024","Control","Ramen","Main","Treatment","Lunch"
"24","16-Oct","Side Vegetarian Lo Mein",6,"Asian","Fall 2024","Control","Wok","Side","Satellite","Lunch"
"25","16-Oct","Side Fried Spring Roll",4,"Asian","Fall 2024","Control","Wok","Side","Satellite","Lunch"
"26","16-Oct","Side White or Brown Rice",4,"Asian","Fall 2024","Control","Wok","Side","Satellite","Lunch"
"27","16-Oct","Side Vegetable Spring Rolls",2,"Asian","Fall 2024","Control","Wok","Side","Satellite","Lunch"
"28","16-Oct","1 Wok Entree",1,"Asian","Fall 2024","Control","Wok","Main","Satellite","Lunch"
"29","16-Oct","Side Vegetables",1,"Asian","Fall 2024","Control","Wok","Side","Satellite","Lunch"
"30","16-Oct","Side Vegetarian Fried Rice with",1,"Asian","Fall 2024","Control","Wok","Side","Satellite","Lunch"
"31","16-Oct","Create Your Pasta Bowl MEAT",149,"Italian","Fall 2024","Control","Pasta","Main","Satellite","Lunch"
"32","16-Oct","Create Your Pasta Bowl VEG",24,"Italian","Fall 2024","Control","Pasta","Main","Satellite","Lunch"
"33","16-Oct","Pizza Cheese",28,"Italian","Fall 2024","Control","Pizza","Main","Satellite","Lunch"
"34","16-Oct","Add Extra Meat",34,"Italian","Fall 2024","Control","Pasta","Modification","Satellite","Lunch"
"35","16-Oct","Pizza with Toppings",16,"Italian","Fall 2024","Control","Pizza","Main","Satellite","Lunch"
"36","16-Oct","Side Bread Pasta Station",2,"Italian","Fall 2024","Control","Pasta","Side","Satellite","Lunch"
"37","16-Oct","Burrito Breakfast",87,"Breakfast","Fall 2024","Control","Breakfast","Main","Satellite","Breakfast"
"38","16-Oct","Small French Omelet",53,"Breakfast","Fall 2024","Control","Breakfast","Side","Satellite","Breakfast"
"39","16-Oct","Egg Cheese Sausage Breakfast San",34,"Breakfast","Fall 2024","Control","Breakfast","Main","Satellite","Breakfast"
"40","16-Oct","Egg Cheese Bacon Breakfast Sandw",26,"Breakfast","Fall 2024","Control","Breakfast","Main","Satellite","Breakfast"
"41","16-Oct","Grand Slam Breakfast",9,"Breakfast","Fall 2024","Control","Breakfast","Main","Satellite","Breakfast"
"42","16-Oct","Add Bacon",26,"Breakfast","Fall 2024","Control","Breakfast","Modification","Satellite","Breakfast"
"43","16-Oct","Two Eggs",10,"Breakfast","Fall 2024","Control","Breakfast","Side","Satellite","Breakfast"
"44","16-Oct","Pancake Single",4,"Breakfast","Fall 2024","Control","Breakfast","Side","Satellite","Breakfast"
"45","16-Oct","2 Slices Toast",4,"Breakfast","Fall 2024","Control","Breakfast","Side","Satellite","Breakfast"
"46","16-Oct","Trillium Home Fries",1,"Breakfast","Fall 2024","Control","Breakfast","Side","Satellite","Breakfast"
"47","16-Oct","Burrito Bowl BYO",105,"Mexican","Fall 2024","Control","Wrap","Main","Satellite","Lunch"
"48","16-Oct","Single Taco",3,"Mexican","Fall 2024","Control","Wrap","Main","Satellite","Lunch"
"49","16-Oct","Side Sour Cream",1,"Mexican","Fall 2024","Control","Wrap","Side","Satellite","Lunch"
"50","16-Oct","Salad by the Pound",79,"Salad Bar","Fall 2024","Control","Salad Bar","Main","Satellite","Lunch"
"51","16-Oct","Add Extra Protein 2.99",1,"Salad Bar","Fall 2024","Control","Salad Bar","Modification","Satellite","Lunch"
"52","16-Oct","Soup 12 oz",67,"Soup","Fall 2024","Control","Soup","Main","Satellite","Lunch"
"53","16-Oct","8 oz Soup",60,"Soup","Fall 2024","Control","Soup","Main","Satellite","Lunch"
"54","16-Oct","Side Potato Tots",12,"Grab N Go","Fall 2024","Control","Grab N Go","Side","Satellite","Lunch"
"55","17-Oct","Quesadilla Deluxe Trillium",159,"Grill","Fall 2024","Control","Quesadilla","Main","Satellite","Lunch"
"56","17-Oct","Grilled Hamburger",109,"Grill","Fall 2024","Control","Grill","Main","Treatment","Lunch"
"57","17-Oct","Fried Chicken Tenders",109,"Grab N Go","Fall 2024","Control","Grab N Go","Side","Satellite","Lunch"
"58","17-Oct","Burrito Una Mano Trillium BYO",51,"Grill","Fall 2024","Control","Quesadilla","Main","Satellite","Lunch"
"59","17-Oct","French Fries",136,"Grill","Fall 2024","Control","Grill","Side","Treatment","Lunch"
"60","17-Oct","Grilled Chicken Breast Sandwich",22,"Grill","Fall 2024","Control","Grill","Main","Treatment","Lunch"
"61","17-Oct","Trillium Grill Impossible Burger",12,"Grill","Fall 2024","Control","Grill","Main","Treatment","Lunch"
"62","17-Oct","Quesadilla Cheese",13,"Grill","Fall 2024","Control","Quesadilla","Main","Satellite","Lunch"
"63","17-Oct","Sweet Potato Fries",27,"Grill","Fall 2024","Control","Grill","Side","Treatment","Lunch"
"64","17-Oct","Seared Salmon Burger",9,"Grill","Fall 2024","Control","Grill","Main","Treatment","Lunch"
"65","17-Oct","+ Beef Patty",19,"Grill","Fall 2024","Control","Grill","Modification","Treatment","Lunch"
"66","17-Oct","Black Bean Burger",1,"Grill","Fall 2024","Control","Grill","Main","Treatment","Lunch"
"67","17-Oct","ADD Cheese",10,"Grill","Fall 2024","Control","Grill","Modification","Treatment","Lunch"
"68","17-Oct","Add Sausage 2 Patty",2,"Grill","Fall 2024","Control","Grill","Modification","Treatment","Lunch"
"69","17-Oct","ADD Chicken Breast",1,"Grill","Fall 2024","Control","Grill","Modification","Treatment","Lunch"
"70","17-Oct","Add Egg .99",1,"Grill","Fall 2024","Control","Grill","Modification","Treatment","Lunch"
"71","17-Oct","1 Entree + 1 Side",189,"Asian","Fall 2024","Control","Wok","Main","Satellite","Lunch"
"72","17-Oct","1 Entree + 2 Side",81,"Asian","Fall 2024","Control","Wok","Main","Satellite","Lunch"
"73","17-Oct","Bowl Ramen Chicken",68,"Asian","Fall 2024","Control","Ramen","Main","Treatment","Lunch"
"74","17-Oct","2 Entrees + 2 Sides",35,"Asian","Fall 2024","Control","Wok","Main","Satellite","Lunch"
"75","17-Oct","Bowl Ramen Tofu",14,"Asian","Fall 2024","Control","Ramen","Main","Treatment","Lunch"
"76","17-Oct","1 Wok Entree",5,"Asian","Fall 2024","Control","Wok","Main","Satellite","Lunch"
"77","17-Oct","Side Vegetable Spring Rolls",3,"Asian","Fall 2024","Control","Wok","Side","Satellite","Lunch"
"78","17-Oct","Side Vegetarian Lo Mein",3,"Asian","Fall 2024","Control","Wok","Side","Satellite","Lunch"
"79","17-Oct","Side Vegetables",2,"Asian","Fall 2024","Control","Wok","Side","Satellite","Lunch"
"80","17-Oct","Side White or Brown Rice",2,"Asian","Fall 2024","Control","Wok","Side","Satellite","Lunch"
"81","17-Oct","Create Your Pasta Bowl MEAT",128,"Italian","Fall 2024","Control","Pasta","Main","Satellite","Lunch"
"82","17-Oct","Create Your Pasta Bowl VEG",33,"Italian","Fall 2024","Control","Pasta","Main","Satellite","Lunch"
"83","17-Oct","Pizza with Toppings",37,"Italian","Fall 2024","Control","Pizza","Main","Satellite","Lunch"
"84","17-Oct","Pizza Cheese",27,"Italian","Fall 2024","Control","Pizza","Main","Satellite","Lunch"
"85","17-Oct","Add Extra Meat",24,"Italian","Fall 2024","Control","Pasta","Modification","Satellite","Lunch"
"86","17-Oct","Side Bread Pasta Station",2,"Italian","Fall 2024","Control","Pasta","Side","Satellite","Lunch"
"87","17-Oct","Burrito Breakfast",85,"Breakfast","Fall 2024","Control","Breakfast","Main","Satellite","Breakfast"
"88","17-Oct","Small French Omelet",61,"Breakfast","Fall 2024","Control","Breakfast","Side","Satellite","Breakfast"
"89","17-Oct","Egg Cheese Sausage Breakfast San",36,"Breakfast","Fall 2024","Control","Breakfast","Main","Satellite","Breakfast"
"90","17-Oct","Egg Cheese Bacon Breakfast Sandw",34,"Breakfast","Fall 2024","Control","Breakfast","Main","Satellite","Breakfast"
"91","17-Oct","Grand Slam Breakfast",15,"Breakfast","Fall 2024","Control","Breakfast","Main","Satellite","Breakfast"
"92","17-Oct","Add Bacon",28,"Breakfast","Fall 2024","Control","Breakfast","Modification","Satellite","Breakfast"
"93","17-Oct","Two Eggs",17,"Breakfast","Fall 2024","Control","Breakfast","Side","Satellite","Breakfast"
"94","17-Oct","Trillium Home Fries",1,"Breakfast","Fall 2024","Control","Breakfast","Side","Satellite","Breakfast"
"95","17-Oct","Pancake Single",1,"Breakfast","Fall 2024","Control","Breakfast","Side","Satellite","Breakfast"
"96","17-Oct","2 Slices Toast",1,"Breakfast","Fall 2024","Control","Breakfast","Side","Satellite","Breakfast"
"97","17-Oct","Toast",1,"Breakfast","Fall 2024","Control","Breakfast","Side","Satellite","Breakfast"
"98","17-Oct","Burrito Bowl BYO",103,"Mexican","Fall 2024","Control","Wrap","Main","Satellite","Lunch"
"99","17-Oct","Single Taco",4,"Mexican","Fall 2024","Control","Wrap","Main","Satellite","Lunch"
"100","17-Oct","Side Guacamole",4,"Mexican","Fall 2024","Control","Wrap","Side","Satellite","Lunch"
"101","17-Oct","Side Salsa",3,"Mexican","Fall 2024","Control","Wrap","Side","Satellite","Lunch"
"102","17-Oct","Add Extra Toppings Una Mano",2,"Mexican","Fall 2024","Control","Wrap","Modification","Satellite","Lunch"
"103","17-Oct","Salad by the Pound",57,"Salad Bar","Fall 2024","Control","Salad Bar","Main","Satellite","Lunch"
"104","17-Oct","Add Extra Protein 2.99",1,"Salad Bar","Fall 2024","Control","Salad Bar","Modification","Satellite","Lunch"
"105","17-Oct","8 oz Soup",35,"Soup","Fall 2024","Control","Soup","Main","Satellite","Lunch"
"106","17-Oct","Soup 12 oz",28,"Soup","Fall 2024","Control","Soup","Main","Satellite","Lunch"
"107","17-Oct","Side Potato Tots",18,"Grab N Go","Fall 2024","Control","Grab N Go","Side","Satellite","Lunch"
"108","18-Oct","Quesadilla Deluxe Trillium",105,"Grill","Fall 2024","Control","Quesadilla","Main","Satellite","Lunch"
"109","18-Oct","Grilled Hamburger",66,"Grill","Fall 2024","Control","Grill","Main","Treatment","Lunch"
"110","18-Oct","Fried Chicken Tenders",54,"Grab N Go","Fall 2024","Control","Grab N Go","Side","Satellite","Lunch"
"111","18-Oct","Burrito Una Mano Trillium BYO",42,"Grill","Fall 2024","Control","Quesadilla","Main","Satellite","Lunch"
"112","18-Oct","French Fries",101,"Grill","Fall 2024","Control","Grill","Side","Treatment","Lunch"
"113","18-Oct","Quesadilla Cheese",14,"Grill","Fall 2024","Control","Quesadilla","Main","Satellite","Lunch"
"114","18-Oct","Grilled Chicken Breast Sandwich",11,"Grill","Fall 2024","Control","Grill","Main","Treatment","Lunch"
"115","18-Oct","Seared Salmon Burger",8,"Grill","Fall 2024","Control","Grill","Main","Treatment","Lunch"
"116","18-Oct","+ Beef Patty",11,"Grill","Fall 2024","Control","Grill","Modification","Treatment","Lunch"
"117","18-Oct","Trillium Grill Impossible Burger",2,"Grill","Fall 2024","Control","Grill","Main","Treatment","Lunch"
"118","18-Oct","Black Bean Burger",2,"Grill","Fall 2024","Control","Grill","Main","Treatment","Lunch"
"119","18-Oct","Add Sausage 2 Patty",2,"Grill","Fall 2024","Control","Grill","Modification","Treatment","Lunch"
"120","18-Oct","ADD Chicken Breast",1,"Grill","Fall 2024","Control","Grill","Modification","Treatment","Lunch"
"121","18-Oct","ADD Cheese",4,"Grill","Fall 2024","Control","Grill","Modification","Treatment","Lunch"
"122","18-Oct","Add Egg .99",1,"Grill","Fall 2024","Control","Grill","Modification","Treatment","Lunch"
"123","18-Oct","1 Entree + 1 Side",103,"Asian","Fall 2024","Control","Wok","Main","Satellite","Lunch"
"124","18-Oct","1 Entree + 2 Side",63,"Asian","Fall 2024","Control","Wok","Main","Satellite","Lunch"
"125","18-Oct","Bowl Ramen Chicken",44,"Asian","Fall 2024","Control","Ramen","Main","Treatment","Lunch"
"126","18-Oct","2 Entrees + 2 Sides",20,"Asian","Fall 2024","Control","Wok","Main","Satellite","Lunch"
"127","18-Oct","Bowl Ramen Tofu",21,"Asian","Fall 2024","Control","Ramen","Main","Treatment","Lunch"
"128","18-Oct","Side White or Brown Rice",12,"Asian","Fall 2024","Control","Wok","Side","Satellite","Lunch"
"129","18-Oct","Side Vegetarian Lo Mein",4,"Asian","Fall 2024","Control","Wok","Side","Satellite","Lunch"
"130","18-Oct","1 Wok Entree",2,"Asian","Fall 2024","Control","Wok","Main","Satellite","Lunch"
"131","18-Oct","Side Vegetable Spring Rolls",1,"Asian","Fall 2024","Control","Wok","Side","Satellite","Lunch"
"132","18-Oct","Side Vegetarian Fried Rice with",1,"Asian","Fall 2024","Control","Wok","Side","Satellite","Lunch"
"133","18-Oct","Burrito Breakfast",84,"Breakfast","Fall 2024","Control","Breakfast","Main","Satellite","Breakfast"
"134","18-Oct","Small French Omelet",47,"Breakfast","Fall 2024","Control","Breakfast","Side","Satellite","Breakfast"
"135","18-Oct","Egg Cheese Sausage Breakfast San",36,"Breakfast","Fall 2024","Control","Breakfast","Main","Satellite","Breakfast"
"136","18-Oct","Grand Slam Breakfast",15,"Breakfast","Fall 2024","Control","Breakfast","Main","Satellite","Breakfast"
"137","18-Oct","Egg Cheese Bacon Breakfast Sandw",23,"Breakfast","Fall 2024","Control","Breakfast","Main","Satellite","Breakfast"
"138","18-Oct","Add Bacon",21,"Breakfast","Fall 2024","Control","Breakfast","Modification","Satellite","Breakfast"
"139","18-Oct","Two Eggs",10,"Breakfast","Fall 2024","Control","Breakfast","Side","Satellite","Breakfast"
"140","18-Oct","Pancake Single",6,"Breakfast","Fall 2024","Control","Breakfast","Side","Satellite","Breakfast"
"141","18-Oct","Trillium Home Fries",2,"Breakfast","Fall 2024","Control","Breakfast","Side","Satellite","Breakfast"
"142","18-Oct","PC Jelly",1,"Breakfast","Fall 2024","Control","Breakfast","Side","Satellite","Breakfast"
"143","18-Oct","Create Your Pasta Bowl MEAT",83,"Italian","Fall 2024","Control","Pasta","Main","Satellite","Lunch"
"144","18-Oct","Pizza with Toppings",23,"Italian","Fall 2024","Control","Pizza","Main","Satellite","Lunch"
"145","18-Oct","Pizza Cheese",27,"Italian","Fall 2024","Control","Pizza","Main","Satellite","Lunch"
"146","18-Oct","Create Your Pasta Bowl VEG",13,"Italian","Fall 2024","Control","Pasta","Main","Satellite","Lunch"
"147","18-Oct","Add Extra Meat",14,"Italian","Fall 2024","Control","Pasta","Modification","Satellite","Lunch"
"148","18-Oct","Burrito Bowl BYO",81,"Mexican","Fall 2024","Control","Wrap","Main","Satellite","Lunch"
"149","18-Oct","Single Taco",4,"Mexican","Fall 2024","Control","Wrap","Main","Satellite","Lunch"
"150","18-Oct","8 oz Soup",39,"Soup","Fall 2024","Control","Soup","Main","Satellite","Lunch"
"151","18-Oct","Soup 12 oz",24,"Soup","Fall 2024","Control","Soup","Main","Satellite","Lunch"
"152","18-Oct","Salad by the Pound",34,"Salad Bar","Fall 2024","Control","Salad Bar","Main","Satellite","Lunch"
"153","18-Oct","Add Extra Protein 2.99",1,"Salad Bar","Fall 2024","Control","Salad Bar","Modification","Satellite","Lunch"
"154","18-Oct","Side Potato Tots",15,"Grab N Go","Fall 2024","Control","Grab N Go","Side","Satellite","Lunch"
"155","21-Oct","Quesadilla Deluxe Trillium",154,"Grill","Fall 2024","Control","Quesadilla","Main","Satellite","Lunch"
"156","21-Oct","Grilled Hamburger",105,"Grill","Fall 2024","Control","Grill","Main","Treatment","Lunch"
"157","21-Oct","Burrito Una Mano Trillium BYO",79,"Grill","Fall 2024","Control","Quesadilla","Main","Satellite","Lunch"
"158","21-Oct","Fried Chicken Tenders",91,"Grab N Go","Fall 2024","Control","Grab N Go","Side","Satellite","Lunch"
"159","21-Oct","French Fries",114,"Grill","Fall 2024","Control","Grill","Side","Treatment","Lunch"
"160","21-Oct","Grilled Chicken Breast Sandwich",18,"Grill","Fall 2024","Control","Grill","Main","Treatment","Lunch"
"161","21-Oct","Sweet Potato Fries",36,"Grill","Fall 2024","Control","Grill","Side","Treatment","Lunch"
"162","21-Oct","Seared Salmon Burger",11,"Grill","Fall 2024","Control","Grill","Main","Treatment","Lunch"
"163","21-Oct","Trillium Grill Impossible Burger",8,"Grill","Fall 2024","Control","Grill","Main","Treatment","Lunch"
"164","21-Oct","Quesadilla Cheese",6,"Grill","Fall 2024","Control","Quesadilla","Main","Satellite","Lunch"
"165","21-Oct","+ Beef Patty",14,"Grill","Fall 2024","Control","Grill","Modification","Treatment","Lunch"
"166","21-Oct","ADD Chicken Breast",4,"Grill","Fall 2024","Control","Grill","Modification","Treatment","Lunch"
"167","21-Oct","Add Sausage 2 Patty",5,"Grill","Fall 2024","Control","Grill","Modification","Treatment","Lunch"
"168","21-Oct","Black Bean Burger",1,"Grill","Fall 2024","Control","Grill","Main","Treatment","Lunch"
"169","21-Oct","ADD Cheese",4,"Grill","Fall 2024","Control","Grill","Modification","Treatment","Lunch"
"170","21-Oct","Add Egg .99",2,"Grill","Fall 2024","Control","Grill","Modification","Treatment","Lunch"
"171","21-Oct","1 Entree + 1 Side",187,"Asian","Fall 2024","Control","Wok","Main","Satellite","Lunch"
"172","21-Oct","1 Entree + 2 Side",87,"Asian","Fall 2024","Control","Wok","Main","Satellite","Lunch"
"173","21-Oct","Bowl Ramen Chicken",71,"Asian","Fall 2024","Control","Ramen","Main","Treatment","Lunch"
"174","21-Oct","2 Entrees + 2 Sides",20,"Asian","Fall 2024","Control","Wok","Main","Satellite","Lunch"
"175","21-Oct","Bowl Ramen Tofu",14,"Asian","Fall 2024","Control","Ramen","Main","Treatment","Lunch"
"176","21-Oct","Side Vegetarian Lo Mein",7,"Asian","Fall 2024","Control","Wok","Side","Satellite","Lunch"
"177","21-Oct","Side Vegetable Spring Rolls",5,"Asian","Fall 2024","Control","Wok","Side","Satellite","Lunch"
"178","21-Oct","1 Wok Entree",3,"Asian","Fall 2024","Control","Wok","Main","Satellite","Lunch"
"179","21-Oct","Side Vegetarian Fried Rice with",1,"Asian","Fall 2024","Control","Wok","Side","Satellite","Lunch"
"180","21-Oct","Side White or Brown Rice",1,"Asian","Fall 2024","Control","Wok","Side","Satellite","Lunch"
"181","21-Oct","Create Your Pasta Bowl MEAT",124,"Italian","Fall 2024","Control","Pasta","Main","Satellite","Lunch"
"182","21-Oct","Create Your Pasta Bowl VEG",37,"Italian","Fall 2024","Control","Pasta","Main","Satellite","Lunch"
"183","21-Oct","Pizza with Toppings",38,"Italian","Fall 2024","Control","Pizza","Main","Satellite","Lunch"
"184","21-Oct","Pizza Cheese",23,"Italian","Fall 2024","Control","Pizza","Main","Satellite","Lunch"
"185","21-Oct","Add Extra Meat",22,"Italian","Fall 2024","Control","Pasta","Modification","Satellite","Lunch"
"186","21-Oct","Side Bread Pasta Station",1,"Italian","Fall 2024","Control","Pasta","Side","Satellite","Lunch"
"187","21-Oct","Burrito Breakfast",80,"Breakfast","Fall 2024","Control","Breakfast","Main","Satellite","Breakfast"
"188","21-Oct","Small French Omelet",51,"Breakfast","Fall 2024","Control","Breakfast","Side","Satellite","Breakfast"
"189","21-Oct","Egg Cheese Sausage Breakfast San",32,"Breakfast","Fall 2024","Control","Breakfast","Main","Satellite","Breakfast"
"190","21-Oct","Grand Slam Breakfast",16,"Breakfast","Fall 2024","Control","Breakfast","Main","Satellite","Breakfast"
"191","21-Oct","Egg Cheese Bacon Breakfast Sandw",28,"Breakfast","Fall 2024","Control","Breakfast","Main","Satellite","Breakfast"
"192","21-Oct","Add Bacon",35,"Breakfast","Fall 2024","Control","Breakfast","Modification","Satellite","Breakfast"
"193","21-Oct","Two Eggs",15,"Breakfast","Fall 2024","Control","Breakfast","Side","Satellite","Breakfast"
"194","21-Oct","Trillium Home Fries",6,"Breakfast","Fall 2024","Control","Breakfast","Side","Satellite","Breakfast"
"195","21-Oct","2 Slices Toast",3,"Breakfast","Fall 2024","Control","Breakfast","Side","Satellite","Breakfast"
"196","21-Oct","Toast",2,"Breakfast","Fall 2024","Control","Breakfast","Side","Satellite","Breakfast"
"197","21-Oct","Burrito Bowl BYO",101,"Mexican","Fall 2024","Control","Wrap","Main","Satellite","Lunch"
"198","21-Oct","Single Taco",7,"Mexican","Fall 2024","Control","Wrap","Main","Satellite","Lunch"
"199","21-Oct","Side Guacamole",6,"Mexican","Fall 2024","Control","Wrap","Side","Satellite","Lunch"
"200","21-Oct","Add Extra Toppings Una Mano",1,"Mexican","Fall 2024","Control","Wrap","Modification","Satellite","Lunch"
"201","21-Oct","Salad by the Pound",59,"Salad Bar","Fall 2024","Control","Salad Bar","Main","Satellite","Lunch"
"202","21-Oct","Soup 12 oz",43,"Soup","Fall 2024","Control","Soup","Main","Satellite","Lunch"
"203","21-Oct","8 oz Soup",27,"Soup","Fall 2024","Control","Soup","Main","Satellite","Lunch"
"204","21-Oct","Side Potato Tots",14,"Grab N Go","Fall 2024","Control","Grab N Go","Side","Satellite","Lunch"
"205","22-Oct","Quesadilla Deluxe Trillium",161,"Grill","Fall 2024","Control","Quesadilla","Main","Satellite","Lunch"
"206","22-Oct","Grilled Hamburger",127,"Grill","Fall 2024","Control","Grill","Main","Treatment","Lunch"
"207","22-Oct","Fried Chicken Tenders",120,"Grab N Go","Fall 2024","Control","Grab N Go","Side","Satellite","Lunch"
"208","22-Oct","Burrito Una Mano Trillium BYO",62,"Grill","Fall 2024","Control","Quesadilla","Main","Satellite","Lunch"
"209","22-Oct","French Fries",146,"Grill","Fall 2024","Control","Grill","Side","Treatment","Lunch"
"210","22-Oct","Grilled Chicken Breast Sandwich",18,"Grill","Fall 2024","Control","Grill","Main","Treatment","Lunch"
"211","22-Oct","Sweet Potato Fries",34,"Grill","Fall 2024","Control","Grill","Side","Treatment","Lunch"
"212","22-Oct","Quesadilla Cheese",12,"Grill","Fall 2024","Control","Quesadilla","Main","Satellite","Lunch"
"213","22-Oct","Seared Salmon Burger",10,"Grill","Fall 2024","Control","Grill","Main","Treatment","Lunch"
"214","22-Oct","Trillium Grill Impossible Burger",6,"Grill","Fall 2024","Control","Grill","Main","Treatment","Lunch"
"215","22-Oct","+ Beef Patty",9,"Grill","Fall 2024","Control","Grill","Modification","Treatment","Lunch"
"216","22-Oct","Black Bean Burger",2,"Grill","Fall 2024","Control","Grill","Main","Treatment","Lunch"
"217","22-Oct","ADD Chicken Breast",3,"Grill","Fall 2024","Control","Grill","Modification","Treatment","Lunch"
"218","22-Oct","Add Sausage 2 Patty",1,"Grill","Fall 2024","Control","Grill","Modification","Treatment","Lunch"
"219","22-Oct","Add Egg .99",2,"Grill","Fall 2024","Control","Grill","Modification","Treatment","Lunch"
"220","22-Oct","ADD Cheese",2,"Grill","Fall 2024","Control","Grill","Modification","Treatment","Lunch"
"221","22-Oct","1 Entree + 1 Side",197,"Asian","Fall 2024","Control","Wok","Main","Satellite","Lunch"
"222","22-Oct","1 Entree + 2 Side",87,"Asian","Fall 2024","Control","Wok","Main","Satellite","Lunch"
"223","22-Oct","Bowl Ramen Chicken",73,"Asian","Fall 2024","Control","Ramen","Main","Treatment","Lunch"
"224","22-Oct","2 Entrees + 2 Sides",36,"Asian","Fall 2024","Control","Wok","Main","Satellite","Lunch"
"225","22-Oct","Bowl Ramen Tofu",10,"Asian","Fall 2024","Control","Ramen","Main","Treatment","Lunch"
"226","22-Oct","Side Vegetarian Lo Mein",4,"Asian","Fall 2024","Control","Wok","Side","Satellite","Lunch"
"227","22-Oct","1 Wok Entree",1,"Asian","Fall 2024","Control","Wok","Main","Satellite","Lunch"
"228","22-Oct","Side White or Brown Rice",3,"Asian","Fall 2024","Control","Wok","Side","Satellite","Lunch"
"229","22-Oct","Side Vegetarian Fried Rice with",1,"Asian","Fall 2024","Control","Wok","Side","Satellite","Lunch"
"230","22-Oct","Create Your Pasta Bowl MEAT",132,"Italian","Fall 2024","Control","Pasta","Main","Satellite","Lunch"
"231","22-Oct","Create Your Pasta Bowl VEG",26,"Italian","Fall 2024","Control","Pasta","Main","Satellite","Lunch"
"232","22-Oct","Pizza with Toppings",35,"Italian","Fall 2024","Control","Pizza","Main","Satellite","Lunch"
"233","22-Oct","Pizza Cheese",24,"Italian","Fall 2024","Control","Pizza","Main","Satellite","Lunch"
"234","22-Oct","Add Extra Meat",21,"Italian","Fall 2024","Control","Pasta","Modification","Satellite","Lunch"
"235","22-Oct","Side Bread Pasta Station",1,"Italian","Fall 2024","Control","Pasta","Side","Satellite","Lunch"
"236","22-Oct","Burrito Breakfast",89,"Breakfast","Fall 2024","Control","Breakfast","Main","Satellite","Breakfast"
"237","22-Oct","Small French Omelet",60,"Breakfast","Fall 2024","Control","Breakfast","Side","Satellite","Breakfast"
"238","22-Oct","Grand Slam Breakfast",19,"Breakfast","Fall 2024","Control","Breakfast","Main","Satellite","Breakfast"
"239","22-Oct","Egg Cheese Sausage Breakfast San",28,"Breakfast","Fall 2024","Control","Breakfast","Main","Satellite","Breakfast"
"240","22-Oct","Egg Cheese Bacon Breakfast Sandw",26,"Breakfast","Fall 2024","Control","Breakfast","Main","Satellite","Breakfast"
"241","22-Oct","Add Bacon",27,"Breakfast","Fall 2024","Control","Breakfast","Modification","Satellite","Breakfast"
"242","22-Oct","Two Eggs",14,"Breakfast","Fall 2024","Control","Breakfast","Side","Satellite","Breakfast"
"243","22-Oct","Pancake Single",5,"Breakfast","Fall 2024","Control","Breakfast","Side","Satellite","Breakfast"
"244","22-Oct","Trillium Home Fries",1,"Breakfast","Fall 2024","Control","Breakfast","Side","Satellite","Breakfast"
"245","22-Oct","2 Slices Toast",3,"Breakfast","Fall 2024","Control","Breakfast","Side","Satellite","Breakfast"
"246","22-Oct","Toast",2,"Breakfast","Fall 2024","Control","Breakfast","Side","Satellite","Breakfast"
"247","22-Oct","PC Jelly",1,"Breakfast","Fall 2024","Control","Breakfast","Side","Satellite","Breakfast"
"248","22-Oct","Burrito Bowl BYO",113,"Mexican","Fall 2024","Control","Wrap","Main","Satellite","Lunch"
"249","22-Oct","Single Taco",3,"Mexican","Fall 2024","Control","Wrap","Main","Satellite","Lunch"
"250","22-Oct","Side Guacamole",4,"Mexican","Fall 2024","Control","Wrap","Side","Satellite","Lunch"
"251","22-Oct","Add Extra Toppings Una Mano",3,"Mexican","Fall 2024","Control","Wrap","Modification","Satellite","Lunch"
"252","22-Oct","Salad by the Pound",80,"Salad Bar","Fall 2024","Control","Salad Bar","Main","Satellite","Lunch"
"253","22-Oct","8 oz Soup",51,"Soup","Fall 2024","Control","Soup","Main","Satellite","Lunch"
"254","22-Oct","Soup 12 oz",33,"Soup","Fall 2024","Control","Soup","Main","Satellite","Lunch"
"255","22-Oct","Side Potato Tots",14,"Grab N Go","Fall 2024","Control","Grab N Go","Side","Satellite","Lunch"
"256","23-Oct","Quesadilla Deluxe Trillium",149,"Grill","Fall 2024","Control","Quesadilla","Main","Satellite","Lunch"
"257","23-Oct","Grilled Hamburger",100,"Grill","Fall 2024","Control","Grill","Main","Treatment","Lunch"
"258","23-Oct","Fried Chicken Tenders",110,"Grab N Go","Fall 2024","Control","Grab N Go","Side","Satellite","Lunch"
"259","23-Oct","Burrito Una Mano Trillium BYO",59,"Grill","Fall 2024","Control","Quesadilla","Main","Satellite","Lunch"
"260","23-Oct","French Fries",143,"Grill","Fall 2024","Control","Grill","Side","Treatment","Lunch"
"261","23-Oct","Grilled Chicken Breast Sandwich",20,"Grill","Fall 2024","Control","Grill","Main","Treatment","Lunch"
"262","23-Oct","Trillium Grill Impossible Burger",10,"Grill","Fall 2024","Control","Grill","Main","Treatment","Lunch"
"263","23-Oct","Quesadilla Cheese",11,"Grill","Fall 2024","Control","Quesadilla","Main","Satellite","Lunch"
"264","23-Oct","Sweet Potato Fries",27,"Grill","Fall 2024","Control","Grill","Side","Treatment","Lunch"
"265","23-Oct","+ Beef Patty",15,"Grill","Fall 2024","Control","Grill","Modification","Treatment","Lunch"
"266","23-Oct","Seared Salmon Burger",3,"Grill","Fall 2024","Control","Grill","Main","Treatment","Lunch"
"267","23-Oct","ADD Chicken Breast",5,"Grill","Fall 2024","Control","Grill","Modification","Treatment","Lunch"
"268","23-Oct","Black Bean Burger",2,"Grill","Fall 2024","Control","Grill","Main","Treatment","Lunch"
"269","23-Oct","Add Sausage 2 Patty",5,"Grill","Fall 2024","Control","Grill","Modification","Treatment","Lunch"
"270","23-Oct","ADD Cheese",8,"Grill","Fall 2024","Control","Grill","Modification","Treatment","Lunch"
"271","23-Oct","Add Egg .99",1,"Grill","Fall 2024","Control","Grill","Modification","Treatment","Lunch"
"272","23-Oct","1 Entree + 1 Side",194,"Asian","Fall 2024","Control","Wok","Main","Satellite","Lunch"
"273","23-Oct","1 Entree + 2 Side",92,"Asian","Fall 2024","Control","Wok","Main","Satellite","Lunch"
"274","23-Oct","Bowl Ramen Chicken",83,"Asian","Fall 2024","Control","Ramen","Main","Treatment","Lunch"
"275","23-Oct","2 Entrees + 2 Sides",19,"Asian","Fall 2024","Control","Wok","Main","Satellite","Lunch"
"276","23-Oct","Bowl Ramen Tofu",9,"Asian","Fall 2024","Control","Ramen","Main","Treatment","Lunch"
"277","23-Oct","1 Wok Entree",3,"Asian","Fall 2024","Control","Wok","Main","Satellite","Lunch"
"278","23-Oct","Side Vegetable Spring Rolls",4,"Asian","Fall 2024","Control","Wok","Side","Satellite","Lunch"
"279","23-Oct","Side Vegetarian Fried Rice with",3,"Asian","Fall 2024","Control","Wok","Side","Satellite","Lunch"
"280","23-Oct","Side Vegetarian Lo Mein",3,"Asian","Fall 2024","Control","Wok","Side","Satellite","Lunch"
"281","23-Oct","Side White or Brown Rice",5,"Asian","Fall 2024","Control","Wok","Side","Satellite","Lunch"
"282","23-Oct","Side Vegetables",2,"Asian","Fall 2024","Control","Wok","Side","Satellite","Lunch"
"283","23-Oct","Create Your Pasta Bowl MEAT",124,"Italian","Fall 2024","Control","Pasta","Main","Satellite","Lunch"
"284","23-Oct","Create Your Pasta Bowl VEG",28,"Italian","Fall 2024","Control","Pasta","Main","Satellite","Lunch"
"285","23-Oct","Pizza with Toppings",38,"Italian","Fall 2024","Control","Pizza","Main","Satellite","Lunch"
"286","23-Oct","Pizza Cheese",23,"Italian","Fall 2024","Control","Pizza","Main","Satellite","Lunch"
"287","23-Oct","Add Extra Meat",25,"Italian","Fall 2024","Control","Pasta","Modification","Satellite","Lunch"
"288","23-Oct","Side Bread Pasta Station",1,"Italian","Fall 2024","Control","Pasta","Side","Satellite","Lunch"
"289","23-Oct","Burrito Breakfast",89,"Breakfast","Fall 2024","Control","Breakfast","Main","Satellite","Breakfast"
"290","23-Oct","Small French Omelet",73,"Breakfast","Fall 2024","Control","Breakfast","Side","Satellite","Breakfast"
"291","23-Oct","Egg Cheese Bacon Breakfast Sandw",30,"Breakfast","Fall 2024","Control","Breakfast","Main","Satellite","Breakfast"
"292","23-Oct","Egg Cheese Sausage Breakfast San",29,"Breakfast","Fall 2024","Control","Breakfast","Main","Satellite","Breakfast"
"293","23-Oct","Grand Slam Breakfast",10,"Breakfast","Fall 2024","Control","Breakfast","Main","Satellite","Breakfast"
"294","23-Oct","Add Bacon",34,"Breakfast","Fall 2024","Control","Breakfast","Modification","Satellite","Breakfast"
"295","23-Oct","Two Eggs",16,"Breakfast","Fall 2024","Control","Breakfast","Side","Satellite","Breakfast"
"296","23-Oct","Trillium Home Fries",6,"Breakfast","Fall 2024","Control","Breakfast","Side","Satellite","Breakfast"
"297","23-Oct","Pancake Single",2,"Breakfast","Fall 2024","Control","Breakfast","Side","Satellite","Breakfast"
"298","23-Oct","Toast",2,"Breakfast","Fall 2024","Control","Breakfast","Side","Satellite","Breakfast"
"299","23-Oct","2 Slices Toast",1,"Breakfast","Fall 2024","Control","Breakfast","Side","Satellite","Breakfast"
"300","23-Oct","Burrito Bowl BYO",92,"Mexican","Fall 2024","Control","Wrap","Main","Satellite","Lunch"
"301","23-Oct","Single Taco",5,"Mexican","Fall 2024","Control","Wrap","Main","Satellite","Lunch"
"302","23-Oct","Side Guacamole",1,"Mexican","Fall 2024","Control","Wrap","Side","Satellite","Lunch"
"303","23-Oct","Add Extra Toppings Una Mano",1,"Mexican","Fall 2024","Control","Wrap","Modification","Satellite","Lunch"
"304","23-Oct","Salad by the Pound",77,"Salad Bar","Fall 2024","Control","Salad Bar","Main","Satellite","Lunch"
"305","23-Oct","Add Extra Protein 2.99",1,"Salad Bar","Fall 2024","Control","Salad Bar","Modification","Satellite","Lunch"
"306","23-Oct","Soup 12 oz",36,"Soup","Fall 2024","Control","Soup","Main","Satellite","Lunch"
"307","23-Oct","8 oz Soup",35,"Soup","Fall 2024","Control","Soup","Main","Satellite","Lunch"
"308","23-Oct","Side Potato Tots",17,"Grab N Go","Fall 2024","Control","Grab N Go","Side","Satellite","Lunch"
"309","24-Oct","Quesadilla Deluxe Trillium",165,"Grill","Fall 2024","Control","Quesadilla","Main","Satellite","Lunch"
"310","24-Oct","Grilled Hamburger",107,"Grill","Fall 2024","Control","Grill","Main","Treatment","Lunch"
"311","24-Oct","Fried Chicken Tenders",107,"Grab N Go","Fall 2024","Control","Grab N Go","Side","Satellite","Lunch"
"312","24-Oct","Burrito Una Mano Trillium BYO",66,"Grill","Fall 2024","Control","Quesadilla","Main","Satellite","Lunch"
"313","24-Oct","French Fries",132,"Grill","Fall 2024","Control","Grill","Side","Treatment","Lunch"
"314","24-Oct","Grilled Chicken Breast Sandwich",14,"Grill","Fall 2024","Control","Grill","Main","Treatment","Lunch"
"315","24-Oct","Trillium Grill Impossible Burger",9,"Grill","Fall 2024","Control","Grill","Main","Treatment","Lunch"
"316","24-Oct","Sweet Potato Fries",31,"Grill","Fall 2024","Control","Grill","Side","Treatment","Lunch"
"317","24-Oct","Seared Salmon Burger",10,"Grill","Fall 2024","Control","Grill","Main","Treatment","Lunch"
"318","24-Oct","Quesadilla Cheese",9,"Grill","Fall 2024","Control","Quesadilla","Main","Satellite","Lunch"
"319","24-Oct","Black Bean Burger",5,"Grill","Fall 2024","Control","Grill","Main","Treatment","Lunch"
"320","24-Oct","+ Beef Patty",12,"Grill","Fall 2024","Control","Grill","Modification","Treatment","Lunch"
"321","24-Oct","ADD Chicken Breast",5,"Grill","Fall 2024","Control","Grill","Modification","Treatment","Lunch"
"322","24-Oct","Add Sausage 2 Patty",3,"Grill","Fall 2024","Control","Grill","Modification","Treatment","Lunch"
"323","24-Oct","Add Egg .99",4,"Grill","Fall 2024","Control","Grill","Modification","Treatment","Lunch"
"324","24-Oct","ADD Cheese",4,"Grill","Fall 2024","Control","Grill","Modification","Treatment","Lunch"
"325","24-Oct","1 Entree + 1 Side",195,"Asian","Fall 2024","Control","Wok","Main","Satellite","Lunch"
"326","24-Oct","1 Entree + 2 Side",93,"Asian","Fall 2024","Control","Wok","Main","Satellite","Lunch"
"327","24-Oct","Bowl Ramen Chicken",92,"Asian","Fall 2024","Control","Ramen","Main","Treatment","Lunch"
"328","24-Oct","2 Entrees + 2 Sides",39,"Asian","Fall 2024","Control","Wok","Main","Satellite","Lunch"
"329","24-Oct","Bowl Ramen Tofu",15,"Asian","Fall 2024","Control","Ramen","Main","Treatment","Lunch"
"330","24-Oct","Side Vegetarian Lo Mein",7,"Asian","Fall 2024","Control","Wok","Side","Satellite","Lunch"
"331","24-Oct","1 Wok Entree",2,"Asian","Fall 2024","Control","Wok","Main","Satellite","Lunch"
"332","24-Oct","Side Vegetarian Fried Rice with",3,"Asian","Fall 2024","Control","Wok","Side","Satellite","Lunch"
"333","24-Oct","Side White or Brown Rice",5,"Asian","Fall 2024","Control","Wok","Side","Satellite","Lunch"
"334","24-Oct","Create Your Pasta Bowl MEAT",131,"Italian","Fall 2024","Control","Pasta","Main","Satellite","Lunch"
"335","24-Oct","Create Your Pasta Bowl VEG",32,"Italian","Fall 2024","Control","Pasta","Main","Satellite","Lunch"
"336","24-Oct","Pizza with Toppings",39,"Italian","Fall 2024","Control","Pizza","Main","Satellite","Lunch"
"337","24-Oct","Pizza Cheese",32,"Italian","Fall 2024","Control","Pizza","Main","Satellite","Lunch"
"338","24-Oct","Add Extra Meat",16,"Italian","Fall 2024","Control","Pasta","Modification","Satellite","Lunch"
"339","24-Oct","Side Bread Pasta Station",1,"Italian","Fall 2024","Control","Pasta","Side","Satellite","Lunch"
"340","24-Oct","Burrito Breakfast",86,"Breakfast","Fall 2024","Control","Breakfast","Main","Satellite","Breakfast"
"341","24-Oct","Small French Omelet",64,"Breakfast","Fall 2024","Control","Breakfast","Side","Satellite","Breakfast"
"342","24-Oct","Grand Slam Breakfast",27,"Breakfast","Fall 2024","Control","Breakfast","Main","Satellite","Breakfast"
"343","24-Oct","Egg Cheese Sausage Breakfast San",37,"Breakfast","Fall 2024","Control","Breakfast","Main","Satellite","Breakfast"
"344","24-Oct","Egg Cheese Bacon Breakfast Sandw",32,"Breakfast","Fall 2024","Control","Breakfast","Main","Satellite","Breakfast"
"345","24-Oct","Add Bacon",32,"Breakfast","Fall 2024","Control","Breakfast","Modification","Satellite","Breakfast"
"346","24-Oct","Two Eggs",23,"Breakfast","Fall 2024","Control","Breakfast","Side","Satellite","Breakfast"
"347","24-Oct","Trillium Home Fries",4,"Breakfast","Fall 2024","Control","Breakfast","Side","Satellite","Breakfast"
"348","24-Oct","2 Slices Toast",3,"Breakfast","Fall 2024","Control","Breakfast","Side","Satellite","Breakfast"
"349","24-Oct","Pancake Single",1,"Breakfast","Fall 2024","Control","Breakfast","Side","Satellite","Breakfast"
"350","24-Oct","Toast",3,"Breakfast","Fall 2024","Control","Breakfast","Side","Satellite","Breakfast"
"351","24-Oct","PC Jelly",3,"Breakfast","Fall 2024","Control","Breakfast","Side","Satellite","Breakfast"
"352","24-Oct","PC Peanut Butter",2,"Breakfast","Fall 2024","Control","Breakfast","Side","Satellite","Breakfast"
"353","24-Oct","Salad by the Pound",82,"Salad Bar","Fall 2024","Control","Salad Bar","Main","Satellite","Lunch"
"354","24-Oct","Add Extra Protein 2.99",1,"Salad Bar","Fall 2024","Control","Salad Bar","Modification","Satellite","Lunch"
"355","24-Oct","Burrito Bowl BYO",78,"Mexican","Fall 2024","Control","Wrap","Main","Satellite","Lunch"
"356","24-Oct","Side Guacamole",4,"Mexican","Fall 2024","Control","Wrap","Side","Satellite","Lunch"
"357","24-Oct","Single Taco",1,"Mexican","Fall 2024","Control","Wrap","Main","Satellite","Lunch"
"358","24-Oct","Add Extra Toppings Una Mano",5,"Mexican","Fall 2024","Control","Wrap","Modification","Satellite","Lunch"
"359","24-Oct","Side Salsa",1,"Mexican","Fall 2024","Control","Wrap","Side","Satellite","Lunch"
"360","24-Oct","Soup 12 oz",48,"Soup","Fall 2024","Control","Soup","Main","Satellite","Lunch"
"361","24-Oct","8 oz Soup",41,"Soup","Fall 2024","Control","Soup","Main","Satellite","Lunch"
"362","24-Oct","Side Potato Tots",20,"Grab N Go","Fall 2024","Control","Grab N Go","Side","Satellite","Lunch"
"363","25-Oct","Quesadilla Deluxe Trillium",110,"Grill","Fall 2024","Control","Quesadilla","Main","Satellite","Lunch"
"364","25-Oct","Grilled Hamburger",71,"Grill","Fall 2024","Control","Grill","Main","Treatment","Lunch"
"365","25-Oct","Burrito Una Mano Trillium BYO",57,"Grill","Fall 2024","Control","Quesadilla","Main","Satellite","Lunch"
"366","25-Oct","Fried Chicken Tenders",59,"Grab N Go","Fall 2024","Control","Grab N Go","Side","Satellite","Lunch"
"367","25-Oct","French Fries",82,"Grill","Fall 2024","Control","Grill","Side","Treatment","Lunch"
"368","25-Oct","Grilled Chicken Breast Sandwich",8,"Grill","Fall 2024","Control","Grill","Main","Treatment","Lunch"
"369","25-Oct","Seared Salmon Burger",8,"Grill","Fall 2024","Control","Grill","Main","Treatment","Lunch"
"370","25-Oct","Quesadilla Cheese",8,"Grill","Fall 2024","Control","Quesadilla","Main","Satellite","Lunch"
"371","25-Oct","Trillium Grill Impossible Burger",6,"Grill","Fall 2024","Control","Grill","Main","Treatment","Lunch"
"372","25-Oct","Black Bean Burger",4,"Grill","Fall 2024","Control","Grill","Main","Treatment","Lunch"
"373","25-Oct","+ Beef Patty",4,"Grill","Fall 2024","Control","Grill","Modification","Treatment","Lunch"
"374","25-Oct","ADD Chicken Breast",2,"Grill","Fall 2024","Control","Grill","Modification","Treatment","Lunch"
"375","25-Oct","ADD Cheese",4,"Grill","Fall 2024","Control","Grill","Modification","Treatment","Lunch"
"376","25-Oct","Add Egg .99",1,"Grill","Fall 2024","Control","Grill","Modification","Treatment","Lunch"
"377","25-Oct","1 Entree + 1 Side",105,"Asian","Fall 2024","Control","Wok","Main","Satellite","Lunch"
"378","25-Oct","1 Entree + 2 Side",59,"Asian","Fall 2024","Control","Wok","Main","Satellite","Lunch"
"379","25-Oct","Bowl Ramen Chicken",44,"Asian","Fall 2024","Control","Ramen","Main","Treatment","Lunch"
"380","25-Oct","2 Entrees + 2 Sides",19,"Asian","Fall 2024","Control","Wok","Main","Satellite","Lunch"
"381","25-Oct","Bowl Ramen Tofu",9,"Asian","Fall 2024","Control","Ramen","Main","Treatment","Lunch"
"382","25-Oct","Side Vegetarian Lo Mein",8,"Asian","Fall 2024","Control","Wok","Side","Satellite","Lunch"
"383","25-Oct","1 Wok Entree",4,"Asian","Fall 2024","Control","Wok","Main","Satellite","Lunch"
"384","25-Oct","Side Vegetarian Fried Rice with",3,"Asian","Fall 2024","Control","Wok","Side","Satellite","Lunch"
"385","25-Oct","Side White or Brown Rice",3,"Asian","Fall 2024","Control","Wok","Side","Satellite","Lunch"
"386","25-Oct","Side Vegetable Spring Rolls",1,"Asian","Fall 2024","Control","Wok","Side","Satellite","Lunch"
"387","25-Oct","Burrito Breakfast",80,"Breakfast","Fall 2024","Control","Breakfast","Main","Satellite","Breakfast"
"388","25-Oct","Small French Omelet",51,"Breakfast","Fall 2024","Control","Breakfast","Side","Satellite","Breakfast"
"389","25-Oct","Egg Cheese Sausage Breakfast San",33,"Breakfast","Fall 2024","Control","Breakfast","Main","Satellite","Breakfast"
"390","25-Oct","Egg Cheese Bacon Breakfast Sandw",30,"Breakfast","Fall 2024","Control","Breakfast","Main","Satellite","Breakfast"
"391","25-Oct","Grand Slam Breakfast",16,"Breakfast","Fall 2024","Control","Breakfast","Main","Satellite","Breakfast"
"392","25-Oct","Add Bacon",18,"Breakfast","Fall 2024","Control","Breakfast","Modification","Satellite","Breakfast"
"393","25-Oct","Two Eggs",8,"Breakfast","Fall 2024","Control","Breakfast","Side","Satellite","Breakfast"
"394","25-Oct","Trillium Home Fries",3,"Breakfast","Fall 2024","Control","Breakfast","Side","Satellite","Breakfast"
"395","25-Oct","Pancake Single",2,"Breakfast","Fall 2024","Control","Breakfast","Side","Satellite","Breakfast"
"396","25-Oct","2 Slices Toast",1,"Breakfast","Fall 2024","Control","Breakfast","Side","Satellite","Breakfast"
"397","25-Oct","Create Your Pasta Bowl MEAT",80,"Italian","Fall 2024","Control","Pasta","Main","Satellite","Lunch"
"398","25-Oct","Pizza with Toppings",24,"Italian","Fall 2024","Control","Pizza","Main","Satellite","Lunch"
"399","25-Oct","Create Your Pasta Bowl VEG",14,"Italian","Fall 2024","Control","Pasta","Main","Satellite","Lunch"
"400","25-Oct","Pizza Cheese",11,"Italian","Fall 2024","Control","Pizza","Main","Satellite","Lunch"
"401","25-Oct","Add Extra Meat",12,"Italian","Fall 2024","Control","Pasta","Modification","Satellite","Lunch"
"402","25-Oct","Burrito Bowl BYO",50,"Mexican","Fall 2024","Control","Wrap","Main","Satellite","Lunch"
"403","25-Oct","Single Taco",4,"Mexican","Fall 2024","Control","Wrap","Main","Satellite","Lunch"
"404","25-Oct","Side Guacamole",1,"Mexican","Fall 2024","Control","Wrap","Side","Satellite","Lunch"
"405","25-Oct","Add Extra Toppings Una Mano",1,"Mexican","Fall 2024","Control","Wrap","Modification","Satellite","Lunch"
"406","25-Oct","Salad by the Pound",39,"Salad Bar","Fall 2024","Control","Salad Bar","Main","Satellite","Lunch"
"407","25-Oct","8 oz Soup",38,"Soup","Fall 2024","Control","Soup","Main","Satellite","Lunch"
"408","25-Oct","Soup 12 oz",25,"Soup","Fall 2024","Control","Soup","Main","Satellite","Lunch"
"409","25-Oct","Side Potato Tots",27,"Grab N Go","Fall 2024","Control","Grab N Go","Side","Satellite","Lunch"
"410","28-Oct","Quesadilla Deluxe Trillium",156,"Grill","Fall 2024","Carbon Label","Quesadilla","Main","Satellite","Lunch"
"411","28-Oct","Grilled Hamburger",96,"Grill","Fall 2024","Carbon Label","Grill","Main","Treatment","Lunch"
"412","28-Oct","Fried Chicken Tenders",97,"Grab N Go","Fall 2024","Carbon Label","Grab N Go","Side","Satellite","Lunch"
"413","28-Oct","Burrito Una Mano Trillium BYO",71,"Grill","Fall 2024","Carbon Label","Quesadilla","Main","Satellite","Lunch"
"414","28-Oct","French Fries",122,"Grill","Fall 2024","Carbon Label","Grill","Side","Treatment","Lunch"
"415","28-Oct","Grilled Chicken Breast Sandwich",15,"Grill","Fall 2024","Carbon Label","Grill","Main","Treatment","Lunch"
"416","28-Oct","Quesadilla Cheese",11,"Grill","Fall 2024","Carbon Label","Quesadilla","Main","Satellite","Lunch"
"417","28-Oct","Sweet Potato Fries",28,"Grill","Fall 2024","Carbon Label","Grill","Side","Treatment","Lunch"
"418","28-Oct","Seared Salmon Burger",8,"Grill","Fall 2024","Carbon Label","Grill","Main","Treatment","Lunch"
"419","28-Oct","Trillium Grill Impossible Burger",4,"Grill","Fall 2024","Carbon Label","Grill","Main","Treatment","Lunch"
"420","28-Oct","+ Beef Patty",13,"Grill","Fall 2024","Carbon Label","Grill","Modification","Treatment","Lunch"
"421","28-Oct","Black Bean Burger",4,"Grill","Fall 2024","Carbon Label","Grill","Main","Treatment","Lunch"
"422","28-Oct","ADD Chicken Breast",4,"Grill","Fall 2024","Carbon Label","Grill","Modification","Treatment","Lunch"
"423","28-Oct","Add Sausage 2 Patty",6,"Grill","Fall 2024","Carbon Label","Grill","Modification","Treatment","Lunch"
"424","28-Oct","Add Egg .99",5,"Grill","Fall 2024","Carbon Label","Grill","Modification","Treatment","Lunch"
"425","28-Oct","ADD Cheese",8,"Grill","Fall 2024","Carbon Label","Grill","Modification","Treatment","Lunch"
"426","28-Oct","1 Entree + 1 Side",190,"Asian","Fall 2024","Carbon Label","Wok","Main","Satellite","Lunch"
"427","28-Oct","1 Entree + 2 Side",86,"Asian","Fall 2024","Carbon Label","Wok","Main","Satellite","Lunch"
"428","28-Oct","Bowl Ramen Chicken",65,"Asian","Fall 2024","Carbon Label","Ramen","Main","Treatment","Lunch"
"429","28-Oct","2 Entrees + 2 Sides",23,"Asian","Fall 2024","Carbon Label","Wok","Main","Satellite","Lunch"
"430","28-Oct","Bowl Ramen Tofu",11,"Asian","Fall 2024","Carbon Label","Ramen","Main","Treatment","Lunch"
"431","28-Oct","1 Wok Entree",10,"Asian","Fall 2024","Carbon Label","Wok","Main","Satellite","Lunch"
"432","28-Oct","Side Vegetarian Lo Mein",11,"Asian","Fall 2024","Carbon Label","Wok","Side","Satellite","Lunch"
"433","28-Oct","Side Vegetables",2,"Asian","Fall 2024","Carbon Label","Wok","Side","Satellite","Lunch"
"434","28-Oct","Side White or Brown Rice",3,"Asian","Fall 2024","Carbon Label","Wok","Side","Satellite","Lunch"
"435","28-Oct","Side Vegetarian Fried Rice with",1,"Asian","Fall 2024","Carbon Label","Wok","Side","Satellite","Lunch"
"436","28-Oct","Create Your Pasta Bowl MEAT",127,"Italian","Fall 2024","Carbon Label","Pasta","Main","Satellite","Lunch"
"437","28-Oct","Create Your Pasta Bowl VEG",38,"Italian","Fall 2024","Carbon Label","Pasta","Main","Satellite","Lunch"
"438","28-Oct","Pizza with Toppings",34,"Italian","Fall 2024","Carbon Label","Pizza","Main","Satellite","Lunch"
"439","28-Oct","Pizza Cheese",22,"Italian","Fall 2024","Carbon Label","Pizza","Main","Satellite","Lunch"
"440","28-Oct","Add Extra Meat",27,"Italian","Fall 2024","Carbon Label","Pasta","Modification","Satellite","Lunch"
"441","28-Oct","Burrito Breakfast",89,"Breakfast","Fall 2024","Carbon Label","Breakfast","Main","Satellite","Breakfast"
"442","28-Oct","Small French Omelet",57,"Breakfast","Fall 2024","Carbon Label","Breakfast","Side","Satellite","Breakfast"
"443","28-Oct","Egg Cheese Sausage Breakfast San",35,"Breakfast","Fall 2024","Carbon Label","Breakfast","Main","Satellite","Breakfast"
"444","28-Oct","Grand Slam Breakfast",17,"Breakfast","Fall 2024","Carbon Label","Breakfast","Main","Satellite","Breakfast"
"445","28-Oct","Egg Cheese Bacon Breakfast Sandw",28,"Breakfast","Fall 2024","Carbon Label","Breakfast","Main","Satellite","Breakfast"
"446","28-Oct","Add Bacon",36,"Breakfast","Fall 2024","Carbon Label","Breakfast","Modification","Satellite","Breakfast"
"447","28-Oct","Two Eggs",17,"Breakfast","Fall 2024","Carbon Label","Breakfast","Side","Satellite","Breakfast"
"448","28-Oct","Trillium Home Fries",6,"Breakfast","Fall 2024","Carbon Label","Breakfast","Side","Satellite","Breakfast"
"449","28-Oct","2 Slices Toast",3,"Breakfast","Fall 2024","Carbon Label","Breakfast","Side","Satellite","Breakfast"
"450","28-Oct","Pancake Single",1,"Breakfast","Fall 2024","Carbon Label","Breakfast","Side","Satellite","Breakfast"
"451","28-Oct","Toast",1,"Breakfast","Fall 2024","Carbon Label","Breakfast","Side","Satellite","Breakfast"
"452","28-Oct","PC Jelly",1,"Breakfast","Fall 2024","Carbon Label","Breakfast","Side","Satellite","Breakfast"
"453","28-Oct","Burrito Bowl BYO",107,"Mexican","Fall 2024","Carbon Label","Wrap","Main","Satellite","Lunch"
"454","28-Oct","Single Taco",2,"Mexican","Fall 2024","Carbon Label","Wrap","Main","Satellite","Lunch"
"455","28-Oct","Side Guacamole",1,"Mexican","Fall 2024","Carbon Label","Wrap","Side","Satellite","Lunch"
"456","28-Oct","Add Extra Toppings Una Mano",1,"Mexican","Fall 2024","Carbon Label","Wrap","Modification","Satellite","Lunch"
"457","28-Oct","Salad by the Pound",63,"Salad Bar","Fall 2024","Carbon Label","Salad Bar","Main","Satellite","Lunch"
"458","28-Oct","8 oz Soup",46,"Soup","Fall 2024","Carbon Label","Soup","Main","Satellite","Lunch"
"459","28-Oct","Soup 12 oz",40,"Soup","Fall 2024","Carbon Label","Soup","Main","Satellite","Lunch"
"460","28-Oct","Side Potato Tots",13,"Grab N Go","Fall 2024","Carbon Label","Grab N Go","Side","Satellite","Lunch"
"461","29-Oct","Quesadilla Deluxe Trillium",166,"Grill","Fall 2024","Carbon Label","Quesadilla","Main","Satellite","Lunch"
"462","29-Oct","Grilled Hamburger",102,"Grill","Fall 2024","Carbon Label","Grill","Main","Treatment","Lunch"
"463","29-Oct","Fried Chicken Tenders",89,"Grab N Go","Fall 2024","Carbon Label","Grab N Go","Side","Satellite","Lunch"
"464","29-Oct","Burrito Una Mano Trillium BYO",63,"Grill","Fall 2024","Carbon Label","Quesadilla","Main","Satellite","Lunch"
"465","29-Oct","French Fries",135,"Grill","Fall 2024","Carbon Label","Grill","Side","Treatment","Lunch"
"466","29-Oct","Grilled Chicken Breast Sandwich",22,"Grill","Fall 2024","Carbon Label","Grill","Main","Treatment","Lunch"
"467","29-Oct","Quesadilla Cheese",19,"Grill","Fall 2024","Carbon Label","Quesadilla","Main","Satellite","Lunch"
"468","29-Oct","Trillium Grill Impossible Burger",9,"Grill","Fall 2024","Carbon Label","Grill","Main","Treatment","Lunch"
"469","29-Oct","Sweet Potato Fries",27,"Grill","Fall 2024","Carbon Label","Grill","Side","Treatment","Lunch"
"470","29-Oct","Black Bean Burger",6,"Grill","Fall 2024","Carbon Label","Grill","Main","Treatment","Lunch"
"471","29-Oct","Seared Salmon Burger",6,"Grill","Fall 2024","Carbon Label","Grill","Main","Treatment","Lunch"
"472","29-Oct","+ Beef Patty",16,"Grill","Fall 2024","Carbon Label","Grill","Modification","Treatment","Lunch"
"473","29-Oct","ADD Chicken Breast",3,"Grill","Fall 2024","Carbon Label","Grill","Modification","Treatment","Lunch"
"474","29-Oct","Add Sausage 2 Patty",3,"Grill","Fall 2024","Carbon Label","Grill","Modification","Treatment","Lunch"
"475","29-Oct","Add Egg .99",6,"Grill","Fall 2024","Carbon Label","Grill","Modification","Treatment","Lunch"
"476","29-Oct","ADD Cheese",9,"Grill","Fall 2024","Carbon Label","Grill","Modification","Treatment","Lunch"
"477","29-Oct","1 Entree + 1 Side",206,"Asian","Fall 2024","Carbon Label","Wok","Main","Satellite","Lunch"
"478","29-Oct","1 Entree + 2 Side",94,"Asian","Fall 2024","Carbon Label","Wok","Main","Satellite","Lunch"
"479","29-Oct","Bowl Ramen Chicken",67,"Asian","Fall 2024","Carbon Label","Ramen","Main","Treatment","Lunch"
"480","29-Oct","2 Entrees + 2 Sides",23,"Asian","Fall 2024","Carbon Label","Wok","Main","Satellite","Lunch"
"481","29-Oct","Bowl Ramen Tofu",13,"Asian","Fall 2024","Carbon Label","Ramen","Main","Treatment","Lunch"
"482","29-Oct","Side Vegetarian Lo Mein",12,"Asian","Fall 2024","Carbon Label","Wok","Side","Satellite","Lunch"
"483","29-Oct","1 Wok Entree",6,"Asian","Fall 2024","Carbon Label","Wok","Main","Satellite","Lunch"
"484","29-Oct","Side White or Brown Rice",5,"Asian","Fall 2024","Carbon Label","Wok","Side","Satellite","Lunch"
"485","29-Oct","Side Vegetarian Fried Rice with",1,"Asian","Fall 2024","Carbon Label","Wok","Side","Satellite","Lunch"
"486","29-Oct","Burrito Breakfast",90,"Breakfast","Fall 2024","Carbon Label","Breakfast","Main","Satellite","Breakfast"
"487","29-Oct","Small French Omelet",60,"Breakfast","Fall 2024","Carbon Label","Breakfast","Side","Satellite","Breakfast"
"488","29-Oct","Egg Cheese Sausage Breakfast San",34,"Breakfast","Fall 2024","Carbon Label","Breakfast","Main","Satellite","Breakfast"
"489","29-Oct","Egg Cheese Bacon Breakfast Sandw",32,"Breakfast","Fall 2024","Carbon Label","Breakfast","Main","Satellite","Breakfast"
"490","29-Oct","Grand Slam Breakfast",17,"Breakfast","Fall 2024","Carbon Label","Breakfast","Main","Satellite","Breakfast"
"491","29-Oct","Add Bacon",29,"Breakfast","Fall 2024","Carbon Label","Breakfast","Modification","Satellite","Breakfast"
"492","29-Oct","Two Eggs",14,"Breakfast","Fall 2024","Carbon Label","Breakfast","Side","Satellite","Breakfast"
"493","29-Oct","Pancake Single",8,"Breakfast","Fall 2024","Carbon Label","Breakfast","Side","Satellite","Breakfast"
"494","29-Oct","Trillium Home Fries",1,"Breakfast","Fall 2024","Carbon Label","Breakfast","Side","Satellite","Breakfast"
"495","29-Oct","2 Slices Toast",1,"Breakfast","Fall 2024","Carbon Label","Breakfast","Side","Satellite","Breakfast"
"496","29-Oct","Toast",1,"Breakfast","Fall 2024","Carbon Label","Breakfast","Side","Satellite","Breakfast"
"497","29-Oct","Create Your Pasta Bowl MEAT",108,"Italian","Fall 2024","Carbon Label","Pasta","Main","Satellite","Lunch"
"498","29-Oct","Pizza with Toppings",39,"Italian","Fall 2024","Carbon Label","Pizza","Main","Satellite","Lunch"
"499","29-Oct","Create Your Pasta Bowl VEG",25,"Italian","Fall 2024","Carbon Label","Pasta","Main","Satellite","Lunch"
"500","29-Oct","Pizza Cheese",22,"Italian","Fall 2024","Carbon Label","Pizza","Main","Satellite","Lunch"
"501","29-Oct","Add Extra Meat",20,"Italian","Fall 2024","Carbon Label","Pasta","Modification","Satellite","Lunch"
"502","29-Oct","Burrito Bowl BYO",102,"Mexican","Fall 2024","Carbon Label","Wrap","Main","Satellite","Lunch"
"503","29-Oct","Single Taco",5,"Mexican","Fall 2024","Carbon Label","Wrap","Main","Satellite","Lunch"
"504","29-Oct","Side Salsa",1,"Mexican","Fall 2024","Carbon Label","Wrap","Side","Satellite","Lunch"
"505","29-Oct","Add Extra Toppings Una Mano",1,"Mexican","Fall 2024","Carbon Label","Wrap","Modification","Satellite","Lunch"
"506","29-Oct","Salad by the Pound",67,"Salad Bar","Fall 2024","Carbon Label","Salad Bar","Main","Satellite","Lunch"
"507","29-Oct","Add Extra Protein 2.99",5,"Salad Bar","Fall 2024","Carbon Label","Salad Bar","Modification","Satellite","Lunch"
"508","29-Oct","Soup 12 oz",58,"Soup","Fall 2024","Carbon Label","Soup","Main","Satellite","Lunch"
"509","29-Oct","8 oz Soup",48,"Soup","Fall 2024","Carbon Label","Soup","Main","Satellite","Lunch"
"510","29-Oct","Side Potato Tots",18,"Grab N Go","Fall 2024","Carbon Label","Grab N Go","Side","Satellite","Lunch"
"511","30-Oct","Quesadilla Deluxe Trillium",167,"Grill","Fall 2024","Carbon Label","Quesadilla","Main","Satellite","Lunch"
"512","30-Oct","Grilled Hamburger",95,"Grill","Fall 2024","Carbon Label","Grill","Main","Treatment","Lunch"
"513","30-Oct","Fried Chicken Tenders",95,"Grab N Go","Fall 2024","Carbon Label","Grab N Go","Side","Satellite","Lunch"
"514","30-Oct","Burrito Una Mano Trillium BYO",64,"Grill","Fall 2024","Carbon Label","Quesadilla","Main","Satellite","Lunch"
"515","30-Oct","French Fries",110,"Grill","Fall 2024","Carbon Label","Grill","Side","Treatment","Lunch"
"516","30-Oct","Grilled Chicken Breast Sandwich",19,"Grill","Fall 2024","Carbon Label","Grill","Main","Treatment","Lunch"
"517","30-Oct","Trillium Grill Impossible Burger",6,"Grill","Fall 2024","Carbon Label","Grill","Main","Treatment","Lunch"
"518","30-Oct","Seared Salmon Burger",7,"Grill","Fall 2024","Carbon Label","Grill","Main","Treatment","Lunch"
"519","30-Oct","Quesadilla Cheese",7,"Grill","Fall 2024","Carbon Label","Quesadilla","Main","Satellite","Lunch"
"520","30-Oct","Black Bean Burger",5,"Grill","Fall 2024","Carbon Label","Grill","Main","Treatment","Lunch"
"521","30-Oct","Sweet Potato Fries",12,"Grill","Fall 2024","Carbon Label","Grill","Side","Treatment","Lunch"
"522","30-Oct","+ Beef Patty",4,"Grill","Fall 2024","Carbon Label","Grill","Modification","Treatment","Lunch"
"523","30-Oct","Add Sausage 2 Patty",3,"Grill","Fall 2024","Carbon Label","Grill","Modification","Treatment","Lunch"
"524","30-Oct","Add Egg .99",5,"Grill","Fall 2024","Carbon Label","Grill","Modification","Treatment","Lunch"
"525","30-Oct","ADD Cheese",7,"Grill","Fall 2024","Carbon Label","Grill","Modification","Treatment","Lunch"
"526","30-Oct","ADD Chicken Breast",1,"Grill","Fall 2024","Carbon Label","Grill","Modification","Treatment","Lunch"
"527","30-Oct","1 Entree + 1 Side",175,"Asian","Fall 2024","Carbon Label","Wok","Main","Satellite","Lunch"
"528","30-Oct","1 Entree + 2 Side",83,"Asian","Fall 2024","Carbon Label","Wok","Main","Satellite","Lunch"
"529","30-Oct","Bowl Ramen Chicken",70,"Asian","Fall 2024","Carbon Label","Ramen","Main","Treatment","Lunch"
"530","30-Oct","2 Entrees + 2 Sides",23,"Asian","Fall 2024","Carbon Label","Wok","Main","Satellite","Lunch"
"531","30-Oct","Bowl Ramen Tofu",12,"Asian","Fall 2024","Carbon Label","Ramen","Main","Treatment","Lunch"
"532","30-Oct","Side Vegetarian Lo Mein",11,"Asian","Fall 2024","Carbon Label","Wok","Side","Satellite","Lunch"
"533","30-Oct","1 Wok Entree",3,"Asian","Fall 2024","Carbon Label","Wok","Main","Satellite","Lunch"
"534","30-Oct","Side White or Brown Rice",5,"Asian","Fall 2024","Carbon Label","Wok","Side","Satellite","Lunch"
"535","30-Oct","Side Vegetables",1,"Asian","Fall 2024","Carbon Label","Wok","Side","Satellite","Lunch"
"536","30-Oct","Create Your Pasta Bowl MEAT",136,"Italian","Fall 2024","Carbon Label","Pasta","Main","Satellite","Lunch"
"537","30-Oct","Create Your Pasta Bowl VEG",23,"Italian","Fall 2024","Carbon Label","Pasta","Main","Satellite","Lunch"
"538","30-Oct","Pizza with Toppings",31,"Italian","Fall 2024","Carbon Label","Pizza","Main","Satellite","Lunch"
"539","30-Oct","Pizza Cheese",17,"Italian","Fall 2024","Carbon Label","Pizza","Main","Satellite","Lunch"
"540","30-Oct","Add Extra Meat",28,"Italian","Fall 2024","Carbon Label","Pasta","Modification","Satellite","Lunch"
"541","30-Oct","Side Bread Pasta Station",1,"Italian","Fall 2024","Carbon Label","Pasta","Side","Satellite","Lunch"
"542","30-Oct","Burrito Breakfast",80,"Breakfast","Fall 2024","Carbon Label","Breakfast","Main","Satellite","Breakfast"
"543","30-Oct","Small French Omelet",57,"Breakfast","Fall 2024","Carbon Label","Breakfast","Side","Satellite","Breakfast"
"544","30-Oct","Grand Slam Breakfast",21,"Breakfast","Fall 2024","Carbon Label","Breakfast","Main","Satellite","Breakfast"
"545","30-Oct","Egg Cheese Bacon Breakfast Sandw",37,"Breakfast","Fall 2024","Carbon Label","Breakfast","Main","Satellite","Breakfast"
"546","30-Oct","Egg Cheese Sausage Breakfast San",31,"Breakfast","Fall 2024","Carbon Label","Breakfast","Main","Satellite","Breakfast"
"547","30-Oct","Add Bacon",32,"Breakfast","Fall 2024","Carbon Label","Breakfast","Modification","Satellite","Breakfast"
"548","30-Oct","Two Eggs",10,"Breakfast","Fall 2024","Carbon Label","Breakfast","Side","Satellite","Breakfast"
"549","30-Oct","Trillium Home Fries",3,"Breakfast","Fall 2024","Carbon Label","Breakfast","Side","Satellite","Breakfast"
"550","30-Oct","Pancake Single",2,"Breakfast","Fall 2024","Carbon Label","Breakfast","Side","Satellite","Breakfast"
"551","30-Oct","PC Peanut Butter",2,"Breakfast","Fall 2024","Carbon Label","Breakfast","Side","Satellite","Breakfast"
"552","30-Oct","Toast",1,"Breakfast","Fall 2024","Carbon Label","Breakfast","Side","Satellite","Breakfast"
"553","30-Oct","Burrito Bowl BYO",96,"Mexican","Fall 2024","Carbon Label","Wrap","Main","Satellite","Lunch"
"554","30-Oct","Single Taco",9,"Mexican","Fall 2024","Carbon Label","Wrap","Main","Satellite","Lunch"
"555","30-Oct","Side Guacamole",3,"Mexican","Fall 2024","Carbon Label","Wrap","Side","Satellite","Lunch"
"556","30-Oct","Side Salsa",1,"Mexican","Fall 2024","Carbon Label","Wrap","Side","Satellite","Lunch"
"557","30-Oct","Salad by the Pound",76,"Salad Bar","Fall 2024","Carbon Label","Salad Bar","Main","Satellite","Lunch"
"558","30-Oct","Add Extra Protein 2.99",1,"Salad Bar","Fall 2024","Carbon Label","Salad Bar","Modification","Satellite","Lunch"
"559","30-Oct","8 oz Soup",63,"Soup","Fall 2024","Carbon Label","Soup","Main","Satellite","Lunch"
"560","30-Oct","Soup 12 oz",32,"Soup","Fall 2024","Carbon Label","Soup","Main","Satellite","Lunch"
"561","30-Oct","Side Potato Tots",20,"Grab N Go","Fall 2024","Carbon Label","Grab N Go","Side","Satellite","Lunch"
"562","31-Oct","Quesadilla Deluxe Trillium",164,"Grill","Fall 2024","Carbon Label","Quesadilla","Main","Satellite","Lunch"
"563","31-Oct","Grilled Hamburger",107,"Grill","Fall 2024","Carbon Label","Grill","Main","Treatment","Lunch"
"564","31-Oct","Fried Chicken Tenders",100,"Grab N Go","Fall 2024","Carbon Label","Grab N Go","Side","Satellite","Lunch"
"565","31-Oct","Burrito Una Mano Trillium BYO",70,"Grill","Fall 2024","Carbon Label","Quesadilla","Main","Satellite","Lunch"
"566","31-Oct","French Fries",135,"Grill","Fall 2024","Carbon Label","Grill","Side","Treatment","Lunch"
"567","31-Oct","Grilled Chicken Breast Sandwich",21,"Grill","Fall 2024","Carbon Label","Grill","Main","Treatment","Lunch"
"568","31-Oct","Trillium Grill Impossible Burger",13,"Grill","Fall 2024","Carbon Label","Grill","Main","Treatment","Lunch"
"569","31-Oct","Quesadilla Cheese",14,"Grill","Fall 2024","Carbon Label","Quesadilla","Main","Satellite","Lunch"
"570","31-Oct","Sweet Potato Fries",27,"Grill","Fall 2024","Carbon Label","Grill","Side","Treatment","Lunch"
"571","31-Oct","Seared Salmon Burger",7,"Grill","Fall 2024","Carbon Label","Grill","Main","Treatment","Lunch"
"572","31-Oct","+ Beef Patty",14,"Grill","Fall 2024","Carbon Label","Grill","Modification","Treatment","Lunch"
"573","31-Oct","ADD Chicken Breast",3,"Grill","Fall 2024","Carbon Label","Grill","Modification","Treatment","Lunch"
"574","31-Oct","Black Bean Burger",1,"Grill","Fall 2024","Carbon Label","Grill","Main","Treatment","Lunch"
"575","31-Oct","ADD Cheese",12,"Grill","Fall 2024","Carbon Label","Grill","Modification","Treatment","Lunch"
"576","31-Oct","Add Sausage 2 Patty",3,"Grill","Fall 2024","Carbon Label","Grill","Modification","Treatment","Lunch"
"577","31-Oct","Add Egg .99",2,"Grill","Fall 2024","Carbon Label","Grill","Modification","Treatment","Lunch"
"578","31-Oct","1 Entree + 1 Side",226,"Asian","Fall 2024","Carbon Label","Wok","Main","Satellite","Lunch"
"579","31-Oct","1 Entree + 2 Side",77,"Asian","Fall 2024","Carbon Label","Wok","Main","Satellite","Lunch"
"580","31-Oct","Bowl Ramen Chicken",79,"Asian","Fall 2024","Carbon Label","Ramen","Main","Treatment","Lunch"
"581","31-Oct","2 Entrees + 2 Sides",29,"Asian","Fall 2024","Carbon Label","Wok","Main","Satellite","Lunch"
"582","31-Oct","Bowl Ramen Tofu",10,"Asian","Fall 2024","Carbon Label","Ramen","Main","Treatment","Lunch"
"583","31-Oct","Side Vegetarian Lo Mein",10,"Asian","Fall 2024","Carbon Label","Wok","Side","Satellite","Lunch"
"584","31-Oct","1 Wok Entree",6,"Asian","Fall 2024","Carbon Label","Wok","Main","Satellite","Lunch"
"585","31-Oct","Side Vegetarian Fried Rice with",4,"Asian","Fall 2024","Carbon Label","Wok","Side","Satellite","Lunch"
"586","31-Oct","Side White or Brown Rice",6,"Asian","Fall 2024","Carbon Label","Wok","Side","Satellite","Lunch"
"587","31-Oct","Side Vegetable Spring Rolls",2,"Asian","Fall 2024","Carbon Label","Wok","Side","Satellite","Lunch"
"588","31-Oct","Side Vegetables",1,"Asian","Fall 2024","Carbon Label","Wok","Side","Satellite","Lunch"
"589","31-Oct","Burrito Breakfast",92,"Breakfast","Fall 2024","Carbon Label","Breakfast","Main","Satellite","Breakfast"
"590","31-Oct","Small French Omelet",55,"Breakfast","Fall 2024","Carbon Label","Breakfast","Side","Satellite","Breakfast"
"591","31-Oct","Egg Cheese Sausage Breakfast San",34,"Breakfast","Fall 2024","Carbon Label","Breakfast","Main","Satellite","Breakfast"
"592","31-Oct","Egg Cheese Bacon Breakfast Sandw",30,"Breakfast","Fall 2024","Carbon Label","Breakfast","Main","Satellite","Breakfast"
"593","31-Oct","Grand Slam Breakfast",16,"Breakfast","Fall 2024","Carbon Label","Breakfast","Main","Satellite","Breakfast"
"594","31-Oct","Add Bacon",23,"Breakfast","Fall 2024","Carbon Label","Breakfast","Modification","Satellite","Breakfast"
"595","31-Oct","Two Eggs",19,"Breakfast","Fall 2024","Carbon Label","Breakfast","Side","Satellite","Breakfast"
"596","31-Oct","Trillium Home Fries",3,"Breakfast","Fall 2024","Carbon Label","Breakfast","Side","Satellite","Breakfast"
"597","31-Oct","Pancake Single",1,"Breakfast","Fall 2024","Carbon Label","Breakfast","Side","Satellite","Breakfast"
"598","31-Oct","Toast",2,"Breakfast","Fall 2024","Carbon Label","Breakfast","Side","Satellite","Breakfast"
"599","31-Oct","2 Slices Toast",1,"Breakfast","Fall 2024","Carbon Label","Breakfast","Side","Satellite","Breakfast"
"600","31-Oct","Create Your Pasta Bowl MEAT",120,"Italian","Fall 2024","Carbon Label","Pasta","Main","Satellite","Lunch"
"601","31-Oct","Create Your Pasta Bowl VEG",27,"Italian","Fall 2024","Carbon Label","Pasta","Main","Satellite","Lunch"
"602","31-Oct","Pizza with Toppings",23,"Italian","Fall 2024","Carbon Label","Pizza","Main","Satellite","Lunch"
"603","31-Oct","Pizza Cheese",25,"Italian","Fall 2024","Carbon Label","Pizza","Main","Satellite","Lunch"
"604","31-Oct","Add Extra Meat",16,"Italian","Fall 2024","Carbon Label","Pasta","Modification","Satellite","Lunch"
"605","31-Oct","Side Bread Pasta Station",2,"Italian","Fall 2024","Carbon Label","Pasta","Side","Satellite","Lunch"
"606","31-Oct","Burrito Bowl BYO",93,"Mexican","Fall 2024","Carbon Label","Wrap","Main","Satellite","Lunch"
"607","31-Oct","Single Taco",2,"Mexican","Fall 2024","Carbon Label","Wrap","Main","Satellite","Lunch"
"608","31-Oct","Side Guacamole",2,"Mexican","Fall 2024","Carbon Label","Wrap","Side","Satellite","Lunch"
"609","31-Oct","Side Salsa",1,"Mexican","Fall 2024","Carbon Label","Wrap","Side","Satellite","Lunch"
"610","31-Oct","Salad by the Pound",62,"Salad Bar","Fall 2024","Carbon Label","Salad Bar","Main","Satellite","Lunch"
"611","31-Oct","Add Extra Protein 2.99",2,"Salad Bar","Fall 2024","Carbon Label","Salad Bar","Modification","Satellite","Lunch"
"612","31-Oct","8 oz Soup",27,"Soup","Fall 2024","Carbon Label","Soup","Main","Satellite","Lunch"
"613","31-Oct","Soup 12 oz",21,"Soup","Fall 2024","Carbon Label","Soup","Main","Satellite","Lunch"
"614","31-Oct","Side Potato Tots",22,"Grab N Go","Fall 2024","Carbon Label","Grab N Go","Side","Satellite","Lunch"
"615","1-Nov","Quesadilla Deluxe Trillium",118,"Grill","Fall 2024","Carbon Label","Quesadilla","Main","Satellite","Lunch"
"616","1-Nov","Grilled Hamburger",66,"Grill","Fall 2024","Carbon Label","Grill","Main","Treatment","Lunch"
"617","1-Nov","Fried Chicken Tenders",71,"Grab N Go","Fall 2024","Carbon Label","Grab N Go","Side","Satellite","Lunch"
"618","1-Nov","Burrito Una Mano Trillium BYO",48,"Grill","Fall 2024","Carbon Label","Quesadilla","Main","Satellite","Lunch"
"619","1-Nov","French Fries",95,"Grill","Fall 2024","Carbon Label","Grill","Side","Treatment","Lunch"
"620","1-Nov","Quesadilla Cheese",15,"Grill","Fall 2024","Carbon Label","Quesadilla","Main","Satellite","Lunch"
"621","1-Nov","Grilled Chicken Breast Sandwich",12,"Grill","Fall 2024","Carbon Label","Grill","Main","Treatment","Lunch"
"622","1-Nov","Trillium Grill Impossible Burger",9,"Grill","Fall 2024","Carbon Label","Grill","Main","Treatment","Lunch"
"623","1-Nov","Seared Salmon Burger",4,"Grill","Fall 2024","Carbon Label","Grill","Main","Treatment","Lunch"
"624","1-Nov","Black Bean Burger",3,"Grill","Fall 2024","Carbon Label","Grill","Main","Treatment","Lunch"
"625","1-Nov","+ Beef Patty",8,"Grill","Fall 2024","Carbon Label","Grill","Modification","Treatment","Lunch"
"626","1-Nov","Sweet Potato Fries",4,"Grill","Fall 2024","Carbon Label","Grill","Side","Treatment","Lunch"
"627","1-Nov","ADD Chicken Breast",1,"Grill","Fall 2024","Carbon Label","Grill","Modification","Treatment","Lunch"
"628","1-Nov","Add Sausage 2 Patty",1,"Grill","Fall 2024","Carbon Label","Grill","Modification","Treatment","Lunch"
"629","1-Nov","Add Egg .99",1,"Grill","Fall 2024","Carbon Label","Grill","Modification","Treatment","Lunch"
"630","1-Nov","1 Entree + 1 Side",117,"Asian","Fall 2024","Carbon Label","Wok","Main","Satellite","Lunch"
"631","1-Nov","1 Entree + 2 Side",51,"Asian","Fall 2024","Carbon Label","Wok","Main","Satellite","Lunch"
"632","1-Nov","Bowl Ramen Chicken",34,"Asian","Fall 2024","Carbon Label","Ramen","Main","Treatment","Lunch"
"633","1-Nov","2 Entrees + 2 Sides",12,"Asian","Fall 2024","Carbon Label","Wok","Main","Satellite","Lunch"
"634","1-Nov","Bowl Ramen Tofu",13,"Asian","Fall 2024","Carbon Label","Ramen","Main","Treatment","Lunch"
"635","1-Nov","Side Vegetarian Lo Mein",8,"Asian","Fall 2024","Carbon Label","Wok","Side","Satellite","Lunch"
"636","1-Nov","1 Wok Entree",4,"Asian","Fall 2024","Carbon Label","Wok","Main","Satellite","Lunch"
"637","1-Nov","Side Vegetables",3,"Asian","Fall 2024","Carbon Label","Wok","Side","Satellite","Lunch"
"638","1-Nov","Side White or Brown Rice",5,"Asian","Fall 2024","Carbon Label","Wok","Side","Satellite","Lunch"
"639","1-Nov","Side Vegetable Spring Rolls",2,"Asian","Fall 2024","Carbon Label","Wok","Side","Satellite","Lunch"
"640","1-Nov","Side Vegetarian Fried Rice with",1,"Asian","Fall 2024","Carbon Label","Wok","Side","Satellite","Lunch"
"641","1-Nov","Burrito Breakfast",57,"Breakfast","Fall 2024","Carbon Label","Breakfast","Main","Satellite","Breakfast"
"642","1-Nov","Grand Slam Breakfast",28,"Breakfast","Fall 2024","Carbon Label","Breakfast","Main","Satellite","Breakfast"
"643","1-Nov","Small French Omelet",25,"Breakfast","Fall 2024","Carbon Label","Breakfast","Side","Satellite","Breakfast"
"644","1-Nov","Egg Cheese Bacon Breakfast Sandw",24,"Breakfast","Fall 2024","Carbon Label","Breakfast","Main","Satellite","Breakfast"
"645","1-Nov","Egg Cheese Sausage Breakfast San",21,"Breakfast","Fall 2024","Carbon Label","Breakfast","Main","Satellite","Breakfast"
"646","1-Nov","Add Bacon",18,"Breakfast","Fall 2024","Carbon Label","Breakfast","Modification","Satellite","Breakfast"
"647","1-Nov","Two Eggs",10,"Breakfast","Fall 2024","Carbon Label","Breakfast","Side","Satellite","Breakfast"
"648","1-Nov","Trillium Home Fries",4,"Breakfast","Fall 2024","Carbon Label","Breakfast","Side","Satellite","Breakfast"
"649","1-Nov","Pancake Single",4,"Breakfast","Fall 2024","Carbon Label","Breakfast","Side","Satellite","Breakfast"
"650","1-Nov","Create Your Pasta Bowl MEAT",87,"Italian","Fall 2024","Carbon Label","Pasta","Main","Satellite","Lunch"
"651","1-Nov","Pizza with Toppings",17,"Italian","Fall 2024","Carbon Label","Pizza","Main","Satellite","Lunch"
"652","1-Nov","Create Your Pasta Bowl VEG",8,"Italian","Fall 2024","Carbon Label","Pasta","Main","Satellite","Lunch"
"653","1-Nov","Pizza Cheese",13,"Italian","Fall 2024","Carbon Label","Pizza","Main","Satellite","Lunch"
"654","1-Nov","Add Extra Meat",7,"Italian","Fall 2024","Carbon Label","Pasta","Modification","Satellite","Lunch"
"655","1-Nov","Burrito Bowl BYO",59,"Mexican","Fall 2024","Carbon Label","Wrap","Main","Satellite","Lunch"
"656","1-Nov","Single Taco",6,"Mexican","Fall 2024","Carbon Label","Wrap","Main","Satellite","Lunch"
"657","1-Nov","Side Guacamole",2,"Mexican","Fall 2024","Carbon Label","Wrap","Side","Satellite","Lunch"
"658","1-Nov","Salad by the Pound",45,"Salad Bar","Fall 2024","Carbon Label","Salad Bar","Main","Satellite","Lunch"
"659","1-Nov","Add Extra Protein 2.99",2,"Salad Bar","Fall 2024","Carbon Label","Salad Bar","Modification","Satellite","Lunch"
"660","1-Nov","8 oz Soup",40,"Soup","Fall 2024","Carbon Label","Soup","Main","Satellite","Lunch"
"661","1-Nov","Soup 12 oz",21,"Soup","Fall 2024","Carbon Label","Soup","Main","Satellite","Lunch"
"662","1-Nov","Side Potato Tots",12,"Grab N Go","Fall 2024","Carbon Label","Grab N Go","Side","Satellite","Lunch"
"663","4-Nov","Quesadilla Deluxe Trillium",170,"Grill","Fall 2024","Carbon Label","Quesadilla","Main","Satellite","Lunch"
"664","4-Nov","Grilled Hamburger",80,"Grill","Fall 2024","Carbon Label","Grill","Main","Treatment","Lunch"
"665","4-Nov","Fried Chicken Tenders",95,"Grab N Go","Fall 2024","Carbon Label","Grab N Go","Side","Satellite","Lunch"
"666","4-Nov","Burrito Una Mano Trillium BYO",71,"Grill","Fall 2024","Carbon Label","Quesadilla","Main","Satellite","Lunch"
"667","4-Nov","French Fries",176,"Grill","Fall 2024","Carbon Label","Grill","Side","Treatment","Lunch"
"668","4-Nov","Quesadilla Cheese",15,"Grill","Fall 2024","Carbon Label","Quesadilla","Main","Satellite","Lunch"
"669","4-Nov","Grilled Chicken Breast Sandwich",12,"Grill","Fall 2024","Carbon Label","Grill","Main","Treatment","Lunch"
"670","4-Nov","Seared Salmon Burger",11,"Grill","Fall 2024","Carbon Label","Grill","Main","Treatment","Lunch"
"671","4-Nov","Trillium Grill Impossible Burger",7,"Grill","Fall 2024","Carbon Label","Grill","Main","Treatment","Lunch"
"672","4-Nov","+ Beef Patty",13,"Grill","Fall 2024","Carbon Label","Grill","Modification","Treatment","Lunch"
"673","4-Nov","Black Bean Burger",4,"Grill","Fall 2024","Carbon Label","Grill","Main","Treatment","Lunch"
"674","4-Nov","ADD Chicken Breast",3,"Grill","Fall 2024","Carbon Label","Grill","Modification","Treatment","Lunch"
"675","4-Nov","ADD Cheese",5,"Grill","Fall 2024","Carbon Label","Grill","Modification","Treatment","Lunch"
"676","4-Nov","Add Sausage 2 Patty",1,"Grill","Fall 2024","Carbon Label","Grill","Modification","Treatment","Lunch"
"677","4-Nov","Add Egg .99",1,"Grill","Fall 2024","Carbon Label","Grill","Modification","Treatment","Lunch"
"678","4-Nov","1 Entree + 1 Side",171,"Asian","Fall 2024","Carbon Label","Wok","Main","Satellite","Lunch"
"679","4-Nov","1 Entree + 2 Side",84,"Asian","Fall 2024","Carbon Label","Wok","Main","Satellite","Lunch"
"680","4-Nov","Bowl Ramen Chicken",65,"Asian","Fall 2024","Carbon Label","Ramen","Main","Treatment","Lunch"
"681","4-Nov","2 Entrees + 2 Sides",26,"Asian","Fall 2024","Carbon Label","Wok","Main","Satellite","Lunch"
"682","4-Nov","Bowl Ramen Tofu",20,"Asian","Fall 2024","Carbon Label","Ramen","Main","Treatment","Lunch"
"683","4-Nov","1 Wok Entree",7,"Asian","Fall 2024","Carbon Label","Wok","Main","Satellite","Lunch"
"684","4-Nov","Side Vegetarian Lo Mein",11,"Asian","Fall 2024","Carbon Label","Wok","Side","Satellite","Lunch"
"685","4-Nov","Side Vegetarian Fried Rice with",5,"Asian","Fall 2024","Carbon Label","Wok","Side","Satellite","Lunch"
"686","4-Nov","Side Vegetables",3,"Asian","Fall 2024","Carbon Label","Wok","Side","Satellite","Lunch"
"687","4-Nov","Side White or Brown Rice",1,"Asian","Fall 2024","Carbon Label","Wok","Side","Satellite","Lunch"
"688","4-Nov","Burrito Breakfast",97,"Breakfast","Fall 2024","Carbon Label","Breakfast","Main","Satellite","Breakfast"
"689","4-Nov","Small French Omelet",51,"Breakfast","Fall 2024","Carbon Label","Breakfast","Side","Satellite","Breakfast"
"690","4-Nov","Egg Cheese Sausage Breakfast San",45,"Breakfast","Fall 2024","Carbon Label","Breakfast","Main","Satellite","Breakfast"
"691","4-Nov","Egg Cheese Bacon Breakfast Sandw",42,"Breakfast","Fall 2024","Carbon Label","Breakfast","Main","Satellite","Breakfast"
"692","4-Nov","Grand Slam Breakfast",17,"Breakfast","Fall 2024","Carbon Label","Breakfast","Main","Satellite","Breakfast"
"693","4-Nov","Add Bacon",28,"Breakfast","Fall 2024","Carbon Label","Breakfast","Modification","Satellite","Breakfast"
"694","4-Nov","Two Eggs",10,"Breakfast","Fall 2024","Carbon Label","Breakfast","Side","Satellite","Breakfast"
"695","4-Nov","Trillium Home Fries",3,"Breakfast","Fall 2024","Carbon Label","Breakfast","Side","Satellite","Breakfast"
"696","4-Nov","Pancake Single",3,"Breakfast","Fall 2024","Carbon Label","Breakfast","Side","Satellite","Breakfast"
"697","4-Nov","2 Slices Toast",2,"Breakfast","Fall 2024","Carbon Label","Breakfast","Side","Satellite","Breakfast"
"698","4-Nov","Toast",1,"Breakfast","Fall 2024","Carbon Label","Breakfast","Side","Satellite","Breakfast"
"699","4-Nov","Create Your Pasta Bowl MEAT",118,"Italian","Fall 2024","Carbon Label","Pasta","Main","Satellite","Lunch"
"700","4-Nov","Create Your Pasta Bowl VEG",34,"Italian","Fall 2024","Carbon Label","Pasta","Main","Satellite","Lunch"
"701","4-Nov","Pizza with Toppings",27,"Italian","Fall 2024","Carbon Label","Pizza","Main","Satellite","Lunch"
"702","4-Nov","Pizza Cheese",17,"Italian","Fall 2024","Carbon Label","Pizza","Main","Satellite","Lunch"
"703","4-Nov","Add Extra Meat",27,"Italian","Fall 2024","Carbon Label","Pasta","Modification","Satellite","Lunch"
"704","4-Nov","Side Bread Pasta Station",1,"Italian","Fall 2024","Carbon Label","Pasta","Side","Satellite","Lunch"
"705","4-Nov","Burrito Bowl BYO",91,"Mexican","Fall 2024","Carbon Label","Wrap","Main","Satellite","Lunch"
"706","4-Nov","Single Taco",11,"Mexican","Fall 2024","Carbon Label","Wrap","Main","Satellite","Lunch"
"707","4-Nov","Side Guacamole",2,"Mexican","Fall 2024","Carbon Label","Wrap","Side","Satellite","Lunch"
"708","4-Nov","Add Extra Toppings Una Mano",4,"Mexican","Fall 2024","Carbon Label","Wrap","Modification","Satellite","Lunch"
"709","4-Nov","Salad by the Pound",46,"Salad Bar","Fall 2024","Carbon Label","Salad Bar","Main","Satellite","Lunch"
"710","4-Nov","Soup 12 oz",44,"Soup","Fall 2024","Carbon Label","Soup","Main","Satellite","Lunch"
"711","4-Nov","8 oz Soup",32,"Soup","Fall 2024","Carbon Label","Soup","Main","Satellite","Lunch"
"712","4-Nov","Side Potato Tots",9,"Grab N Go","Fall 2024","Carbon Label","Grab N Go","Side","Satellite","Lunch"
"713","5-Nov","Quesadilla Deluxe Trillium",165,"Grill","Fall 2024","Carbon Label","Quesadilla","Main","Satellite","Lunch"
"714","5-Nov","Grilled Hamburger",107,"Grill","Fall 2024","Carbon Label","Grill","Main","Treatment","Lunch"
"715","5-Nov","Fried Chicken Tenders",105,"Grab N Go","Fall 2024","Carbon Label","Grab N Go","Side","Satellite","Lunch"
"716","5-Nov","Burrito Una Mano Trillium BYO",63,"Grill","Fall 2024","Carbon Label","Quesadilla","Main","Satellite","Lunch"
"717","5-Nov","French Fries",136,"Grill","Fall 2024","Carbon Label","Grill","Side","Treatment","Lunch"
"718","5-Nov","Trillium Grill Impossible Burger",14,"Grill","Fall 2024","Carbon Label","Grill","Main","Treatment","Lunch"
"719","5-Nov","Grilled Chicken Breast Sandwich",11,"Grill","Fall 2024","Carbon Label","Grill","Main","Treatment","Lunch"
"720","5-Nov","Quesadilla Cheese",8,"Grill","Fall 2024","Carbon Label","Quesadilla","Main","Satellite","Lunch"
"721","5-Nov","Seared Salmon Burger",4,"Grill","Fall 2024","Carbon Label","Grill","Main","Treatment","Lunch"
"722","5-Nov","Sweet Potato Fries",11,"Grill","Fall 2024","Carbon Label","Grill","Side","Treatment","Lunch"
"723","5-Nov","+ Beef Patty",9,"Grill","Fall 2024","Carbon Label","Grill","Modification","Treatment","Lunch"
"724","5-Nov","Black Bean Burger",2,"Grill","Fall 2024","Carbon Label","Grill","Main","Treatment","Lunch"
"725","5-Nov","ADD Chicken Breast",4,"Grill","Fall 2024","Carbon Label","Grill","Modification","Treatment","Lunch"
"726","5-Nov","Add Sausage 2 Patty",3,"Grill","Fall 2024","Carbon Label","Grill","Modification","Treatment","Lunch"
"727","5-Nov","ADD Cheese",2,"Grill","Fall 2024","Carbon Label","Grill","Modification","Treatment","Lunch"
"728","5-Nov","Add Egg .99",1,"Grill","Fall 2024","Carbon Label","Grill","Modification","Treatment","Lunch"
"729","5-Nov","1 Entree + 1 Side",212,"Asian","Fall 2024","Carbon Label","Wok","Main","Satellite","Lunch"
"730","5-Nov","1 Entree + 2 Side",79,"Asian","Fall 2024","Carbon Label","Wok","Main","Satellite","Lunch"
"731","5-Nov","Bowl Ramen Chicken",73,"Asian","Fall 2024","Carbon Label","Ramen","Main","Treatment","Lunch"
"732","5-Nov","2 Entrees + 2 Sides",27,"Asian","Fall 2024","Carbon Label","Wok","Main","Satellite","Lunch"
"733","5-Nov","Bowl Ramen Tofu",11,"Asian","Fall 2024","Carbon Label","Ramen","Main","Treatment","Lunch"
"734","5-Nov","Side Vegetarian Lo Mein",10,"Asian","Fall 2024","Carbon Label","Wok","Side","Satellite","Lunch"
"735","5-Nov","1 Wok Entree",5,"Asian","Fall 2024","Carbon Label","Wok","Main","Satellite","Lunch"
"736","5-Nov","Side Vegetables",1,"Asian","Fall 2024","Carbon Label","Wok","Side","Satellite","Lunch"
"737","5-Nov","Burrito Breakfast",83,"Breakfast","Fall 2024","Carbon Label","Breakfast","Main","Satellite","Breakfast"
"738","5-Nov","Small French Omelet",52,"Breakfast","Fall 2024","Carbon Label","Breakfast","Side","Satellite","Breakfast"
"739","5-Nov","Egg Cheese Bacon Breakfast Sandw",37,"Breakfast","Fall 2024","Carbon Label","Breakfast","Main","Satellite","Breakfast"
"740","5-Nov","Egg Cheese Sausage Breakfast San",33,"Breakfast","Fall 2024","Carbon Label","Breakfast","Main","Satellite","Breakfast"
"741","5-Nov","Grand Slam Breakfast",15,"Breakfast","Fall 2024","Carbon Label","Breakfast","Main","Satellite","Breakfast"
"742","5-Nov","Add Bacon",29,"Breakfast","Fall 2024","Carbon Label","Breakfast","Modification","Satellite","Breakfast"
"743","5-Nov","Two Eggs",18,"Breakfast","Fall 2024","Carbon Label","Breakfast","Side","Satellite","Breakfast"
"744","5-Nov","Pancake Single",5,"Breakfast","Fall 2024","Carbon Label","Breakfast","Side","Satellite","Breakfast"
"745","5-Nov","2 Slices Toast",3,"Breakfast","Fall 2024","Carbon Label","Breakfast","Side","Satellite","Breakfast"
"746","5-Nov","Toast",1,"Breakfast","Fall 2024","Carbon Label","Breakfast","Side","Satellite","Breakfast"
"747","5-Nov","Create Your Pasta Bowl MEAT",103,"Italian","Fall 2024","Carbon Label","Pasta","Main","Satellite","Lunch"
"748","5-Nov","Pizza with Toppings",38,"Italian","Fall 2024","Carbon Label","Pizza","Main","Satellite","Lunch"
"749","5-Nov","Create Your Pasta Bowl VEG",20,"Italian","Fall 2024","Carbon Label","Pasta","Main","Satellite","Lunch"
"750","5-Nov","Pizza Cheese",20,"Italian","Fall 2024","Carbon Label","Pizza","Main","Satellite","Lunch"
"751","5-Nov","Add Extra Meat",6,"Italian","Fall 2024","Carbon Label","Pasta","Modification","Satellite","Lunch"
"752","5-Nov","Side Bread Pasta Station",1,"Italian","Fall 2024","Carbon Label","Pasta","Side","Satellite","Lunch"
"753","5-Nov","Burrito Bowl BYO",109,"Mexican","Fall 2024","Carbon Label","Wrap","Main","Satellite","Lunch"
"754","5-Nov","Single Taco",4,"Mexican","Fall 2024","Carbon Label","Wrap","Main","Satellite","Lunch"
"755","5-Nov","Add Extra Toppings Una Mano",6,"Mexican","Fall 2024","Carbon Label","Wrap","Modification","Satellite","Lunch"
"756","5-Nov","Side Guacamole",1,"Mexican","Fall 2024","Carbon Label","Wrap","Side","Satellite","Lunch"
"757","5-Nov","Side Salsa",1,"Mexican","Fall 2024","Carbon Label","Wrap","Side","Satellite","Lunch"
"758","5-Nov","Salad by the Pound",55,"Salad Bar","Fall 2024","Carbon Label","Salad Bar","Main","Satellite","Lunch"
"759","5-Nov","Add Extra Protein 2.99",2,"Salad Bar","Fall 2024","Carbon Label","Salad Bar","Modification","Satellite","Lunch"
"760","5-Nov","Soup 12 oz",37,"Soup","Fall 2024","Carbon Label","Soup","Main","Satellite","Lunch"
"761","5-Nov","8 oz Soup",30,"Soup","Fall 2024","Carbon Label","Soup","Main","Satellite","Lunch"
"762","5-Nov","Side Potato Tots",22,"Grab N Go","Fall 2024","Carbon Label","Grab N Go","Side","Satellite","Lunch"
"763","6-Nov","Quesadilla Deluxe Trillium",130,"Grill","Fall 2024","Carbon Label","Quesadilla","Main","Satellite","Lunch"
"764","6-Nov","Grilled Hamburger",104,"Grill","Fall 2024","Carbon Label","Grill","Main","Treatment","Lunch"
"765","6-Nov","Fried Chicken Tenders",94,"Grab N Go","Fall 2024","Carbon Label","Grab N Go","Side","Satellite","Lunch"
"766","6-Nov","Burrito Una Mano Trillium BYO",59,"Grill","Fall 2024","Carbon Label","Quesadilla","Main","Satellite","Lunch"
"767","6-Nov","French Fries",148,"Grill","Fall 2024","Carbon Label","Grill","Side","Treatment","Lunch"
"768","6-Nov","Grilled Chicken Breast Sandwich",16,"Grill","Fall 2024","Carbon Label","Grill","Main","Treatment","Lunch"
"769","6-Nov","Sweet Potato Fries",37,"Grill","Fall 2024","Carbon Label","Grill","Side","Treatment","Lunch"
"770","6-Nov","Trillium Grill Impossible Burger",9,"Grill","Fall 2024","Carbon Label","Grill","Main","Treatment","Lunch"
"771","6-Nov","Quesadilla Cheese",11,"Grill","Fall 2024","Carbon Label","Quesadilla","Main","Satellite","Lunch"
"772","6-Nov","Seared Salmon Burger",6,"Grill","Fall 2024","Carbon Label","Grill","Main","Treatment","Lunch"
"773","6-Nov","ADD Chicken Breast",8,"Grill","Fall 2024","Carbon Label","Grill","Modification","Treatment","Lunch"
"774","6-Nov","+ Beef Patty",7,"Grill","Fall 2024","Carbon Label","Grill","Modification","Treatment","Lunch"
"775","6-Nov","Black Bean Burger",2,"Grill","Fall 2024","Carbon Label","Grill","Main","Treatment","Lunch"
"776","6-Nov","Add Sausage 2 Patty",6,"Grill","Fall 2024","Carbon Label","Grill","Modification","Treatment","Lunch"
"777","6-Nov","ADD Cheese",7,"Grill","Fall 2024","Carbon Label","Grill","Modification","Treatment","Lunch"
"778","6-Nov","Add Egg .99",3,"Grill","Fall 2024","Carbon Label","Grill","Modification","Treatment","Lunch"
"779","6-Nov","1 Entree + 1 Side",209,"Asian","Fall 2024","Carbon Label","Wok","Main","Satellite","Lunch"
"780","6-Nov","Bowl Ramen Chicken",90,"Asian","Fall 2024","Carbon Label","Ramen","Main","Treatment","Lunch"
"781","6-Nov","1 Entree + 2 Side",54,"Asian","Fall 2024","Carbon Label","Wok","Main","Satellite","Lunch"
"782","6-Nov","2 Entrees + 2 Sides",27,"Asian","Fall 2024","Carbon Label","Wok","Main","Satellite","Lunch"
"783","6-Nov","Bowl Ramen Tofu",17,"Asian","Fall 2024","Carbon Label","Ramen","Main","Treatment","Lunch"
"784","6-Nov","1 Wok Entree",14,"Asian","Fall 2024","Carbon Label","Wok","Main","Satellite","Lunch"
"785","6-Nov","Side Vegetarian Lo Mein",9,"Asian","Fall 2024","Carbon Label","Wok","Side","Satellite","Lunch"
"786","6-Nov","Side Vegetarian Fried Rice with",7,"Asian","Fall 2024","Carbon Label","Wok","Side","Satellite","Lunch"
"787","6-Nov","Side White or Brown Rice",13,"Asian","Fall 2024","Carbon Label","Wok","Side","Satellite","Lunch"
"788","6-Nov","Side Vegetables",2,"Asian","Fall 2024","Carbon Label","Wok","Side","Satellite","Lunch"
"789","6-Nov","Create Your Pasta Bowl MEAT",136,"Italian","Fall 2024","Carbon Label","Pasta","Main","Satellite","Lunch"
"790","6-Nov","Create Your Pasta Bowl VEG",30,"Italian","Fall 2024","Carbon Label","Pasta","Main","Satellite","Lunch"
"791","6-Nov","Pizza with Toppings",38,"Italian","Fall 2024","Carbon Label","Pizza","Main","Satellite","Lunch"
"792","6-Nov","Pizza Cheese",20,"Italian","Fall 2024","Carbon Label","Pizza","Main","Satellite","Lunch"
"793","6-Nov","Add Extra Meat",27,"Italian","Fall 2024","Carbon Label","Pasta","Modification","Satellite","Lunch"
"794","6-Nov","Burrito Breakfast",94,"Breakfast","Fall 2024","Carbon Label","Breakfast","Main","Satellite","Breakfast"
"795","6-Nov","Small French Omelet",64,"Breakfast","Fall 2024","Carbon Label","Breakfast","Side","Satellite","Breakfast"
"796","6-Nov","Grand Slam Breakfast",17,"Breakfast","Fall 2024","Carbon Label","Breakfast","Main","Satellite","Breakfast"
"797","6-Nov","Egg Cheese Bacon Breakfast Sandw",24,"Breakfast","Fall 2024","Carbon Label","Breakfast","Main","Satellite","Breakfast"
"798","6-Nov","Egg Cheese Sausage Breakfast San",23,"Breakfast","Fall 2024","Carbon Label","Breakfast","Main","Satellite","Breakfast"
"799","6-Nov","Add Bacon",27,"Breakfast","Fall 2024","Carbon Label","Breakfast","Modification","Satellite","Breakfast"
"800","6-Nov","Two Eggs",19,"Breakfast","Fall 2024","Carbon Label","Breakfast","Side","Satellite","Breakfast"
"801","6-Nov","Trillium Home Fries",7,"Breakfast","Fall 2024","Carbon Label","Breakfast","Side","Satellite","Breakfast"
"802","6-Nov","Pancake Single",6,"Breakfast","Fall 2024","Carbon Label","Breakfast","Side","Satellite","Breakfast"
"803","6-Nov","Toast",3,"Breakfast","Fall 2024","Carbon Label","Breakfast","Side","Satellite","Breakfast"
"804","6-Nov","PC Peanut Butter",2,"Breakfast","Fall 2024","Carbon Label","Breakfast","Side","Satellite","Breakfast"
"805","6-Nov","2 Slices Toast",1,"Breakfast","Fall 2024","Carbon Label","Breakfast","Side","Satellite","Breakfast"
"806","6-Nov","Burrito Bowl BYO",109,"Mexican","Fall 2024","Carbon Label","Wrap","Main","Satellite","Lunch"
"807","6-Nov","Single Taco",5,"Mexican","Fall 2024","Carbon Label","Wrap","Main","Satellite","Lunch"
"808","6-Nov","Side Sour Cream",1,"Mexican","Fall 2024","Carbon Label","Wrap","Side","Satellite","Lunch"
"809","6-Nov","Salad by the Pound",59,"Salad Bar","Fall 2024","Carbon Label","Salad Bar","Main","Satellite","Lunch"
"810","6-Nov","Add Extra Protein 2.99",1,"Salad Bar","Fall 2024","Carbon Label","Salad Bar","Modification","Satellite","Lunch"
"811","6-Nov","8 oz Soup",54,"Soup","Fall 2024","Carbon Label","Soup","Main","Satellite","Lunch"
"812","6-Nov","Soup 12 oz",40,"Soup","Fall 2024","Carbon Label","Soup","Main","Satellite","Lunch"
"813","6-Nov","Side Potato Tots",19,"Grab N Go","Fall 2024","Carbon Label","Grab N Go","Side","Satellite","Lunch"
"814","7-Nov","Quesadilla Deluxe Trillium",160,"Grill","Fall 2024","Carbon Label","Quesadilla","Main","Satellite","Lunch"
"815","7-Nov","Grilled Hamburger",98,"Grill","Fall 2024","Carbon Label","Grill","Main","Treatment","Lunch"
"816","7-Nov","Fried Chicken Tenders",105,"Grab N Go","Fall 2024","Carbon Label","Grab N Go","Side","Satellite","Lunch"
"817","7-Nov","Burrito Una Mano Trillium BYO",64,"Grill","Fall 2024","Carbon Label","Quesadilla","Main","Satellite","Lunch"
"818","7-Nov","French Fries",141,"Grill","Fall 2024","Carbon Label","Grill","Side","Treatment","Lunch"
"819","7-Nov","Grilled Chicken Breast Sandwich",19,"Grill","Fall 2024","Carbon Label","Grill","Main","Treatment","Lunch"
"820","7-Nov","Seared Salmon Burger",14,"Grill","Fall 2024","Carbon Label","Grill","Main","Treatment","Lunch"
"821","7-Nov","Sweet Potato Fries",33,"Grill","Fall 2024","Carbon Label","Grill","Side","Treatment","Lunch"
"822","7-Nov","Trillium Grill Impossible Burger",7,"Grill","Fall 2024","Carbon Label","Grill","Main","Treatment","Lunch"
"823","7-Nov","Quesadilla Cheese",9,"Grill","Fall 2024","Carbon Label","Quesadilla","Main","Satellite","Lunch"
"824","7-Nov","+ Beef Patty",12,"Grill","Fall 2024","Carbon Label","Grill","Modification","Treatment","Lunch"
"825","7-Nov","Black Bean Burger",4,"Grill","Fall 2024","Carbon Label","Grill","Main","Treatment","Lunch"
"826","7-Nov","ADD Chicken Breast",9,"Grill","Fall 2024","Carbon Label","Grill","Modification","Treatment","Lunch"
"827","7-Nov","Add Sausage 2 Patty",2,"Grill","Fall 2024","Carbon Label","Grill","Modification","Treatment","Lunch"
"828","7-Nov","Add Egg .99",3,"Grill","Fall 2024","Carbon Label","Grill","Modification","Treatment","Lunch"
"829","7-Nov","ADD Cheese",3,"Grill","Fall 2024","Carbon Label","Grill","Modification","Treatment","Lunch"
"830","7-Nov","1 Entree + 1 Side",193,"Asian","Fall 2024","Carbon Label","Wok","Main","Satellite","Lunch"
"831","7-Nov","1 Entree + 2 Side",94,"Asian","Fall 2024","Carbon Label","Wok","Main","Satellite","Lunch"
"832","7-Nov","Bowl Ramen Chicken",82,"Asian","Fall 2024","Carbon Label","Ramen","Main","Treatment","Lunch"
"833","7-Nov","2 Entrees + 2 Sides",30,"Asian","Fall 2024","Carbon Label","Wok","Main","Satellite","Lunch"
"834","7-Nov","Bowl Ramen Tofu",14,"Asian","Fall 2024","Carbon Label","Ramen","Main","Treatment","Lunch"
"835","7-Nov","Side Vegetarian Lo Mein",12,"Asian","Fall 2024","Carbon Label","Wok","Side","Satellite","Lunch"
"836","7-Nov","1 Wok Entree",5,"Asian","Fall 2024","Carbon Label","Wok","Main","Satellite","Lunch"
"837","7-Nov","Side White or Brown Rice",5,"Asian","Fall 2024","Carbon Label","Wok","Side","Satellite","Lunch"
"838","7-Nov","Bowl Ramen Chicken",1,"Asian","Fall 2024","Carbon Label","Ramen","Main","Treatment","Lunch"
"839","7-Nov","Side Vegetable Spring Rolls",2,"Asian","Fall 2024","Carbon Label","Wok","Side","Satellite","Lunch"
"840","7-Nov","Create Your Pasta Bowl MEAT",132,"Italian","Fall 2024","Carbon Label","Pasta","Main","Satellite","Lunch"
"841","7-Nov","Create Your Pasta Bowl VEG",28,"Italian","Fall 2024","Carbon Label","Pasta","Main","Satellite","Lunch"
"842","7-Nov","Pizza with Toppings",38,"Italian","Fall 2024","Carbon Label","Pizza","Main","Satellite","Lunch"
"843","7-Nov","Pizza Cheese",21,"Italian","Fall 2024","Carbon Label","Pizza","Main","Satellite","Lunch"
"844","7-Nov","Add Extra Meat",18,"Italian","Fall 2024","Carbon Label","Pasta","Modification","Satellite","Lunch"
"845","7-Nov","Side Bread Pasta Station",1,"Italian","Fall 2024","Carbon Label","Pasta","Side","Satellite","Lunch"
"846","7-Nov","Burrito Breakfast",90,"Breakfast","Fall 2024","Carbon Label","Breakfast","Main","Satellite","Breakfast"
"847","7-Nov","Small French Omelet",60,"Breakfast","Fall 2024","Carbon Label","Breakfast","Side","Satellite","Breakfast"
"848","7-Nov","Grand Slam Breakfast",17,"Breakfast","Fall 2024","Carbon Label","Breakfast","Main","Satellite","Breakfast"
"849","7-Nov","Egg Cheese Sausage Breakfast San",24,"Breakfast","Fall 2024","Carbon Label","Breakfast","Main","Satellite","Breakfast"
"850","7-Nov","Egg Cheese Bacon Breakfast Sandw",22,"Breakfast","Fall 2024","Carbon Label","Breakfast","Main","Satellite","Breakfast"
"851","7-Nov","Add Bacon",24,"Breakfast","Fall 2024","Carbon Label","Breakfast","Modification","Satellite","Breakfast"
"852","7-Nov","Two Eggs",19,"Breakfast","Fall 2024","Carbon Label","Breakfast","Side","Satellite","Breakfast"
"853","7-Nov","Trillium Home Fries",3,"Breakfast","Fall 2024","Carbon Label","Breakfast","Side","Satellite","Breakfast"
"854","7-Nov","Pancake Single",2,"Breakfast","Fall 2024","Carbon Label","Breakfast","Side","Satellite","Breakfast"
"855","7-Nov","PC Peanut Butter",2,"Breakfast","Fall 2024","Carbon Label","Breakfast","Side","Satellite","Breakfast"
"856","7-Nov","Toast",1,"Breakfast","Fall 2024","Carbon Label","Breakfast","Side","Satellite","Breakfast"
"857","7-Nov","Burrito Bowl BYO",98,"Mexican","Fall 2024","Carbon Label","Wrap","Main","Satellite","Lunch"
"858","7-Nov","Single Taco",6,"Mexican","Fall 2024","Carbon Label","Wrap","Main","Satellite","Lunch"
"859","7-Nov","Side Guacamole",5,"Mexican","Fall 2024","Carbon Label","Wrap","Side","Satellite","Lunch"
"860","7-Nov","Add Extra Toppings Una Mano",2,"Mexican","Fall 2024","Carbon Label","Wrap","Modification","Satellite","Lunch"
"861","7-Nov","Side Salsa",1,"Mexican","Fall 2024","Carbon Label","Wrap","Side","Satellite","Lunch"
"862","7-Nov","Salad by the Pound",69,"Salad Bar","Fall 2024","Carbon Label","Salad Bar","Main","Satellite","Lunch"
"863","7-Nov","8 oz Soup",41,"Soup","Fall 2024","Carbon Label","Soup","Main","Satellite","Lunch"
"864","7-Nov","Soup 12 oz",34,"Soup","Fall 2024","Carbon Label","Soup","Main","Satellite","Lunch"
"865","7-Nov","Side Potato Tots",25,"Grab N Go","Fall 2024","Carbon Label","Grab N Go","Side","Satellite","Lunch"
"866","8-Nov","Quesadilla Deluxe Trillium",116,"Grill","Fall 2024","Carbon Label","Quesadilla","Main","Satellite","Lunch"
"867","8-Nov","Grilled Hamburger",80,"Grill","Fall 2024","Carbon Label","Grill","Main","Treatment","Lunch"
"868","8-Nov","Burrito Una Mano Trillium BYO",45,"Grill","Fall 2024","Carbon Label","Quesadilla","Main","Satellite","Lunch"
"869","8-Nov","Fried Chicken Tenders",55,"Grab N Go","Fall 2024","Carbon Label","Grab N Go","Side","Satellite","Lunch"
"870","8-Nov","French Fries",97,"Grill","Fall 2024","Carbon Label","Grill","Side","Treatment","Lunch"
"871","8-Nov","Grilled Chicken Breast Sandwich",12,"Grill","Fall 2024","Carbon Label","Grill","Main","Treatment","Lunch"
"872","8-Nov","Quesadilla Cheese",12,"Grill","Fall 2024","Carbon Label","Quesadilla","Main","Satellite","Lunch"
"873","8-Nov","Sweet Potato Fries",32,"Grill","Fall 2024","Carbon Label","Grill","Side","Treatment","Lunch"
"874","8-Nov","Trillium Grill Impossible Burger",7,"Grill","Fall 2024","Carbon Label","Grill","Main","Treatment","Lunch"
"875","8-Nov","Seared Salmon Burger",7,"Grill","Fall 2024","Carbon Label","Grill","Main","Treatment","Lunch"
"876","8-Nov","+ Beef Patty",5,"Grill","Fall 2024","Carbon Label","Grill","Modification","Treatment","Lunch"
"877","8-Nov","Add Sausage 2 Patty",4,"Grill","Fall 2024","Carbon Label","Grill","Modification","Treatment","Lunch"
"878","8-Nov","Black Bean Burger",1,"Grill","Fall 2024","Carbon Label","Grill","Main","Treatment","Lunch"
"879","8-Nov","ADD Chicken Breast",2,"Grill","Fall 2024","Carbon Label","Grill","Modification","Treatment","Lunch"
"880","8-Nov","ADD Cheese",6,"Grill","Fall 2024","Carbon Label","Grill","Modification","Treatment","Lunch"
"881","8-Nov","Add Egg .99",2,"Grill","Fall 2024","Carbon Label","Grill","Modification","Treatment","Lunch"
"882","8-Nov","1 Entree + 1 Side",126,"Asian","Fall 2024","Carbon Label","Wok","Main","Satellite","Lunch"
"883","8-Nov","Bowl Ramen Chicken",59,"Asian","Fall 2024","Carbon Label","Ramen","Main","Treatment","Lunch"
"884","8-Nov","1 Entree + 2 Side",53,"Asian","Fall 2024","Carbon Label","Wok","Main","Satellite","Lunch"
"885","8-Nov","2 Entrees + 2 Sides",20,"Asian","Fall 2024","Carbon Label","Wok","Main","Satellite","Lunch"
"886","8-Nov","Bowl Ramen Tofu",14,"Asian","Fall 2024","Carbon Label","Ramen","Main","Treatment","Lunch"
"887","8-Nov","Side Vegetarian Lo Mein",8,"Asian","Fall 2024","Carbon Label","Wok","Side","Satellite","Lunch"
"888","8-Nov","1 Wok Entree",2,"Asian","Fall 2024","Carbon Label","Wok","Main","Satellite","Lunch"
"889","8-Nov","Side Vegetarian Fried Rice with",3,"Asian","Fall 2024","Carbon Label","Wok","Side","Satellite","Lunch"
"890","8-Nov","Burrito Breakfast",97,"Breakfast","Fall 2024","Carbon Label","Breakfast","Main","Satellite","Breakfast"
"891","8-Nov","Small French Omelet",57,"Breakfast","Fall 2024","Carbon Label","Breakfast","Side","Satellite","Breakfast"
"892","8-Nov","Grand Slam Breakfast",18,"Breakfast","Fall 2024","Carbon Label","Breakfast","Main","Satellite","Breakfast"
"893","8-Nov","Egg Cheese Bacon Breakfast Sandw",25,"Breakfast","Fall 2024","Carbon Label","Breakfast","Main","Satellite","Breakfast"
"894","8-Nov","Egg Cheese Sausage Breakfast San",23,"Breakfast","Fall 2024","Carbon Label","Breakfast","Main","Satellite","Breakfast"
"895","8-Nov","Two Eggs",24,"Breakfast","Fall 2024","Carbon Label","Breakfast","Side","Satellite","Breakfast"
"896","8-Nov","Add Bacon",23,"Breakfast","Fall 2024","Carbon Label","Breakfast","Modification","Satellite","Breakfast"
"897","8-Nov","Pancake Single",5,"Breakfast","Fall 2024","Carbon Label","Breakfast","Side","Satellite","Breakfast"
"898","8-Nov","Trillium Home Fries",4,"Breakfast","Fall 2024","Carbon Label","Breakfast","Side","Satellite","Breakfast"
"899","8-Nov","2 Slices Toast",1,"Breakfast","Fall 2024","Carbon Label","Breakfast","Side","Satellite","Breakfast"
"900","8-Nov","PC Peanut Butter",1,"Breakfast","Fall 2024","Carbon Label","Breakfast","Side","Satellite","Breakfast"
"901","8-Nov","Create Your Pasta Bowl MEAT",92,"Italian","Fall 2024","Carbon Label","Pasta","Main","Satellite","Lunch"
"902","8-Nov","Create Your Pasta Bowl VEG",16,"Italian","Fall 2024","Carbon Label","Pasta","Main","Satellite","Lunch"
"903","8-Nov","Pizza with Toppings",22,"Italian","Fall 2024","Carbon Label","Pizza","Main","Satellite","Lunch"
"904","8-Nov","Pizza Cheese",12,"Italian","Fall 2024","Carbon Label","Pizza","Main","Satellite","Lunch"
"905","8-Nov","Add Extra Meat",12,"Italian","Fall 2024","Carbon Label","Pasta","Modification","Satellite","Lunch"
"906","8-Nov","Side Bread Pasta Station",1,"Italian","Fall 2024","Carbon Label","Pasta","Side","Satellite","Lunch"
"907","8-Nov","Burrito Bowl BYO",71,"Mexican","Fall 2024","Carbon Label","Wrap","Main","Satellite","Lunch"
"908","8-Nov","Side Guacamole",3,"Mexican","Fall 2024","Carbon Label","Wrap","Side","Satellite","Lunch"
"909","8-Nov","Single Taco",1,"Mexican","Fall 2024","Carbon Label","Wrap","Main","Satellite","Lunch"
"910","8-Nov","Salad by the Pound",41,"Salad Bar","Fall 2024","Carbon Label","Salad Bar","Main","Satellite","Lunch"
"911","8-Nov","Add Extra Protein 2.99",1,"Salad Bar","Fall 2024","Carbon Label","Salad Bar","Modification","Satellite","Lunch"
"912","8-Nov","Soup 12 oz",33,"Soup","Fall 2024","Carbon Label","Soup","Main","Satellite","Lunch"
"913","8-Nov","8 oz Soup",29,"Soup","Fall 2024","Carbon Label","Soup","Main","Satellite","Lunch"
"914","8-Nov","Side Potato Tots",20,"Grab N Go","Fall 2024","Carbon Label","Grab N Go","Side","Satellite","Lunch"
"915","11-Nov","Quesadilla Deluxe Trillium",162,"Grill","Fall 2024","Default","Quesadilla","Main","Satellite","Lunch"
"916","11-Nov","Grilled Hamburger",81,"Grill","Fall 2024","Default","Grill","Main","Treatment","Lunch"
"917","11-Nov","Fried Chicken Tenders",86,"Grab N Go","Fall 2024","Default","Grab N Go","Side","Satellite","Lunch"
"918","11-Nov","Burrito Una Mano Trillium BYO",51,"Grill","Fall 2024","Default","Quesadilla","Main","Satellite","Lunch"
"919","11-Nov","French Fries",104,"Grill","Fall 2024","Default","Grill","Side","Treatment","Lunch"
"920","11-Nov","Grilled Chicken Breast Sandwich",16,"Grill","Fall 2024","Default","Grill","Main","Treatment","Lunch"
"921","11-Nov","Quesadilla Cheese",12,"Grill","Fall 2024","Default","Quesadilla","Main","Satellite","Lunch"
"922","11-Nov","Sweet Potato Fries",32,"Grill","Fall 2024","Default","Grill","Side","Treatment","Lunch"
"923","11-Nov","Trillium Grill Impossible Burger",8,"Grill","Fall 2024","Default","Grill","Main","Treatment","Lunch"
"924","11-Nov","Seared Salmon Burger",4,"Grill","Fall 2024","Default","Grill","Main","Treatment","Lunch"
"925","11-Nov","ADD Chicken Breast",8,"Grill","Fall 2024","Default","Grill","Modification","Treatment","Lunch"
"926","11-Nov","Black Bean Burger",3,"Grill","Fall 2024","Default","Grill","Main","Treatment","Lunch"
"927","11-Nov","+ Beef Patty",4,"Grill","Fall 2024","Default","Grill","Modification","Treatment","Lunch"
"928","11-Nov","Add Sausage 2 Patty",3,"Grill","Fall 2024","Default","Grill","Modification","Treatment","Lunch"
"929","11-Nov","Add Egg .99",2,"Grill","Fall 2024","Default","Grill","Modification","Treatment","Lunch"
"930","11-Nov","ADD Cheese",3,"Grill","Fall 2024","Default","Grill","Modification","Treatment","Lunch"
"931","11-Nov","1 Entree + 1 Side",171,"Asian","Fall 2024","Default","Wok","Main","Satellite","Lunch"
"932","11-Nov","1 Entree + 2 Side",79,"Asian","Fall 2024","Default","Wok","Main","Satellite","Lunch"
"933","11-Nov","Bowl Ramen Chicken",69,"Asian","Fall 2024","Default","Ramen","Main","Treatment","Lunch"
"934","11-Nov","2 Entrees + 2 Sides",24,"Asian","Fall 2024","Default","Wok","Main","Satellite","Lunch"
"935","11-Nov","Bowl Ramen Tofu",12,"Asian","Fall 2024","Default","Ramen","Main","Treatment","Lunch"
"936","11-Nov","Side Vegetarian Lo Mein",13,"Asian","Fall 2024","Default","Wok","Side","Satellite","Lunch"
"937","11-Nov","1 Wok Entree",2,"Asian","Fall 2024","Default","Wok","Main","Satellite","Lunch"
"938","11-Nov","Side White or Brown Rice",2,"Asian","Fall 2024","Default","Wok","Side","Satellite","Lunch"
"939","11-Nov","Side Vegetables",1,"Asian","Fall 2024","Default","Wok","Side","Satellite","Lunch"
"940","11-Nov","Side Vegetable Spring Rolls",1,"Asian","Fall 2024","Default","Wok","Side","Satellite","Lunch"
"941","11-Nov","Side Vegetarian Fried Rice with",1,"Asian","Fall 2024","Default","Wok","Side","Satellite","Lunch"
"942","11-Nov","Create Your Pasta Bowl MEAT",119,"Italian","Fall 2024","Default","Pasta","Main","Satellite","Lunch"
"943","11-Nov","Create Your Pasta Bowl VEG",25,"Italian","Fall 2024","Default","Pasta","Main","Satellite","Lunch"
"944","11-Nov","Pizza with Toppings",34,"Italian","Fall 2024","Default","Pizza","Main","Satellite","Lunch"
"945","11-Nov","Pizza Cheese",16,"Italian","Fall 2024","Default","Pizza","Main","Satellite","Lunch"
"946","11-Nov","Add Extra Meat",26,"Italian","Fall 2024","Default","Pasta","Modification","Satellite","Lunch"
"947","11-Nov","Side Bread Pasta Station",1,"Italian","Fall 2024","Default","Pasta","Side","Satellite","Lunch"
"948","11-Nov","Burrito Breakfast",91,"Breakfast","Fall 2024","Default","Breakfast","Main","Satellite","Breakfast"
"949","11-Nov","Small French Omelet",54,"Breakfast","Fall 2024","Default","Breakfast","Side","Satellite","Breakfast"
"950","11-Nov","Grand Slam Breakfast",15,"Breakfast","Fall 2024","Default","Breakfast","Main","Satellite","Breakfast"
"951","11-Nov","Egg Cheese Sausage Breakfast San",20,"Breakfast","Fall 2024","Default","Breakfast","Main","Satellite","Breakfast"
"952","11-Nov","Egg Cheese Bacon Breakfast Sandw",19,"Breakfast","Fall 2024","Default","Breakfast","Main","Satellite","Breakfast"
"953","11-Nov","Add Bacon",28,"Breakfast","Fall 2024","Default","Breakfast","Modification","Satellite","Breakfast"
"954","11-Nov","Two Eggs",18,"Breakfast","Fall 2024","Default","Breakfast","Side","Satellite","Breakfast"
"955","11-Nov","Trillium Home Fries",7,"Breakfast","Fall 2024","Default","Breakfast","Side","Satellite","Breakfast"
"956","11-Nov","Pancake Single",3,"Breakfast","Fall 2024","Default","Breakfast","Side","Satellite","Breakfast"
"957","11-Nov","2 Slices Toast",3,"Breakfast","Fall 2024","Default","Breakfast","Side","Satellite","Breakfast"
"958","11-Nov","PC Peanut Butter",1,"Breakfast","Fall 2024","Default","Breakfast","Side","Satellite","Breakfast"
"959","11-Nov","Burrito Bowl BYO",107,"Mexican","Fall 2024","Default","Wrap","Main","Satellite","Lunch"
"960","11-Nov","Single Taco",3,"Mexican","Fall 2024","Default","Wrap","Main","Satellite","Lunch"
"961","11-Nov","Salad by the Pound",60,"Salad Bar","Fall 2024","Default","Salad Bar","Main","Satellite","Lunch"
"962","11-Nov","Soup 12 oz",49,"Soup","Fall 2024","Default","Soup","Main","Satellite","Lunch"
"963","11-Nov","8 oz Soup",48,"Soup","Fall 2024","Default","Soup","Main","Satellite","Lunch"
"964","11-Nov","Side Potato Tots",22,"Grab N Go","Fall 2024","Default","Grab N Go","Side","Satellite","Lunch"
"965","12-Nov","Quesadilla Deluxe Trillium",166,"Grill","Fall 2024","Default","Quesadilla","Main","Satellite","Lunch"
"966","12-Nov","Grilled Hamburger",89,"Grill","Fall 2024","Default","Grill","Main","Treatment","Lunch"
"967","12-Nov","Fried Chicken Tenders",96,"Grab N Go","Fall 2024","Default","Grab N Go","Side","Satellite","Lunch"
"968","12-Nov","Burrito Una Mano Trillium BYO",61,"Grill","Fall 2024","Default","Quesadilla","Main","Satellite","Lunch"
"969","12-Nov","French Fries",162,"Grill","Fall 2024","Default","Grill","Side","Treatment","Lunch"
"970","12-Nov","Grilled Chicken Breast Sandwich",27,"Grill","Fall 2024","Default","Grill","Main","Treatment","Lunch"
"971","12-Nov","Quesadilla Cheese",11,"Grill","Fall 2024","Default","Quesadilla","Main","Satellite","Lunch"
"972","12-Nov","Trillium Grill Impossible Burger",8,"Grill","Fall 2024","Default","Grill","Main","Treatment","Lunch"
"973","12-Nov","Seared Salmon Burger",7,"Grill","Fall 2024","Default","Grill","Main","Treatment","Lunch"
"974","12-Nov","+ Beef Patty",17,"Grill","Fall 2024","Default","Grill","Modification","Treatment","Lunch"
"975","12-Nov","Black Bean Burger",3,"Grill","Fall 2024","Default","Grill","Main","Treatment","Lunch"
"976","12-Nov","ADD Chicken Breast",5,"Grill","Fall 2024","Default","Grill","Modification","Treatment","Lunch"
"977","12-Nov","ADD Cheese",12,"Grill","Fall 2024","Default","Grill","Modification","Treatment","Lunch"
"978","12-Nov","Add Sausage 2 Patty",3,"Grill","Fall 2024","Default","Grill","Modification","Treatment","Lunch"
"979","12-Nov","Add Egg .99",4,"Grill","Fall 2024","Default","Grill","Modification","Treatment","Lunch"
"980","12-Nov","1 Entree + 1 Side",186,"Asian","Fall 2024","Default","Wok","Main","Satellite","Lunch"
"981","12-Nov","1 Entree + 2 Side",85,"Asian","Fall 2024","Default","Wok","Main","Satellite","Lunch"
"982","12-Nov","Bowl Ramen Chicken",75,"Asian","Fall 2024","Default","Ramen","Main","Treatment","Lunch"
"983","12-Nov","2 Entrees + 2 Sides",32,"Asian","Fall 2024","Default","Wok","Main","Satellite","Lunch"
"984","12-Nov","Bowl Ramen Tofu",19,"Asian","Fall 2024","Default","Ramen","Main","Treatment","Lunch"
"985","12-Nov","1 Wok Entree",10,"Asian","Fall 2024","Default","Wok","Main","Satellite","Lunch"
"986","12-Nov","Side Vegetarian Lo Mein",15,"Asian","Fall 2024","Default","Wok","Side","Satellite","Lunch"
"987","12-Nov","Side White or Brown Rice",14,"Asian","Fall 2024","Default","Wok","Side","Satellite","Lunch"
"988","12-Nov","Bowl Ramen Chicken",1,"Asian","Fall 2024","Default","Ramen","Main","Treatment","Lunch"
"989","12-Nov","Side Vegetables",2,"Asian","Fall 2024","Default","Wok","Side","Satellite","Lunch"
"990","12-Nov","Side Vegetable Spring Rolls",2,"Asian","Fall 2024","Default","Wok","Side","Satellite","Lunch"
"991","12-Nov","Burrito Breakfast",84,"Breakfast","Fall 2024","Default","Breakfast","Main","Satellite","Breakfast"
"992","12-Nov","Small French Omelet",55,"Breakfast","Fall 2024","Default","Breakfast","Side","Satellite","Breakfast"
"993","12-Nov","Grand Slam Breakfast",23,"Breakfast","Fall 2024","Default","Breakfast","Main","Satellite","Breakfast"
"994","12-Nov","Egg Cheese Sausage Breakfast San",36,"Breakfast","Fall 2024","Default","Breakfast","Main","Satellite","Breakfast"
"995","12-Nov","Egg Cheese Bacon Breakfast Sandw",27,"Breakfast","Fall 2024","Default","Breakfast","Main","Satellite","Breakfast"
"996","12-Nov","Add Bacon",26,"Breakfast","Fall 2024","Default","Breakfast","Modification","Satellite","Breakfast"
"997","12-Nov","Two Eggs",26,"Breakfast","Fall 2024","Default","Breakfast","Side","Satellite","Breakfast"
"998","12-Nov","Trillium Home Fries",7,"Breakfast","Fall 2024","Default","Breakfast","Side","Satellite","Breakfast"
"999","12-Nov","Pancake Single",4,"Breakfast","Fall 2024","Default","Breakfast","Side","Satellite","Breakfast"
"1000","12-Nov","Toast",3,"Breakfast","Fall 2024","Default","Breakfast","Side","Satellite","Breakfast"
"1001","12-Nov","Create Your Pasta Bowl MEAT",112,"Italian","Fall 2024","Default","Pasta","Main","Satellite","Lunch"
"1002","12-Nov","Pizza with Toppings",33,"Italian","Fall 2024","Default","Pizza","Main","Satellite","Lunch"
"1003","12-Nov","Create Your Pasta Bowl VEG",20,"Italian","Fall 2024","Default","Pasta","Main","Satellite","Lunch"
"1004","12-Nov","Pizza Cheese",19,"Italian","Fall 2024","Default","Pizza","Main","Satellite","Lunch"
"1005","12-Nov","Add Extra Meat",14,"Italian","Fall 2024","Default","Pasta","Modification","Satellite","Lunch"
"1006","12-Nov","Burrito Bowl BYO",93,"Mexican","Fall 2024","Default","Wrap","Main","Satellite","Lunch"
"1007","12-Nov","Single Taco",6,"Mexican","Fall 2024","Default","Wrap","Main","Satellite","Lunch"
"1008","12-Nov","Side Guacamole",1,"Mexican","Fall 2024","Default","Wrap","Side","Satellite","Lunch"
"1009","12-Nov","Add Extra Toppings Una Mano",1,"Mexican","Fall 2024","Default","Wrap","Modification","Satellite","Lunch"
"1010","12-Nov","Salad by the Pound",56,"Salad Bar","Fall 2024","Default","Salad Bar","Main","Satellite","Lunch"
"1011","12-Nov","Add Extra Protein 2.99",3,"Salad Bar","Fall 2024","Default","Salad Bar","Modification","Satellite","Lunch"
"1012","12-Nov","8 oz Soup",59,"Soup","Fall 2024","Default","Soup","Main","Satellite","Lunch"
"1013","12-Nov","Soup 12 oz",40,"Soup","Fall 2024","Default","Soup","Main","Satellite","Lunch"
"1014","12-Nov","Side Potato Tots",23,"Grab N Go","Fall 2024","Default","Grab N Go","Side","Satellite","Lunch"
"1015","13-Nov","Quesadilla Deluxe Trillium",155,"Grill","Fall 2024","Default","Quesadilla","Main","Satellite","Lunch"
"1016","13-Nov","Grilled Hamburger",107,"Grill","Fall 2024","Default","Grill","Main","Treatment","Lunch"
"1017","13-Nov","Fried Chicken Tenders",101,"Grab N Go","Fall 2024","Default","Grab N Go","Side","Satellite","Lunch"
"1018","13-Nov","Burrito Una Mano Trillium BYO",66,"Grill","Fall 2024","Default","Quesadilla","Main","Satellite","Lunch"
"1019","13-Nov","French Fries",169,"Grill","Fall 2024","Default","Grill","Side","Treatment","Lunch"
"1020","13-Nov","Grilled Chicken Breast Sandwich",15,"Grill","Fall 2024","Default","Grill","Main","Treatment","Lunch"
"1021","13-Nov","Quesadilla Cheese",13,"Grill","Fall 2024","Default","Quesadilla","Main","Satellite","Lunch"
"1022","13-Nov","Seared Salmon Burger",9,"Grill","Fall 2024","Default","Grill","Main","Treatment","Lunch"
"1023","13-Nov","Trillium Grill Impossible Burger",6,"Grill","Fall 2024","Default","Grill","Main","Treatment","Lunch"
"1024","13-Nov","+ Beef Patty",13,"Grill","Fall 2024","Default","Grill","Modification","Treatment","Lunch"
"1025","13-Nov","ADD Chicken Breast",7,"Grill","Fall 2024","Default","Grill","Modification","Treatment","Lunch"
"1026","13-Nov","Black Bean Burger",2,"Grill","Fall 2024","Default","Grill","Main","Treatment","Lunch"
"1027","13-Nov","ADD Cheese",4,"Grill","Fall 2024","Default","Grill","Modification","Treatment","Lunch"
"1028","13-Nov","Add Sausage 2 Patty",1,"Grill","Fall 2024","Default","Grill","Modification","Treatment","Lunch"
"1029","13-Nov","Add Egg .99",2,"Grill","Fall 2024","Default","Grill","Modification","Treatment","Lunch"
"1030","13-Nov","1 Entree + 1 Side",201,"Asian","Fall 2024","Default","Wok","Main","Satellite","Lunch"
"1031","13-Nov","1 Entree + 2 Side",89,"Asian","Fall 2024","Default","Wok","Main","Satellite","Lunch"
"1032","13-Nov","Bowl Ramen Chicken",74,"Asian","Fall 2024","Default","Ramen","Main","Treatment","Lunch"
"1033","13-Nov","2 Entrees + 2 Sides",18,"Asian","Fall 2024","Default","Wok","Main","Satellite","Lunch"
"1034","13-Nov","Bowl Ramen Tofu",17,"Asian","Fall 2024","Default","Ramen","Main","Treatment","Lunch"
"1035","13-Nov","1 Wok Entree",5,"Asian","Fall 2024","Default","Wok","Main","Satellite","Lunch"
"1036","13-Nov","Side Vegetarian Lo Mein",7,"Asian","Fall 2024","Default","Wok","Side","Satellite","Lunch"
"1037","13-Nov","Side Vegetables",2,"Asian","Fall 2024","Default","Wok","Side","Satellite","Lunch"
"1038","13-Nov","Side Vegetable Spring Rolls",2,"Asian","Fall 2024","Default","Wok","Side","Satellite","Lunch"
"1039","13-Nov","Side White or Brown Rice",3,"Asian","Fall 2024","Default","Wok","Side","Satellite","Lunch"
"1040","13-Nov","Side Fried Spring Roll",1,"Asian","Fall 2024","Default","Wok","Side","Satellite","Lunch"
"1041","13-Nov","Create Your Pasta Bowl MEAT",113,"Italian","Fall 2024","Default","Pasta","Main","Satellite","Lunch"
"1042","13-Nov","Create Your Pasta Bowl VEG",26,"Italian","Fall 2024","Default","Pasta","Main","Satellite","Lunch"
"1043","13-Nov","Pizza with Toppings",38,"Italian","Fall 2024","Default","Pizza","Main","Satellite","Lunch"
"1044","13-Nov","Pizza Cheese",19,"Italian","Fall 2024","Default","Pizza","Main","Satellite","Lunch"
"1045","13-Nov","Add Extra Meat",22,"Italian","Fall 2024","Default","Pasta","Modification","Satellite","Lunch"
"1046","13-Nov","Side Bread Pasta Station",2,"Italian","Fall 2024","Default","Pasta","Side","Satellite","Lunch"
"1047","13-Nov","Burrito Breakfast",79,"Breakfast","Fall 2024","Default","Breakfast","Main","Satellite","Breakfast"
"1048","13-Nov","Small French Omelet",54,"Breakfast","Fall 2024","Default","Breakfast","Side","Satellite","Breakfast"
"1049","13-Nov","Grand Slam Breakfast",23,"Breakfast","Fall 2024","Default","Breakfast","Main","Satellite","Breakfast"
"1050","13-Nov","Egg Cheese Sausage Breakfast San",31,"Breakfast","Fall 2024","Default","Breakfast","Main","Satellite","Breakfast"
"1051","13-Nov","Egg Cheese Bacon Breakfast Sandw",23,"Breakfast","Fall 2024","Default","Breakfast","Main","Satellite","Breakfast"
"1052","13-Nov","Add Bacon",26,"Breakfast","Fall 2024","Default","Breakfast","Modification","Satellite","Breakfast"
"1053","13-Nov","Two Eggs",9,"Breakfast","Fall 2024","Default","Breakfast","Side","Satellite","Breakfast"
"1054","13-Nov","Trillium Home Fries",1,"Breakfast","Fall 2024","Default","Breakfast","Side","Satellite","Breakfast"
"1055","13-Nov","2 Slices Toast",2,"Breakfast","Fall 2024","Default","Breakfast","Side","Satellite","Breakfast"
"1056","13-Nov","Toast",2,"Breakfast","Fall 2024","Default","Breakfast","Side","Satellite","Breakfast"
"1057","13-Nov","Burrito Bowl BYO",106,"Mexican","Fall 2024","Default","Wrap","Main","Satellite","Lunch"
"1058","13-Nov","Single Taco",13,"Mexican","Fall 2024","Default","Wrap","Main","Satellite","Lunch"
"1059","13-Nov","Salad by the Pound",69,"Salad Bar","Fall 2024","Default","Salad Bar","Main","Satellite","Lunch"
"1060","13-Nov","Add Extra Protein 2.99",1,"Salad Bar","Fall 2024","Default","Salad Bar","Modification","Satellite","Lunch"
"1061","13-Nov","Soup 12 oz",45,"Soup","Fall 2024","Default","Soup","Main","Satellite","Lunch"
"1062","13-Nov","8 oz Soup",43,"Soup","Fall 2024","Default","Soup","Main","Satellite","Lunch"
"1063","13-Nov","Side Potato Tots",17,"Grab N Go","Fall 2024","Default","Grab N Go","Side","Satellite","Lunch"
"1064","14-Nov","Quesadilla Deluxe Trillium",178,"Grill","Fall 2024","Default","Quesadilla","Main","Satellite","Lunch"
"1065","14-Nov","Grilled Hamburger",99,"Grill","Fall 2024","Default","Grill","Main","Treatment","Lunch"
"1066","14-Nov","Fried Chicken Tenders",108,"Grab N Go","Fall 2024","Default","Grab N Go","Side","Satellite","Lunch"
"1067","14-Nov","Burrito Una Mano Trillium BYO",59,"Grill","Fall 2024","Default","Quesadilla","Main","Satellite","Lunch"
"1068","14-Nov","French Fries",175,"Grill","Fall 2024","Default","Grill","Side","Treatment","Lunch"
"1069","14-Nov","Grilled Chicken Breast Sandwich",20,"Grill","Fall 2024","Default","Grill","Main","Treatment","Lunch"
"1070","14-Nov","Trillium Grill Impossible Burger",15,"Grill","Fall 2024","Default","Grill","Main","Treatment","Lunch"
"1071","14-Nov","Quesadilla Cheese",12,"Grill","Fall 2024","Default","Quesadilla","Main","Satellite","Lunch"
"1072","14-Nov","Seared Salmon Burger",8,"Grill","Fall 2024","Default","Grill","Main","Treatment","Lunch"
"1073","14-Nov","+ Beef Patty",10,"Grill","Fall 2024","Default","Grill","Modification","Treatment","Lunch"
"1074","14-Nov","Black Bean Burger",3,"Grill","Fall 2024","Default","Grill","Main","Treatment","Lunch"
"1075","14-Nov","ADD Chicken Breast",5,"Grill","Fall 2024","Default","Grill","Modification","Treatment","Lunch"
"1076","14-Nov","ADD Cheese",12,"Grill","Fall 2024","Default","Grill","Modification","Treatment","Lunch"
"1077","14-Nov","Sweet Potato Fries",1,"Grill","Fall 2024","Default","Grill","Side","Treatment","Lunch"
"1078","14-Nov","Add Egg .99",1,"Grill","Fall 2024","Default","Grill","Modification","Treatment","Lunch"
"1079","14-Nov","1 Entree + 1 Side",175,"Asian","Fall 2024","Default","Wok","Main","Satellite","Lunch"
"1080","14-Nov","1 Entree + 2 Side",84,"Asian","Fall 2024","Default","Wok","Main","Satellite","Lunch"
"1081","14-Nov","Bowl Ramen Chicken",78,"Asian","Fall 2024","Default","Ramen","Main","Treatment","Lunch"
"1082","14-Nov","2 Entrees + 2 Sides",33,"Asian","Fall 2024","Default","Wok","Main","Satellite","Lunch"
"1083","14-Nov","Bowl Ramen Tofu",21,"Asian","Fall 2024","Default","Ramen","Main","Treatment","Lunch"
"1084","14-Nov","Side Vegetarian Lo Mein",11,"Asian","Fall 2024","Default","Wok","Side","Satellite","Lunch"
"1085","14-Nov","1 Wok Entree",4,"Asian","Fall 2024","Default","Wok","Main","Satellite","Lunch"
"1086","14-Nov","Side White or Brown Rice",8,"Asian","Fall 2024","Default","Wok","Side","Satellite","Lunch"
"1087","14-Nov","Side Fried Spring Roll",2,"Asian","Fall 2024","Default","Wok","Side","Satellite","Lunch"
"1088","14-Nov","Side Vegetarian Fried Rice with",1,"Asian","Fall 2024","Default","Wok","Side","Satellite","Lunch"
"1089","14-Nov","Burrito Breakfast",82,"Breakfast","Fall 2024","Default","Breakfast","Main","Satellite","Breakfast"
"1090","14-Nov","Small French Omelet",56,"Breakfast","Fall 2024","Default","Breakfast","Side","Satellite","Breakfast"
"1091","14-Nov","Grand Slam Breakfast",18,"Breakfast","Fall 2024","Default","Breakfast","Main","Satellite","Breakfast"
"1092","14-Nov","Egg Cheese Sausage Breakfast San",26,"Breakfast","Fall 2024","Default","Breakfast","Main","Satellite","Breakfast"
"1093","14-Nov","Egg Cheese Bacon Breakfast Sandw",19,"Breakfast","Fall 2024","Default","Breakfast","Main","Satellite","Breakfast"
"1094","14-Nov","Add Bacon",33,"Breakfast","Fall 2024","Default","Breakfast","Modification","Satellite","Breakfast"
"1095","14-Nov","Two Eggs",18,"Breakfast","Fall 2024","Default","Breakfast","Side","Satellite","Breakfast"
"1096","14-Nov","Pancake Single",5,"Breakfast","Fall 2024","Default","Breakfast","Side","Satellite","Breakfast"
"1097","14-Nov","Trillium Home Fries",4,"Breakfast","Fall 2024","Default","Breakfast","Side","Satellite","Breakfast"
"1098","14-Nov","2 Slices Toast",3,"Breakfast","Fall 2024","Default","Breakfast","Side","Satellite","Breakfast"
"1099","14-Nov","Create Your Pasta Bowl MEAT",103,"Italian","Fall 2024","Default","Pasta","Main","Satellite","Lunch"
"1100","14-Nov","Create Your Pasta Bowl VEG",31,"Italian","Fall 2024","Default","Pasta","Main","Satellite","Lunch"
"1101","14-Nov","Pizza with Toppings",38,"Italian","Fall 2024","Default","Pizza","Main","Satellite","Lunch"
"1102","14-Nov","Pizza Cheese",22,"Italian","Fall 2024","Default","Pizza","Main","Satellite","Lunch"
"1103","14-Nov","Add Extra Meat",16,"Italian","Fall 2024","Default","Pasta","Modification","Satellite","Lunch"
"1104","14-Nov","Burrito Bowl BYO",86,"Mexican","Fall 2024","Default","Wrap","Main","Satellite","Lunch"
"1105","14-Nov","Single Taco",5,"Mexican","Fall 2024","Default","Wrap","Main","Satellite","Lunch"
"1106","14-Nov","Side Guacamole",3,"Mexican","Fall 2024","Default","Wrap","Side","Satellite","Lunch"
"1107","14-Nov","Side Salsa",1,"Mexican","Fall 2024","Default","Wrap","Side","Satellite","Lunch"
"1108","14-Nov","Salad by the Pound",63,"Salad Bar","Fall 2024","Default","Salad Bar","Main","Satellite","Lunch"
"1109","14-Nov","Add Extra Protein 2.99",4,"Salad Bar","Fall 2024","Default","Salad Bar","Modification","Satellite","Lunch"
"1110","14-Nov","8 oz Soup",43,"Soup","Fall 2024","Default","Soup","Main","Satellite","Lunch"
"1111","14-Nov","Soup 12 oz",37,"Soup","Fall 2024","Default","Soup","Main","Satellite","Lunch"
"1112","14-Nov","Side Potato Tots",23,"Grab N Go","Fall 2024","Default","Grab N Go","Side","Satellite","Lunch"
"1113","15-Nov","Quesadilla Deluxe Trillium",125,"Grill","Fall 2024","Default","Quesadilla","Main","Satellite","Lunch"
"1114","15-Nov","Grilled Hamburger",72,"Grill","Fall 2024","Default","Grill","Main","Treatment","Lunch"
"1115","15-Nov","Burrito Una Mano Trillium BYO",43,"Grill","Fall 2024","Default","Quesadilla","Main","Satellite","Lunch"
"1116","15-Nov","Fried Chicken Tenders",47,"Grab N Go","Fall 2024","Default","Grab N Go","Side","Satellite","Lunch"
"1117","15-Nov","French Fries",92,"Grill","Fall 2024","Default","Grill","Side","Treatment","Lunch"
"1118","15-Nov","Quesadilla Cheese",11,"Grill","Fall 2024","Default","Quesadilla","Main","Satellite","Lunch"
"1119","15-Nov","Trillium Grill Impossible Burger",7,"Grill","Fall 2024","Default","Grill","Main","Treatment","Lunch"
"1120","15-Nov","Grilled Chicken Breast Sandwich",7,"Grill","Fall 2024","Default","Grill","Main","Treatment","Lunch"
"1121","15-Nov","Black Bean Burger",4,"Grill","Fall 2024","Default","Grill","Main","Treatment","Lunch"
"1122","15-Nov","Seared Salmon Burger",4,"Grill","Fall 2024","Default","Grill","Main","Treatment","Lunch"
"1123","15-Nov","+ Beef Patty",8,"Grill","Fall 2024","Default","Grill","Modification","Treatment","Lunch"
"1124","15-Nov","ADD Chicken Breast",4,"Grill","Fall 2024","Default","Grill","Modification","Treatment","Lunch"
"1125","15-Nov","ADD Burger Salmon Grilled",3,"Grill","Fall 2024","Default","Grill","Modification","Treatment","Lunch"
"1126","15-Nov","ADD Cheese",6,"Grill","Fall 2024","Default","Grill","Modification","Treatment","Lunch"
"1127","15-Nov","Add Egg .99",2,"Grill","Fall 2024","Default","Grill","Modification","Treatment","Lunch"
"1128","15-Nov","1 Entree + 1 Side",94,"Asian","Fall 2024","Default","Wok","Main","Satellite","Lunch"
"1129","15-Nov","1 Entree + 2 Side",64,"Asian","Fall 2024","Default","Wok","Main","Satellite","Lunch"
"1130","15-Nov","Bowl Ramen Chicken",59,"Asian","Fall 2024","Default","Ramen","Main","Treatment","Lunch"
"1131","15-Nov","2 Entrees + 2 Sides",18,"Asian","Fall 2024","Default","Wok","Main","Satellite","Lunch"
"1132","15-Nov","Bowl Ramen Tofu",17,"Asian","Fall 2024","Default","Ramen","Main","Treatment","Lunch"
"1133","15-Nov","Side Vegetarian Lo Mein",6,"Asian","Fall 2024","Default","Wok","Side","Satellite","Lunch"
"1134","15-Nov","1 Wok Entree",3,"Asian","Fall 2024","Default","Wok","Main","Satellite","Lunch"
"1135","15-Nov","Side Vegetarian Fried Rice with",4,"Asian","Fall 2024","Default","Wok","Side","Satellite","Lunch"
"1136","15-Nov","Side White or Brown Rice",6,"Asian","Fall 2024","Default","Wok","Side","Satellite","Lunch"
"1137","15-Nov","Side Vegetables",3,"Asian","Fall 2024","Default","Wok","Side","Satellite","Lunch"
"1138","15-Nov","Side Vegetable Spring Rolls",2,"Asian","Fall 2024","Default","Wok","Side","Satellite","Lunch"
"1139","15-Nov","Burrito Breakfast",81,"Breakfast","Fall 2024","Default","Breakfast","Main","Satellite","Breakfast"
"1140","15-Nov","Small French Omelet",39,"Breakfast","Fall 2024","Default","Breakfast","Side","Satellite","Breakfast"
"1141","15-Nov","Grand Slam Breakfast",20,"Breakfast","Fall 2024","Default","Breakfast","Main","Satellite","Breakfast"
"1142","15-Nov","Egg Cheese Sausage Breakfast San",28,"Breakfast","Fall 2024","Default","Breakfast","Main","Satellite","Breakfast"
"1143","15-Nov","Egg Cheese Bacon Breakfast Sandw",19,"Breakfast","Fall 2024","Default","Breakfast","Main","Satellite","Breakfast"
"1144","15-Nov","Add Bacon",17,"Breakfast","Fall 2024","Default","Breakfast","Modification","Satellite","Breakfast"
"1145","15-Nov","Two Eggs",7,"Breakfast","Fall 2024","Default","Breakfast","Side","Satellite","Breakfast"
"1146","15-Nov","Trillium Home Fries",4,"Breakfast","Fall 2024","Default","Breakfast","Side","Satellite","Breakfast"
"1147","15-Nov","Toast",1,"Breakfast","Fall 2024","Default","Breakfast","Side","Satellite","Breakfast"
"1148","15-Nov","PC Peanut Butter",1,"Breakfast","Fall 2024","Default","Breakfast","Side","Satellite","Breakfast"
"1149","15-Nov","Create Your Pasta Bowl MEAT",79,"Italian","Fall 2024","Default","Pasta","Main","Satellite","Lunch"
"1150","15-Nov","Pizza with Toppings",23,"Italian","Fall 2024","Default","Pizza","Main","Satellite","Lunch"
"1151","15-Nov","Create Your Pasta Bowl VEG",15,"Italian","Fall 2024","Default","Pasta","Main","Satellite","Lunch"
"1152","15-Nov","Pizza Cheese",12,"Italian","Fall 2024","Default","Pizza","Main","Satellite","Lunch"
"1153","15-Nov","Add Extra Meat",19,"Italian","Fall 2024","Default","Pasta","Modification","Satellite","Lunch"
"1154","15-Nov","Side Bread Pasta Station",1,"Italian","Fall 2024","Default","Pasta","Side","Satellite","Lunch"
"1155","15-Nov","Burrito Bowl BYO",56,"Mexican","Fall 2024","Default","Wrap","Main","Satellite","Lunch"
"1156","15-Nov","Single Taco",7,"Mexican","Fall 2024","Default","Wrap","Main","Satellite","Lunch"
"1157","15-Nov","Side Sour Cream",1,"Mexican","Fall 2024","Default","Wrap","Side","Satellite","Lunch"
"1158","15-Nov","Salad by the Pound",39,"Salad Bar","Fall 2024","Default","Salad Bar","Main","Satellite","Lunch"
"1159","15-Nov","Soup 12 oz",27,"Soup","Fall 2024","Default","Soup","Main","Satellite","Lunch"
"1160","15-Nov","8 oz Soup",28,"Soup","Fall 2024","Default","Soup","Main","Satellite","Lunch"
"1161","15-Nov","Side Potato Tots",23,"Grab N Go","Fall 2024","Default","Grab N Go","Side","Satellite","Lunch"
"1162","18-Nov","Quesadilla Deluxe Trillium",155,"Grill","Fall 2024","Default","Quesadilla","Main","Satellite","Lunch"
"1163","18-Nov","Grilled Hamburger",82,"Grill","Fall 2024","Default","Grill","Main","Treatment","Lunch"
"1164","18-Nov","Fried Chicken Tenders",84,"Grab N Go","Fall 2024","Default","Grab N Go","Side","Satellite","Lunch"
"1165","18-Nov","Burrito Una Mano Trillium BYO",54,"Grill","Fall 2024","Default","Quesadilla","Main","Satellite","Lunch"
"1166","18-Nov","French Fries",135,"Grill","Fall 2024","Default","Grill","Side","Treatment","Lunch"
"1167","18-Nov","Grilled Chicken Breast Sandwich",15,"Grill","Fall 2024","Default","Grill","Main","Treatment","Lunch"
"1168","18-Nov","Trillium Grill Impossible Burger",12,"Grill","Fall 2024","Default","Grill","Main","Treatment","Lunch"
"1169","18-Nov","Seared Salmon Burger",14,"Grill","Fall 2024","Default","Grill","Main","Treatment","Lunch"
"1170","18-Nov","Black Bean Burger",7,"Grill","Fall 2024","Default","Grill","Main","Treatment","Lunch"
"1171","18-Nov","+ Beef Patty",16,"Grill","Fall 2024","Default","Grill","Modification","Treatment","Lunch"
"1172","18-Nov","Quesadilla Cheese",5,"Grill","Fall 2024","Default","Quesadilla","Main","Satellite","Lunch"
"1173","18-Nov","ADD Chicken Breast",6,"Grill","Fall 2024","Default","Grill","Modification","Treatment","Lunch"
"1174","18-Nov","Add Sausage 2 Patty",4,"Grill","Fall 2024","Default","Grill","Modification","Treatment","Lunch"
"1175","18-Nov","ADD Cheese",11,"Grill","Fall 2024","Default","Grill","Modification","Treatment","Lunch"
"1176","18-Nov","Add Egg .99",2,"Grill","Fall 2024","Default","Grill","Modification","Treatment","Lunch"
"1177","18-Nov","1 Entree + 1 Side",168,"Asian","Fall 2024","Default","Wok","Main","Satellite","Lunch"
"1178","18-Nov","1 Entree + 2 Side",76,"Asian","Fall 2024","Default","Wok","Main","Satellite","Lunch"
"1179","18-Nov","Bowl Ramen Chicken",66,"Asian","Fall 2024","Default","Ramen","Main","Treatment","Lunch"
"1180","18-Nov","2 Entrees + 2 Sides",22,"Asian","Fall 2024","Default","Wok","Main","Satellite","Lunch"
"1181","18-Nov","Bowl Ramen Tofu",11,"Asian","Fall 2024","Default","Ramen","Main","Treatment","Lunch"
"1182","18-Nov","1 Wok Entree",5,"Asian","Fall 2024","Default","Wok","Main","Satellite","Lunch"
"1183","18-Nov","Side Vegetarian Lo Mein",6,"Asian","Fall 2024","Default","Wok","Side","Satellite","Lunch"
"1184","18-Nov","Side White or Brown Rice",4,"Asian","Fall 2024","Default","Wok","Side","Satellite","Lunch"
"1185","18-Nov","Side Vegetable Spring Rolls",2,"Asian","Fall 2024","Default","Wok","Side","Satellite","Lunch"
"1186","18-Nov","Side Vegetarian Fried Rice with",2,"Asian","Fall 2024","Default","Wok","Side","Satellite","Lunch"
"1187","18-Nov","Create Your Pasta Bowl MEAT",116,"Italian","Fall 2024","Default","Pasta","Main","Satellite","Lunch"
"1188","18-Nov","Create Your Pasta Bowl VEG",30,"Italian","Fall 2024","Default","Pasta","Main","Satellite","Lunch"
"1189","18-Nov","Pizza with Toppings",35,"Italian","Fall 2024","Default","Pizza","Main","Satellite","Lunch"
"1190","18-Nov","Pizza Cheese",21,"Italian","Fall 2024","Default","Pizza","Main","Satellite","Lunch"
"1191","18-Nov","Add Extra Meat",18,"Italian","Fall 2024","Default","Pasta","Modification","Satellite","Lunch"
"1192","18-Nov","Burrito Breakfast",99,"Breakfast","Fall 2024","Default","Breakfast","Main","Satellite","Breakfast"
"1193","18-Nov","Small French Omelet",62,"Breakfast","Fall 2024","Default","Breakfast","Side","Satellite","Breakfast"
"1194","18-Nov","Egg Cheese Sausage Breakfast San",25,"Breakfast","Fall 2024","Default","Breakfast","Main","Satellite","Breakfast"
"1195","18-Nov","Egg Cheese Bacon Breakfast Sandw",19,"Breakfast","Fall 2024","Default","Breakfast","Main","Satellite","Breakfast"
"1196","18-Nov","Grand Slam Breakfast",10,"Breakfast","Fall 2024","Default","Breakfast","Main","Satellite","Breakfast"
"1197","18-Nov","Add Bacon",28,"Breakfast","Fall 2024","Default","Breakfast","Modification","Satellite","Breakfast"
"1198","18-Nov","Two Eggs",14,"Breakfast","Fall 2024","Default","Breakfast","Side","Satellite","Breakfast"
"1199","18-Nov","Trillium Home Fries",3,"Breakfast","Fall 2024","Default","Breakfast","Side","Satellite","Breakfast"
"1200","18-Nov","Pancake Single",3,"Breakfast","Fall 2024","Default","Breakfast","Side","Satellite","Breakfast"
"1201","18-Nov","2 Slices Toast",1,"Breakfast","Fall 2024","Default","Breakfast","Side","Satellite","Breakfast"
"1202","18-Nov","Toast",1,"Breakfast","Fall 2024","Default","Breakfast","Side","Satellite","Breakfast"
"1203","18-Nov","PC Peanut Butter",1,"Breakfast","Fall 2024","Default","Breakfast","Side","Satellite","Breakfast"
"1204","18-Nov","Burrito Bowl BYO",109,"Mexican","Fall 2024","Default","Wrap","Main","Satellite","Lunch"
"1205","18-Nov","Single Taco",6,"Mexican","Fall 2024","Default","Wrap","Main","Satellite","Lunch"
"1206","18-Nov","Side Guacamole",1,"Mexican","Fall 2024","Default","Wrap","Side","Satellite","Lunch"
"1207","18-Nov","Side Sour Cream",1,"Mexican","Fall 2024","Default","Wrap","Side","Satellite","Lunch"
"1208","18-Nov","Salad by the Pound",55,"Salad Bar","Fall 2024","Default","Salad Bar","Main","Satellite","Lunch"
"1209","18-Nov","Soup 12 oz",49,"Soup","Fall 2024","Default","Soup","Main","Satellite","Lunch"
"1210","18-Nov","8 oz Soup",39,"Soup","Fall 2024","Default","Soup","Main","Satellite","Lunch"
"1211","18-Nov","Side Potato Tots",16,"Grab N Go","Fall 2024","Default","Grab N Go","Side","Satellite","Lunch"
"1212","19-Nov","Quesadilla Deluxe Trillium",189,"Grill","Fall 2024","Default","Quesadilla","Main","Satellite","Lunch"
"1213","19-Nov","Grilled Hamburger",122,"Grill","Fall 2024","Default","Grill","Main","Treatment","Lunch"
"1214","19-Nov","Fried Chicken Tenders",99,"Grab N Go","Fall 2024","Default","Grab N Go","Side","Satellite","Lunch"
"1215","19-Nov","Burrito Una Mano Trillium BYO",69,"Grill","Fall 2024","Default","Quesadilla","Main","Satellite","Lunch"
"1216","19-Nov","French Fries",143,"Grill","Fall 2024","Default","Grill","Side","Treatment","Lunch"
"1217","19-Nov","Grilled Chicken Breast Sandwich",26,"Grill","Fall 2024","Default","Grill","Main","Treatment","Lunch"
"1218","19-Nov","Quesadilla Cheese",22,"Grill","Fall 2024","Default","Quesadilla","Main","Satellite","Lunch"
"1219","19-Nov","Trillium Grill Impossible Burger",10,"Grill","Fall 2024","Default","Grill","Main","Treatment","Lunch"
"1220","19-Nov","Sweet Potato Fries",31,"Grill","Fall 2024","Default","Grill","Side","Treatment","Lunch"
"1221","19-Nov","Seared Salmon Burger",6,"Grill","Fall 2024","Default","Grill","Main","Treatment","Lunch"
"1222","19-Nov","Black Bean Burger",3,"Grill","Fall 2024","Default","Grill","Main","Treatment","Lunch"
"1223","19-Nov","ADD Chicken Breast",7,"Grill","Fall 2024","Default","Grill","Modification","Treatment","Lunch"
"1224","19-Nov","+ Beef Patty",7,"Grill","Fall 2024","Default","Grill","Modification","Treatment","Lunch"
"1225","19-Nov","Add Egg .99",5,"Grill","Fall 2024","Default","Grill","Modification","Treatment","Lunch"
"1226","19-Nov","ADD Burger Salmon Grilled",1,"Grill","Fall 2024","Default","Grill","Modification","Treatment","Lunch"
"1227","19-Nov","ADD Cheese",5,"Grill","Fall 2024","Default","Grill","Modification","Treatment","Lunch"
"1228","19-Nov","1 Entree + 1 Side",185,"Asian","Fall 2024","Default","Wok","Main","Satellite","Lunch"
"1229","19-Nov","1 Entree + 2 Side",92,"Asian","Fall 2024","Default","Wok","Main","Satellite","Lunch"
"1230","19-Nov","Bowl Ramen Chicken",70,"Asian","Fall 2024","Default","Ramen","Main","Treatment","Lunch"
"1231","19-Nov","2 Entrees + 2 Sides",33,"Asian","Fall 2024","Default","Wok","Main","Satellite","Lunch"
"1232","19-Nov","Bowl Ramen Tofu",28,"Asian","Fall 2024","Default","Ramen","Main","Treatment","Lunch"
"1233","19-Nov","Side Vegetarian Lo Mein",16,"Asian","Fall 2024","Default","Wok","Side","Satellite","Lunch"
"1234","19-Nov","1 Wok Entree",7,"Asian","Fall 2024","Default","Wok","Main","Satellite","Lunch"
"1235","19-Nov","Side White or Brown Rice",12,"Asian","Fall 2024","Default","Wok","Side","Satellite","Lunch"
"1236","19-Nov","Side Vegetable Spring Rolls",2,"Asian","Fall 2024","Default","Wok","Side","Satellite","Lunch"
"1237","19-Nov","Side Vegetarian Fried Rice with",2,"Asian","Fall 2024","Default","Wok","Side","Satellite","Lunch"
"1238","19-Nov","Create Your Pasta Bowl MEAT",115,"Italian","Fall 2024","Default","Pasta","Main","Satellite","Lunch"
"1239","19-Nov","Create Your Pasta Bowl VEG",28,"Italian","Fall 2024","Default","Pasta","Main","Satellite","Lunch"
"1240","19-Nov","Pizza with Toppings",38,"Italian","Fall 2024","Default","Pizza","Main","Satellite","Lunch"
"1241","19-Nov","Pizza Cheese",22,"Italian","Fall 2024","Default","Pizza","Main","Satellite","Lunch"
"1242","19-Nov","Add Extra Meat",18,"Italian","Fall 2024","Default","Pasta","Modification","Satellite","Lunch"
"1243","19-Nov","Burrito Breakfast",95,"Breakfast","Fall 2024","Default","Breakfast","Main","Satellite","Breakfast"
"1244","19-Nov","Small French Omelet",47,"Breakfast","Fall 2024","Default","Breakfast","Side","Satellite","Breakfast"
"1245","19-Nov","Egg Cheese Sausage Breakfast San",30,"Breakfast","Fall 2024","Default","Breakfast","Main","Satellite","Breakfast"
"1246","19-Nov","Egg Cheese Bacon Breakfast Sandw",23,"Breakfast","Fall 2024","Default","Breakfast","Main","Satellite","Breakfast"
"1247","19-Nov","Grand Slam Breakfast",12,"Breakfast","Fall 2024","Default","Breakfast","Main","Satellite","Breakfast"
"1248","19-Nov","Add Bacon",28,"Breakfast","Fall 2024","Default","Breakfast","Modification","Satellite","Breakfast"
"1249","19-Nov","Two Eggs",14,"Breakfast","Fall 2024","Default","Breakfast","Side","Satellite","Breakfast"
"1250","19-Nov","Pancake Single",8,"Breakfast","Fall 2024","Default","Breakfast","Side","Satellite","Breakfast"
"1251","19-Nov","Trillium Home Fries",2,"Breakfast","Fall 2024","Default","Breakfast","Side","Satellite","Breakfast"
"1252","19-Nov","2 Slices Toast",3,"Breakfast","Fall 2024","Default","Breakfast","Side","Satellite","Breakfast"
"1253","19-Nov","Burrito Bowl BYO",110,"Mexican","Fall 2024","Default","Wrap","Main","Satellite","Lunch"
"1254","19-Nov","Single Taco",11,"Mexican","Fall 2024","Default","Wrap","Main","Satellite","Lunch"
"1255","19-Nov","Side Guacamole",3,"Mexican","Fall 2024","Default","Wrap","Side","Satellite","Lunch"
"1256","19-Nov","Add Extra Toppings Una Mano",3,"Mexican","Fall 2024","Default","Wrap","Modification","Satellite","Lunch"
"1257","19-Nov","Salad by the Pound",75,"Salad Bar","Fall 2024","Default","Salad Bar","Main","Satellite","Lunch"
"1258","19-Nov","Add Extra Protein 2.99",1,"Salad Bar","Fall 2024","Default","Salad Bar","Modification","Satellite","Lunch"
"1259","19-Nov","Soup 12 oz",52,"Soup","Fall 2024","Default","Soup","Main","Satellite","Lunch"
"1260","19-Nov","8 oz Soup",55,"Soup","Fall 2024","Default","Soup","Main","Satellite","Lunch"
"1261","19-Nov","Side Potato Tots",21,"Grab N Go","Fall 2024","Default","Grab N Go","Side","Satellite","Lunch"
"1262","20-Nov","Quesadilla Deluxe Trillium",162,"Grill","Fall 2024","Default","Quesadilla","Main","Satellite","Lunch"
"1263","20-Nov","Grilled Hamburger",92,"Grill","Fall 2024","Default","Grill","Main","Treatment","Lunch"
"1264","20-Nov","Fried Chicken Tenders",93,"Grab N Go","Fall 2024","Default","Grab N Go","Side","Satellite","Lunch"
"1265","20-Nov","Burrito Una Mano Trillium BYO",72,"Grill","Fall 2024","Default","Quesadilla","Main","Satellite","Lunch"
"1266","20-Nov","French Fries",124,"Grill","Fall 2024","Default","Grill","Side","Treatment","Lunch"
"1267","20-Nov","Seared Salmon Burger",14,"Grill","Fall 2024","Default","Grill","Main","Treatment","Lunch"
"1268","20-Nov","Grilled Chicken Breast Sandwich",13,"Grill","Fall 2024","Default","Grill","Main","Treatment","Lunch"
"1269","20-Nov","Quesadilla Cheese",12,"Grill","Fall 2024","Default","Quesadilla","Main","Satellite","Lunch"
"1270","20-Nov","Trillium Grill Impossible Burger",7,"Grill","Fall 2024","Default","Grill","Main","Treatment","Lunch"
"1271","20-Nov","Sweet Potato Fries",24,"Grill","Fall 2024","Default","Grill","Side","Treatment","Lunch"
"1272","20-Nov","ADD Chicken Breast",9,"Grill","Fall 2024","Default","Grill","Modification","Treatment","Lunch"
"1273","20-Nov","Black Bean Burger",3,"Grill","Fall 2024","Default","Grill","Main","Treatment","Lunch"
"1274","20-Nov","+ Beef Patty",5,"Grill","Fall 2024","Default","Grill","Modification","Treatment","Lunch"
"1275","20-Nov","ADD Cheese",6,"Grill","Fall 2024","Default","Grill","Modification","Treatment","Lunch"
"1276","20-Nov","Add Sausage 2 Patty",1,"Grill","Fall 2024","Default","Grill","Modification","Treatment","Lunch"
"1277","20-Nov","Add Egg .99",2,"Grill","Fall 2024","Default","Grill","Modification","Treatment","Lunch"
"1278","20-Nov","1 Entree + 1 Side",176,"Asian","Fall 2024","Default","Wok","Main","Satellite","Lunch"
"1279","20-Nov","1 Entree + 2 Side",97,"Asian","Fall 2024","Default","Wok","Main","Satellite","Lunch"
"1280","20-Nov","Bowl Ramen Chicken",80,"Asian","Fall 2024","Default","Ramen","Main","Treatment","Lunch"
"1281","20-Nov","2 Entrees + 2 Sides",21,"Asian","Fall 2024","Default","Wok","Main","Satellite","Lunch"
"1282","20-Nov","Bowl Ramen Tofu",19,"Asian","Fall 2024","Default","Ramen","Main","Treatment","Lunch"
"1283","20-Nov","Side Vegetarian Lo Mein",13,"Asian","Fall 2024","Default","Wok","Side","Satellite","Lunch"
"1284","20-Nov","Side White or Brown Rice",7,"Asian","Fall 2024","Default","Wok","Side","Satellite","Lunch"
"1285","20-Nov","1 Wok Entree",2,"Asian","Fall 2024","Default","Wok","Main","Satellite","Lunch"
"1286","20-Nov","Side Vegetables",2,"Asian","Fall 2024","Default","Wok","Side","Satellite","Lunch"
"1287","20-Nov","Side Vegetable Spring Rolls",1,"Asian","Fall 2024","Default","Wok","Side","Satellite","Lunch"
"1288","20-Nov","Side Vegetarian Fried Rice with",1,"Asian","Fall 2024","Default","Wok","Side","Satellite","Lunch"
"1289","20-Nov","Create Your Pasta Bowl MEAT",143,"Italian","Fall 2024","Default","Pasta","Main","Satellite","Lunch"
"1290","20-Nov","Create Your Pasta Bowl VEG",32,"Italian","Fall 2024","Default","Pasta","Main","Satellite","Lunch"
"1291","20-Nov","Add Extra Meat",20,"Italian","Fall 2024","Default","Pasta","Modification","Satellite","Lunch"
"1292","20-Nov","Pizza Cheese",10,"Italian","Fall 2024","Default","Pizza","Main","Satellite","Lunch"
"1293","20-Nov","Pizza with Toppings",8,"Italian","Fall 2024","Default","Pizza","Main","Satellite","Lunch"
"1294","20-Nov","Side Bread Pasta Station",2,"Italian","Fall 2024","Default","Pasta","Side","Satellite","Lunch"
"1295","20-Nov","Burrito Breakfast",91,"Breakfast","Fall 2024","Default","Breakfast","Main","Satellite","Breakfast"
"1296","20-Nov","Small French Omelet",55,"Breakfast","Fall 2024","Default","Breakfast","Side","Satellite","Breakfast"
"1297","20-Nov","Grand Slam Breakfast",16,"Breakfast","Fall 2024","Default","Breakfast","Main","Satellite","Breakfast"
"1298","20-Nov","Egg Cheese Sausage Breakfast San",24,"Breakfast","Fall 2024","Default","Breakfast","Main","Satellite","Breakfast"
"1299","20-Nov","Egg Cheese Bacon Breakfast Sandw",20,"Breakfast","Fall 2024","Default","Breakfast","Main","Satellite","Breakfast"
"1300","20-Nov","Add Bacon",22,"Breakfast","Fall 2024","Default","Breakfast","Modification","Satellite","Breakfast"
"1301","20-Nov","Two Eggs",7,"Breakfast","Fall 2024","Default","Breakfast","Side","Satellite","Breakfast"
"1302","20-Nov","Pancake Single",4,"Breakfast","Fall 2024","Default","Breakfast","Side","Satellite","Breakfast"
"1303","20-Nov","Trillium Home Fries",1,"Breakfast","Fall 2024","Default","Breakfast","Side","Satellite","Breakfast"
"1304","20-Nov","2 Slices Toast",1,"Breakfast","Fall 2024","Default","Breakfast","Side","Satellite","Breakfast"
"1305","20-Nov","Toast",1,"Breakfast","Fall 2024","Default","Breakfast","Side","Satellite","Breakfast"
"1306","20-Nov","PC Peanut Butter",1,"Breakfast","Fall 2024","Default","Breakfast","Side","Satellite","Breakfast"
"1307","20-Nov","Burrito Bowl BYO",88,"Mexican","Fall 2024","Default","Wrap","Main","Satellite","Lunch"
"1308","20-Nov","Single Taco",5,"Mexican","Fall 2024","Default","Wrap","Main","Satellite","Lunch"
"1309","20-Nov","Add Extra Toppings Una Mano",2,"Mexican","Fall 2024","Default","Wrap","Modification","Satellite","Lunch"
"1310","20-Nov","Salad by the Pound",71,"Salad Bar","Fall 2024","Default","Salad Bar","Main","Satellite","Lunch"
"1311","20-Nov","Soup 12 oz",56,"Soup","Fall 2024","Default","Soup","Main","Satellite","Lunch"
"1312","20-Nov","8 oz Soup",35,"Soup","Fall 2024","Default","Soup","Main","Satellite","Lunch"
"1313","20-Nov","Side Potato Tots",11,"Grab N Go","Fall 2024","Default","Grab N Go","Side","Satellite","Lunch"
"1314","21-Nov","Quesadilla Deluxe Trillium",197,"Grill","Fall 2024","Default","Quesadilla","Main","Satellite","Lunch"
"1315","21-Nov","Grilled Hamburger",109,"Grill","Fall 2024","Default","Grill","Main","Treatment","Lunch"
"1316","21-Nov","Fried Chicken Tenders",93,"Grab N Go","Fall 2024","Default","Grab N Go","Side","Satellite","Lunch"
"1317","21-Nov","Burrito Una Mano Trillium BYO",66,"Grill","Fall 2024","Default","Quesadilla","Main","Satellite","Lunch"
"1318","21-Nov","French Fries",113,"Grill","Fall 2024","Default","Grill","Side","Treatment","Lunch"
"1319","21-Nov","Grilled Chicken Breast Sandwich",13,"Grill","Fall 2024","Default","Grill","Main","Treatment","Lunch"
"1320","21-Nov","Sweet Potato Fries",32,"Grill","Fall 2024","Default","Grill","Side","Treatment","Lunch"
"1321","21-Nov","Trillium Grill Impossible Burger",9,"Grill","Fall 2024","Default","Grill","Main","Treatment","Lunch"
"1322","21-Nov","Quesadilla Cheese",11,"Grill","Fall 2024","Default","Quesadilla","Main","Satellite","Lunch"
"1323","21-Nov","Seared Salmon Burger",9,"Grill","Fall 2024","Default","Grill","Main","Treatment","Lunch"
"1324","21-Nov","Black Bean Burger",4,"Grill","Fall 2024","Default","Grill","Main","Treatment","Lunch"
"1325","21-Nov","+ Beef Patty",6,"Grill","Fall 2024","Default","Grill","Modification","Treatment","Lunch"
"1326","21-Nov","ADD Chicken Breast",5,"Grill","Fall 2024","Default","Grill","Modification","Treatment","Lunch"
"1327","21-Nov","Add Sausage 2 Patty",4,"Grill","Fall 2024","Default","Grill","Modification","Treatment","Lunch"
"1328","21-Nov","ADD Burger Salmon Grilled",1,"Grill","Fall 2024","Default","Grill","Modification","Treatment","Lunch"
"1329","21-Nov","ADD Cheese",6,"Grill","Fall 2024","Default","Grill","Modification","Treatment","Lunch"
"1330","21-Nov","Add Egg .99",3,"Grill","Fall 2024","Default","Grill","Modification","Treatment","Lunch"
"1331","21-Nov","1 Entree + 1 Side",209,"Asian","Fall 2024","Default","Wok","Main","Satellite","Lunch"
"1332","21-Nov","1 Entree + 2 Side",85,"Asian","Fall 2024","Default","Wok","Main","Satellite","Lunch"
"1333","21-Nov","Bowl Ramen Chicken",77,"Asian","Fall 2024","Default","Ramen","Main","Treatment","Lunch"
"1334","21-Nov","2 Entrees + 2 Sides",25,"Asian","Fall 2024","Default","Wok","Main","Satellite","Lunch"
"1335","21-Nov","Bowl Ramen Tofu",20,"Asian","Fall 2024","Default","Ramen","Main","Treatment","Lunch"
"1336","21-Nov","Side Vegetarian Lo Mein",12,"Asian","Fall 2024","Default","Wok","Side","Satellite","Lunch"
"1337","21-Nov","1 Wok Entree",3,"Asian","Fall 2024","Default","Wok","Main","Satellite","Lunch"
"1338","21-Nov","Side White or Brown Rice",5,"Asian","Fall 2024","Default","Wok","Side","Satellite","Lunch"
"1339","21-Nov","Side Vegetarian Fried Rice with",2,"Asian","Fall 2024","Default","Wok","Side","Satellite","Lunch"
"1340","21-Nov","Create Your Pasta Bowl MEAT",131,"Italian","Fall 2024","Default","Pasta","Main","Satellite","Lunch"
"1341","21-Nov","Pizza with Toppings",38,"Italian","Fall 2024","Default","Pizza","Main","Satellite","Lunch"
"1342","21-Nov","Create Your Pasta Bowl VEG",24,"Italian","Fall 2024","Default","Pasta","Main","Satellite","Lunch"
"1343","21-Nov","Pizza Cheese",22,"Italian","Fall 2024","Default","Pizza","Main","Satellite","Lunch"
"1344","21-Nov","Add Extra Meat",15,"Italian","Fall 2024","Default","Pasta","Modification","Satellite","Lunch"
"1345","21-Nov","Burrito Breakfast",75,"Breakfast","Fall 2024","Default","Breakfast","Main","Satellite","Breakfast"
"1346","21-Nov","Small French Omelet",40,"Breakfast","Fall 2024","Default","Breakfast","Side","Satellite","Breakfast"
"1347","21-Nov","Grand Slam Breakfast",14,"Breakfast","Fall 2024","Default","Breakfast","Main","Satellite","Breakfast"
"1348","21-Nov","Egg Cheese Bacon Breakfast Sandw",23,"Breakfast","Fall 2024","Default","Breakfast","Main","Satellite","Breakfast"
"1349","21-Nov","Egg Cheese Sausage Breakfast San",21,"Breakfast","Fall 2024","Default","Breakfast","Main","Satellite","Breakfast"
"1350","21-Nov","Add Bacon",33,"Breakfast","Fall 2024","Default","Breakfast","Modification","Satellite","Breakfast"
"1351","21-Nov","Two Eggs",23,"Breakfast","Fall 2024","Default","Breakfast","Side","Satellite","Breakfast"
"1352","21-Nov","Trillium Home Fries",4,"Breakfast","Fall 2024","Default","Breakfast","Side","Satellite","Breakfast"
"1353","21-Nov","Pancake Single",2,"Breakfast","Fall 2024","Default","Breakfast","Side","Satellite","Breakfast"
"1354","21-Nov","2 Slices Toast",5,"Breakfast","Fall 2024","Default","Breakfast","Side","Satellite","Breakfast"
"1355","21-Nov","Toast",2,"Breakfast","Fall 2024","Default","Breakfast","Side","Satellite","Breakfast"
"1356","21-Nov","Burrito Bowl BYO",92,"Mexican","Fall 2024","Default","Wrap","Main","Satellite","Lunch"
"1357","21-Nov","Single Taco",4,"Mexican","Fall 2024","Default","Wrap","Main","Satellite","Lunch"
"1358","21-Nov","Side Guacamole",2,"Mexican","Fall 2024","Default","Wrap","Side","Satellite","Lunch"
"1359","21-Nov","Add Extra Toppings Una Mano",1,"Mexican","Fall 2024","Default","Wrap","Modification","Satellite","Lunch"
"1360","21-Nov","Soup 12 oz",45,"Soup","Fall 2024","Default","Soup","Main","Satellite","Lunch"
"1361","21-Nov","8 oz Soup",36,"Soup","Fall 2024","Default","Soup","Main","Satellite","Lunch"
"1362","21-Nov","Salad by the Pound",39,"Salad Bar","Fall 2024","Default","Salad Bar","Main","Satellite","Lunch"
"1363","21-Nov","Add Extra Protein 2.99",1,"Salad Bar","Fall 2024","Default","Salad Bar","Modification","Satellite","Lunch"
"1364","21-Nov","Side Potato Tots",35,"Grab N Go","Fall 2024","Default","Grab N Go","Side","Satellite","Lunch"
"1365","22-Nov","Quesadilla Deluxe Trillium",103,"Grill","Fall 2024","Default","Quesadilla","Main","Satellite","Lunch"
"1366","22-Nov","Grilled Hamburger",51,"Grill","Fall 2024","Default","Grill","Main","Treatment","Lunch"
"1367","22-Nov","Fried Chicken Tenders",48,"Grab N Go","Fall 2024","Default","Grab N Go","Side","Satellite","Lunch"
"1368","22-Nov","Burrito Una Mano Trillium BYO",36,"Grill","Fall 2024","Default","Quesadilla","Main","Satellite","Lunch"
"1369","22-Nov","French Fries",81,"Grill","Fall 2024","Default","Grill","Side","Treatment","Lunch"
"1370","22-Nov","Grilled Chicken Breast Sandwich",15,"Grill","Fall 2024","Default","Grill","Main","Treatment","Lunch"
"1371","22-Nov","Trillium Grill Impossible Burger",8,"Grill","Fall 2024","Default","Grill","Main","Treatment","Lunch"
"1372","22-Nov","Quesadilla Cheese",5,"Grill","Fall 2024","Default","Quesadilla","Main","Satellite","Lunch"
"1373","22-Nov","Sweet Potato Fries",13,"Grill","Fall 2024","Default","Grill","Side","Treatment","Lunch"
"1374","22-Nov","+ Beef Patty",7,"Grill","Fall 2024","Default","Grill","Modification","Treatment","Lunch"
"1375","22-Nov","Add Sausage 2 Patty",5,"Grill","Fall 2024","Default","Grill","Modification","Treatment","Lunch"
"1376","22-Nov","Black Bean Burger",1,"Grill","Fall 2024","Default","Grill","Main","Treatment","Lunch"
"1377","22-Nov","Seared Salmon Burger",1,"Grill","Fall 2024","Default","Grill","Main","Treatment","Lunch"
"1378","22-Nov","ADD Cheese",6,"Grill","Fall 2024","Default","Grill","Modification","Treatment","Lunch"
"1379","22-Nov","Add Egg .99",2,"Grill","Fall 2024","Default","Grill","Modification","Treatment","Lunch"
"1380","22-Nov","1 Entree + 1 Side",90,"Asian","Fall 2024","Default","Wok","Main","Satellite","Lunch"
"1381","22-Nov","1 Entree + 2 Side",45,"Asian","Fall 2024","Default","Wok","Main","Satellite","Lunch"
"1382","22-Nov","Bowl Ramen Chicken",49,"Asian","Fall 2024","Default","Ramen","Main","Treatment","Lunch"
"1383","22-Nov","2 Entrees + 2 Sides",10,"Asian","Fall 2024","Default","Wok","Main","Satellite","Lunch"
"1384","22-Nov","Bowl Ramen Tofu",8,"Asian","Fall 2024","Default","Ramen","Main","Treatment","Lunch"
"1385","22-Nov","Side Vegetarian Lo Mein",11,"Asian","Fall 2024","Default","Wok","Side","Satellite","Lunch"
"1386","22-Nov","Side White or Brown Rice",10,"Asian","Fall 2024","Default","Wok","Side","Satellite","Lunch"
"1387","22-Nov","1 Wok Entree",2,"Asian","Fall 2024","Default","Wok","Main","Satellite","Lunch"
"1388","22-Nov","Side Vegetable Spring Rolls",3,"Asian","Fall 2024","Default","Wok","Side","Satellite","Lunch"
"1389","22-Nov","Side Vegetables",2,"Asian","Fall 2024","Default","Wok","Side","Satellite","Lunch"
"1390","22-Nov","Side Vegetarian Fried Rice with",1,"Asian","Fall 2024","Default","Wok","Side","Satellite","Lunch"
"1391","22-Nov","Burrito Breakfast",66,"Breakfast","Fall 2024","Default","Breakfast","Main","Satellite","Breakfast"
"1392","22-Nov","Small French Omelet",27,"Breakfast","Fall 2024","Default","Breakfast","Side","Satellite","Breakfast"
"1393","22-Nov","Egg Cheese Bacon Breakfast Sandw",25,"Breakfast","Fall 2024","Default","Breakfast","Main","Satellite","Breakfast"
"1394","22-Nov","Grand Slam Breakfast",13,"Breakfast","Fall 2024","Default","Breakfast","Main","Satellite","Breakfast"
"1395","22-Nov","Egg Cheese Sausage Breakfast San",22,"Breakfast","Fall 2024","Default","Breakfast","Main","Satellite","Breakfast"
"1396","22-Nov","Two Eggs",15,"Breakfast","Fall 2024","Default","Breakfast","Side","Satellite","Breakfast"
"1397","22-Nov","Add Bacon",14,"Breakfast","Fall 2024","Default","Breakfast","Modification","Satellite","Breakfast"
"1398","22-Nov","Pancake Single",5,"Breakfast","Fall 2024","Default","Breakfast","Side","Satellite","Breakfast"
"1399","22-Nov","2 Slices Toast",5,"Breakfast","Fall 2024","Default","Breakfast","Side","Satellite","Breakfast"
"1400","22-Nov","Trillium Home Fries",1,"Breakfast","Fall 2024","Default","Breakfast","Side","Satellite","Breakfast"
"1401","22-Nov","PC Jelly",2,"Breakfast","Fall 2024","Default","Breakfast","Side","Satellite","Breakfast"
"1402","22-Nov","PC Peanut Butter",1,"Breakfast","Fall 2024","Default","Breakfast","Side","Satellite","Breakfast"
"1403","22-Nov","Create Your Pasta Bowl MEAT",70,"Italian","Fall 2024","Default","Pasta","Main","Satellite","Lunch"
"1404","22-Nov","Pizza with Toppings",21,"Italian","Fall 2024","Default","Pizza","Main","Satellite","Lunch"
"1405","22-Nov","Pizza Cheese",18,"Italian","Fall 2024","Default","Pizza","Main","Satellite","Lunch"
"1406","22-Nov","Create Your Pasta Bowl VEG",9,"Italian","Fall 2024","Default","Pasta","Main","Satellite","Lunch"
"1407","22-Nov","Add Extra Meat",11,"Italian","Fall 2024","Default","Pasta","Modification","Satellite","Lunch"
"1408","22-Nov","Burrito Bowl BYO",51,"Mexican","Fall 2024","Default","Wrap","Main","Satellite","Lunch"
"1409","22-Nov","Single Taco",6,"Mexican","Fall 2024","Default","Wrap","Main","Satellite","Lunch"
"1410","22-Nov","Soup 12 oz",41,"Soup","Fall 2024","Default","Soup","Main","Satellite","Lunch"
"1411","22-Nov","8 oz Soup",32,"Soup","Fall 2024","Default","Soup","Main","Satellite","Lunch"
"1412","22-Nov","Salad by the Pound",30,"Salad Bar","Fall 2024","Default","Salad Bar","Main","Satellite","Lunch"
"1413","22-Nov","Side Potato Tots",19,"Grab N Go","Fall 2024","Default","Grab N Go","Side","Satellite","Lunch"
"1414","25-Nov","Quesadilla Deluxe Trillium",120,"Grill","Fall 2024","Multimodal","Quesadilla","Main","Satellite","Lunch"
"1415","25-Nov","Grilled Hamburger",67,"Grill","Fall 2024","Multimodal","Grill","Main","Treatment","Lunch"
"1416","25-Nov","Burrito Una Mano Trillium BYO",45,"Grill","Fall 2024","Multimodal","Quesadilla","Main","Satellite","Lunch"
"1417","25-Nov","Fried Chicken Tenders",45,"Grab N Go","Fall 2024","Multimodal","Grab N Go","Side","Satellite","Lunch"
"1418","25-Nov","French Fries",77,"Grill","Fall 2024","Multimodal","Grill","Side","Treatment","Lunch"
"1419","25-Nov","Grilled Chicken Breast Sandwich",14,"Grill","Fall 2024","Multimodal","Grill","Main","Treatment","Lunch"
"1420","25-Nov","Quesadilla Cheese",12,"Grill","Fall 2024","Multimodal","Quesadilla","Main","Satellite","Lunch"
"1421","25-Nov","Seared Salmon Burger",9,"Grill","Fall 2024","Multimodal","Grill","Main","Treatment","Lunch"
"1422","25-Nov","Sweet Potato Fries",22,"Grill","Fall 2024","Multimodal","Grill","Side","Treatment","Lunch"
"1423","25-Nov","Trillium Grill Impossible Burger",6,"Grill","Fall 2024","Multimodal","Grill","Main","Treatment","Lunch"
"1424","25-Nov","+ Beef Patty",9,"Grill","Fall 2024","Multimodal","Grill","Modification","Treatment","Lunch"
"1425","25-Nov","ADD Chicken Breast",7,"Grill","Fall 2024","Multimodal","Grill","Modification","Treatment","Lunch"
"1426","25-Nov","Black Bean Burger",2,"Grill","Fall 2024","Multimodal","Grill","Main","Treatment","Lunch"
"1427","25-Nov","ADD Burger Salmon Grilled",2,"Grill","Fall 2024","Multimodal","Grill","Modification","Treatment","Lunch"
"1428","25-Nov","Add Sausage 2 Patty",2,"Grill","Fall 2024","Multimodal","Grill","Modification","Treatment","Lunch"
"1429","25-Nov","ADD Cheese",5,"Grill","Fall 2024","Multimodal","Grill","Modification","Treatment","Lunch"
"1430","25-Nov","Add Egg .99",3,"Grill","Fall 2024","Multimodal","Grill","Modification","Treatment","Lunch"
"1431","25-Nov","Add Impossible Burger Patty",0,"Grill","Fall 2024","Multimodal","Grill","Modification","Treatment","Lunch"
"1432","25-Nov","1 Entree + 1 Side",104,"Asian","Fall 2024","Multimodal","Wok","Main","Satellite","Lunch"
"1433","25-Nov","Bowl Ramen Chicken",56,"Asian","Fall 2024","Multimodal","Ramen","Main","Treatment","Lunch"
"1434","25-Nov","1 Entree + 2 Side",47,"Asian","Fall 2024","Multimodal","Wok","Main","Satellite","Lunch"
"1435","25-Nov","2 Entrees + 2 Sides",10,"Asian","Fall 2024","Multimodal","Wok","Main","Satellite","Lunch"
"1436","25-Nov","Bowl Ramen Tofu",10,"Asian","Fall 2024","Multimodal","Ramen","Main","Treatment","Lunch"
"1437","25-Nov","Side Vegetarian Lo Mein",8,"Asian","Fall 2024","Multimodal","Wok","Side","Satellite","Lunch"
"1438","25-Nov","Side White or Brown Rice",6,"Asian","Fall 2024","Multimodal","Wok","Side","Satellite","Lunch"
"1439","25-Nov","Side Vegetables",3,"Asian","Fall 2024","Multimodal","Wok","Side","Satellite","Lunch"
"1440","25-Nov","1 Wok Entree",1,"Asian","Fall 2024","Multimodal","Wok","Main","Satellite","Lunch"
"1441","25-Nov","Side Vegetarian Fried Rice with",1,"Asian","Fall 2024","Multimodal","Wok","Side","Satellite","Lunch"
"1442","25-Nov","Create Your Pasta Bowl MEAT",55,"Italian","Fall 2024","Multimodal","Pasta","Main","Satellite","Lunch"
"1443","25-Nov","Create Your Pasta Bowl VEG",20,"Italian","Fall 2024","Multimodal","Pasta","Main","Satellite","Lunch"
"1444","25-Nov","Pizza with Toppings",23,"Italian","Fall 2024","Multimodal","Pizza","Main","Satellite","Lunch"
"1445","25-Nov","Pizza Cheese",11,"Italian","Fall 2024","Multimodal","Pizza","Main","Satellite","Lunch"
"1446","25-Nov","Add Extra Meat",10,"Italian","Fall 2024","Multimodal","Pasta","Modification","Satellite","Lunch"
"1447","25-Nov","Burrito Breakfast",31,"Breakfast","Fall 2024","Multimodal","Breakfast","Main","Satellite","Breakfast"
"1448","25-Nov","Small French Omelet",27,"Breakfast","Fall 2024","Multimodal","Breakfast","Side","Satellite","Breakfast"
"1449","25-Nov","Egg Cheese Sausage Breakfast San",17,"Breakfast","Fall 2024","Multimodal","Breakfast","Main","Satellite","Breakfast"
"1450","25-Nov","Grand Slam Breakfast",9,"Breakfast","Fall 2024","Multimodal","Breakfast","Main","Satellite","Breakfast"
"1451","25-Nov","Egg Cheese Bacon Breakfast Sandw",10,"Breakfast","Fall 2024","Multimodal","Breakfast","Main","Satellite","Breakfast"
"1452","25-Nov","Add Bacon",17,"Breakfast","Fall 2024","Multimodal","Breakfast","Modification","Satellite","Breakfast"
"1453","25-Nov","Two Eggs",4,"Breakfast","Fall 2024","Multimodal","Breakfast","Side","Satellite","Breakfast"
"1454","25-Nov","Pancake Single",3,"Breakfast","Fall 2024","Multimodal","Breakfast","Side","Satellite","Breakfast"
"1455","25-Nov","Trillium Home Fries",1,"Breakfast","Fall 2024","Multimodal","Breakfast","Side","Satellite","Breakfast"
"1456","25-Nov","2 Slices Toast",3,"Breakfast","Fall 2024","Multimodal","Breakfast","Side","Satellite","Breakfast"
"1457","25-Nov","Burrito Bowl BYO",43,"Mexican","Fall 2024","Multimodal","Wrap","Main","Satellite","Lunch"
"1458","25-Nov","Single Taco",6,"Mexican","Fall 2024","Multimodal","Wrap","Main","Satellite","Lunch"
"1459","25-Nov","Add Extra Toppings Una Mano",1,"Mexican","Fall 2024","Multimodal","Wrap","Modification","Satellite","Lunch"
"1460","25-Nov","Salad by the Pound",46,"Salad Bar","Fall 2024","Multimodal","Salad Bar","Main","Satellite","Lunch"
"1461","25-Nov","Soup 12 oz",24,"Soup","Fall 2024","Multimodal","Soup","Main","Satellite","Lunch"
"1462","25-Nov","8 oz Soup",14,"Soup","Fall 2024","Multimodal","Soup","Main","Satellite","Lunch"
"1463","25-Nov","Side Potato Tots",4,"Grab N Go","Fall 2024","Multimodal","Grab N Go","Side","Satellite","Lunch"
"1464","26-Nov","Quesadilla Deluxe Trillium",121,"Grill","Fall 2024","Multimodal","Quesadilla","Main","Satellite","Lunch"
"1465","26-Nov","Grilled Hamburger",52,"Grill","Fall 2024","Multimodal","Grill","Main","Treatment","Lunch"
"1466","26-Nov","Fried Chicken Tenders",42,"Grab N Go","Fall 2024","Multimodal","Grab N Go","Side","Satellite","Lunch"
"1467","26-Nov","Burrito Una Mano Trillium BYO",31,"Grill","Fall 2024","Multimodal","Quesadilla","Main","Satellite","Lunch"
"1468","26-Nov","French Fries",71,"Grill","Fall 2024","Multimodal","Grill","Side","Treatment","Lunch"
"1469","26-Nov","Seared Salmon Burger",12,"Grill","Fall 2024","Multimodal","Grill","Main","Treatment","Lunch"
"1470","26-Nov","Quesadilla Cheese",8,"Grill","Fall 2024","Multimodal","Quesadilla","Main","Satellite","Lunch"
"1471","26-Nov","Sweet Potato Fries",20,"Grill","Fall 2024","Multimodal","Grill","Side","Treatment","Lunch"
"1472","26-Nov","Trillium Grill Impossible Burger",4,"Grill","Fall 2024","Multimodal","Grill","Main","Treatment","Lunch"
"1473","26-Nov","Grilled Chicken Breast Sandwich",4,"Grill","Fall 2024","Multimodal","Grill","Main","Treatment","Lunch"
"1474","26-Nov","Black Bean Burger",3,"Grill","Fall 2024","Multimodal","Grill","Main","Treatment","Lunch"
"1475","26-Nov","ADD Chicken Breast",2,"Grill","Fall 2024","Multimodal","Grill","Modification","Treatment","Lunch"
"1476","26-Nov","+ Beef Patty",2,"Grill","Fall 2024","Multimodal","Grill","Modification","Treatment","Lunch"
"1477","26-Nov","ADD Cheese",5,"Grill","Fall 2024","Multimodal","Grill","Modification","Treatment","Lunch"
"1478","26-Nov","1 Entree + 1 Side",77,"Asian","Fall 2024","Multimodal","Wok","Main","Satellite","Lunch"
"1479","26-Nov","1 Entree + 2 Side",46,"Asian","Fall 2024","Multimodal","Wok","Main","Satellite","Lunch"
"1480","26-Nov","Bowl Ramen Chicken",45,"Asian","Fall 2024","Multimodal","Ramen","Main","Treatment","Lunch"
"1481","26-Nov","2 Entrees + 2 Sides",17,"Asian","Fall 2024","Multimodal","Wok","Main","Satellite","Lunch"
"1482","26-Nov","Bowl Ramen Tofu",6,"Asian","Fall 2024","Multimodal","Ramen","Main","Treatment","Lunch"
"1483","26-Nov","Side Vegetarian Lo Mein",3,"Asian","Fall 2024","Multimodal","Wok","Side","Satellite","Lunch"
"1484","26-Nov","1 Wok Entree",1,"Asian","Fall 2024","Multimodal","Wok","Main","Satellite","Lunch"
"1485","26-Nov","Side White or Brown Rice",3,"Asian","Fall 2024","Multimodal","Wok","Side","Satellite","Lunch"
"1486","26-Nov","Side Vegetables",1,"Asian","Fall 2024","Multimodal","Wok","Side","Satellite","Lunch"
"1487","26-Nov","Burrito Breakfast",41,"Breakfast","Fall 2024","Multimodal","Breakfast","Main","Satellite","Breakfast"
"1488","26-Nov","Small French Omelet",15,"Breakfast","Fall 2024","Multimodal","Breakfast","Side","Satellite","Breakfast"
"1489","26-Nov","Grand Slam Breakfast",7,"Breakfast","Fall 2024","Multimodal","Breakfast","Main","Satellite","Breakfast"
"1490","26-Nov","Add Bacon",12,"Breakfast","Fall 2024","Multimodal","Breakfast","Modification","Satellite","Breakfast"
"1491","26-Nov","Egg Cheese Sausage Breakfast San",4,"Breakfast","Fall 2024","Multimodal","Breakfast","Main","Satellite","Breakfast"
"1492","26-Nov","Two Eggs",5,"Breakfast","Fall 2024","Multimodal","Breakfast","Side","Satellite","Breakfast"
"1493","26-Nov","Pancake Single",1,"Breakfast","Fall 2024","Multimodal","Breakfast","Side","Satellite","Breakfast"
"1494","26-Nov","2 Slices Toast",1,"Breakfast","Fall 2024","Multimodal","Breakfast","Side","Satellite","Breakfast"
"1495","26-Nov","Toast",1,"Breakfast","Fall 2024","Multimodal","Breakfast","Side","Satellite","Breakfast"
"1496","26-Nov","Create Your Pasta Bowl MEAT",29,"Italian","Fall 2024","Multimodal","Pasta","Main","Satellite","Lunch"
"1497","26-Nov","Pizza with Toppings",14,"Italian","Fall 2024","Multimodal","Pizza","Main","Satellite","Lunch"
"1498","26-Nov","Create Your Pasta Bowl VEG",6,"Italian","Fall 2024","Multimodal","Pasta","Main","Satellite","Lunch"
"1499","26-Nov","Pizza Cheese",6,"Italian","Fall 2024","Multimodal","Pizza","Main","Satellite","Lunch"
"1500","26-Nov","Add Extra Meat",2,"Italian","Fall 2024","Multimodal","Pasta","Modification","Satellite","Lunch"
"1501","26-Nov","Burrito Bowl BYO",42,"Mexican","Fall 2024","Multimodal","Wrap","Main","Satellite","Lunch"
"1502","26-Nov","Single Taco",3,"Mexican","Fall 2024","Multimodal","Wrap","Main","Satellite","Lunch"
"1503","26-Nov","Add Extra Toppings Una Mano",2,"Mexican","Fall 2024","Multimodal","Wrap","Modification","Satellite","Lunch"
"1504","26-Nov","Salad by the Pound",31,"Salad Bar","Fall 2024","Multimodal","Salad Bar","Main","Satellite","Lunch"
"1505","26-Nov","Add Extra Protein 2.99",2,"Salad Bar","Fall 2024","Multimodal","Salad Bar","Modification","Satellite","Lunch"
"1506","26-Nov","Soup 12 oz",25,"Soup","Fall 2024","Multimodal","Soup","Main","Satellite","Lunch"
"1507","26-Nov","8 oz Soup",24,"Soup","Fall 2024","Multimodal","Soup","Main","Satellite","Lunch"
"1508","26-Nov","Side Potato Tots",12,"Grab N Go","Fall 2024","Multimodal","Grab N Go","Side","Satellite","Lunch"
"1509","2-Dec","Quesadilla Deluxe Trillium",144,"Grill","Fall 2024","Multimodal","Quesadilla","Main","Satellite","Lunch"
"1510","2-Dec","Grilled Hamburger",97,"Grill","Fall 2024","Multimodal","Grill","Main","Treatment","Lunch"
"1511","2-Dec","Burrito Una Mano Trillium BYO",48,"Grill","Fall 2024","Multimodal","Quesadilla","Main","Satellite","Lunch"
"1512","2-Dec","Fried Chicken Tenders",60,"Grab N Go","Fall 2024","Multimodal","Grab N Go","Side","Satellite","Lunch"
"1513","2-Dec","French Fries",101,"Grill","Fall 2024","Multimodal","Grill","Side","Treatment","Lunch"
"1514","2-Dec","Quesadilla Cheese",16,"Grill","Fall 2024","Multimodal","Quesadilla","Main","Satellite","Lunch"
"1515","2-Dec","Seared Salmon Burger",9,"Grill","Fall 2024","Multimodal","Grill","Main","Treatment","Lunch"
"1516","2-Dec","Sweet Potato Fries",23,"Grill","Fall 2024","Multimodal","Grill","Side","Treatment","Lunch"
"1517","2-Dec","+ Beef Patty",19,"Grill","Fall 2024","Multimodal","Grill","Modification","Treatment","Lunch"
"1518","2-Dec","Black Bean Burger",6,"Grill","Fall 2024","Multimodal","Grill","Main","Treatment","Lunch"
"1519","2-Dec","Grilled Chicken Breast Sandwich",6,"Grill","Fall 2024","Multimodal","Grill","Main","Treatment","Lunch"
"1520","2-Dec","ADD Chicken Breast",8,"Grill","Fall 2024","Multimodal","Grill","Modification","Treatment","Lunch"
"1521","2-Dec","ADD Cheese",10,"Grill","Fall 2024","Multimodal","Grill","Modification","Treatment","Lunch"
"1522","2-Dec","Add Sausage 2 Patty",2,"Grill","Fall 2024","Multimodal","Grill","Modification","Treatment","Lunch"
"1523","2-Dec","1 Entree + 1 Side",169,"Asian","Fall 2024","Multimodal","Wok","Main","Satellite","Lunch"
"1524","2-Dec","Bowl Ramen Chicken",89,"Asian","Fall 2024","Multimodal","Ramen","Main","Treatment","Lunch"
"1525","2-Dec","1 Entree + 2 Side",69,"Asian","Fall 2024","Multimodal","Wok","Main","Satellite","Lunch"
"1526","2-Dec","2 Entrees + 2 Sides",16,"Asian","Fall 2024","Multimodal","Wok","Main","Satellite","Lunch"
"1527","2-Dec","Bowl Ramen Tofu",19,"Asian","Fall 2024","Multimodal","Ramen","Main","Treatment","Lunch"
"1528","2-Dec","1 Wok Entree",9,"Asian","Fall 2024","Multimodal","Wok","Main","Satellite","Lunch"
"1529","2-Dec","Bowl Ramen Chicken",5,"Asian","Fall 2024","Multimodal","Ramen","Main","Treatment","Lunch"
"1530","2-Dec","Side Vegetarian Lo Mein",9,"Asian","Fall 2024","Multimodal","Wok","Side","Satellite","Lunch"
"1531","2-Dec","Side White or Brown Rice",9,"Asian","Fall 2024","Multimodal","Wok","Side","Satellite","Lunch"
"1532","2-Dec","Side Vegetables",1,"Asian","Fall 2024","Multimodal","Wok","Side","Satellite","Lunch"
"1533","2-Dec","Create Your Pasta Bowl MEAT",128,"Italian","Fall 2024","Multimodal","Pasta","Main","Satellite","Lunch"
"1534","2-Dec","Create Your Pasta Bowl VEG",24,"Italian","Fall 2024","Multimodal","Pasta","Main","Satellite","Lunch"
"1535","2-Dec","Pizza Cheese",32,"Italian","Fall 2024","Multimodal","Pizza","Main","Satellite","Lunch"
"1536","2-Dec","Pizza with Toppings",22,"Italian","Fall 2024","Multimodal","Pizza","Main","Satellite","Lunch"
"1537","2-Dec","Add Extra Meat",21,"Italian","Fall 2024","Multimodal","Pasta","Modification","Satellite","Lunch"
"1538","2-Dec","Side Bread Pasta Station",1,"Italian","Fall 2024","Multimodal","Pasta","Side","Satellite","Lunch"
"1539","2-Dec","Burrito Breakfast",79,"Breakfast","Fall 2024","Multimodal","Breakfast","Main","Satellite","Breakfast"
"1540","2-Dec","Small French Omelet",44,"Breakfast","Fall 2024","Multimodal","Breakfast","Side","Satellite","Breakfast"
"1541","2-Dec","Grand Slam Breakfast",10,"Breakfast","Fall 2024","Multimodal","Breakfast","Main","Satellite","Breakfast"
"1542","2-Dec","Egg Cheese Sausage Breakfast San",13,"Breakfast","Fall 2024","Multimodal","Breakfast","Main","Satellite","Breakfast"
"1543","2-Dec","Egg Cheese Bacon Breakfast Sandw",11,"Breakfast","Fall 2024","Multimodal","Breakfast","Main","Satellite","Breakfast"
"1544","2-Dec","Add Bacon",15,"Breakfast","Fall 2024","Multimodal","Breakfast","Modification","Satellite","Breakfast"
"1545","2-Dec","Two Eggs",13,"Breakfast","Fall 2024","Multimodal","Breakfast","Side","Satellite","Breakfast"
"1546","2-Dec","Trillium Home Fries",3,"Breakfast","Fall 2024","Multimodal","Breakfast","Side","Satellite","Breakfast"
"1547","2-Dec","Pancake Single",3,"Breakfast","Fall 2024","Multimodal","Breakfast","Side","Satellite","Breakfast"
"1548","2-Dec","2 Slices Toast",3,"Breakfast","Fall 2024","Multimodal","Breakfast","Side","Satellite","Breakfast"
"1549","2-Dec","PC Peanut Butter",1,"Breakfast","Fall 2024","Multimodal","Breakfast","Side","Satellite","Breakfast"
"1550","2-Dec","Burrito Bowl BYO",87,"Mexican","Fall 2024","Multimodal","Wrap","Main","Satellite","Lunch"
"1551","2-Dec","Single Taco",4,"Mexican","Fall 2024","Multimodal","Wrap","Main","Satellite","Lunch"
"1552","2-Dec","Side Guacamole",1,"Mexican","Fall 2024","Multimodal","Wrap","Side","Satellite","Lunch"
"1553","2-Dec","Soup 12 oz",56,"Soup","Fall 2024","Multimodal","Soup","Main","Satellite","Lunch"
"1554","2-Dec","8 oz Soup",40,"Soup","Fall 2024","Multimodal","Soup","Main","Satellite","Lunch"
"1555","2-Dec","Salad by the Pound",51,"Salad Bar","Fall 2024","Multimodal","Salad Bar","Main","Satellite","Lunch"
"1556","2-Dec","Add Extra Protein 2.99",1,"Salad Bar","Fall 2024","Multimodal","Salad Bar","Modification","Satellite","Lunch"
"1557","2-Dec","Side Potato Tots",13,"Grab N Go","Fall 2024","Multimodal","Grab N Go","Side","Satellite","Lunch"
"1558","3-Dec","Quesadilla Deluxe Trillium",184,"Grill","Fall 2024","Multimodal","Quesadilla","Main","Satellite","Lunch"
"1559","3-Dec","Grilled Hamburger",97,"Grill","Fall 2024","Multimodal","Grill","Main","Treatment","Lunch"
"1560","3-Dec","Fried Chicken Tenders",97,"Grab N Go","Fall 2024","Multimodal","Grab N Go","Side","Satellite","Lunch"
"1561","3-Dec","Burrito Una Mano Trillium BYO",64,"Grill","Fall 2024","Multimodal","Quesadilla","Main","Satellite","Lunch"
"1562","3-Dec","French Fries",134,"Grill","Fall 2024","Multimodal","Grill","Side","Treatment","Lunch"
"1563","3-Dec","Quesadilla Cheese",17,"Grill","Fall 2024","Multimodal","Quesadilla","Main","Satellite","Lunch"
"1564","3-Dec","Grilled Chicken Breast Sandwich",14,"Grill","Fall 2024","Multimodal","Grill","Main","Treatment","Lunch"
"1565","3-Dec","Trillium Grill Impossible Burger",9,"Grill","Fall 2024","Multimodal","Grill","Main","Treatment","Lunch"
"1566","3-Dec","Sweet Potato Fries",26,"Grill","Fall 2024","Multimodal","Grill","Side","Treatment","Lunch"
"1567","3-Dec","Seared Salmon Burger",7,"Grill","Fall 2024","Multimodal","Grill","Main","Treatment","Lunch"
"1568","3-Dec","+ Beef Patty",15,"Grill","Fall 2024","Multimodal","Grill","Modification","Treatment","Lunch"
"1569","3-Dec","Black Bean Burger",4,"Grill","Fall 2024","Multimodal","Grill","Main","Treatment","Lunch"
"1570","3-Dec","ADD Chicken Breast",9,"Grill","Fall 2024","Multimodal","Grill","Modification","Treatment","Lunch"
"1571","3-Dec","ADD Burger Salmon Grilled",2,"Grill","Fall 2024","Multimodal","Grill","Modification","Treatment","Lunch"
"1572","3-Dec","ADD Cheese",13,"Grill","Fall 2024","Multimodal","Grill","Modification","Treatment","Lunch"
"1573","3-Dec","Add Egg .99",4,"Grill","Fall 2024","Multimodal","Grill","Modification","Treatment","Lunch"
"1574","3-Dec","1 Entree + 1 Side",199,"Asian","Fall 2024","Multimodal","Wok","Main","Satellite","Lunch"
"1575","3-Dec","1 Entree + 2 Side",81,"Asian","Fall 2024","Multimodal","Wok","Main","Satellite","Lunch"
"1576","3-Dec","Bowl Ramen Chicken",76,"Asian","Fall 2024","Multimodal","Ramen","Main","Treatment","Lunch"
"1577","3-Dec","2 Entrees + 2 Sides",22,"Asian","Fall 2024","Multimodal","Wok","Main","Satellite","Lunch"
"1578","3-Dec","Bowl Ramen Tofu",21,"Asian","Fall 2024","Multimodal","Ramen","Main","Treatment","Lunch"
"1579","3-Dec","Side Vegetarian Lo Mein",8,"Asian","Fall 2024","Multimodal","Wok","Side","Satellite","Lunch"
"1580","3-Dec","Side Vegetable Spring Rolls",4,"Asian","Fall 2024","Multimodal","Wok","Side","Satellite","Lunch"
"1581","3-Dec","Side White or Brown Rice",6,"Asian","Fall 2024","Multimodal","Wok","Side","Satellite","Lunch"
"1582","3-Dec","Side Vegetarian Fried Rice with",3,"Asian","Fall 2024","Multimodal","Wok","Side","Satellite","Lunch"
"1583","3-Dec","Side Fried Spring Roll",1,"Asian","Fall 2024","Multimodal","Wok","Side","Satellite","Lunch"
"1584","3-Dec","Side Vegetables",1,"Asian","Fall 2024","Multimodal","Wok","Side","Satellite","Lunch"
"1585","3-Dec","Add Extra Toppings",1,"Asian","Fall 2024","Multimodal","Ramen","Modification","Treatment","Lunch"
"1586","3-Dec","Create Your Pasta Bowl MEAT",116,"Italian","Fall 2024","Multimodal","Pasta","Main","Satellite","Lunch"
"1587","3-Dec","Create Your Pasta Bowl VEG",28,"Italian","Fall 2024","Multimodal","Pasta","Main","Satellite","Lunch"
"1588","3-Dec","Pizza with Toppings",39,"Italian","Fall 2024","Multimodal","Pizza","Main","Satellite","Lunch"
"1589","3-Dec","Pizza Cheese",20,"Italian","Fall 2024","Multimodal","Pizza","Main","Satellite","Lunch"
"1590","3-Dec","Add Extra Meat",21,"Italian","Fall 2024","Multimodal","Pasta","Modification","Satellite","Lunch"
"1591","3-Dec","Burrito Breakfast",72,"Breakfast","Fall 2024","Multimodal","Breakfast","Main","Satellite","Breakfast"
"1592","3-Dec","Small French Omelet",57,"Breakfast","Fall 2024","Multimodal","Breakfast","Side","Satellite","Breakfast"
"1593","3-Dec","Egg Cheese Sausage Breakfast San",36,"Breakfast","Fall 2024","Multimodal","Breakfast","Main","Satellite","Breakfast"
"1594","3-Dec","Egg Cheese Bacon Breakfast Sandw",33,"Breakfast","Fall 2024","Multimodal","Breakfast","Main","Satellite","Breakfast"
"1595","3-Dec","Grand Slam Breakfast",13,"Breakfast","Fall 2024","Multimodal","Breakfast","Main","Satellite","Breakfast"
"1596","3-Dec","Add Bacon",22,"Breakfast","Fall 2024","Multimodal","Breakfast","Modification","Satellite","Breakfast"
"1597","3-Dec","Two Eggs",11,"Breakfast","Fall 2024","Multimodal","Breakfast","Side","Satellite","Breakfast"
"1598","3-Dec","Trillium Home Fries",2,"Breakfast","Fall 2024","Multimodal","Breakfast","Side","Satellite","Breakfast"
"1599","3-Dec","Pancake Single",2,"Breakfast","Fall 2024","Multimodal","Breakfast","Side","Satellite","Breakfast"
"1600","3-Dec","2 Slices Toast",2,"Breakfast","Fall 2024","Multimodal","Breakfast","Side","Satellite","Breakfast"
"1601","3-Dec","Toast",1,"Breakfast","Fall 2024","Multimodal","Breakfast","Side","Satellite","Breakfast"
"1602","3-Dec","PC Jelly",1,"Breakfast","Fall 2024","Multimodal","Breakfast","Side","Satellite","Breakfast"
"1603","3-Dec","Burrito Bowl BYO",115,"Mexican","Fall 2024","Multimodal","Wrap","Main","Satellite","Lunch"
"1604","3-Dec","Single Taco",4,"Mexican","Fall 2024","Multimodal","Wrap","Main","Satellite","Lunch"
"1605","3-Dec","Side Guacamole",6,"Mexican","Fall 2024","Multimodal","Wrap","Side","Satellite","Lunch"
"1606","3-Dec","Add Extra Toppings Una Mano",3,"Mexican","Fall 2024","Multimodal","Wrap","Modification","Satellite","Lunch"
"1607","3-Dec","Side Salsa",1,"Mexican","Fall 2024","Multimodal","Wrap","Side","Satellite","Lunch"
"1608","3-Dec","Soup 12 oz",53,"Soup","Fall 2024","Multimodal","Soup","Main","Satellite","Lunch"
"1609","3-Dec","8 oz Soup",51,"Soup","Fall 2024","Multimodal","Soup","Main","Satellite","Lunch"
"1610","3-Dec","Salad by the Pound",55,"Salad Bar","Fall 2024","Multimodal","Salad Bar","Main","Satellite","Lunch"
"1611","3-Dec","Add Extra Protein 2.99",1,"Salad Bar","Fall 2024","Multimodal","Salad Bar","Modification","Satellite","Lunch"
"1612","3-Dec","Side Potato Tots",17,"Grab N Go","Fall 2024","Multimodal","Grab N Go","Side","Satellite","Lunch"
"1613","4-Dec","Quesadilla Deluxe Trillium",168,"Grill","Fall 2024","Multimodal","Quesadilla","Main","Satellite","Lunch"
"1614","4-Dec","Grilled Hamburger",117,"Grill","Fall 2024","Multimodal","Grill","Main","Treatment","Lunch"
"1615","4-Dec","Fried Chicken Tenders",83,"Grab N Go","Fall 2024","Multimodal","Grab N Go","Side","Satellite","Lunch"
"1616","4-Dec","Burrito Una Mano Trillium BYO",60,"Grill","Fall 2024","Multimodal","Quesadilla","Main","Satellite","Lunch"
"1617","4-Dec","French Fries",126,"Grill","Fall 2024","Multimodal","Grill","Side","Treatment","Lunch"
"1618","4-Dec","Grilled Chicken Breast Sandwich",16,"Grill","Fall 2024","Multimodal","Grill","Main","Treatment","Lunch"
"1619","4-Dec","Quesadilla Cheese",17,"Grill","Fall 2024","Multimodal","Quesadilla","Main","Satellite","Lunch"
"1620","4-Dec","Sweet Potato Fries",28,"Grill","Fall 2024","Multimodal","Grill","Side","Treatment","Lunch"
"1621","4-Dec","Trillium Grill Impossible Burger",7,"Grill","Fall 2024","Multimodal","Grill","Main","Treatment","Lunch"
"1622","4-Dec","Seared Salmon Burger",5,"Grill","Fall 2024","Multimodal","Grill","Main","Treatment","Lunch"
"1623","4-Dec","ADD Chicken Breast",10,"Grill","Fall 2024","Multimodal","Grill","Modification","Treatment","Lunch"
"1624","4-Dec","+ Beef Patty",7,"Grill","Fall 2024","Multimodal","Grill","Modification","Treatment","Lunch"
"1625","4-Dec","Add Sausage 2 Patty",4,"Grill","Fall 2024","Multimodal","Grill","Modification","Treatment","Lunch"
"1626","4-Dec","Black Bean Burger",1,"Grill","Fall 2024","Multimodal","Grill","Main","Treatment","Lunch"
"1627","4-Dec","ADD Cheese",5,"Grill","Fall 2024","Multimodal","Grill","Modification","Treatment","Lunch"
"1628","4-Dec","Add Egg .99",3,"Grill","Fall 2024","Multimodal","Grill","Modification","Treatment","Lunch"
"1629","4-Dec","1 Entree + 1 Side",202,"Asian","Fall 2024","Multimodal","Wok","Main","Satellite","Lunch"
"1630","4-Dec","1 Entree + 2 Side",85,"Asian","Fall 2024","Multimodal","Wok","Main","Satellite","Lunch"
"1631","4-Dec","Bowl Ramen Chicken",84,"Asian","Fall 2024","Multimodal","Ramen","Main","Treatment","Lunch"
"1632","4-Dec","2 Entrees + 2 Sides",35,"Asian","Fall 2024","Multimodal","Wok","Main","Satellite","Lunch"
"1633","4-Dec","Bowl Ramen Tofu",13,"Asian","Fall 2024","Multimodal","Ramen","Main","Treatment","Lunch"
"1634","4-Dec","Side Vegetarian Lo Mein",16,"Asian","Fall 2024","Multimodal","Wok","Side","Satellite","Lunch"
"1635","4-Dec","1 Wok Entree",5,"Asian","Fall 2024","Multimodal","Wok","Main","Satellite","Lunch"
"1636","4-Dec","Side White or Brown Rice",9,"Asian","Fall 2024","Multimodal","Wok","Side","Satellite","Lunch"
"1637","4-Dec","Side Vegetables",2,"Asian","Fall 2024","Multimodal","Wok","Side","Satellite","Lunch"
"1638","4-Dec","Side Fried Spring Roll",1,"Asian","Fall 2024","Multimodal","Wok","Side","Satellite","Lunch"
"1639","4-Dec","Side Vegetarian Fried Rice with",1,"Asian","Fall 2024","Multimodal","Wok","Side","Satellite","Lunch"
"1640","4-Dec","Create Your Pasta Bowl MEAT",142,"Italian","Fall 2024","Multimodal","Pasta","Main","Satellite","Lunch"
"1641","4-Dec","Create Your Pasta Bowl VEG",27,"Italian","Fall 2024","Multimodal","Pasta","Main","Satellite","Lunch"
"1642","4-Dec","Pizza with Toppings",22,"Italian","Fall 2024","Multimodal","Pizza","Main","Satellite","Lunch"
"1643","4-Dec","Pizza Cheese",22,"Italian","Fall 2024","Multimodal","Pizza","Main","Satellite","Lunch"
"1644","4-Dec","Add Extra Meat",36,"Italian","Fall 2024","Multimodal","Pasta","Modification","Satellite","Lunch"
"1645","4-Dec","Side Bread Pasta Station",2,"Italian","Fall 2024","Multimodal","Pasta","Side","Satellite","Lunch"
"1646","4-Dec","Burrito Breakfast",91,"Breakfast","Fall 2024","Multimodal","Breakfast","Main","Satellite","Breakfast"
"1647","4-Dec","Small French Omelet",58,"Breakfast","Fall 2024","Multimodal","Breakfast","Side","Satellite","Breakfast"
"1648","4-Dec","Grand Slam Breakfast",19,"Breakfast","Fall 2024","Multimodal","Breakfast","Main","Satellite","Breakfast"
"1649","4-Dec","Egg Cheese Sausage Breakfast San",30,"Breakfast","Fall 2024","Multimodal","Breakfast","Main","Satellite","Breakfast"
"1650","4-Dec","Egg Cheese Bacon Breakfast Sandw",28,"Breakfast","Fall 2024","Multimodal","Breakfast","Main","Satellite","Breakfast"
"1651","4-Dec","Add Bacon",34,"Breakfast","Fall 2024","Multimodal","Breakfast","Modification","Satellite","Breakfast"
"1652","4-Dec","Two Eggs",18,"Breakfast","Fall 2024","Multimodal","Breakfast","Side","Satellite","Breakfast"
"1653","4-Dec","Trillium Home Fries",5,"Breakfast","Fall 2024","Multimodal","Breakfast","Side","Satellite","Breakfast"
"1654","4-Dec","Pancake Single",2,"Breakfast","Fall 2024","Multimodal","Breakfast","Side","Satellite","Breakfast"
"1655","4-Dec","2 Slices Toast",4,"Breakfast","Fall 2024","Multimodal","Breakfast","Side","Satellite","Breakfast"
"1656","4-Dec","Toast",1,"Breakfast","Fall 2024","Multimodal","Breakfast","Side","Satellite","Breakfast"
"1657","4-Dec","Burrito Bowl BYO",84,"Mexican","Fall 2024","Multimodal","Wrap","Main","Satellite","Lunch"
"1658","4-Dec","Single Taco",10,"Mexican","Fall 2024","Multimodal","Wrap","Main","Satellite","Lunch"
"1659","4-Dec","Side Guacamole",2,"Mexican","Fall 2024","Multimodal","Wrap","Side","Satellite","Lunch"
"1660","4-Dec","Add Extra Toppings Una Mano",2,"Mexican","Fall 2024","Multimodal","Wrap","Modification","Satellite","Lunch"
"1661","4-Dec","Soup 12 oz",58,"Soup","Fall 2024","Multimodal","Soup","Main","Satellite","Lunch"
"1662","4-Dec","8 oz Soup",59,"Soup","Fall 2024","Multimodal","Soup","Main","Satellite","Lunch"
"1663","4-Dec","Salad by the Pound",61,"Salad Bar","Fall 2024","Multimodal","Salad Bar","Main","Satellite","Lunch"
"1664","4-Dec","Add Extra Protein 2.99",2,"Salad Bar","Fall 2024","Multimodal","Salad Bar","Modification","Satellite","Lunch"
"1665","4-Dec","Side Potato Tots",11,"Grab N Go","Fall 2024","Multimodal","Grab N Go","Side","Satellite","Lunch"
"1666","5-Dec","Quesadilla Deluxe Trillium",163,"Grill","Fall 2024","Multimodal","Quesadilla","Main","Satellite","Lunch"
"1667","5-Dec","Grilled Hamburger",118,"Grill","Fall 2024","Multimodal","Grill","Main","Treatment","Lunch"
"1668","5-Dec","Fried Chicken Tenders",116,"Grab N Go","Fall 2024","Multimodal","Grab N Go","Side","Satellite","Lunch"
"1669","5-Dec","Burrito Una Mano Trillium BYO",82,"Grill","Fall 2024","Multimodal","Quesadilla","Main","Satellite","Lunch"
"1670","5-Dec","French Fries",179,"Grill","Fall 2024","Multimodal","Grill","Side","Treatment","Lunch"
"1671","5-Dec","Grilled Chicken Breast Sandwich",22,"Grill","Fall 2024","Multimodal","Grill","Main","Treatment","Lunch"
"1672","5-Dec","Trillium Grill Impossible Burger",16,"Grill","Fall 2024","Multimodal","Grill","Main","Treatment","Lunch"
"1673","5-Dec","Quesadilla Cheese",20,"Grill","Fall 2024","Multimodal","Quesadilla","Main","Satellite","Lunch"
"1674","5-Dec","Sweet Potato Fries",42,"Grill","Fall 2024","Multimodal","Grill","Side","Treatment","Lunch"
"1675","5-Dec","Seared Salmon Burger",11,"Grill","Fall 2024","Multimodal","Grill","Main","Treatment","Lunch"
"1676","5-Dec","Black Bean Burger",6,"Grill","Fall 2024","Multimodal","Grill","Main","Treatment","Lunch"
"1677","5-Dec","+ Beef Patty",15,"Grill","Fall 2024","Multimodal","Grill","Modification","Treatment","Lunch"
"1678","5-Dec","ADD Chicken Breast",4,"Grill","Fall 2024","Multimodal","Grill","Modification","Treatment","Lunch"
"1679","5-Dec","Add Sausage 2 Patty",3,"Grill","Fall 2024","Multimodal","Grill","Modification","Treatment","Lunch"
"1680","5-Dec","ADD Cheese",9,"Grill","Fall 2024","Multimodal","Grill","Modification","Treatment","Lunch"
"1681","5-Dec","Add Egg .99",3,"Grill","Fall 2024","Multimodal","Grill","Modification","Treatment","Lunch"
"1682","5-Dec","1 Entree + 1 Side",212,"Asian","Fall 2024","Multimodal","Wok","Main","Satellite","Lunch"
"1683","5-Dec","1 Entree + 2 Side",85,"Asian","Fall 2024","Multimodal","Wok","Main","Satellite","Lunch"
"1684","5-Dec","Bowl Ramen Chicken",70,"Asian","Fall 2024","Multimodal","Ramen","Main","Treatment","Lunch"
"1685","5-Dec","2 Entrees + 2 Sides",41,"Asian","Fall 2024","Multimodal","Wok","Main","Satellite","Lunch"
"1686","5-Dec","Bowl Ramen Tofu",22,"Asian","Fall 2024","Multimodal","Ramen","Main","Treatment","Lunch"
"1687","5-Dec","Side Vegetarian Lo Mein",14,"Asian","Fall 2024","Multimodal","Wok","Side","Satellite","Lunch"
"1688","5-Dec","1 Wok Entree",8,"Asian","Fall 2024","Multimodal","Wok","Main","Satellite","Lunch"
"1689","5-Dec","Side White or Brown Rice",10,"Asian","Fall 2024","Multimodal","Wok","Side","Satellite","Lunch"
"1690","5-Dec","Side Fried Spring Roll",2,"Asian","Fall 2024","Multimodal","Wok","Side","Satellite","Lunch"
"1691","5-Dec","Side Vegetables",2,"Asian","Fall 2024","Multimodal","Wok","Side","Satellite","Lunch"
"1692","5-Dec","Side Vegetable Spring Rolls",1,"Asian","Fall 2024","Multimodal","Wok","Side","Satellite","Lunch"
"1693","5-Dec","Create Your Pasta Bowl MEAT",113,"Italian","Fall 2024","Multimodal","Pasta","Main","Satellite","Lunch"
"1694","5-Dec","Create Your Pasta Bowl VEG",32,"Italian","Fall 2024","Multimodal","Pasta","Main","Satellite","Lunch"
"1695","5-Dec","Pizza with Toppings",37,"Italian","Fall 2024","Multimodal","Pizza","Main","Satellite","Lunch"
"1696","5-Dec","Pizza Cheese",23,"Italian","Fall 2024","Multimodal","Pizza","Main","Satellite","Lunch"
"1697","5-Dec","Add Extra Meat",23,"Italian","Fall 2024","Multimodal","Pasta","Modification","Satellite","Lunch"
"1698","5-Dec","Side Bread Pasta Station",1,"Italian","Fall 2024","Multimodal","Pasta","Side","Satellite","Lunch"
"1699","5-Dec","Burrito Breakfast",69,"Breakfast","Fall 2024","Multimodal","Breakfast","Main","Satellite","Breakfast"
"1700","5-Dec","Small French Omelet",36,"Breakfast","Fall 2024","Multimodal","Breakfast","Side","Satellite","Breakfast"
"1701","5-Dec","Grand Slam Breakfast",18,"Breakfast","Fall 2024","Multimodal","Breakfast","Main","Satellite","Breakfast"
"1702","5-Dec","Egg Cheese Sausage Breakfast San",24,"Breakfast","Fall 2024","Multimodal","Breakfast","Main","Satellite","Breakfast"
"1703","5-Dec","Egg Cheese Bacon Breakfast Sandw",20,"Breakfast","Fall 2024","Multimodal","Breakfast","Main","Satellite","Breakfast"
"1704","5-Dec","Add Bacon",28,"Breakfast","Fall 2024","Multimodal","Breakfast","Modification","Satellite","Breakfast"
"1705","5-Dec","Two Eggs",15,"Breakfast","Fall 2024","Multimodal","Breakfast","Side","Satellite","Breakfast"
"1706","5-Dec","Trillium Home Fries",2,"Breakfast","Fall 2024","Multimodal","Breakfast","Side","Satellite","Breakfast"
"1707","5-Dec","2 Slices Toast",2,"Breakfast","Fall 2024","Multimodal","Breakfast","Side","Satellite","Breakfast"
"1708","5-Dec","Toast",1,"Breakfast","Fall 2024","Multimodal","Breakfast","Side","Satellite","Breakfast"
"1709","5-Dec","Burrito Bowl BYO",93,"Mexican","Fall 2024","Multimodal","Wrap","Main","Satellite","Lunch"
"1710","5-Dec","Single Taco",4,"Mexican","Fall 2024","Multimodal","Wrap","Main","Satellite","Lunch"
"1711","5-Dec","Side Guacamole",2,"Mexican","Fall 2024","Multimodal","Wrap","Side","Satellite","Lunch"
"1712","5-Dec","Add Extra Toppings Una Mano",2,"Mexican","Fall 2024","Multimodal","Wrap","Modification","Satellite","Lunch"
"1713","5-Dec","8 oz Soup",66,"Soup","Fall 2024","Multimodal","Soup","Main","Satellite","Lunch"
"1714","5-Dec","Soup 12 oz",36,"Soup","Fall 2024","Multimodal","Soup","Main","Satellite","Lunch"
"1715","5-Dec","Salad by the Pound",47,"Salad Bar","Fall 2024","Multimodal","Salad Bar","Main","Satellite","Lunch"
"1716","5-Dec","Add Extra Protein 2.99",2,"Salad Bar","Fall 2024","Multimodal","Salad Bar","Modification","Satellite","Lunch"
"1717","5-Dec","Side Potato Tots",11,"Grab N Go","Fall 2024","Multimodal","Grab N Go","Side","Satellite","Lunch"
"1718","6-Dec","Quesadilla Deluxe Trillium",114,"Grill","Fall 2024","Multimodal","Quesadilla","Main","Satellite","Lunch"
"1719","6-Dec","Grilled Hamburger",76,"Grill","Fall 2024","Multimodal","Grill","Main","Treatment","Lunch"
"1720","6-Dec","Burrito Una Mano Trillium BYO",50,"Grill","Fall 2024","Multimodal","Quesadilla","Main","Satellite","Lunch"
"1721","6-Dec","Fried Chicken Tenders",63,"Grab N Go","Fall 2024","Multimodal","Grab N Go","Side","Satellite","Lunch"
"1722","6-Dec","French Fries",113,"Grill","Fall 2024","Multimodal","Grill","Side","Treatment","Lunch"
"1723","6-Dec","Quesadilla Cheese",12,"Grill","Fall 2024","Multimodal","Quesadilla","Main","Satellite","Lunch"
"1724","6-Dec","Trillium Grill Impossible Burger",8,"Grill","Fall 2024","Multimodal","Grill","Main","Treatment","Lunch"
"1725","6-Dec","Grilled Chicken Breast Sandwich",8,"Grill","Fall 2024","Multimodal","Grill","Main","Treatment","Lunch"
"1726","6-Dec","Seared Salmon Burger",6,"Grill","Fall 2024","Multimodal","Grill","Main","Treatment","Lunch"
"1727","6-Dec","Black Bean Burger",5,"Grill","Fall 2024","Multimodal","Grill","Main","Treatment","Lunch"
"1728","6-Dec","Sweet Potato Fries",7,"Grill","Fall 2024","Multimodal","Grill","Side","Treatment","Lunch"
"1729","6-Dec","Add Sausage 2 Patty",4,"Grill","Fall 2024","Multimodal","Grill","Modification","Treatment","Lunch"
"1730","6-Dec","+ Beef Patty",2,"Grill","Fall 2024","Multimodal","Grill","Modification","Treatment","Lunch"
"1731","6-Dec","ADD Cheese",5,"Grill","Fall 2024","Multimodal","Grill","Modification","Treatment","Lunch"
"1732","6-Dec","Add Egg .99",2,"Grill","Fall 2024","Multimodal","Grill","Modification","Treatment","Lunch"
"1733","6-Dec","1 Entree + 1 Side",137,"Asian","Fall 2024","Multimodal","Wok","Main","Satellite","Lunch"
"1734","6-Dec","1 Entree + 2 Side",61,"Asian","Fall 2024","Multimodal","Wok","Main","Satellite","Lunch"
"1735","6-Dec","Bowl Ramen Chicken",58,"Asian","Fall 2024","Multimodal","Ramen","Main","Treatment","Lunch"
"1736","6-Dec","2 Entrees + 2 Sides",23,"Asian","Fall 2024","Multimodal","Wok","Main","Satellite","Lunch"
"1737","6-Dec","Bowl Ramen Tofu",18,"Asian","Fall 2024","Multimodal","Ramen","Main","Treatment","Lunch"
"1738","6-Dec","1 Wok Entree",5,"Asian","Fall 2024","Multimodal","Wok","Main","Satellite","Lunch"
"1739","6-Dec","Side Vegetarian Lo Mein",5,"Asian","Fall 2024","Multimodal","Wok","Side","Satellite","Lunch"
"1740","6-Dec","Side Vegetables",1,"Asian","Fall 2024","Multimodal","Wok","Side","Satellite","Lunch"
"1741","6-Dec","Side Vegetable Spring Rolls",1,"Asian","Fall 2024","Multimodal","Wok","Side","Satellite","Lunch"
"1742","6-Dec","Side Vegetarian Fried Rice with",1,"Asian","Fall 2024","Multimodal","Wok","Side","Satellite","Lunch"
"1743","6-Dec","Side White or Brown Rice",1,"Asian","Fall 2024","Multimodal","Wok","Side","Satellite","Lunch"
"1744","6-Dec","Burrito Breakfast",72,"Breakfast","Fall 2024","Multimodal","Breakfast","Main","Satellite","Breakfast"
"1745","6-Dec","Small French Omelet",49,"Breakfast","Fall 2024","Multimodal","Breakfast","Side","Satellite","Breakfast"
"1746","6-Dec","Grand Slam Breakfast",15,"Breakfast","Fall 2024","Multimodal","Breakfast","Main","Satellite","Breakfast"
"1747","6-Dec","Egg Cheese Sausage Breakfast San",26,"Breakfast","Fall 2024","Multimodal","Breakfast","Main","Satellite","Breakfast"
"1748","6-Dec","Egg Cheese Bacon Breakfast Sandw",20,"Breakfast","Fall 2024","Multimodal","Breakfast","Main","Satellite","Breakfast"
"1749","6-Dec","Add Bacon",27,"Breakfast","Fall 2024","Multimodal","Breakfast","Modification","Satellite","Breakfast"
"1750","6-Dec","Two Eggs",18,"Breakfast","Fall 2024","Multimodal","Breakfast","Side","Satellite","Breakfast"
"1751","6-Dec","Pancake Single",4,"Breakfast","Fall 2024","Multimodal","Breakfast","Side","Satellite","Breakfast"
"1752","6-Dec","Trillium Home Fries",3,"Breakfast","Fall 2024","Multimodal","Breakfast","Side","Satellite","Breakfast"
"1753","6-Dec","2 Slices Toast",5,"Breakfast","Fall 2024","Multimodal","Breakfast","Side","Satellite","Breakfast"
"1754","6-Dec","Toast",1,"Breakfast","Fall 2024","Multimodal","Breakfast","Side","Satellite","Breakfast"
"1755","6-Dec","PC Peanut Butter",1,"Breakfast","Fall 2024","Multimodal","Breakfast","Side","Satellite","Breakfast"
"1756","6-Dec","Create Your Pasta Bowl MEAT",83,"Italian","Fall 2024","Multimodal","Pasta","Main","Satellite","Lunch"
"1757","6-Dec","Pizza with Toppings",28,"Italian","Fall 2024","Multimodal","Pizza","Main","Satellite","Lunch"
"1758","6-Dec","Create Your Pasta Bowl VEG",12,"Italian","Fall 2024","Multimodal","Pasta","Main","Satellite","Lunch"
"1759","6-Dec","Pizza Cheese",19,"Italian","Fall 2024","Multimodal","Pizza","Main","Satellite","Lunch"
"1760","6-Dec","Add Extra Meat",26,"Italian","Fall 2024","Multimodal","Pasta","Modification","Satellite","Lunch"
"1761","6-Dec","Burrito Bowl BYO",66,"Mexican","Fall 2024","Multimodal","Wrap","Main","Satellite","Lunch"
"1762","6-Dec","Single Taco",6,"Mexican","Fall 2024","Multimodal","Wrap","Main","Satellite","Lunch"
"1763","6-Dec","Soup 12 oz",34,"Soup","Fall 2024","Multimodal","Soup","Main","Satellite","Lunch"
"1764","6-Dec","8 oz Soup",30,"Soup","Fall 2024","Multimodal","Soup","Main","Satellite","Lunch"
"1765","6-Dec","Salad by the Pound",34,"Salad Bar","Fall 2024","Multimodal","Salad Bar","Main","Satellite","Lunch"
"1766","6-Dec","Side Potato Tots",21,"Grab N Go","Fall 2024","Multimodal","Grab N Go","Side","Satellite","Lunch"
"1767","9-Dec","Quesadilla Deluxe Trillium",170,"Grill","Fall 2024","Multimodal (Extra)","Quesadilla","Main","Satellite","Lunch"
"1768","9-Dec","Grilled Hamburger",96,"Grill","Fall 2024","Multimodal (Extra)","Grill","Main","Treatment","Lunch"
"1769","9-Dec","Fried Chicken Tenders",78,"Grab N Go","Fall 2024","Multimodal (Extra)","Grab N Go","Side","Satellite","Lunch"
"1770","9-Dec","Burrito Una Mano Trillium BYO",54,"Grill","Fall 2024","Multimodal (Extra)","Quesadilla","Main","Satellite","Lunch"
"1771","9-Dec","French Fries",116,"Grill","Fall 2024","Multimodal (Extra)","Grill","Side","Treatment","Lunch"
"1772","9-Dec","Seared Salmon Burger",12,"Grill","Fall 2024","Multimodal (Extra)","Grill","Main","Treatment","Lunch"
"1773","9-Dec","Trillium Grill Impossible Burger",9,"Grill","Fall 2024","Multimodal (Extra)","Grill","Main","Treatment","Lunch"
"1774","9-Dec","Grilled Chicken Breast Sandwich",8,"Grill","Fall 2024","Multimodal (Extra)","Grill","Main","Treatment","Lunch"
"1775","9-Dec","Sweet Potato Fries",22,"Grill","Fall 2024","Multimodal (Extra)","Grill","Side","Treatment","Lunch"
"1776","9-Dec","Quesadilla Cheese",8,"Grill","Fall 2024","Multimodal (Extra)","Quesadilla","Main","Satellite","Lunch"
"1777","9-Dec","Black Bean Burger",4,"Grill","Fall 2024","Multimodal (Extra)","Grill","Main","Treatment","Lunch"
"1778","9-Dec","+ Beef Patty",8,"Grill","Fall 2024","Multimodal (Extra)","Grill","Modification","Treatment","Lunch"
"1779","9-Dec","ADD Chicken Breast",6,"Grill","Fall 2024","Multimodal (Extra)","Grill","Modification","Treatment","Lunch"
"1780","9-Dec","ADD Cheese",9,"Grill","Fall 2024","Multimodal (Extra)","Grill","Modification","Treatment","Lunch"
"1781","9-Dec","Add Egg .99",4,"Grill","Fall 2024","Multimodal (Extra)","Grill","Modification","Treatment","Lunch"
"1782","9-Dec","Add Sausage 2 Patty",1,"Grill","Fall 2024","Multimodal (Extra)","Grill","Modification","Treatment","Lunch"
"1783","9-Dec","1 Entree + 1 Side",165,"Asian","Fall 2024","Multimodal (Extra)","Wok","Main","Satellite","Lunch"
"1784","9-Dec","1 Entree + 2 Side",59,"Asian","Fall 2024","Multimodal (Extra)","Wok","Main","Satellite","Lunch"
"1785","9-Dec","Bowl Ramen Chicken",57,"Asian","Fall 2024","Multimodal (Extra)","Ramen","Main","Treatment","Lunch"
"1786","9-Dec","2 Entrees + 2 Sides",17,"Asian","Fall 2024","Multimodal (Extra)","Wok","Main","Satellite","Lunch"
"1787","9-Dec","Bowl Ramen Tofu",20,"Asian","Fall 2024","Multimodal (Extra)","Ramen","Main","Treatment","Lunch"
"1788","9-Dec","Side Vegetarian Lo Mein",11,"Asian","Fall 2024","Multimodal (Extra)","Wok","Side","Satellite","Lunch"
"1789","9-Dec","1 Wok Entree",3,"Asian","Fall 2024","Multimodal (Extra)","Wok","Main","Satellite","Lunch"
"1790","9-Dec","Side White or Brown Rice",7,"Asian","Fall 2024","Multimodal (Extra)","Wok","Side","Satellite","Lunch"
"1791","9-Dec","Side Vegetable Spring Rolls",3,"Asian","Fall 2024","Multimodal (Extra)","Wok","Side","Satellite","Lunch"
"1792","9-Dec","Create Your Pasta Bowl MEAT",108,"Italian","Fall 2024","Multimodal (Extra)","Pasta","Main","Satellite","Lunch"
"1793","9-Dec","Create Your Pasta Bowl VEG",32,"Italian","Fall 2024","Multimodal (Extra)","Pasta","Main","Satellite","Lunch"
"1794","9-Dec","Pizza with Toppings",28,"Italian","Fall 2024","Multimodal (Extra)","Pizza","Main","Satellite","Lunch"
"1795","9-Dec","Pizza Cheese",17,"Italian","Fall 2024","Multimodal (Extra)","Pizza","Main","Satellite","Lunch"
"1796","9-Dec","Add Extra Meat",28,"Italian","Fall 2024","Multimodal (Extra)","Pasta","Modification","Satellite","Lunch"
"1797","9-Dec","Burrito Breakfast",70,"Breakfast","Fall 2024","Multimodal (Extra)","Breakfast","Main","Satellite","Breakfast"
"1798","9-Dec","Small French Omelet",44,"Breakfast","Fall 2024","Multimodal (Extra)","Breakfast","Side","Satellite","Breakfast"
"1799","9-Dec","Egg Cheese Sausage Breakfast San",25,"Breakfast","Fall 2024","Multimodal (Extra)","Breakfast","Main","Satellite","Breakfast"
"1800","9-Dec","Grand Slam Breakfast",12,"Breakfast","Fall 2024","Multimodal (Extra)","Breakfast","Main","Satellite","Breakfast"
"1801","9-Dec","Egg Cheese Bacon Breakfast Sandw",21,"Breakfast","Fall 2024","Multimodal (Extra)","Breakfast","Main","Satellite","Breakfast"
"1802","9-Dec","Add Bacon",32,"Breakfast","Fall 2024","Multimodal (Extra)","Breakfast","Modification","Satellite","Breakfast"
"1803","9-Dec","Two Eggs",13,"Breakfast","Fall 2024","Multimodal (Extra)","Breakfast","Side","Satellite","Breakfast"
"1804","9-Dec","Pancake Single",6,"Breakfast","Fall 2024","Multimodal (Extra)","Breakfast","Side","Satellite","Breakfast"
"1805","9-Dec","Trillium Home Fries",1,"Breakfast","Fall 2024","Multimodal (Extra)","Breakfast","Side","Satellite","Breakfast"
"1806","9-Dec","2 Slices Toast",3,"Breakfast","Fall 2024","Multimodal (Extra)","Breakfast","Side","Satellite","Breakfast"
"1807","9-Dec","Toast",1,"Breakfast","Fall 2024","Multimodal (Extra)","Breakfast","Side","Satellite","Breakfast"
"1808","9-Dec","Burrito Bowl BYO",93,"Mexican","Fall 2024","Multimodal (Extra)","Wrap","Main","Satellite","Lunch"
"1809","9-Dec","Single Taco",6,"Mexican","Fall 2024","Multimodal (Extra)","Wrap","Main","Satellite","Lunch"
"1810","9-Dec","Soup 12 oz",47,"Soup","Fall 2024","Multimodal (Extra)","Soup","Main","Satellite","Lunch"
"1811","9-Dec","8 oz Soup",32,"Soup","Fall 2024","Multimodal (Extra)","Soup","Main","Satellite","Lunch"
"1812","9-Dec","Salad by the Pound",34,"Salad Bar","Fall 2024","Multimodal (Extra)","Salad Bar","Main","Satellite","Lunch"
"1813","9-Dec","Side Potato Tots",17,"Grab N Go","Fall 2024","Multimodal (Extra)","Grab N Go","Side","Satellite","Lunch"
"1814","10-Dec","Quesadilla Deluxe Trillium",133,"Grill","Fall 2024","Multimodal (Extra)","Quesadilla","Main","Satellite","Lunch"
"1815","10-Dec","Grilled Hamburger",52,"Grill","Fall 2024","Multimodal (Extra)","Grill","Main","Treatment","Lunch"
"1816","10-Dec","Burrito Una Mano Trillium BYO",30,"Grill","Fall 2024","Multimodal (Extra)","Quesadilla","Main","Satellite","Lunch"
"1817","10-Dec","Fried Chicken Tenders",34,"Grab N Go","Fall 2024","Multimodal (Extra)","Grab N Go","Side","Satellite","Lunch"
"1818","10-Dec","French Fries",65,"Grill","Fall 2024","Multimodal (Extra)","Grill","Side","Treatment","Lunch"
"1819","10-Dec","Trillium Grill Impossible Burger",8,"Grill","Fall 2024","Multimodal (Extra)","Grill","Main","Treatment","Lunch"
"1820","10-Dec","Quesadilla Cheese",8,"Grill","Fall 2024","Multimodal (Extra)","Quesadilla","Main","Satellite","Lunch"
"1821","10-Dec","Grilled Chicken Breast Sandwich",6,"Grill","Fall 2024","Multimodal (Extra)","Grill","Main","Treatment","Lunch"
"1822","10-Dec","Seared Salmon Burger",6,"Grill","Fall 2024","Multimodal (Extra)","Grill","Main","Treatment","Lunch"
"1823","10-Dec","Sweet Potato Fries",12,"Grill","Fall 2024","Multimodal (Extra)","Grill","Side","Treatment","Lunch"
"1824","10-Dec","+ Beef Patty",4,"Grill","Fall 2024","Multimodal (Extra)","Grill","Modification","Treatment","Lunch"
"1825","10-Dec","ADD Chicken Breast",1,"Grill","Fall 2024","Multimodal (Extra)","Grill","Modification","Treatment","Lunch"
"1826","10-Dec","Add Egg .99",1,"Grill","Fall 2024","Multimodal (Extra)","Grill","Modification","Treatment","Lunch"
"1827","10-Dec","ADD Cheese",1,"Grill","Fall 2024","Multimodal (Extra)","Grill","Modification","Treatment","Lunch"
"1828","10-Dec","1 Entree + 1 Side",76,"Asian","Fall 2024","Multimodal (Extra)","Wok","Main","Satellite","Lunch"
"1829","10-Dec","Bowl Ramen Chicken",37,"Asian","Fall 2024","Multimodal (Extra)","Ramen","Main","Treatment","Lunch"
"1830","10-Dec","1 Entree + 2 Side",32,"Asian","Fall 2024","Multimodal (Extra)","Wok","Main","Satellite","Lunch"
"1831","10-Dec","2 Entrees + 2 Sides",15,"Asian","Fall 2024","Multimodal (Extra)","Wok","Main","Satellite","Lunch"
"1832","10-Dec","Bowl Ramen Tofu",4,"Asian","Fall 2024","Multimodal (Extra)","Ramen","Main","Treatment","Lunch"
"1833","10-Dec","Side Vegetables",2,"Asian","Fall 2024","Multimodal (Extra)","Wok","Side","Satellite","Lunch"
"1834","10-Dec","Side Vegetable Spring Rolls",1,"Asian","Fall 2024","Multimodal (Extra)","Wok","Side","Satellite","Lunch"
"1835","10-Dec","Side Vegetarian Lo Mein",1,"Asian","Fall 2024","Multimodal (Extra)","Wok","Side","Satellite","Lunch"
"1836","10-Dec","Side White or Brown Rice",1,"Asian","Fall 2024","Multimodal (Extra)","Wok","Side","Satellite","Lunch"
"1837","10-Dec","Create Your Pasta Bowl MEAT",45,"Italian","Fall 2024","Multimodal (Extra)","Pasta","Main","Satellite","Lunch"
"1838","10-Dec","Pizza with Toppings",22,"Italian","Fall 2024","Multimodal (Extra)","Pizza","Main","Satellite","Lunch"
"1839","10-Dec","Create Your Pasta Bowl VEG",9,"Italian","Fall 2024","Multimodal (Extra)","Pasta","Main","Satellite","Lunch"
"1840","10-Dec","Pizza Cheese",11,"Italian","Fall 2024","Multimodal (Extra)","Pizza","Main","Satellite","Lunch"
"1841","10-Dec","Add Extra Meat",12,"Italian","Fall 2024","Multimodal (Extra)","Pasta","Modification","Satellite","Lunch"
"1842","10-Dec","Burrito Breakfast",36,"Breakfast","Fall 2024","Multimodal (Extra)","Breakfast","Main","Satellite","Breakfast"
"1843","10-Dec","Small French Omelet",22,"Breakfast","Fall 2024","Multimodal (Extra)","Breakfast","Side","Satellite","Breakfast"
"1844","10-Dec","Grand Slam Breakfast",8,"Breakfast","Fall 2024","Multimodal (Extra)","Breakfast","Main","Satellite","Breakfast"
"1845","10-Dec","Add Bacon",13,"Breakfast","Fall 2024","Multimodal (Extra)","Breakfast","Modification","Satellite","Breakfast"
"1846","10-Dec","Pancake Single",3,"Breakfast","Fall 2024","Multimodal (Extra)","Breakfast","Side","Satellite","Breakfast"
"1847","10-Dec","Egg Cheese Sausage Breakfast San",1,"Breakfast","Fall 2024","Multimodal (Extra)","Breakfast","Main","Satellite","Breakfast"
"1848","10-Dec","Two Eggs",2,"Breakfast","Fall 2024","Multimodal (Extra)","Breakfast","Side","Satellite","Breakfast"
"1849","10-Dec","2 Slices Toast",2,"Breakfast","Fall 2024","Multimodal (Extra)","Breakfast","Side","Satellite","Breakfast"
"1850","10-Dec","Burrito Bowl BYO",40,"Mexican","Fall 2024","Multimodal (Extra)","Wrap","Main","Satellite","Lunch"
"1851","10-Dec","Single Taco",8,"Mexican","Fall 2024","Multimodal (Extra)","Wrap","Main","Satellite","Lunch"
"1852","10-Dec","Side Guacamole",1,"Mexican","Fall 2024","Multimodal (Extra)","Wrap","Side","Satellite","Lunch"
"1853","10-Dec","Add Extra Toppings Una Mano",1,"Mexican","Fall 2024","Multimodal (Extra)","Wrap","Modification","Satellite","Lunch"
"1854","10-Dec","Salad by the Pound",32,"Salad Bar","Fall 2024","Multimodal (Extra)","Salad Bar","Main","Satellite","Lunch"
"1855","10-Dec","8 oz Soup",24,"Soup","Fall 2024","Multimodal (Extra)","Soup","Main","Satellite","Lunch"
"1856","10-Dec","Soup 12 oz",18,"Soup","Fall 2024","Multimodal (Extra)","Soup","Main","Satellite","Lunch"
"1857","10-Dec","Side Potato Tots",6,"Grab N Go","Fall 2024","Multimodal (Extra)","Grab N Go","Side","Satellite","Lunch"
"1858","11-Dec","Quesadilla Deluxe Trillium",111,"Grill","Fall 2024","Multimodal (Extra)","Quesadilla","Main","Satellite","Lunch"
"1859","11-Dec","Grilled Hamburger",47,"Grill","Fall 2024","Multimodal (Extra)","Grill","Main","Treatment","Lunch"
"1860","11-Dec","Burrito Una Mano Trillium BYO",38,"Grill","Fall 2024","Multimodal (Extra)","Quesadilla","Main","Satellite","Lunch"
"1861","11-Dec","French Fries",71,"Grill","Fall 2024","Multimodal (Extra)","Grill","Side","Treatment","Lunch"
"1862","11-Dec","Fried Chicken Tenders",28,"Grab N Go","Fall 2024","Multimodal (Extra)","Grab N Go","Side","Satellite","Lunch"
"1863","11-Dec","Quesadilla Cheese",11,"Grill","Fall 2024","Multimodal (Extra)","Quesadilla","Main","Satellite","Lunch"
"1864","11-Dec","Grilled Chicken Breast Sandwich",8,"Grill","Fall 2024","Multimodal (Extra)","Grill","Main","Treatment","Lunch"
"1865","11-Dec","Trillium Grill Impossible Burger",5,"Grill","Fall 2024","Multimodal (Extra)","Grill","Main","Treatment","Lunch"
"1866","11-Dec","Seared Salmon Burger",6,"Grill","Fall 2024","Multimodal (Extra)","Grill","Main","Treatment","Lunch"
"1867","11-Dec","Black Bean Burger",2,"Grill","Fall 2024","Multimodal (Extra)","Grill","Main","Treatment","Lunch"
"1868","11-Dec","+ Beef Patty",4,"Grill","Fall 2024","Multimodal (Extra)","Grill","Modification","Treatment","Lunch"
"1869","11-Dec","ADD Burger Salmon Grilled",2,"Grill","Fall 2024","Multimodal (Extra)","Grill","Modification","Treatment","Lunch"
"1870","11-Dec","Add Egg .99",4,"Grill","Fall 2024","Multimodal (Extra)","Grill","Modification","Treatment","Lunch"
"1871","11-Dec","Add Sausage 2 Patty",1,"Grill","Fall 2024","Multimodal (Extra)","Grill","Modification","Treatment","Lunch"
"1872","11-Dec","ADD Cheese",3,"Grill","Fall 2024","Multimodal (Extra)","Grill","Modification","Treatment","Lunch"
"1873","11-Dec","1 Entree + 1 Side",70,"Asian","Fall 2024","Multimodal (Extra)","Wok","Main","Satellite","Lunch"
"1874","11-Dec","Bowl Ramen Chicken",42,"Asian","Fall 2024","Multimodal (Extra)","Ramen","Main","Treatment","Lunch"
"1875","11-Dec","1 Entree + 2 Side",31,"Asian","Fall 2024","Multimodal (Extra)","Wok","Main","Satellite","Lunch"
"1876","11-Dec","2 Entrees + 2 Sides",15,"Asian","Fall 2024","Multimodal (Extra)","Wok","Main","Satellite","Lunch"
"1877","11-Dec","Bowl Ramen Tofu",7,"Asian","Fall 2024","Multimodal (Extra)","Ramen","Main","Treatment","Lunch"
"1878","11-Dec","1 Wok Entree",4,"Asian","Fall 2024","Multimodal (Extra)","Wok","Main","Satellite","Lunch"
"1879","11-Dec","Side Vegetables",5,"Asian","Fall 2024","Multimodal (Extra)","Wok","Side","Satellite","Lunch"
"1880","11-Dec","Side Vegetarian Lo Mein",3,"Asian","Fall 2024","Multimodal (Extra)","Wok","Side","Satellite","Lunch"
"1881","11-Dec","Side White or Brown Rice",5,"Asian","Fall 2024","Multimodal (Extra)","Wok","Side","Satellite","Lunch"
"1882","11-Dec","Side Vegetarian Fried Rice with",2,"Asian","Fall 2024","Multimodal (Extra)","Wok","Side","Satellite","Lunch"
"1883","11-Dec","Side Vegetable Spring Rolls",1,"Asian","Fall 2024","Multimodal (Extra)","Wok","Side","Satellite","Lunch"
"1884","11-Dec","Create Your Pasta Bowl MEAT",41,"Italian","Fall 2024","Multimodal (Extra)","Pasta","Main","Satellite","Lunch"
"1885","11-Dec","Create Your Pasta Bowl VEG",15,"Italian","Fall 2024","Multimodal (Extra)","Pasta","Main","Satellite","Lunch"
"1886","11-Dec","Pizza with Toppings",17,"Italian","Fall 2024","Multimodal (Extra)","Pizza","Main","Satellite","Lunch"
"1887","11-Dec","Pizza Cheese",6,"Italian","Fall 2024","Multimodal (Extra)","Pizza","Main","Satellite","Lunch"
"1888","11-Dec","Add Extra Meat",5,"Italian","Fall 2024","Multimodal (Extra)","Pasta","Modification","Satellite","Lunch"
"1889","11-Dec","Burrito Breakfast",37,"Breakfast","Fall 2024","Multimodal (Extra)","Breakfast","Main","Satellite","Breakfast"
"1890","11-Dec","Small French Omelet",24,"Breakfast","Fall 2024","Multimodal (Extra)","Breakfast","Side","Satellite","Breakfast"
"1891","11-Dec","Egg Cheese Sausage Breakfast San",9,"Breakfast","Fall 2024","Multimodal (Extra)","Breakfast","Main","Satellite","Breakfast"
"1892","11-Dec","Grand Slam Breakfast",4,"Breakfast","Fall 2024","Multimodal (Extra)","Breakfast","Main","Satellite","Breakfast"
"1893","11-Dec","Add Bacon",6,"Breakfast","Fall 2024","Multimodal (Extra)","Breakfast","Modification","Satellite","Breakfast"
"1894","11-Dec","Egg Cheese Bacon Breakfast Sandw",2,"Breakfast","Fall 2024","Multimodal (Extra)","Breakfast","Main","Satellite","Breakfast"
"1895","11-Dec","Pancake Single",4,"Breakfast","Fall 2024","Multimodal (Extra)","Breakfast","Side","Satellite","Breakfast"
"1896","11-Dec","Two Eggs",3,"Breakfast","Fall 2024","Multimodal (Extra)","Breakfast","Side","Satellite","Breakfast"
"1897","11-Dec","Trillium Home Fries",1,"Breakfast","Fall 2024","Multimodal (Extra)","Breakfast","Side","Satellite","Breakfast"
"1898","11-Dec","Burrito Bowl BYO",49,"Mexican","Fall 2024","Multimodal (Extra)","Wrap","Main","Satellite","Lunch"
"1899","11-Dec","Single Taco",2,"Mexican","Fall 2024","Multimodal (Extra)","Wrap","Main","Satellite","Lunch"
"1900","11-Dec","Side Guacamole",1,"Mexican","Fall 2024","Multimodal (Extra)","Wrap","Side","Satellite","Lunch"
"1901","11-Dec","Salad by the Pound",30,"Salad Bar","Fall 2024","Multimodal (Extra)","Salad Bar","Main","Satellite","Lunch"
"1902","11-Dec","Soup 12 oz",20,"Soup","Fall 2024","Multimodal (Extra)","Soup","Main","Satellite","Lunch"
"1903","11-Dec","8 oz Soup",18,"Soup","Fall 2024","Multimodal (Extra)","Soup","Main","Satellite","Lunch"
"1904","11-Dec","Side Potato Tots",11,"Grab N Go","Fall 2024","Multimodal (Extra)","Grab N Go","Side","Satellite","Lunch"
"1905","12-Dec","Quesadilla Deluxe Trillium",144,"Grill","Fall 2024","Multimodal (Extra)","Quesadilla","Main","Satellite","Lunch"
"1906","12-Dec","Grilled Hamburger",69,"Grill","Fall 2024","Multimodal (Extra)","Grill","Main","Treatment","Lunch"
"1907","12-Dec","Burrito Una Mano Trillium BYO",33,"Grill","Fall 2024","Multimodal (Extra)","Quesadilla","Main","Satellite","Lunch"
"1908","12-Dec","Fried Chicken Tenders",39,"Grab N Go","Fall 2024","Multimodal (Extra)","Grab N Go","Side","Satellite","Lunch"
"1909","12-Dec","French Fries",73,"Grill","Fall 2024","Multimodal (Extra)","Grill","Side","Treatment","Lunch"
"1910","12-Dec","Grilled Chicken Breast Sandwich",13,"Grill","Fall 2024","Multimodal (Extra)","Grill","Main","Treatment","Lunch"
"1911","12-Dec","Trillium Grill Impossible Burger",8,"Grill","Fall 2024","Multimodal (Extra)","Grill","Main","Treatment","Lunch"
"1912","12-Dec","Seared Salmon Burger",8,"Grill","Fall 2024","Multimodal (Extra)","Grill","Main","Treatment","Lunch"
"1913","12-Dec","Quesadilla Cheese",8,"Grill","Fall 2024","Multimodal (Extra)","Quesadilla","Main","Satellite","Lunch"
"1914","12-Dec","Sweet Potato Fries",15,"Grill","Fall 2024","Multimodal (Extra)","Grill","Side","Treatment","Lunch"
"1915","12-Dec","+ Beef Patty",12,"Grill","Fall 2024","Multimodal (Extra)","Grill","Modification","Treatment","Lunch"
"1916","12-Dec","ADD Chicken Breast",5,"Grill","Fall 2024","Multimodal (Extra)","Grill","Modification","Treatment","Lunch"
"1917","12-Dec","Black Bean Burger",1,"Grill","Fall 2024","Multimodal (Extra)","Grill","Main","Treatment","Lunch"
"1918","12-Dec","ADD Cheese",10,"Grill","Fall 2024","Multimodal (Extra)","Grill","Modification","Treatment","Lunch"
"1919","12-Dec","ADD Burger Salmon Grilled",1,"Grill","Fall 2024","Multimodal (Extra)","Grill","Modification","Treatment","Lunch"
"1920","12-Dec","Add Egg .99",2,"Grill","Fall 2024","Multimodal (Extra)","Grill","Modification","Treatment","Lunch"
"1921","12-Dec","1 Entree + 1 Side",83,"Asian","Fall 2024","Multimodal (Extra)","Wok","Main","Satellite","Lunch"
"1922","12-Dec","1 Entree + 2 Side",44,"Asian","Fall 2024","Multimodal (Extra)","Wok","Main","Satellite","Lunch"
"1923","12-Dec","Bowl Ramen Chicken",46,"Asian","Fall 2024","Multimodal (Extra)","Ramen","Main","Treatment","Lunch"
"1924","12-Dec","2 Entrees + 2 Sides",9,"Asian","Fall 2024","Multimodal (Extra)","Wok","Main","Satellite","Lunch"
"1925","12-Dec","Bowl Ramen Tofu",9,"Asian","Fall 2024","Multimodal (Extra)","Ramen","Main","Treatment","Lunch"
"1926","12-Dec","Side Vegetarian Lo Mein",7,"Asian","Fall 2024","Multimodal (Extra)","Wok","Side","Satellite","Lunch"
"1927","12-Dec","1 Wok Entree",4,"Asian","Fall 2024","Multimodal (Extra)","Wok","Main","Satellite","Lunch"
"1928","12-Dec","Side White or Brown Rice",6,"Asian","Fall 2024","Multimodal (Extra)","Wok","Side","Satellite","Lunch"
"1929","12-Dec","Side Vegetarian Fried Rice with",2,"Asian","Fall 2024","Multimodal (Extra)","Wok","Side","Satellite","Lunch"
"1930","12-Dec","Side Fried Spring Roll",1,"Asian","Fall 2024","Multimodal (Extra)","Wok","Side","Satellite","Lunch"
"1931","12-Dec","Side Vegetables",1,"Asian","Fall 2024","Multimodal (Extra)","Wok","Side","Satellite","Lunch"
"1932","12-Dec","Side Vegetable Spring Rolls",1,"Asian","Fall 2024","Multimodal (Extra)","Wok","Side","Satellite","Lunch"
"1933","12-Dec","Small French Omelet",34,"Breakfast","Fall 2024","Multimodal (Extra)","Breakfast","Side","Satellite","Breakfast"
"1934","12-Dec","Burrito Breakfast",36,"Breakfast","Fall 2024","Multimodal (Extra)","Breakfast","Main","Satellite","Breakfast"
"1935","12-Dec","Grand Slam Breakfast",7,"Breakfast","Fall 2024","Multimodal (Extra)","Breakfast","Main","Satellite","Breakfast"
"1936","12-Dec","Egg Cheese Sausage Breakfast San",11,"Breakfast","Fall 2024","Multimodal (Extra)","Breakfast","Main","Satellite","Breakfast"
"1937","12-Dec","Add Bacon",24,"Breakfast","Fall 2024","Multimodal (Extra)","Breakfast","Modification","Satellite","Breakfast"
"1938","12-Dec","Egg Cheese Bacon Breakfast Sandw",8,"Breakfast","Fall 2024","Multimodal (Extra)","Breakfast","Main","Satellite","Breakfast"
"1939","12-Dec","Two Eggs",6,"Breakfast","Fall 2024","Multimodal (Extra)","Breakfast","Side","Satellite","Breakfast"
"1940","12-Dec","Trillium Home Fries",1,"Breakfast","Fall 2024","Multimodal (Extra)","Breakfast","Side","Satellite","Breakfast"
"1941","12-Dec","Pancake Single",1,"Breakfast","Fall 2024","Multimodal (Extra)","Breakfast","Side","Satellite","Breakfast"
"1942","12-Dec","Toast",1,"Breakfast","Fall 2024","Multimodal (Extra)","Breakfast","Side","Satellite","Breakfast"
"1943","12-Dec","PC Jelly",1,"Breakfast","Fall 2024","Multimodal (Extra)","Breakfast","Side","Satellite","Breakfast"
"1944","12-Dec","Create Your Pasta Bowl MEAT",34,"Italian","Fall 2024","Multimodal (Extra)","Pasta","Main","Satellite","Lunch"
"1945","12-Dec","Create Your Pasta Bowl VEG",14,"Italian","Fall 2024","Multimodal (Extra)","Pasta","Main","Satellite","Lunch"
"1946","12-Dec","Pizza with Toppings",19,"Italian","Fall 2024","Multimodal (Extra)","Pizza","Main","Satellite","Lunch"
"1947","12-Dec","Pizza Cheese",9,"Italian","Fall 2024","Multimodal (Extra)","Pizza","Main","Satellite","Lunch"
"1948","12-Dec","Add Extra Meat",9,"Italian","Fall 2024","Multimodal (Extra)","Pasta","Modification","Satellite","Lunch"
"1949","12-Dec","Burrito Bowl BYO",55,"Mexican","Fall 2024","Multimodal (Extra)","Wrap","Main","Satellite","Lunch"
"1950","12-Dec","Single Taco",11,"Mexican","Fall 2024","Multimodal (Extra)","Wrap","Main","Satellite","Lunch"
"1951","12-Dec","Side Guacamole",3,"Mexican","Fall 2024","Multimodal (Extra)","Wrap","Side","Satellite","Lunch"
"1952","12-Dec","Add Extra Toppings Una Mano",2,"Mexican","Fall 2024","Multimodal (Extra)","Wrap","Modification","Satellite","Lunch"
"1953","12-Dec","Salad by the Pound",38,"Salad Bar","Fall 2024","Multimodal (Extra)","Salad Bar","Main","Satellite","Lunch"
"1954","12-Dec","8 oz Soup",30,"Soup","Fall 2024","Multimodal (Extra)","Soup","Main","Satellite","Lunch"
"1955","12-Dec","Soup 12 oz",18,"Soup","Fall 2024","Multimodal (Extra)","Soup","Main","Satellite","Lunch"
"1956","12-Dec","Side Potato Tots",7,"Grab N Go","Fall 2024","Multimodal (Extra)","Grab N Go","Side","Satellite","Lunch"
"1957","13-Dec","Quesadilla Deluxe Trillium",118,"Grill","Fall 2024","Multimodal (Extra)","Quesadilla","Main","Satellite","Lunch"
"1958","13-Dec","Grilled Hamburger",49,"Grill","Fall 2024","Multimodal (Extra)","Grill","Main","Treatment","Lunch"
"1959","13-Dec","Burrito Una Mano Trillium BYO",43,"Grill","Fall 2024","Multimodal (Extra)","Quesadilla","Main","Satellite","Lunch"
"1960","13-Dec","Fried Chicken Tenders",34,"Grab N Go","Fall 2024","Multimodal (Extra)","Grab N Go","Side","Satellite","Lunch"
"1961","13-Dec","French Fries",84,"Grill","Fall 2024","Multimodal (Extra)","Grill","Side","Treatment","Lunch"
"1962","13-Dec","Grilled Chicken Breast Sandwich",13,"Grill","Fall 2024","Multimodal (Extra)","Grill","Main","Treatment","Lunch"
"1963","13-Dec","Quesadilla Cheese",12,"Grill","Fall 2024","Multimodal (Extra)","Quesadilla","Main","Satellite","Lunch"
"1964","13-Dec","+ Beef Patty",9,"Grill","Fall 2024","Multimodal (Extra)","Grill","Modification","Treatment","Lunch"
"1965","13-Dec","Seared Salmon Burger",2,"Grill","Fall 2024","Multimodal (Extra)","Grill","Main","Treatment","Lunch"
"1966","13-Dec","Trillium Grill Impossible Burger",1,"Grill","Fall 2024","Multimodal (Extra)","Grill","Main","Treatment","Lunch"
"1967","13-Dec","ADD Chicken Breast",3,"Grill","Fall 2024","Multimodal (Extra)","Grill","Modification","Treatment","Lunch"
"1968","13-Dec","Black Bean Burger",1,"Grill","Fall 2024","Multimodal (Extra)","Grill","Main","Treatment","Lunch"
"1969","13-Dec","Add Sausage 2 Patty",2,"Grill","Fall 2024","Multimodal (Extra)","Grill","Modification","Treatment","Lunch"
"1970","13-Dec","ADD Cheese",5,"Grill","Fall 2024","Multimodal (Extra)","Grill","Modification","Treatment","Lunch"
"1971","13-Dec","Add Egg .99",3,"Grill","Fall 2024","Multimodal (Extra)","Grill","Modification","Treatment","Lunch"
"1972","13-Dec","1 Entree + 1 Side",87,"Asian","Fall 2024","Multimodal (Extra)","Wok","Main","Satellite","Lunch"
"1973","13-Dec","Bowl Ramen Chicken",50,"Asian","Fall 2024","Multimodal (Extra)","Ramen","Main","Treatment","Lunch"
"1974","13-Dec","1 Entree + 2 Side",44,"Asian","Fall 2024","Multimodal (Extra)","Wok","Main","Satellite","Lunch"
"1975","13-Dec","2 Entrees + 2 Sides",9,"Asian","Fall 2024","Multimodal (Extra)","Wok","Main","Satellite","Lunch"
"1976","13-Dec","Bowl Ramen Tofu",7,"Asian","Fall 2024","Multimodal (Extra)","Ramen","Main","Treatment","Lunch"
"1977","13-Dec","Side Vegetarian Lo Mein",5,"Asian","Fall 2024","Multimodal (Extra)","Wok","Side","Satellite","Lunch"
"1978","13-Dec","Side White or Brown Rice",6,"Asian","Fall 2024","Multimodal (Extra)","Wok","Side","Satellite","Lunch"
"1979","13-Dec","Side Vegetarian Fried Rice with",2,"Asian","Fall 2024","Multimodal (Extra)","Wok","Side","Satellite","Lunch"
"1980","13-Dec","1 Wok Entree",1,"Asian","Fall 2024","Multimodal (Extra)","Wok","Main","Satellite","Lunch"
"1981","13-Dec","Side Vegetables",1,"Asian","Fall 2024","Multimodal (Extra)","Wok","Side","Satellite","Lunch"
"1982","13-Dec","Side Vegetable Spring Rolls",1,"Asian","Fall 2024","Multimodal (Extra)","Wok","Side","Satellite","Lunch"
"1983","13-Dec","Burrito Breakfast",44,"Breakfast","Fall 2024","Multimodal (Extra)","Breakfast","Main","Satellite","Breakfast"
"1984","13-Dec","Small French Omelet",32,"Breakfast","Fall 2024","Multimodal (Extra)","Breakfast","Side","Satellite","Breakfast"
"1985","13-Dec","Grand Slam Breakfast",7,"Breakfast","Fall 2024","Multimodal (Extra)","Breakfast","Main","Satellite","Breakfast"
"1986","13-Dec","Add Bacon",17,"Breakfast","Fall 2024","Multimodal (Extra)","Breakfast","Modification","Satellite","Breakfast"
"1987","13-Dec","Two Eggs",6,"Breakfast","Fall 2024","Multimodal (Extra)","Breakfast","Side","Satellite","Breakfast"
"1988","13-Dec","Pancake Single",3,"Breakfast","Fall 2024","Multimodal (Extra)","Breakfast","Side","Satellite","Breakfast"
"1989","13-Dec","Trillium Home Fries",1,"Breakfast","Fall 2024","Multimodal (Extra)","Breakfast","Side","Satellite","Breakfast"
"1990","13-Dec","2 Slices Toast",1,"Breakfast","Fall 2024","Multimodal (Extra)","Breakfast","Side","Satellite","Breakfast"
"1991","13-Dec","Create Your Pasta Bowl MEAT",45,"Italian","Fall 2024","Multimodal (Extra)","Pasta","Main","Satellite","Lunch"
"1992","13-Dec","Pizza with Toppings",13,"Italian","Fall 2024","Multimodal (Extra)","Pizza","Main","Satellite","Lunch"
"1993","13-Dec","Pizza Cheese",10,"Italian","Fall 2024","Multimodal (Extra)","Pizza","Main","Satellite","Lunch"
"1994","13-Dec","Create Your Pasta Bowl VEG",5,"Italian","Fall 2024","Multimodal (Extra)","Pasta","Main","Satellite","Lunch"
"1995","13-Dec","Add Extra Meat",5,"Italian","Fall 2024","Multimodal (Extra)","Pasta","Modification","Satellite","Lunch"
"1996","13-Dec","Burrito Bowl BYO",32,"Mexican","Fall 2024","Multimodal (Extra)","Wrap","Main","Satellite","Lunch"
"1997","13-Dec","Single Taco",3,"Mexican","Fall 2024","Multimodal (Extra)","Wrap","Main","Satellite","Lunch"
"1998","13-Dec","Side Guacamole",1,"Mexican","Fall 2024","Multimodal (Extra)","Wrap","Side","Satellite","Lunch"
"1999","13-Dec","Add Extra Toppings Una Mano",2,"Mexican","Fall 2024","Multimodal (Extra)","Wrap","Modification","Satellite","Lunch"
"2000","13-Dec","8 oz Soup",28,"Soup","Fall 2024","Multimodal (Extra)","Soup","Main","Satellite","Lunch"
"2001","13-Dec","Soup 12 oz",22,"Soup","Fall 2024","Multimodal (Extra)","Soup","Main","Satellite","Lunch"
"2002","13-Dec","Salad by the Pound",25,"Salad Bar","Fall 2024","Multimodal (Extra)","Salad Bar","Main","Satellite","Lunch"
"2003","13-Dec","Side Potato Tots",3,"Grab N Go","Fall 2024","Multimodal (Extra)","Grab N Go","Side","Satellite","Lunch"
"2004","16-Dec","Quesadilla Deluxe Trillium",114,"Grill","Fall 2024","Multimodal (Extra)","Quesadilla","Main","Satellite","Lunch"
"2005","16-Dec","Grilled Hamburger",55,"Grill","Fall 2024","Multimodal (Extra)","Grill","Main","Treatment","Lunch"
"2006","16-Dec","Fried Chicken Tenders",41,"Grab N Go","Fall 2024","Multimodal (Extra)","Grab N Go","Side","Satellite","Lunch"
"2007","16-Dec","Burrito Una Mano Trillium BYO",26,"Grill","Fall 2024","Multimodal (Extra)","Quesadilla","Main","Satellite","Lunch"
"2008","16-Dec","French Fries",71,"Grill","Fall 2024","Multimodal (Extra)","Grill","Side","Treatment","Lunch"
"2009","16-Dec","Quesadilla Cheese",14,"Grill","Fall 2024","Multimodal (Extra)","Quesadilla","Main","Satellite","Lunch"
"2010","16-Dec","Seared Salmon Burger",6,"Grill","Fall 2024","Multimodal (Extra)","Grill","Main","Treatment","Lunch"
"2011","16-Dec","Trillium Grill Impossible Burger",4,"Grill","Fall 2024","Multimodal (Extra)","Grill","Main","Treatment","Lunch"
"2012","16-Dec","Grilled Chicken Breast Sandwich",4,"Grill","Fall 2024","Multimodal (Extra)","Grill","Main","Treatment","Lunch"
"2013","16-Dec","Sweet Potato Fries",10,"Grill","Fall 2024","Multimodal (Extra)","Grill","Side","Treatment","Lunch"
"2014","16-Dec","+ Beef Patty",6,"Grill","Fall 2024","Multimodal (Extra)","Grill","Modification","Treatment","Lunch"
"2015","16-Dec","ADD Chicken Breast",3,"Grill","Fall 2024","Multimodal (Extra)","Grill","Modification","Treatment","Lunch"
"2016","16-Dec","Black Bean Burger",1,"Grill","Fall 2024","Multimodal (Extra)","Grill","Main","Treatment","Lunch"
"2017","16-Dec","Add Sausage 2 Patty",2,"Grill","Fall 2024","Multimodal (Extra)","Grill","Modification","Treatment","Lunch"
"2018","16-Dec","ADD Burger Salmon Grilled",1,"Grill","Fall 2024","Multimodal (Extra)","Grill","Modification","Treatment","Lunch"
"2019","16-Dec","Add Egg .99",4,"Grill","Fall 2024","Multimodal (Extra)","Grill","Modification","Treatment","Lunch"
"2020","16-Dec","ADD Cheese",5,"Grill","Fall 2024","Multimodal (Extra)","Grill","Modification","Treatment","Lunch"
"2021","16-Dec","1 Entree + 1 Side",65,"Asian","Fall 2024","Multimodal (Extra)","Wok","Main","Satellite","Lunch"
"2022","16-Dec","Bowl Ramen Chicken",40,"Asian","Fall 2024","Multimodal (Extra)","Ramen","Main","Treatment","Lunch"
"2023","16-Dec","1 Entree + 2 Side",33,"Asian","Fall 2024","Multimodal (Extra)","Wok","Main","Satellite","Lunch"
"2024","16-Dec","2 Entrees + 2 Sides",9,"Asian","Fall 2024","Multimodal (Extra)","Wok","Main","Satellite","Lunch"
"2025","16-Dec","Bowl Ramen Tofu",7,"Asian","Fall 2024","Multimodal (Extra)","Ramen","Main","Treatment","Lunch"
"2026","16-Dec","1 Wok Entree",5,"Asian","Fall 2024","Multimodal (Extra)","Wok","Main","Satellite","Lunch"
"2027","16-Dec","Side Vegetarian Lo Mein",6,"Asian","Fall 2024","Multimodal (Extra)","Wok","Side","Satellite","Lunch"
"2028","16-Dec","Side White or Brown Rice",8,"Asian","Fall 2024","Multimodal (Extra)","Wok","Side","Satellite","Lunch"
"2029","16-Dec","Side Vegetables",2,"Asian","Fall 2024","Multimodal (Extra)","Wok","Side","Satellite","Lunch"
"2030","16-Dec","Side Vegetarian Fried Rice with",1,"Asian","Fall 2024","Multimodal (Extra)","Wok","Side","Satellite","Lunch"
"2031","16-Dec","Burrito Breakfast",47,"Breakfast","Fall 2024","Multimodal (Extra)","Breakfast","Main","Satellite","Breakfast"
"2032","16-Dec","Small French Omelet",23,"Breakfast","Fall 2024","Multimodal (Extra)","Breakfast","Side","Satellite","Breakfast"
"2033","16-Dec","Grand Slam Breakfast",8,"Breakfast","Fall 2024","Multimodal (Extra)","Breakfast","Main","Satellite","Breakfast"
"2034","16-Dec","Add Bacon",18,"Breakfast","Fall 2024","Multimodal (Extra)","Breakfast","Modification","Satellite","Breakfast"
"2035","16-Dec","Two Eggs",11,"Breakfast","Fall 2024","Multimodal (Extra)","Breakfast","Side","Satellite","Breakfast"
"2036","16-Dec","Trillium Home Fries",1,"Breakfast","Fall 2024","Multimodal (Extra)","Breakfast","Side","Satellite","Breakfast"
"2037","16-Dec","2 Slices Toast",2,"Breakfast","Fall 2024","Multimodal (Extra)","Breakfast","Side","Satellite","Breakfast"
"2038","16-Dec","Create Your Pasta Bowl MEAT",46,"Italian","Fall 2024","Multimodal (Extra)","Pasta","Main","Satellite","Lunch"
"2039","16-Dec","Pizza with Toppings",16,"Italian","Fall 2024","Multimodal (Extra)","Pizza","Main","Satellite","Lunch"
"2040","16-Dec","Create Your Pasta Bowl VEG",7,"Italian","Fall 2024","Multimodal (Extra)","Pasta","Main","Satellite","Lunch"
"2041","16-Dec","Pizza Cheese",8,"Italian","Fall 2024","Multimodal (Extra)","Pizza","Main","Satellite","Lunch"
"2042","16-Dec","Add Extra Meat",9,"Italian","Fall 2024","Multimodal (Extra)","Pasta","Modification","Satellite","Lunch"
"2043","16-Dec","Burrito Bowl BYO",32,"Mexican","Fall 2024","Multimodal (Extra)","Wrap","Main","Satellite","Lunch"
"2044","16-Dec","Salad by the Pound",26,"Salad Bar","Fall 2024","Multimodal (Extra)","Salad Bar","Main","Satellite","Lunch"
"2045","16-Dec","8 oz Soup",18,"Soup","Fall 2024","Multimodal (Extra)","Soup","Main","Satellite","Lunch"
"2046","16-Dec","Soup 12 oz",15,"Soup","Fall 2024","Multimodal (Extra)","Soup","Main","Satellite","Lunch"
"2047","16-Dec","Side Potato Tots",10,"Grab N Go","Fall 2024","Multimodal (Extra)","Grab N Go","Side","Satellite","Lunch"
"2048","17-Dec","Quesadilla Deluxe Trillium",104,"Grill","Fall 2024","Multimodal (Extra)","Quesadilla","Main","Satellite","Lunch"
"2049","17-Dec","Grilled Hamburger",61,"Grill","Fall 2024","Multimodal (Extra)","Grill","Main","Treatment","Lunch"
"2050","17-Dec","Burrito Una Mano Trillium BYO",23,"Grill","Fall 2024","Multimodal (Extra)","Quesadilla","Main","Satellite","Lunch"
"2051","17-Dec","French Fries",64,"Grill","Fall 2024","Multimodal (Extra)","Grill","Side","Treatment","Lunch"
"2052","17-Dec","Fried Chicken Tenders",25,"Grab N Go","Fall 2024","Multimodal (Extra)","Grab N Go","Side","Satellite","Lunch"
"2053","17-Dec","Quesadilla Cheese",12,"Grill","Fall 2024","Multimodal (Extra)","Quesadilla","Main","Satellite","Lunch"
"2054","17-Dec","Grilled Chicken Breast Sandwich",10,"Grill","Fall 2024","Multimodal (Extra)","Grill","Main","Treatment","Lunch"
"2055","17-Dec","Trillium Grill Impossible Burger",6,"Grill","Fall 2024","Multimodal (Extra)","Grill","Main","Treatment","Lunch"
"2056","17-Dec","Seared Salmon Burger",7,"Grill","Fall 2024","Multimodal (Extra)","Grill","Main","Treatment","Lunch"
"2057","17-Dec","Sweet Potato Fries",13,"Grill","Fall 2024","Multimodal (Extra)","Grill","Side","Treatment","Lunch"
"2058","17-Dec","Black Bean Burger",3,"Grill","Fall 2024","Multimodal (Extra)","Grill","Main","Treatment","Lunch"
"2059","17-Dec","+ Beef Patty",5,"Grill","Fall 2024","Multimodal (Extra)","Grill","Modification","Treatment","Lunch"
"2060","17-Dec","ADD Chicken Breast",1,"Grill","Fall 2024","Multimodal (Extra)","Grill","Modification","Treatment","Lunch"
"2061","17-Dec","ADD Cheese",5,"Grill","Fall 2024","Multimodal (Extra)","Grill","Modification","Treatment","Lunch"
"2062","17-Dec","Add Sausage 2 Patty",1,"Grill","Fall 2024","Multimodal (Extra)","Grill","Modification","Treatment","Lunch"
"2063","17-Dec","1 Entree + 1 Side",62,"Asian","Fall 2024","Multimodal (Extra)","Wok","Main","Satellite","Lunch"
"2064","17-Dec","1 Entree + 2 Side",47,"Asian","Fall 2024","Multimodal (Extra)","Wok","Main","Satellite","Lunch"
"2065","17-Dec","Bowl Ramen Chicken",35,"Asian","Fall 2024","Multimodal (Extra)","Ramen","Main","Treatment","Lunch"
"2066","17-Dec","2 Entrees + 2 Sides",10,"Asian","Fall 2024","Multimodal (Extra)","Wok","Main","Satellite","Lunch"
"2067","17-Dec","Bowl Ramen Tofu",6,"Asian","Fall 2024","Multimodal (Extra)","Ramen","Main","Treatment","Lunch"
"2068","17-Dec","1 Wok Entree",7,"Asian","Fall 2024","Multimodal (Extra)","Wok","Main","Satellite","Lunch"
"2069","17-Dec","Side Vegetarian Lo Mein",3,"Asian","Fall 2024","Multimodal (Extra)","Wok","Side","Satellite","Lunch"
"2070","17-Dec","Side White or Brown Rice",5,"Asian","Fall 2024","Multimodal (Extra)","Wok","Side","Satellite","Lunch"
"2071","17-Dec","Side Vegetable Spring Rolls",2,"Asian","Fall 2024","Multimodal (Extra)","Wok","Side","Satellite","Lunch"
"2072","17-Dec","Burrito Breakfast",39,"Breakfast","Fall 2024","Multimodal (Extra)","Breakfast","Main","Satellite","Breakfast"
"2073","17-Dec","Small French Omelet",18,"Breakfast","Fall 2024","Multimodal (Extra)","Breakfast","Side","Satellite","Breakfast"
"2074","17-Dec","Grand Slam Breakfast",4,"Breakfast","Fall 2024","Multimodal (Extra)","Breakfast","Main","Satellite","Breakfast"
"2075","17-Dec","Add Bacon",15,"Breakfast","Fall 2024","Multimodal (Extra)","Breakfast","Modification","Satellite","Breakfast"
"2076","17-Dec","Two Eggs",6,"Breakfast","Fall 2024","Multimodal (Extra)","Breakfast","Side","Satellite","Breakfast"
"2077","17-Dec","2 Slices Toast",2,"Breakfast","Fall 2024","Multimodal (Extra)","Breakfast","Side","Satellite","Breakfast"
"2078","17-Dec","Create Your Pasta Bowl MEAT",30,"Italian","Fall 2024","Multimodal (Extra)","Pasta","Main","Satellite","Lunch"
"2079","17-Dec","Pizza with Toppings",16,"Italian","Fall 2024","Multimodal (Extra)","Pizza","Main","Satellite","Lunch"
"2080","17-Dec","Create Your Pasta Bowl VEG",10,"Italian","Fall 2024","Multimodal (Extra)","Pasta","Main","Satellite","Lunch"
"2081","17-Dec","Pizza Cheese",12,"Italian","Fall 2024","Multimodal (Extra)","Pizza","Main","Satellite","Lunch"
"2082","17-Dec","Add Extra Meat",2,"Italian","Fall 2024","Multimodal (Extra)","Pasta","Modification","Satellite","Lunch"
"2083","17-Dec","Burrito Bowl BYO",45,"Mexican","Fall 2024","Multimodal (Extra)","Wrap","Main","Satellite","Lunch"
"2084","17-Dec","Side Guacamole",2,"Mexican","Fall 2024","Multimodal (Extra)","Wrap","Side","Satellite","Lunch"
"2085","17-Dec","Soup 12 oz",25,"Soup","Fall 2024","Multimodal (Extra)","Soup","Main","Satellite","Lunch"
"2086","17-Dec","8 oz Soup",18,"Soup","Fall 2024","Multimodal (Extra)","Soup","Main","Satellite","Lunch"
"2087","17-Dec","Salad by the Pound",24,"Salad Bar","Fall 2024","Multimodal (Extra)","Salad Bar","Main","Satellite","Lunch"
"2088","17-Dec","Side Potato Tots",4,"Grab N Go","Fall 2024","Multimodal (Extra)","Grab N Go","Side","Satellite","Lunch"
"2089","18-Dec","Quesadilla Deluxe Trillium",83,"Grill","Fall 2024","Multimodal (Extra)","Quesadilla","Main","Satellite","Lunch"
"2090","18-Dec","Grilled Hamburger",47,"Grill","Fall 2024","Multimodal (Extra)","Grill","Main","Treatment","Lunch"
"2091","18-Dec","Burrito Una Mano Trillium BYO",21,"Grill","Fall 2024","Multimodal (Extra)","Quesadilla","Main","Satellite","Lunch"
"2092","18-Dec","Fried Chicken Tenders",25,"Grab N Go","Fall 2024","Multimodal (Extra)","Grab N Go","Side","Satellite","Lunch"
"2093","18-Dec","French Fries",61,"Grill","Fall 2024","Multimodal (Extra)","Grill","Side","Treatment","Lunch"
"2094","18-Dec","Grilled Chicken Breast Sandwich",10,"Grill","Fall 2024","Multimodal (Extra)","Grill","Main","Treatment","Lunch"
"2095","18-Dec","Trillium Grill Impossible Burger",6,"Grill","Fall 2024","Multimodal (Extra)","Grill","Main","Treatment","Lunch"
"2096","18-Dec","Seared Salmon Burger",7,"Grill","Fall 2024","Multimodal (Extra)","Grill","Main","Treatment","Lunch"
"2097","18-Dec","Quesadilla Cheese",7,"Grill","Fall 2024","Multimodal (Extra)","Quesadilla","Main","Satellite","Lunch"
"2098","18-Dec","Sweet Potato Fries",13,"Grill","Fall 2024","Multimodal (Extra)","Grill","Side","Treatment","Lunch"
"2099","18-Dec","Black Bean Burger",1,"Grill","Fall 2024","Multimodal (Extra)","Grill","Main","Treatment","Lunch"
"2100","18-Dec","ADD Chicken Breast",2,"Grill","Fall 2024","Multimodal (Extra)","Grill","Modification","Treatment","Lunch"
"2101","18-Dec","+ Beef Patty",2,"Grill","Fall 2024","Multimodal (Extra)","Grill","Modification","Treatment","Lunch"
"2102","18-Dec","Add Egg .99",4,"Grill","Fall 2024","Multimodal (Extra)","Grill","Modification","Treatment","Lunch"
"2103","18-Dec","Add Sausage 2 Patty",1,"Grill","Fall 2024","Multimodal (Extra)","Grill","Modification","Treatment","Lunch"
"2104","18-Dec","ADD Cheese",2,"Grill","Fall 2024","Multimodal (Extra)","Grill","Modification","Treatment","Lunch"
"2105","18-Dec","1 Entree + 1 Side",57,"Asian","Fall 2024","Multimodal (Extra)","Wok","Main","Satellite","Lunch"
"2106","18-Dec","Bowl Ramen Chicken",38,"Asian","Fall 2024","Multimodal (Extra)","Ramen","Main","Treatment","Lunch"
"2107","18-Dec","1 Entree + 2 Side",30,"Asian","Fall 2024","Multimodal (Extra)","Wok","Main","Satellite","Lunch"
"2108","18-Dec","2 Entrees + 2 Sides",9,"Asian","Fall 2024","Multimodal (Extra)","Wok","Main","Satellite","Lunch"
"2109","18-Dec","Bowl Ramen Tofu",7,"Asian","Fall 2024","Multimodal (Extra)","Ramen","Main","Treatment","Lunch"
"2110","18-Dec","Side White or Brown Rice",5,"Asian","Fall 2024","Multimodal (Extra)","Wok","Side","Satellite","Lunch"
"2111","18-Dec","Bowl Ramen Chicken",1,"Asian","Fall 2024","Multimodal (Extra)","Ramen","Main","Treatment","Lunch"
"2112","18-Dec","Side Vegetarian Lo Mein",2,"Asian","Fall 2024","Multimodal (Extra)","Wok","Side","Satellite","Lunch"
"2113","18-Dec","Side Vegetarian Fried Rice with",1,"Asian","Fall 2024","Multimodal (Extra)","Wok","Side","Satellite","Lunch"
"2114","18-Dec","Burrito Breakfast",38,"Breakfast","Fall 2024","Multimodal (Extra)","Breakfast","Main","Satellite","Breakfast"
"2115","18-Dec","Small French Omelet",14,"Breakfast","Fall 2024","Multimodal (Extra)","Breakfast","Side","Satellite","Breakfast"
"2116","18-Dec","Grand Slam Breakfast",8,"Breakfast","Fall 2024","Multimodal (Extra)","Breakfast","Main","Satellite","Breakfast"
"2117","18-Dec","Add Bacon",13,"Breakfast","Fall 2024","Multimodal (Extra)","Breakfast","Modification","Satellite","Breakfast"
"2118","18-Dec","Two Eggs",6,"Breakfast","Fall 2024","Multimodal (Extra)","Breakfast","Side","Satellite","Breakfast"
"2119","18-Dec","Pancake Single",2,"Breakfast","Fall 2024","Multimodal (Extra)","Breakfast","Side","Satellite","Breakfast"
"2120","18-Dec","Trillium Home Fries",1,"Breakfast","Fall 2024","Multimodal (Extra)","Breakfast","Side","Satellite","Breakfast"
"2121","18-Dec","2 Slices Toast",1,"Breakfast","Fall 2024","Multimodal (Extra)","Breakfast","Side","Satellite","Breakfast"
"2122","18-Dec","Toast",1,"Breakfast","Fall 2024","Multimodal (Extra)","Breakfast","Side","Satellite","Breakfast"
"2123","18-Dec","Create Your Pasta Bowl MEAT",25,"Italian","Fall 2024","Multimodal (Extra)","Pasta","Main","Satellite","Lunch"
"2124","18-Dec","Pizza with Toppings",19,"Italian","Fall 2024","Multimodal (Extra)","Pizza","Main","Satellite","Lunch"
"2125","18-Dec","Create Your Pasta Bowl VEG",11,"Italian","Fall 2024","Multimodal (Extra)","Pasta","Main","Satellite","Lunch"
"2126","18-Dec","Pizza Cheese",10,"Italian","Fall 2024","Multimodal (Extra)","Pizza","Main","Satellite","Lunch"
"2127","18-Dec","Add Extra Meat",4,"Italian","Fall 2024","Multimodal (Extra)","Pasta","Modification","Satellite","Lunch"
"2128","18-Dec","Burrito Bowl BYO",27,"Mexican","Fall 2024","Multimodal (Extra)","Wrap","Main","Satellite","Lunch"
"2129","18-Dec","Single Taco",3,"Mexican","Fall 2024","Multimodal (Extra)","Wrap","Main","Satellite","Lunch"
"2130","18-Dec","Soup 12 oz",20,"Soup","Fall 2024","Multimodal (Extra)","Soup","Main","Satellite","Lunch"
"2131","18-Dec","8 oz Soup",16,"Soup","Fall 2024","Multimodal (Extra)","Soup","Main","Satellite","Lunch"
"2132","18-Dec","Salad by the Pound",14,"Salad Bar","Fall 2024","Multimodal (Extra)","Salad Bar","Main","Satellite","Lunch"
"2133","18-Dec","Side Potato Tots",7,"Grab N Go","Fall 2024","Multimodal (Extra)","Grab N Go","Side","Satellite","Lunch"
"2134","19-Dec","Quesadilla Deluxe Trillium",59,"Grill","Fall 2024","Multimodal (Extra)","Quesadilla","Main","Satellite","Lunch"
"2135","19-Dec","Grilled Hamburger",33,"Grill","Fall 2024","Multimodal (Extra)","Grill","Main","Treatment","Lunch"
"2136","19-Dec","Burrito Una Mano Trillium BYO",17,"Grill","Fall 2024","Multimodal (Extra)","Quesadilla","Main","Satellite","Lunch"
"2137","19-Dec","French Fries",44,"Grill","Fall 2024","Multimodal (Extra)","Grill","Side","Treatment","Lunch"
"2138","19-Dec","Fried Chicken Tenders",16,"Grab N Go","Fall 2024","Multimodal (Extra)","Grab N Go","Side","Satellite","Lunch"
"2139","19-Dec","Trillium Grill Impossible Burger",7,"Grill","Fall 2024","Multimodal (Extra)","Grill","Main","Treatment","Lunch"
"2140","19-Dec","Grilled Chicken Breast Sandwich",6,"Grill","Fall 2024","Multimodal (Extra)","Grill","Main","Treatment","Lunch"
"2141","19-Dec","Quesadilla Cheese",6,"Grill","Fall 2024","Multimodal (Extra)","Quesadilla","Main","Satellite","Lunch"
"2142","19-Dec","Sweet Potato Fries",15,"Grill","Fall 2024","Multimodal (Extra)","Grill","Side","Treatment","Lunch"
"2143","19-Dec","Seared Salmon Burger",4,"Grill","Fall 2024","Multimodal (Extra)","Grill","Main","Treatment","Lunch"
"2144","19-Dec","ADD Chicken Breast",1,"Grill","Fall 2024","Multimodal (Extra)","Grill","Modification","Treatment","Lunch"
"2145","19-Dec","+ Beef Patty",1,"Grill","Fall 2024","Multimodal (Extra)","Grill","Modification","Treatment","Lunch"
"2146","19-Dec","Add Egg .99",3,"Grill","Fall 2024","Multimodal (Extra)","Grill","Modification","Treatment","Lunch"
"2147","19-Dec","ADD Cheese",2,"Grill","Fall 2024","Multimodal (Extra)","Grill","Modification","Treatment","Lunch"
"2148","19-Dec","1 Entree + 1 Side",40,"Asian","Fall 2024","Multimodal (Extra)","Wok","Main","Satellite","Lunch"
"2149","19-Dec","1 Entree + 2 Side",23,"Asian","Fall 2024","Multimodal (Extra)","Wok","Main","Satellite","Lunch"
"2150","19-Dec","2 Entrees + 2 Sides",7,"Asian","Fall 2024","Multimodal (Extra)","Wok","Main","Satellite","Lunch"
"2151","19-Dec","Bowl Ramen Chicken",10,"Asian","Fall 2024","Multimodal (Extra)","Ramen","Main","Treatment","Lunch"
"2152","19-Dec","Bowl Ramen Tofu",4,"Asian","Fall 2024","Multimodal (Extra)","Ramen","Main","Treatment","Lunch"
"2153","19-Dec","1 Wok Entree",1,"Asian","Fall 2024","Multimodal (Extra)","Wok","Main","Satellite","Lunch"
"2154","19-Dec","Side Vegetarian Lo Mein",1,"Asian","Fall 2024","Multimodal (Extra)","Wok","Side","Satellite","Lunch"
"2155","19-Dec","Side White or Brown Rice",1,"Asian","Fall 2024","Multimodal (Extra)","Wok","Side","Satellite","Lunch"
"2156","19-Dec","Burrito Breakfast",21,"Breakfast","Fall 2024","Multimodal (Extra)","Breakfast","Main","Satellite","Breakfast"
"2157","19-Dec","Small French Omelet",13,"Breakfast","Fall 2024","Multimodal (Extra)","Breakfast","Side","Satellite","Breakfast"
"2158","19-Dec","Grand Slam Breakfast",6,"Breakfast","Fall 2024","Multimodal (Extra)","Breakfast","Main","Satellite","Breakfast"
"2159","19-Dec","Add Bacon",8,"Breakfast","Fall 2024","Multimodal (Extra)","Breakfast","Modification","Satellite","Breakfast"
"2160","19-Dec","Egg Cheese Bacon Breakfast Sandw",2,"Breakfast","Fall 2024","Multimodal (Extra)","Breakfast","Main","Satellite","Breakfast"
"2161","19-Dec","Two Eggs",3,"Breakfast","Fall 2024","Multimodal (Extra)","Breakfast","Side","Satellite","Breakfast"
"2162","19-Dec","Trillium Home Fries",1,"Breakfast","Fall 2024","Multimodal (Extra)","Breakfast","Side","Satellite","Breakfast"
"2163","19-Dec","2 Slices Toast",1,"Breakfast","Fall 2024","Multimodal (Extra)","Breakfast","Side","Satellite","Breakfast"
"2164","19-Dec","Toast",1,"Breakfast","Fall 2024","Multimodal (Extra)","Breakfast","Side","Satellite","Breakfast"
"2165","19-Dec","Create Your Pasta Bowl MEAT",12,"Italian","Fall 2024","Multimodal (Extra)","Pasta","Main","Satellite","Lunch"
"2166","19-Dec","Pizza with Toppings",13,"Italian","Fall 2024","Multimodal (Extra)","Pizza","Main","Satellite","Lunch"
"2167","19-Dec","Pizza Cheese",11,"Italian","Fall 2024","Multimodal (Extra)","Pizza","Main","Satellite","Lunch"
"2168","19-Dec","Create Your Pasta Bowl VEG",4,"Italian","Fall 2024","Multimodal (Extra)","Pasta","Main","Satellite","Lunch"
"2169","19-Dec","Add Extra Meat",4,"Italian","Fall 2024","Multimodal (Extra)","Pasta","Modification","Satellite","Lunch"
"2170","19-Dec","Burrito Bowl BYO",26,"Mexican","Fall 2024","Multimodal (Extra)","Wrap","Main","Satellite","Lunch"
"2171","19-Dec","Soup 12 oz",14,"Soup","Fall 2024","Multimodal (Extra)","Soup","Main","Satellite","Lunch"
"2172","19-Dec","8 oz Soup",8,"Soup","Fall 2024","Multimodal (Extra)","Soup","Main","Satellite","Lunch"
"2173","19-Dec","Salad by the Pound",10,"Salad Bar","Fall 2024","Multimodal (Extra)","Salad Bar","Main","Satellite","Lunch"
"2174","19-Dec","Side Potato Tots",3,"Grab N Go","Fall 2024","Multimodal (Extra)","Grab N Go","Side","Satellite","Lunch"
"2175","20-Dec","Quesadilla Deluxe Trillium",40,"Grill","Fall 2024","Multimodal (Extra)","Quesadilla","Main","Satellite","Lunch"
"2176","20-Dec","Grilled Hamburger",24,"Grill","Fall 2024","Multimodal (Extra)","Grill","Main","Treatment","Lunch"
"2177","20-Dec","Burrito Una Mano Trillium BYO",15,"Grill","Fall 2024","Multimodal (Extra)","Quesadilla","Main","Satellite","Lunch"
"2178","20-Dec","French Fries",29,"Grill","Fall 2024","Multimodal (Extra)","Grill","Side","Treatment","Lunch"
"2179","20-Dec","Seared Salmon Burger",8,"Grill","Fall 2024","Multimodal (Extra)","Grill","Main","Treatment","Lunch"
"2180","20-Dec","Fried Chicken Tenders",9,"Grab N Go","Fall 2024","Multimodal (Extra)","Grab N Go","Side","Satellite","Lunch"
"2181","20-Dec","Quesadilla Cheese",6,"Grill","Fall 2024","Multimodal (Extra)","Quesadilla","Main","Satellite","Lunch"
"2182","20-Dec","Sweet Potato Fries",11,"Grill","Fall 2024","Multimodal (Extra)","Grill","Side","Treatment","Lunch"
"2183","20-Dec","Trillium Grill Impossible Burger",3,"Grill","Fall 2024","Multimodal (Extra)","Grill","Main","Treatment","Lunch"
"2184","20-Dec","Grilled Chicken Breast Sandwich",3,"Grill","Fall 2024","Multimodal (Extra)","Grill","Main","Treatment","Lunch"
"2185","20-Dec","Black Bean Burger",1,"Grill","Fall 2024","Multimodal (Extra)","Grill","Main","Treatment","Lunch"
"2186","20-Dec","Add Sausage 2 Patty",3,"Grill","Fall 2024","Multimodal (Extra)","Grill","Modification","Treatment","Lunch"
"2187","20-Dec","+ Beef Patty",2,"Grill","Fall 2024","Multimodal (Extra)","Grill","Modification","Treatment","Lunch"
"2188","20-Dec","Add Egg .99",1,"Grill","Fall 2024","Multimodal (Extra)","Grill","Modification","Treatment","Lunch"
"2189","20-Dec","Bowl Ramen Chicken",20,"Asian","Fall 2024","Multimodal (Extra)","Ramen","Main","Treatment","Lunch"
"2190","20-Dec","1 Entree + 1 Side",20,"Asian","Fall 2024","Multimodal (Extra)","Wok","Main","Satellite","Lunch"
"2191","20-Dec","1 Entree + 2 Side",15,"Asian","Fall 2024","Multimodal (Extra)","Wok","Main","Satellite","Lunch"
"2192","20-Dec","2 Entrees + 2 Sides",10,"Asian","Fall 2024","Multimodal (Extra)","Wok","Main","Satellite","Lunch"
"2193","20-Dec","Bowl Ramen Tofu",2,"Asian","Fall 2024","Multimodal (Extra)","Ramen","Main","Treatment","Lunch"
"2194","20-Dec","Bowl Ramen Chicken",1,"Asian","Fall 2024","Multimodal (Extra)","Ramen","Main","Treatment","Lunch"
"2195","20-Dec","1 Wok Entree",1,"Asian","Fall 2024","Multimodal (Extra)","Wok","Main","Satellite","Lunch"
"2196","20-Dec","Burrito Breakfast",28,"Breakfast","Fall 2024","Multimodal (Extra)","Breakfast","Main","Satellite","Breakfast"
"2197","20-Dec","Grand Slam Breakfast",8,"Breakfast","Fall 2024","Multimodal (Extra)","Breakfast","Main","Satellite","Breakfast"
"2198","20-Dec","Small French Omelet",8,"Breakfast","Fall 2024","Multimodal (Extra)","Breakfast","Side","Satellite","Breakfast"
"2199","20-Dec","Add Bacon",7,"Breakfast","Fall 2024","Multimodal (Extra)","Breakfast","Modification","Satellite","Breakfast"
"2200","20-Dec","Two Eggs",4,"Breakfast","Fall 2024","Multimodal (Extra)","Breakfast","Side","Satellite","Breakfast"
"2201","20-Dec","2 Slices Toast",3,"Breakfast","Fall 2024","Multimodal (Extra)","Breakfast","Side","Satellite","Breakfast"
"2202","20-Dec","Create Your Pasta Bowl MEAT",16,"Italian","Fall 2024","Multimodal (Extra)","Pasta","Main","Satellite","Lunch"
"2203","20-Dec","Create Your Pasta Bowl VEG",5,"Italian","Fall 2024","Multimodal (Extra)","Pasta","Main","Satellite","Lunch"
"2204","20-Dec","Pizza with Toppings",6,"Italian","Fall 2024","Multimodal (Extra)","Pizza","Main","Satellite","Lunch"
"2205","20-Dec","Pizza Cheese",5,"Italian","Fall 2024","Multimodal (Extra)","Pizza","Main","Satellite","Lunch"
"2206","20-Dec","Add Extra Meat",1,"Italian","Fall 2024","Multimodal (Extra)","Pasta","Modification","Satellite","Lunch"
"2207","20-Dec","Burrito Bowl BYO",14,"Mexican","Fall 2024","Multimodal (Extra)","Wrap","Main","Satellite","Lunch"
"2208","20-Dec","Single Taco",3,"Mexican","Fall 2024","Multimodal (Extra)","Wrap","Main","Satellite","Lunch"
"2209","20-Dec","Side Guacamole",1,"Mexican","Fall 2024","Multimodal (Extra)","Wrap","Side","Satellite","Lunch"
"2210","20-Dec","Add Extra Toppings Una Mano",1,"Mexican","Fall 2024","Multimodal (Extra)","Wrap","Modification","Satellite","Lunch"
"2211","20-Dec","Soup 12 oz",14,"Soup","Fall 2024","Multimodal (Extra)","Soup","Main","Satellite","Lunch"
"2212","20-Dec","8 oz Soup",15,"Soup","Fall 2024","Multimodal (Extra)","Soup","Main","Satellite","Lunch"
"2213","20-Dec","Salad by the Pound",10,"Salad Bar","Fall 2024","Multimodal (Extra)","Salad Bar","Main","Satellite","Lunch"
"2214","20-Dec","Side Potato Tots",7,"Grab N Go","Fall 2024","Multimodal (Extra)","Grab N Go","Side","Satellite","Lunch"
"2215","21-Jan","Quesadilla Deluxe Trillium",160,"Grill","Spring 2025","Control","Quesadilla","Main","Satellite","Lunch"
"2216","21-Jan","Grilled Hamburger",94,"Grill","Spring 2025","Control","Grill","Main","Treatment","Lunch"
"2217","21-Jan","Fried Chicken Tenders",101,"Grab N Go","Spring 2025","Control","Grab N Go","Side","Satellite","Lunch"
"2218","21-Jan","Burrito Una Mano Trillium BYO",66,"Grill","Spring 2025","Control","Quesadilla","Main","Satellite","Lunch"
"2219","21-Jan","French Fries",142,"Grill","Spring 2025","Control","Grill","Side","Treatment","Lunch"
"2220","21-Jan","Grilled Chicken Breast Sandwich",17,"Grill","Spring 2025","Control","Grill","Main","Treatment","Lunch"
"2221","21-Jan","Quesadilla Cheese",13,"Grill","Spring 2025","Control","Quesadilla","Main","Satellite","Lunch"
"2222","21-Jan","Sweet Potato Fries",30,"Grill","Spring 2025","Control","Grill","Side","Treatment","Lunch"
"2223","21-Jan","Trillium Grill Impossible Burger",8,"Grill","Spring 2025","Control","Grill","Main","Treatment","Lunch"
"2224","21-Jan","+ Beef Patty",15,"Grill","Spring 2025","Control","Grill","Modification","Treatment","Lunch"
"2225","21-Jan","Seared Salmon Burger",6,"Grill","Spring 2025","Control","Grill","Main","Treatment","Lunch"
"2226","21-Jan","Side Potato Tots",15,"Grab N Go","Spring 2025","Control","Grab N Go","Side","Satellite","Lunch"
"2227","21-Jan","ADD Chicken Breast",6,"Grill","Spring 2025","Control","Grill","Modification","Treatment","Lunch"
"2228","21-Jan","Black Bean Burger",2,"Grill","Spring 2025","Control","Grill","Main","Treatment","Lunch"
"2229","21-Jan","Add Sausage 2 Patty",4,"Grill","Spring 2025","Control","Grill","Modification","Treatment","Lunch"
"2230","21-Jan","ADD Cheese",15,"Grill","Spring 2025","Control","Grill","Modification","Treatment","Lunch"
"2231","21-Jan","Add Egg .99",4,"Grill","Spring 2025","Control","Grill","Modification","Treatment","Lunch"
"2232","21-Jan","1 Entree + 1 Side",219,"Asian","Spring 2025","Control","Wok","Main","Satellite","Lunch"
"2233","21-Jan","Bowl Ramen Chicken",83,"Asian","Spring 2025","Control","Ramen","Main","Treatment","Lunch"
"2234","21-Jan","1 Entree + 2 Side",75,"Asian","Spring 2025","Control","Wok","Main","Satellite","Lunch"
"2235","21-Jan","2 Entrees + 2 Sides",30,"Asian","Spring 2025","Control","Wok","Main","Satellite","Lunch"
"2236","21-Jan","Bowl Ramen Tofu",19,"Asian","Spring 2025","Control","Ramen","Main","Treatment","Lunch"
"2237","21-Jan","1 Wok Entree",7,"Asian","Spring 2025","Control","Wok","Main","Satellite","Lunch"
"2238","21-Jan","Side Vegetarian Lo Mein",10,"Asian","Spring 2025","Control","Wok","Side","Satellite","Lunch"
"2239","21-Jan","Side Vegetarian Fried Rice with",4,"Asian","Spring 2025","Control","Wok","Side","Satellite","Lunch"
"2240","21-Jan","Side White or Brown Rice",7,"Asian","Spring 2025","Control","Wok","Side","Satellite","Lunch"
"2241","21-Jan","Side Vegetable Spring Rolls",2,"Asian","Spring 2025","Control","Wok","Side","Satellite","Lunch"
"2242","21-Jan","Side Fried Spring Roll",1,"Asian","Spring 2025","Control","Wok","Side","Satellite","Lunch"
"2243","21-Jan","Create Your Pasta Bowl MEAT",138,"Italian","Spring 2025","Control","Pasta","Main","Satellite","Lunch"
"2244","21-Jan","Create Your Pasta Bowl VEG",42,"Italian","Spring 2025","Control","Pasta","Main","Satellite","Lunch"
"2245","21-Jan","Pizza with Toppings",34,"Italian","Spring 2025","Control","Pizza","Main","Satellite","Lunch"
"2246","21-Jan","Pizza Cheese",24,"Italian","Spring 2025","Control","Pizza","Main","Satellite","Lunch"
"2247","21-Jan","Add Extra Meat",14,"Italian","Spring 2025","Control","Pasta","Modification","Satellite","Lunch"
"2248","21-Jan","Burrito Breakfast",87,"Breakfast","Spring 2025","Control","Breakfast","Main","Satellite","Breakfast"
"2249","21-Jan","Small French Omelet",46,"Breakfast","Spring 2025","Control","Breakfast","Side","Satellite","Breakfast"
"2250","21-Jan","Egg Cheese Bacon Breakfast Sandw",22,"Breakfast","Spring 2025","Control","Breakfast","Main","Satellite","Breakfast"
"2251","21-Jan","Grand Slam Breakfast",12,"Breakfast","Spring 2025","Control","Breakfast","Main","Satellite","Breakfast"
"2252","21-Jan","Egg Cheese Sausage Breakfast San",21,"Breakfast","Spring 2025","Control","Breakfast","Main","Satellite","Breakfast"
"2253","21-Jan","Add Bacon",23,"Breakfast","Spring 2025","Control","Breakfast","Modification","Satellite","Breakfast"
"2254","21-Jan","Two Eggs",19,"Breakfast","Spring 2025","Control","Breakfast","Side","Satellite","Breakfast"
"2255","21-Jan","Pancake Single",3,"Breakfast","Spring 2025","Control","Breakfast","Side","Satellite","Breakfast"
"2256","21-Jan","Trillium Home Fries",2,"Breakfast","Spring 2025","Control","Breakfast","Side","Satellite","Breakfast"
"2257","21-Jan","2 Slices Toast",1,"Breakfast","Spring 2025","Control","Breakfast","Side","Satellite","Breakfast"
"2258","21-Jan","Toast",1,"Breakfast","Spring 2025","Control","Breakfast","Side","Satellite","Breakfast"
"2259","21-Jan","PC Jelly",1,"Breakfast","Spring 2025","Control","Breakfast","Side","Satellite","Breakfast"
"2260","21-Jan","Burrito Bowl BYO",148,"Mexican","Spring 2025","Control","Wrap","Main","Satellite","Lunch"
"2261","21-Jan","Single Taco",4,"Mexican","Spring 2025","Control","Wrap","Main","Satellite","Lunch"
"2262","21-Jan","Salad by the Pound",58,"Salad Bar","Spring 2025","Control","Salad Bar","Main","Satellite","Lunch"
"2263","21-Jan","Soup 12 oz",43,"Soup","Spring 2025","Control","Soup","Main","Satellite","Lunch"
"2264","21-Jan","8 oz Soup",41,"Soup","Spring 2025","Control","Soup","Main","Satellite","Lunch"
"2265","22-Jan","Quesadilla Deluxe Trillium",157,"Grill","Spring 2025","Control","Quesadilla","Main","Satellite","Lunch"
"2266","22-Jan","Grilled Hamburger",105,"Grill","Spring 2025","Control","Grill","Main","Treatment","Lunch"
"2267","22-Jan","Fried Chicken Tenders",87,"Grab N Go","Spring 2025","Control","Grab N Go","Side","Satellite","Lunch"
"2268","22-Jan","Burrito Una Mano Trillium BYO",64,"Grill","Spring 2025","Control","Quesadilla","Main","Satellite","Lunch"
"2269","22-Jan","French Fries",104,"Grill","Spring 2025","Control","Grill","Side","Treatment","Lunch"
"2270","22-Jan","Grilled Chicken Breast Sandwich",14,"Grill","Spring 2025","Control","Grill","Main","Treatment","Lunch"
"2271","22-Jan","Trillium Grill Impossible Burger",11,"Grill","Spring 2025","Control","Grill","Main","Treatment","Lunch"
"2272","22-Jan","Quesadilla Cheese",13,"Grill","Spring 2025","Control","Quesadilla","Main","Satellite","Lunch"
"2273","22-Jan","Sweet Potato Fries",33,"Grill","Spring 2025","Control","Grill","Side","Treatment","Lunch"
"2274","22-Jan","+ Beef Patty",21,"Grill","Spring 2025","Control","Grill","Modification","Treatment","Lunch"
"2275","22-Jan","Seared Salmon Burger",9,"Grill","Spring 2025","Control","Grill","Main","Treatment","Lunch"
"2276","22-Jan","Side Potato Tots",13,"Grab N Go","Spring 2025","Control","Grab N Go","Side","Satellite","Lunch"
"2277","22-Jan","Black Bean Burger",3,"Grill","Spring 2025","Control","Grill","Main","Treatment","Lunch"
"2278","22-Jan","ADD Chicken Breast",6,"Grill","Spring 2025","Control","Grill","Modification","Treatment","Lunch"
"2279","22-Jan","Add Sausage 2 Patty",3,"Grill","Spring 2025","Control","Grill","Modification","Treatment","Lunch"
"2280","22-Jan","ADD Cheese",9,"Grill","Spring 2025","Control","Grill","Modification","Treatment","Lunch"
"2281","22-Jan","Add Egg .99",3,"Grill","Spring 2025","Control","Grill","Modification","Treatment","Lunch"
"2282","22-Jan","1 Entree + 1 Side",229,"Asian","Spring 2025","Control","Wok","Main","Satellite","Lunch"
"2283","22-Jan","Bowl Ramen Chicken",90,"Asian","Spring 2025","Control","Ramen","Main","Treatment","Lunch"
"2284","22-Jan","1 Entree + 2 Side",71,"Asian","Spring 2025","Control","Wok","Main","Satellite","Lunch"
"2285","22-Jan","2 Entrees + 2 Sides",28,"Asian","Spring 2025","Control","Wok","Main","Satellite","Lunch"
"2286","22-Jan","Bowl Ramen Tofu",12,"Asian","Spring 2025","Control","Ramen","Main","Treatment","Lunch"
"2287","22-Jan","1 Wok Entree",9,"Asian","Spring 2025","Control","Wok","Main","Satellite","Lunch"
"2288","22-Jan","Side Vegetarian Lo Mein",12,"Asian","Spring 2025","Control","Wok","Side","Satellite","Lunch"
"2289","22-Jan","Side Vegetables",5,"Asian","Spring 2025","Control","Wok","Side","Satellite","Lunch"
"2290","22-Jan","Side White or Brown Rice",7,"Asian","Spring 2025","Control","Wok","Side","Satellite","Lunch"
"2291","22-Jan","Side Vegetarian Fried Rice with",3,"Asian","Spring 2025","Control","Wok","Side","Satellite","Lunch"
"2292","22-Jan","Side Vegetable Spring Rolls",1,"Asian","Spring 2025","Control","Wok","Side","Satellite","Lunch"
"2293","22-Jan","Create Your Pasta Bowl MEAT",175,"Italian","Spring 2025","Control","Pasta","Main","Satellite","Lunch"
"2294","22-Jan","Create Your Pasta Bowl VEG",23,"Italian","Spring 2025","Control","Pasta","Main","Satellite","Lunch"
"2295","22-Jan","Pizza with Toppings",32,"Italian","Spring 2025","Control","Pizza","Main","Satellite","Lunch"
"2296","22-Jan","Add Extra Meat",38,"Italian","Spring 2025","Control","Pasta","Modification","Satellite","Lunch"
"2297","22-Jan","Pizza Cheese",22,"Italian","Spring 2025","Control","Pizza","Main","Satellite","Lunch"
"2298","22-Jan","Burrito Breakfast",93,"Breakfast","Spring 2025","Control","Breakfast","Main","Satellite","Breakfast"
"2299","22-Jan","Small French Omelet",53,"Breakfast","Spring 2025","Control","Breakfast","Side","Satellite","Breakfast"
"2300","22-Jan","Grand Slam Breakfast",17,"Breakfast","Spring 2025","Control","Breakfast","Main","Satellite","Breakfast"
"2301","22-Jan","Add Bacon",37,"Breakfast","Spring 2025","Control","Breakfast","Modification","Satellite","Breakfast"
"2302","22-Jan","Two Eggs",16,"Breakfast","Spring 2025","Control","Breakfast","Side","Satellite","Breakfast"
"2303","22-Jan","Trillium Home Fries",9,"Breakfast","Spring 2025","Control","Breakfast","Side","Satellite","Breakfast"
"2304","22-Jan","Pancake Single",1,"Breakfast","Spring 2025","Control","Breakfast","Side","Satellite","Breakfast"
"2305","22-Jan","Toast",2,"Breakfast","Spring 2025","Control","Breakfast","Side","Satellite","Breakfast"
"2306","22-Jan","2 Slices Toast",1,"Breakfast","Spring 2025","Control","Breakfast","Side","Satellite","Breakfast"
"2307","22-Jan","Burrito Bowl BYO",122,"Mexican","Spring 2025","Control","Wrap","Main","Satellite","Lunch"
"2308","22-Jan","Side Guacamole",2,"Mexican","Spring 2025","Control","Wrap","Side","Satellite","Lunch"
"2309","22-Jan","Salad by the Pound",68,"Salad Bar","Spring 2025","Control","Salad Bar","Main","Satellite","Lunch"
"2310","22-Jan","Add Extra Protein 3.99",1,"Salad Bar","Spring 2025","Control","Salad Bar","Modification","Satellite","Lunch"
"2311","22-Jan","Soup 12 oz",55,"Soup","Spring 2025","Control","Soup","Main","Satellite","Lunch"
"2312","22-Jan","8 oz Soup",42,"Soup","Spring 2025","Control","Soup","Main","Satellite","Lunch"
"2313","22-Jan","Egg Cheese Bacon Breakfast Sandwich",27,"Grab N Go","Spring 2025","Control","Grab N Go","Main","Satellite","Lunch"
"2314","22-Jan","Egg Cheese Sausage Breakfast Sandwich",20,"Grab N Go","Spring 2025","Control","Grab N Go","Main","Satellite","Lunch"
"2315","23-Jan","Quesadilla Deluxe Trillium",182,"Grill","Spring 2025","Control","Quesadilla","Main","Satellite","Lunch"
"2316","23-Jan","Grilled Hamburger",94,"Grill","Spring 2025","Control","Grill","Main","Treatment","Lunch"
"2317","23-Jan","Burrito Una Mano Trillium BYO",72,"Grill","Spring 2025","Control","Quesadilla","Main","Satellite","Lunch"
"2318","23-Jan","Fried Chicken Tenders",91,"Grab N Go","Spring 2025","Control","Grab N Go","Side","Satellite","Lunch"
"2319","23-Jan","French Fries",143,"Grill","Spring 2025","Control","Grill","Side","Treatment","Lunch"
"2320","23-Jan","Grilled Chicken Breast Sandwich",15,"Grill","Spring 2025","Control","Grill","Main","Treatment","Lunch"
"2321","23-Jan","Quesadilla Cheese",12,"Grill","Spring 2025","Control","Quesadilla","Main","Satellite","Lunch"
"2322","23-Jan","Trillium Grill Impossible Burger",9,"Grill","Spring 2025","Control","Grill","Main","Treatment","Lunch"
"2323","23-Jan","Seared Salmon Burger",11,"Grill","Spring 2025","Control","Grill","Main","Treatment","Lunch"
"2324","23-Jan","Sweet Potato Fries",27,"Grill","Spring 2025","Control","Grill","Side","Treatment","Lunch"
"2325","23-Jan","+ Beef Patty",19,"Grill","Spring 2025","Control","Grill","Modification","Treatment","Lunch"
"2326","23-Jan","Side Potato Tots",16,"Grab N Go","Spring 2025","Control","Grab N Go","Side","Satellite","Lunch"
"2327","23-Jan","ADD Chicken Breast",6,"Grill","Spring 2025","Control","Grill","Modification","Treatment","Lunch"
"2328","23-Jan","Black Bean Burger",2,"Grill","Spring 2025","Control","Grill","Main","Treatment","Lunch"
"2329","23-Jan","Add Sausage 2 Patty",4,"Grill","Spring 2025","Control","Grill","Modification","Treatment","Lunch"
"2330","23-Jan","ADD Cheese",8,"Grill","Spring 2025","Control","Grill","Modification","Treatment","Lunch"
"2331","23-Jan","Add Egg .99",3,"Grill","Spring 2025","Control","Grill","Modification","Treatment","Lunch"
"2332","23-Jan","1 Entree + 1 Side",230,"Asian","Spring 2025","Control","Wok","Main","Satellite","Lunch"
"2333","23-Jan","Bowl Ramen Chicken",92,"Asian","Spring 2025","Control","Ramen","Main","Treatment","Lunch"
"2334","23-Jan","1 Entree + 2 Side",75,"Asian","Spring 2025","Control","Wok","Main","Satellite","Lunch"
"2335","23-Jan","2 Entrees + 2 Sides",32,"Asian","Spring 2025","Control","Wok","Main","Satellite","Lunch"
"2336","23-Jan","Bowl Ramen Tofu",18,"Asian","Spring 2025","Control","Ramen","Main","Treatment","Lunch"
"2337","23-Jan","Side Vegetarian Lo Mein",7,"Asian","Spring 2025","Control","Wok","Side","Satellite","Lunch"
"2338","23-Jan","1 Wok Entree",3,"Asian","Spring 2025","Control","Wok","Main","Satellite","Lunch"
"2339","23-Jan","Side White or Brown Rice",5,"Asian","Spring 2025","Control","Wok","Side","Satellite","Lunch"
"2340","23-Jan","Side Vegetable Spring Rolls",2,"Asian","Spring 2025","Control","Wok","Side","Satellite","Lunch"
"2341","23-Jan","Side Vegetarian Fried Rice with",1,"Asian","Spring 2025","Control","Wok","Side","Satellite","Lunch"
"2342","23-Jan","Create Your Pasta Bowl MEAT",105,"Italian","Spring 2025","Control","Pasta","Main","Satellite","Lunch"
"2343","23-Jan","Create Your Pasta Bowl VEG",27,"Italian","Spring 2025","Control","Pasta","Main","Satellite","Lunch"
"2344","23-Jan","Pizza with Toppings",28,"Italian","Spring 2025","Control","Pizza","Main","Satellite","Lunch"
"2345","23-Jan","Pizza Cheese",18,"Italian","Spring 2025","Control","Pizza","Main","Satellite","Lunch"
"2346","23-Jan","Add Extra Meat",21,"Italian","Spring 2025","Control","Pasta","Modification","Satellite","Lunch"
"2347","23-Jan","Side Bread Pasta Station",1,"Italian","Spring 2025","Control","Pasta","Side","Satellite","Lunch"
"2348","23-Jan","Burrito Breakfast",86,"Breakfast","Spring 2025","Control","Breakfast","Main","Satellite","Breakfast"
"2349","23-Jan","Small French Omelet",41,"Breakfast","Spring 2025","Control","Breakfast","Side","Satellite","Breakfast"
"2350","23-Jan","Grand Slam Breakfast",12,"Breakfast","Spring 2025","Control","Breakfast","Main","Satellite","Breakfast"
"2351","23-Jan","Add Bacon",37,"Breakfast","Spring 2025","Control","Breakfast","Modification","Satellite","Breakfast"
"2352","23-Jan","Two Eggs",17,"Breakfast","Spring 2025","Control","Breakfast","Side","Satellite","Breakfast"
"2353","23-Jan","Pancake Single",4,"Breakfast","Spring 2025","Control","Breakfast","Side","Satellite","Breakfast"
"2354","23-Jan","2 Slices Toast",1,"Breakfast","Spring 2025","Control","Breakfast","Side","Satellite","Breakfast"
"2355","23-Jan","Toast",1,"Breakfast","Spring 2025","Control","Breakfast","Side","Satellite","Breakfast"
"2356","23-Jan","PC Jelly",1,"Breakfast","Spring 2025","Control","Breakfast","Side","Satellite","Breakfast"
"2357","23-Jan","Burrito Bowl BYO",122,"Mexican","Spring 2025","Control","Wrap","Main","Satellite","Lunch"
"2358","23-Jan","Single Taco",9,"Mexican","Spring 2025","Control","Wrap","Main","Satellite","Lunch"
"2359","23-Jan","Side Guacamole",3,"Mexican","Spring 2025","Control","Wrap","Side","Satellite","Lunch"
"2360","23-Jan","Add Extra Toppings Una Mano",3,"Mexican","Spring 2025","Control","Wrap","Modification","Satellite","Lunch"
"2361","23-Jan","Side Salsa",1,"Mexican","Spring 2025","Control","Wrap","Side","Satellite","Lunch"
"2362","23-Jan","Salad by the Pound",51,"Salad Bar","Spring 2025","Control","Salad Bar","Main","Satellite","Lunch"
"2363","23-Jan","Add Extra Protein 3.99",2,"Salad Bar","Spring 2025","Control","Salad Bar","Modification","Satellite","Lunch"
"2364","23-Jan","Soup 12 oz",36,"Soup","Spring 2025","Control","Soup","Main","Satellite","Lunch"
"2365","23-Jan","8 oz Soup",31,"Soup","Spring 2025","Control","Soup","Main","Satellite","Lunch"
"2366","23-Jan","Egg Cheese Bacon Breakfast Sandwich",24,"Grab N Go","Spring 2025","Control","Grab N Go","Main","Satellite","Lunch"
"2367","23-Jan","Egg Cheese Sausage Breakfast Sandwich",22,"Grab N Go","Spring 2025","Control","Grab N Go","Main","Satellite","Lunch"
"2368","24-Jan","Quesadilla Deluxe Trillium",129,"Grill","Spring 2025","Control","Quesadilla","Main","Satellite","Lunch"
"2369","24-Jan","Fried Chicken Tenders",79,"Grab N Go","Spring 2025","Control","Grab N Go","Side","Satellite","Lunch"
"2370","24-Jan","Grilled Hamburger",63,"Grill","Spring 2025","Control","Grill","Main","Treatment","Lunch"
"2371","24-Jan","Burrito Una Mano Trillium BYO",53,"Grill","Spring 2025","Control","Quesadilla","Main","Satellite","Lunch"
"2372","24-Jan","French Fries",102,"Grill","Spring 2025","Control","Grill","Side","Treatment","Lunch"
"2373","24-Jan","Grilled Chicken Breast Sandwich",13,"Grill","Spring 2025","Control","Grill","Main","Treatment","Lunch"
"2374","24-Jan","Trillium Grill Impossible Burger",7,"Grill","Spring 2025","Control","Grill","Main","Treatment","Lunch"
"2375","24-Jan","Quesadilla Cheese",9,"Grill","Spring 2025","Control","Quesadilla","Main","Satellite","Lunch"
"2376","24-Jan","Sweet Potato Fries",23,"Grill","Spring 2025","Control","Grill","Side","Treatment","Lunch"
"2377","24-Jan","+ Beef Patty",15,"Grill","Spring 2025","Control","Grill","Modification","Treatment","Lunch"
"2378","24-Jan","Seared Salmon Burger",5,"Grill","Spring 2025","Control","Grill","Main","Treatment","Lunch"
"2379","24-Jan","Side Potato Tots",7,"Grab N Go","Spring 2025","Control","Grab N Go","Side","Satellite","Lunch"
"2380","24-Jan","ADD Chicken Breast",5,"Grill","Spring 2025","Control","Grill","Modification","Treatment","Lunch"
"2381","24-Jan","Black Bean Burger",1,"Grill","Spring 2025","Control","Grill","Main","Treatment","Lunch"
"2382","24-Jan","ADD Cheese",7,"Grill","Spring 2025","Control","Grill","Modification","Treatment","Lunch"
"2383","24-Jan","Add Sausage 2 Patty",1,"Grill","Spring 2025","Control","Grill","Modification","Treatment","Lunch"
"2384","24-Jan","Add Egg .99",2,"Grill","Spring 2025","Control","Grill","Modification","Treatment","Lunch"
"2385","24-Jan","1 Entree + 1 Side",122,"Asian","Spring 2025","Control","Wok","Main","Satellite","Lunch"
"2386","24-Jan","1 Entree + 2 Side",65,"Asian","Spring 2025","Control","Wok","Main","Satellite","Lunch"
"2387","24-Jan","Bowl Ramen Chicken",67,"Asian","Spring 2025","Control","Ramen","Main","Treatment","Lunch"
"2388","24-Jan","2 Entrees + 2 Sides",14,"Asian","Spring 2025","Control","Wok","Main","Satellite","Lunch"
"2389","24-Jan","Bowl Ramen Tofu",11,"Asian","Spring 2025","Control","Ramen","Main","Treatment","Lunch"
"2390","24-Jan","Side Vegetarian Lo Mein",9,"Asian","Spring 2025","Control","Wok","Side","Satellite","Lunch"
"2391","24-Jan","1 Wok Entree",4,"Asian","Spring 2025","Control","Wok","Main","Satellite","Lunch"
"2392","24-Jan","Side White or Brown Rice",7,"Asian","Spring 2025","Control","Wok","Side","Satellite","Lunch"
"2393","24-Jan","Side Vegetables",3,"Asian","Spring 2025","Control","Wok","Side","Satellite","Lunch"
"2394","24-Jan","Side Fried Spring Roll",1,"Asian","Spring 2025","Control","Wok","Side","Satellite","Lunch"
"2395","24-Jan","Create Your Pasta Bowl MEAT",86,"Italian","Spring 2025","Control","Pasta","Main","Satellite","Lunch"
"2396","24-Jan","Pizza with Toppings",26,"Italian","Spring 2025","Control","Pizza","Main","Satellite","Lunch"
"2397","24-Jan","Create Your Pasta Bowl VEG",15,"Italian","Spring 2025","Control","Pasta","Main","Satellite","Lunch"
"2398","24-Jan","Pizza Cheese",14,"Italian","Spring 2025","Control","Pizza","Main","Satellite","Lunch"
"2399","24-Jan","Add Extra Meat",19,"Italian","Spring 2025","Control","Pasta","Modification","Satellite","Lunch"
"2400","24-Jan","Burrito Breakfast",70,"Breakfast","Spring 2025","Control","Breakfast","Main","Satellite","Breakfast"
"2401","24-Jan","Small French Omelet",50,"Breakfast","Spring 2025","Control","Breakfast","Side","Satellite","Breakfast"
"2402","24-Jan","Grand Slam Breakfast",10,"Breakfast","Spring 2025","Control","Breakfast","Main","Satellite","Breakfast"
"2403","24-Jan","Add Bacon",19,"Breakfast","Spring 2025","Control","Breakfast","Modification","Satellite","Breakfast"
"2404","24-Jan","Pancake Single",6,"Breakfast","Spring 2025","Control","Breakfast","Side","Satellite","Breakfast"
"2405","24-Jan","Trillium Home Fries",2,"Breakfast","Spring 2025","Control","Breakfast","Side","Satellite","Breakfast"
"2406","24-Jan","Two Eggs",3,"Breakfast","Spring 2025","Control","Breakfast","Side","Satellite","Breakfast"
"2407","24-Jan","Burrito Bowl BYO",56,"Mexican","Spring 2025","Control","Wrap","Main","Satellite","Lunch"
"2408","24-Jan","Side Guacamole",2,"Mexican","Spring 2025","Control","Wrap","Side","Satellite","Lunch"
"2409","24-Jan","Side Salsa",1,"Mexican","Spring 2025","Control","Wrap","Side","Satellite","Lunch"
"2410","24-Jan","Add Extra Toppings Una Mano",1,"Mexican","Spring 2025","Control","Wrap","Modification","Satellite","Lunch"
"2411","24-Jan","Soup 12 oz",38,"Soup","Spring 2025","Control","Soup","Main","Satellite","Lunch"
"2412","24-Jan","8 oz Soup",30,"Soup","Spring 2025","Control","Soup","Main","Satellite","Lunch"
"2413","24-Jan","Salad by the Pound",38,"Salad Bar","Spring 2025","Control","Salad Bar","Main","Satellite","Lunch"
"2414","24-Jan","Add Extra Protein 3.99",3,"Salad Bar","Spring 2025","Control","Salad Bar","Modification","Satellite","Lunch"
"2415","24-Jan","Egg Cheese Sausage Breakfast Sandwich",23,"Grab N Go","Spring 2025","Control","Grab N Go","Main","Satellite","Lunch"
"2416","24-Jan","Egg Cheese Bacon Breakfast Sandwich",17,"Grab N Go","Spring 2025","Control","Grab N Go","Main","Satellite","Lunch"
"2417","27-Jan","Quesadilla Deluxe Trillium",176,"Grill","Spring 2025","Control","Quesadilla","Main","Satellite","Lunch"
"2418","27-Jan","Grilled Hamburger",92,"Grill","Spring 2025","Control","Grill","Main","Treatment","Lunch"
"2419","27-Jan","Fried Chicken Tenders",90,"Grab N Go","Spring 2025","Control","Grab N Go","Side","Satellite","Lunch"
"2420","27-Jan","Burrito Una Mano Trillium BYO",71,"Grill","Spring 2025","Control","Quesadilla","Main","Satellite","Lunch"
"2421","27-Jan","French Fries",113,"Grill","Spring 2025","Control","Grill","Side","Treatment","Lunch"
"2422","27-Jan","Grilled Chicken Breast Sandwich",22,"Grill","Spring 2025","Control","Grill","Main","Treatment","Lunch"
"2423","27-Jan","Trillium Grill Impossible Burger",12,"Grill","Spring 2025","Control","Grill","Main","Treatment","Lunch"
"2424","27-Jan","Sweet Potato Fries",40,"Grill","Spring 2025","Control","Grill","Side","Treatment","Lunch"
"2425","27-Jan","Seared Salmon Burger",10,"Grill","Spring 2025","Control","Grill","Main","Treatment","Lunch"
"2426","27-Jan","+ Beef Patty",16,"Grill","Spring 2025","Control","Grill","Modification","Treatment","Lunch"
"2427","27-Jan","Quesadilla Cheese",7,"Grill","Spring 2025","Control","Quesadilla","Main","Satellite","Lunch"
"2428","27-Jan","Side Potato Tots",12,"Grab N Go","Spring 2025","Control","Grab N Go","Side","Satellite","Lunch"
"2429","27-Jan","Black Bean Burger",4,"Grill","Spring 2025","Control","Grill","Main","Treatment","Lunch"
"2430","27-Jan","ADD Chicken Breast",7,"Grill","Spring 2025","Control","Grill","Modification","Treatment","Lunch"
"2431","27-Jan","Add Sausage 2 Patty",3,"Grill","Spring 2025","Control","Grill","Modification","Treatment","Lunch"
"2432","27-Jan","ADD Cheese",6,"Grill","Spring 2025","Control","Grill","Modification","Treatment","Lunch"
"2433","27-Jan","Add Egg .99",2,"Grill","Spring 2025","Control","Grill","Modification","Treatment","Lunch"
"2434","27-Jan","1 Entree + 1 Side",197,"Asian","Spring 2025","Control","Wok","Main","Satellite","Lunch"
"2435","27-Jan","Bowl Ramen Chicken",79,"Asian","Spring 2025","Control","Ramen","Main","Treatment","Lunch"
"2436","27-Jan","1 Entree + 2 Side",67,"Asian","Spring 2025","Control","Wok","Main","Satellite","Lunch"
"2437","27-Jan","2 Entrees + 2 Sides",34,"Asian","Spring 2025","Control","Wok","Main","Satellite","Lunch"
"2438","27-Jan","Bowl Ramen Tofu",11,"Asian","Spring 2025","Control","Ramen","Main","Treatment","Lunch"
"2439","27-Jan","Side Vegetarian Lo Mein",11,"Asian","Spring 2025","Control","Wok","Side","Satellite","Lunch"
"2440","27-Jan","1 Wok Entree",4,"Asian","Spring 2025","Control","Wok","Main","Satellite","Lunch"
"2441","27-Jan","Side Vegetables",3,"Asian","Spring 2025","Control","Wok","Side","Satellite","Lunch"
"2442","27-Jan","Side Vegetarian Fried Rice with",3,"Asian","Spring 2025","Control","Wok","Side","Satellite","Lunch"
"2443","27-Jan","Side White or Brown Rice",5,"Asian","Spring 2025","Control","Wok","Side","Satellite","Lunch"
"2444","27-Jan","Bowl Ramen Chicken",1,"Asian","Spring 2025","Control","Ramen","Main","Treatment","Lunch"
"2445","27-Jan","Create Your Pasta Bowl MEAT",162,"Italian","Spring 2025","Control","Pasta","Main","Satellite","Lunch"
"2446","27-Jan","Create Your Pasta Bowl VEG",21,"Italian","Spring 2025","Control","Pasta","Main","Satellite","Lunch"
"2447","27-Jan","Pizza with Toppings",26,"Italian","Spring 2025","Control","Pizza","Main","Satellite","Lunch"
"2448","27-Jan","Add Extra Meat",34,"Italian","Spring 2025","Control","Pasta","Modification","Satellite","Lunch"
"2449","27-Jan","Pizza Cheese",16,"Italian","Spring 2025","Control","Pizza","Main","Satellite","Lunch"
"2450","27-Jan","Side Bread Pasta Station",1,"Italian","Spring 2025","Control","Pasta","Side","Satellite","Lunch"
"2451","27-Jan","Burrito Breakfast",93,"Breakfast","Spring 2025","Control","Breakfast","Main","Satellite","Breakfast"
"2452","27-Jan","Small French Omelet",52,"Breakfast","Spring 2025","Control","Breakfast","Side","Satellite","Breakfast"
"2453","27-Jan","Grand Slam Breakfast",8,"Breakfast","Spring 2025","Control","Breakfast","Main","Satellite","Breakfast"
"2454","27-Jan","Add Bacon",24,"Breakfast","Spring 2025","Control","Breakfast","Modification","Satellite","Breakfast"
"2455","27-Jan","Two Eggs",10,"Breakfast","Spring 2025","Control","Breakfast","Side","Satellite","Breakfast"
"2456","27-Jan","Trillium Home Fries",4,"Breakfast","Spring 2025","Control","Breakfast","Side","Satellite","Breakfast"
"2457","27-Jan","Pancake Single",3,"Breakfast","Spring 2025","Control","Breakfast","Side","Satellite","Breakfast"
"2458","27-Jan","Burrito Bowl BYO",133,"Mexican","Spring 2025","Control","Wrap","Main","Satellite","Lunch"
"2459","27-Jan","Single Taco",6,"Mexican","Spring 2025","Control","Wrap","Main","Satellite","Lunch"
"2460","27-Jan","Side Guacamole",1,"Mexican","Spring 2025","Control","Wrap","Side","Satellite","Lunch"
"2461","27-Jan","Salad by the Pound",72,"Salad Bar","Spring 2025","Control","Salad Bar","Main","Satellite","Lunch"
"2462","27-Jan","Add Extra Protein 3.99",1,"Salad Bar","Spring 2025","Control","Salad Bar","Modification","Satellite","Lunch"
"2463","27-Jan","8 oz Soup",59,"Soup","Spring 2025","Control","Soup","Main","Satellite","Lunch"
"2464","27-Jan","Soup 12 oz",33,"Soup","Spring 2025","Control","Soup","Main","Satellite","Lunch"
"2465","27-Jan","Egg Cheese Bacon Breakfast Sandwich",24,"Grab N Go","Spring 2025","Control","Grab N Go","Main","Satellite","Lunch"
"2466","27-Jan","Egg Cheese Sausage Breakfast Sandwich",22,"Grab N Go","Spring 2025","Control","Grab N Go","Main","Satellite","Lunch"
"2467","28-Jan","Quesadilla Deluxe Trillium",207,"Grill","Spring 2025","Control","Quesadilla","Main","Satellite","Lunch"
"2468","28-Jan","Grilled Hamburger",105,"Grill","Spring 2025","Control","Grill","Main","Treatment","Lunch"
"2469","28-Jan","Fried Chicken Tenders",101,"Grab N Go","Spring 2025","Control","Grab N Go","Side","Satellite","Lunch"
"2470","28-Jan","Burrito Una Mano Trillium BYO",67,"Grill","Spring 2025","Control","Quesadilla","Main","Satellite","Lunch"
"2471","28-Jan","French Fries",153,"Grill","Spring 2025","Control","Grill","Side","Treatment","Lunch"
"2472","28-Jan","Grilled Chicken Breast Sandwich",19,"Grill","Spring 2025","Control","Grill","Main","Treatment","Lunch"
"2473","28-Jan","Trillium Grill Impossible Burger",10,"Grill","Spring 2025","Control","Grill","Main","Treatment","Lunch"
"2474","28-Jan","Sweet Potato Fries",34,"Grill","Spring 2025","Control","Grill","Side","Treatment","Lunch"
"2475","28-Jan","+ Beef Patty",27,"Grill","Spring 2025","Control","Grill","Modification","Treatment","Lunch"
"2476","28-Jan","Quesadilla Cheese",9,"Grill","Spring 2025","Control","Quesadilla","Main","Satellite","Lunch"
"2477","28-Jan","ADD Chicken Breast",17,"Grill","Spring 2025","Control","Grill","Modification","Treatment","Lunch"
"2478","28-Jan","Seared Salmon Burger",7,"Grill","Spring 2025","Control","Grill","Main","Treatment","Lunch"
"2479","28-Jan","Side Potato Tots",18,"Grab N Go","Spring 2025","Control","Grab N Go","Side","Satellite","Lunch"
"2480","28-Jan","Black Bean Burger",5,"Grill","Spring 2025","Control","Grill","Main","Treatment","Lunch"
"2481","28-Jan","ADD Cheese",13,"Grill","Spring 2025","Control","Grill","Modification","Treatment","Lunch"
"2482","28-Jan","Add Sausage 2 Patty",2,"Grill","Spring 2025","Control","Grill","Modification","Treatment","Lunch"
"2483","28-Jan","Add Egg .99",4,"Grill","Spring 2025","Control","Grill","Modification","Treatment","Lunch"
"2484","28-Jan","1 Entree + 1 Side",225,"Asian","Spring 2025","Control","Wok","Main","Satellite","Lunch"
"2485","28-Jan","Bowl Ramen Chicken",88,"Asian","Spring 2025","Control","Ramen","Main","Treatment","Lunch"
"2486","28-Jan","1 Entree + 2 Side",72,"Asian","Spring 2025","Control","Wok","Main","Satellite","Lunch"
"2487","28-Jan","2 Entrees + 2 Sides",30,"Asian","Spring 2025","Control","Wok","Main","Satellite","Lunch"
"2488","28-Jan","Bowl Ramen Tofu",21,"Asian","Spring 2025","Control","Ramen","Main","Treatment","Lunch"
"2489","28-Jan","Side Vegetarian Lo Mein",11,"Asian","Spring 2025","Control","Wok","Side","Satellite","Lunch"
"2490","28-Jan","Side White or Brown Rice",14,"Asian","Spring 2025","Control","Wok","Side","Satellite","Lunch"
"2491","28-Jan","1 Wok Entree",3,"Asian","Spring 2025","Control","Wok","Main","Satellite","Lunch"
"2492","28-Jan","Side Vegetable Spring Rolls",2,"Asian","Spring 2025","Control","Wok","Side","Satellite","Lunch"
"2493","28-Jan","Side Fried Spring Roll",1,"Asian","Spring 2025","Control","Wok","Side","Satellite","Lunch"
"2494","28-Jan","Side Vegetarian Fried Rice with",1,"Asian","Spring 2025","Control","Wok","Side","Satellite","Lunch"
"2495","28-Jan","Create Your Pasta Bowl MEAT",102,"Italian","Spring 2025","Control","Pasta","Main","Satellite","Lunch"
"2496","28-Jan","Create Your Pasta Bowl VEG",35,"Italian","Spring 2025","Control","Pasta","Main","Satellite","Lunch"
"2497","28-Jan","Pizza with Toppings",31,"Italian","Spring 2025","Control","Pizza","Main","Satellite","Lunch"
"2498","28-Jan","Pizza Cheese",25,"Italian","Spring 2025","Control","Pizza","Main","Satellite","Lunch"
"2499","28-Jan","Add Extra Meat",18,"Italian","Spring 2025","Control","Pasta","Modification","Satellite","Lunch"
"2500","28-Jan","Side Bread Pasta Station",3,"Italian","Spring 2025","Control","Pasta","Side","Satellite","Lunch"
"2501","28-Jan","Burrito Breakfast",87,"Breakfast","Spring 2025","Control","Breakfast","Main","Satellite","Breakfast"
"2502","28-Jan","Small French Omelet",59,"Breakfast","Spring 2025","Control","Breakfast","Side","Satellite","Breakfast"
"2503","28-Jan","Grand Slam Breakfast",11,"Breakfast","Spring 2025","Control","Breakfast","Main","Satellite","Breakfast"
"2504","28-Jan","Add Bacon",44,"Breakfast","Spring 2025","Control","Breakfast","Modification","Satellite","Breakfast"
"2505","28-Jan","Two Eggs",14,"Breakfast","Spring 2025","Control","Breakfast","Side","Satellite","Breakfast"
"2506","28-Jan","Pancake Single",6,"Breakfast","Spring 2025","Control","Breakfast","Side","Satellite","Breakfast"
"2507","28-Jan","2 Slices Toast",4,"Breakfast","Spring 2025","Control","Breakfast","Side","Satellite","Breakfast"
"2508","28-Jan","Trillium Home Fries",1,"Breakfast","Spring 2025","Control","Breakfast","Side","Satellite","Breakfast"
"2509","28-Jan","Burrito Bowl BYO",116,"Mexican","Spring 2025","Control","Wrap","Main","Satellite","Lunch"
"2510","28-Jan","Single Taco",4,"Mexican","Spring 2025","Control","Wrap","Main","Satellite","Lunch"
"2511","28-Jan","Side Guacamole",2,"Mexican","Spring 2025","Control","Wrap","Side","Satellite","Lunch"
"2512","28-Jan","Add Extra Toppings Una Mano",2,"Mexican","Spring 2025","Control","Wrap","Modification","Satellite","Lunch"
"2513","28-Jan","8 oz Soup",59,"Soup","Spring 2025","Control","Soup","Main","Satellite","Lunch"
"2514","28-Jan","Soup 12 oz",47,"Soup","Spring 2025","Control","Soup","Main","Satellite","Lunch"
"2515","28-Jan","Salad by the Pound",50,"Salad Bar","Spring 2025","Control","Salad Bar","Main","Satellite","Lunch"
"2516","28-Jan","Add Extra Protein 3.99",2,"Salad Bar","Spring 2025","Control","Salad Bar","Modification","Satellite","Lunch"
"2517","28-Jan","Egg Cheese Bacon Breakfast Sandwich",24,"Grab N Go","Spring 2025","Control","Grab N Go","Main","Satellite","Lunch"
"2518","28-Jan","Egg Cheese Sausage Breakfast Sandwich",20,"Grab N Go","Spring 2025","Control","Grab N Go","Main","Satellite","Lunch"
"2519","29-Jan","Quesadilla Deluxe Trillium",190,"Grill","Spring 2025","Control","Quesadilla","Main","Satellite","Lunch"
"2520","29-Jan","Grilled Hamburger",88,"Grill","Spring 2025","Control","Grill","Main","Treatment","Lunch"
"2521","29-Jan","Fried Chicken Tenders",103,"Grab N Go","Spring 2025","Control","Grab N Go","Side","Satellite","Lunch"
"2522","29-Jan","Burrito Una Mano Trillium BYO",72,"Grill","Spring 2025","Control","Quesadilla","Main","Satellite","Lunch"
"2523","29-Jan","French Fries",126,"Grill","Spring 2025","Control","Grill","Side","Treatment","Lunch"
"2524","29-Jan","Quesadilla Cheese",14,"Grill","Spring 2025","Control","Quesadilla","Main","Satellite","Lunch"
"2525","29-Jan","Grilled Chicken Breast Sandwich",12,"Grill","Spring 2025","Control","Grill","Main","Treatment","Lunch"
"2526","29-Jan","Seared Salmon Burger",11,"Grill","Spring 2025","Control","Grill","Main","Treatment","Lunch"
"2527","29-Jan","Sweet Potato Fries",31,"Grill","Spring 2025","Control","Grill","Side","Treatment","Lunch"
"2528","29-Jan","Trillium Grill Impossible Burger",5,"Grill","Spring 2025","Control","Grill","Main","Treatment","Lunch"
"2529","29-Jan","Side Potato Tots",14,"Grab N Go","Spring 2025","Control","Grab N Go","Side","Satellite","Lunch"
"2530","29-Jan","ADD Chicken Breast",10,"Grill","Spring 2025","Control","Grill","Modification","Treatment","Lunch"
"2531","29-Jan","Black Bean Burger",4,"Grill","Spring 2025","Control","Grill","Main","Treatment","Lunch"
"2532","29-Jan","+ Beef Patty",8,"Grill","Spring 2025","Control","Grill","Modification","Treatment","Lunch"
"2533","29-Jan","Add Impossible Burger Patty",1,"Grill","Spring 2025","Control","Grill","Modification","Treatment","Lunch"
"2534","29-Jan","Add Sausage 2 Patty",3,"Grill","Spring 2025","Control","Grill","Modification","Treatment","Lunch"
"2535","29-Jan","ADD Burger Salmon Grilled",1,"Grill","Spring 2025","Control","Grill","Modification","Treatment","Lunch"
"2536","29-Jan","Add Egg .99",4,"Grill","Spring 2025","Control","Grill","Modification","Treatment","Lunch"
"2537","29-Jan","ADD Cheese",5,"Grill","Spring 2025","Control","Grill","Modification","Treatment","Lunch"
"2538","29-Jan","1 Entree + 1 Side",206,"Asian","Spring 2025","Control","Wok","Main","Satellite","Lunch"
"2539","29-Jan","1 Entree + 2 Side",94,"Asian","Spring 2025","Control","Wok","Main","Satellite","Lunch"
"2540","29-Jan","Bowl Ramen Chicken",85,"Asian","Spring 2025","Control","Ramen","Main","Treatment","Lunch"
"2541","29-Jan","2 Entrees + 2 Sides",31,"Asian","Spring 2025","Control","Wok","Main","Satellite","Lunch"
"2542","29-Jan","Bowl Ramen Tofu",21,"Asian","Spring 2025","Control","Ramen","Main","Treatment","Lunch"
"2543","29-Jan","Side Vegetarian Lo Mein",9,"Asian","Spring 2025","Control","Wok","Side","Satellite","Lunch"
"2544","29-Jan","1 Wok Entree",4,"Asian","Spring 2025","Control","Wok","Main","Satellite","Lunch"
"2545","29-Jan","Side White or Brown Rice",7,"Asian","Spring 2025","Control","Wok","Side","Satellite","Lunch"
"2546","29-Jan","Side Vegetable Spring Rolls",3,"Asian","Spring 2025","Control","Wok","Side","Satellite","Lunch"
"2547","29-Jan","Create Your Pasta Bowl MEAT",150,"Italian","Spring 2025","Control","Pasta","Main","Satellite","Lunch"
"2548","29-Jan","Pizza with Toppings",38,"Italian","Spring 2025","Control","Pizza","Main","Satellite","Lunch"
"2549","29-Jan","Create Your Pasta Bowl VEG",22,"Italian","Spring 2025","Control","Pasta","Main","Satellite","Lunch"
"2550","29-Jan","Pizza Cheese",23,"Italian","Spring 2025","Control","Pizza","Main","Satellite","Lunch"
"2551","29-Jan","Add Extra Meat",32,"Italian","Spring 2025","Control","Pasta","Modification","Satellite","Lunch"
"2552","29-Jan","Burrito Breakfast",86,"Breakfast","Spring 2025","Control","Breakfast","Main","Satellite","Breakfast"
"2553","29-Jan","Small French Omelet",74,"Breakfast","Spring 2025","Control","Breakfast","Side","Satellite","Breakfast"
"2554","29-Jan","Grand Slam Breakfast",16,"Breakfast","Spring 2025","Control","Breakfast","Main","Satellite","Breakfast"
"2555","29-Jan","Add Bacon",18,"Breakfast","Spring 2025","Control","Breakfast","Modification","Satellite","Breakfast"
"2556","29-Jan","Two Eggs",12,"Breakfast","Spring 2025","Control","Breakfast","Side","Satellite","Breakfast"
"2557","29-Jan","Pancake Single",5,"Breakfast","Spring 2025","Control","Breakfast","Side","Satellite","Breakfast"
"2558","29-Jan","Trillium Home Fries",3,"Breakfast","Spring 2025","Control","Breakfast","Side","Satellite","Breakfast"
"2559","29-Jan","2 Slices Toast",1,"Breakfast","Spring 2025","Control","Breakfast","Side","Satellite","Breakfast"
"2560","29-Jan","PC Peanut Butter",1,"Breakfast","Spring 2025","Control","Breakfast","Side","Satellite","Breakfast"
"2561","29-Jan","Burrito Bowl BYO",120,"Mexican","Spring 2025","Control","Wrap","Main","Satellite","Lunch"
"2562","29-Jan","Single Taco",18,"Mexican","Spring 2025","Control","Wrap","Main","Satellite","Lunch"
"2563","29-Jan","Add Extra Toppings Una Mano",1,"Mexican","Spring 2025","Control","Wrap","Modification","Satellite","Lunch"
"2564","29-Jan","8 oz Soup",80,"Soup","Spring 2025","Control","Soup","Main","Satellite","Lunch"
"2565","29-Jan","Soup 12 oz",34,"Soup","Spring 2025","Control","Soup","Main","Satellite","Lunch"
"2566","29-Jan","Salad by the Pound",52,"Salad Bar","Spring 2025","Control","Salad Bar","Main","Satellite","Lunch"
"2567","29-Jan","Egg Cheese Bacon Breakfast Sandwich",24,"Grab N Go","Spring 2025","Control","Grab N Go","Main","Satellite","Lunch"
"2568","29-Jan","Egg Cheese Sausage Breakfast Sandwich",22,"Grab N Go","Spring 2025","Control","Grab N Go","Main","Satellite","Lunch"
"2569","30-Jan","Quesadilla Deluxe Trillium",187,"Grill","Spring 2025","Control","Quesadilla","Main","Satellite","Lunch"
"2570","30-Jan","Grilled Hamburger",109,"Grill","Spring 2025","Control","Grill","Main","Treatment","Lunch"
"2571","30-Jan","Burrito Una Mano Trillium BYO",83,"Grill","Spring 2025","Control","Quesadilla","Main","Satellite","Lunch"
"2572","30-Jan","Fried Chicken Tenders",99,"Grab N Go","Spring 2025","Control","Grab N Go","Side","Satellite","Lunch"
"2573","30-Jan","French Fries",144,"Grill","Spring 2025","Control","Grill","Side","Treatment","Lunch"
"2574","30-Jan","Sweet Potato Fries",47,"Grill","Spring 2025","Control","Grill","Side","Treatment","Lunch"
"2575","30-Jan","Quesadilla Cheese",16,"Grill","Spring 2025","Control","Quesadilla","Main","Satellite","Lunch"
"2576","30-Jan","Grilled Chicken Breast Sandwich",14,"Grill","Spring 2025","Control","Grill","Main","Treatment","Lunch"
"2577","30-Jan","Trillium Grill Impossible Burger",8,"Grill","Spring 2025","Control","Grill","Main","Treatment","Lunch"
"2578","30-Jan","Seared Salmon Burger",8,"Grill","Spring 2025","Control","Grill","Main","Treatment","Lunch"
"2579","30-Jan","+ Beef Patty",17,"Grill","Spring 2025","Control","Grill","Modification","Treatment","Lunch"
"2580","30-Jan","Side Potato Tots",12,"Grab N Go","Spring 2025","Control","Grab N Go","Side","Satellite","Lunch"
"2581","30-Jan","Black Bean Burger",3,"Grill","Spring 2025","Control","Grill","Main","Treatment","Lunch"
"2582","30-Jan","ADD Burger Salmon Grilled",2,"Grill","Spring 2025","Control","Grill","Modification","Treatment","Lunch"
"2583","30-Jan","ADD Chicken Breast",2,"Grill","Spring 2025","Control","Grill","Modification","Treatment","Lunch"
"2584","30-Jan","Add Egg .99",6,"Grill","Spring 2025","Control","Grill","Modification","Treatment","Lunch"
"2585","30-Jan","ADD Cheese",9,"Grill","Spring 2025","Control","Grill","Modification","Treatment","Lunch"
"2586","30-Jan","Add Sausage 2 Patty",1,"Grill","Spring 2025","Control","Grill","Modification","Treatment","Lunch"
"2587","30-Jan","1 Entree + 1 Side",209,"Asian","Spring 2025","Control","Wok","Main","Satellite","Lunch"
"2588","30-Jan","1 Entree + 2 Side",93,"Asian","Spring 2025","Control","Wok","Main","Satellite","Lunch"
"2589","30-Jan","Bowl Ramen Chicken",83,"Asian","Spring 2025","Control","Ramen","Main","Treatment","Lunch"
"2590","30-Jan","2 Entrees + 2 Sides",24,"Asian","Spring 2025","Control","Wok","Main","Satellite","Lunch"
"2591","30-Jan","Bowl Ramen Tofu",26,"Asian","Spring 2025","Control","Ramen","Main","Treatment","Lunch"
"2592","30-Jan","Side Vegetarian Lo Mein",4,"Asian","Spring 2025","Control","Wok","Side","Satellite","Lunch"
"2593","30-Jan","Side White or Brown Rice",7,"Asian","Spring 2025","Control","Wok","Side","Satellite","Lunch"
"2594","30-Jan","1 Wok Entree",2,"Asian","Spring 2025","Control","Wok","Main","Satellite","Lunch"
"2595","30-Jan","Side Fried Spring Roll",1,"Asian","Spring 2025","Control","Wok","Side","Satellite","Lunch"
"2596","30-Jan","Side Vegetables",1,"Asian","Spring 2025","Control","Wok","Side","Satellite","Lunch"
"2597","30-Jan","Side Vegetarian Fried Rice with",1,"Asian","Spring 2025","Control","Wok","Side","Satellite","Lunch"
"2598","30-Jan","Create Your Pasta Bowl MEAT",118,"Italian","Spring 2025","Control","Pasta","Main","Satellite","Lunch"
"2599","30-Jan","Create Your Pasta Bowl VEG",33,"Italian","Spring 2025","Control","Pasta","Main","Satellite","Lunch"
"2600","30-Jan","Pizza with Toppings",45,"Italian","Spring 2025","Control","Pizza","Main","Satellite","Lunch"
"2601","30-Jan","Pizza Cheese",27,"Italian","Spring 2025","Control","Pizza","Main","Satellite","Lunch"
"2602","30-Jan","Add Extra Meat",31,"Italian","Spring 2025","Control","Pasta","Modification","Satellite","Lunch"
"2603","30-Jan","Burrito Breakfast",94,"Breakfast","Spring 2025","Control","Breakfast","Main","Satellite","Breakfast"
"2604","30-Jan","Small French Omelet",59,"Breakfast","Spring 2025","Control","Breakfast","Side","Satellite","Breakfast"
"2605","30-Jan","Grand Slam Breakfast",9,"Breakfast","Spring 2025","Control","Breakfast","Main","Satellite","Breakfast"
"2606","30-Jan","Add Bacon",29,"Breakfast","Spring 2025","Control","Breakfast","Modification","Satellite","Breakfast"
"2607","30-Jan","Two Eggs",11,"Breakfast","Spring 2025","Control","Breakfast","Side","Satellite","Breakfast"
"2608","30-Jan","Pancake Single",3,"Breakfast","Spring 2025","Control","Breakfast","Side","Satellite","Breakfast"
"2609","30-Jan","2 Slices Toast",2,"Breakfast","Spring 2025","Control","Breakfast","Side","Satellite","Breakfast"
"2610","30-Jan","PC Jelly",1,"Breakfast","Spring 2025","Control","Breakfast","Side","Satellite","Breakfast"
"2611","30-Jan","Burrito Bowl BYO",102,"Mexican","Spring 2025","Control","Wrap","Main","Satellite","Lunch"
"2612","30-Jan","Single Taco",6,"Mexican","Spring 2025","Control","Wrap","Main","Satellite","Lunch"
"2613","30-Jan","Side Guacamole",4,"Mexican","Spring 2025","Control","Wrap","Side","Satellite","Lunch"
"2614","30-Jan","Add Extra Toppings Una Mano",1,"Mexican","Spring 2025","Control","Wrap","Modification","Satellite","Lunch"
"2615","30-Jan","Salad by the Pound",64,"Salad Bar","Spring 2025","Control","Salad Bar","Main","Satellite","Lunch"
"2616","30-Jan","Add Extra Protein 3.99",4,"Salad Bar","Spring 2025","Control","Salad Bar","Modification","Satellite","Lunch"
"2617","30-Jan","8 oz Soup",39,"Soup","Spring 2025","Control","Soup","Main","Satellite","Lunch"
"2618","30-Jan","Soup 12 oz",26,"Soup","Spring 2025","Control","Soup","Main","Satellite","Lunch"
"2619","30-Jan","Egg Cheese Sausage Breakfast Sandwich",23,"Grab N Go","Spring 2025","Control","Grab N Go","Main","Satellite","Lunch"
"2620","30-Jan","Egg Cheese Bacon Breakfast Sandwich",20,"Grab N Go","Spring 2025","Control","Grab N Go","Main","Satellite","Lunch"
"2621","31-Jan","Quesadilla Deluxe Trillium",129,"Grill","Spring 2025","Control","Quesadilla","Main","Satellite","Lunch"
"2622","31-Jan","Grilled Hamburger",64,"Grill","Spring 2025","Control","Grill","Main","Treatment","Lunch"
"2623","31-Jan","Burrito Una Mano Trillium BYO",60,"Grill","Spring 2025","Control","Quesadilla","Main","Satellite","Lunch"
"2624","31-Jan","Fried Chicken Tenders",60,"Grab N Go","Spring 2025","Control","Grab N Go","Side","Satellite","Lunch"
"2625","31-Jan","French Fries",111,"Grill","Spring 2025","Control","Grill","Side","Treatment","Lunch"
"2626","31-Jan","Grilled Chicken Breast Sandwich",9,"Grill","Spring 2025","Control","Grill","Main","Treatment","Lunch"
"2627","31-Jan","+ Beef Patty",21,"Grill","Spring 2025","Control","Grill","Modification","Treatment","Lunch"
"2628","31-Jan","Quesadilla Cheese",9,"Grill","Spring 2025","Control","Quesadilla","Main","Satellite","Lunch"
"2629","31-Jan","Trillium Grill Impossible Burger",6,"Grill","Spring 2025","Control","Grill","Main","Treatment","Lunch"
"2630","31-Jan","Seared Salmon Burger",5,"Grill","Spring 2025","Control","Grill","Main","Treatment","Lunch"
"2631","31-Jan","Side Potato Tots",13,"Grab N Go","Spring 2025","Control","Grab N Go","Side","Satellite","Lunch"
"2632","31-Jan","ADD Chicken Breast",4,"Grill","Spring 2025","Control","Grill","Modification","Treatment","Lunch"
"2633","31-Jan","ADD Cheese",17,"Grill","Spring 2025","Control","Grill","Modification","Treatment","Lunch"
"2634","31-Jan","Black Bean Burger",1,"Grill","Spring 2025","Control","Grill","Main","Treatment","Lunch"
"2635","31-Jan","Add Egg .99",5,"Grill","Spring 2025","Control","Grill","Modification","Treatment","Lunch"
"2636","31-Jan","Add Sausage 2 Patty",2,"Grill","Spring 2025","Control","Grill","Modification","Treatment","Lunch"
"2637","31-Jan","1 Entree + 1 Side",136,"Asian","Spring 2025","Control","Wok","Main","Satellite","Lunch"
"2638","31-Jan","Bowl Ramen Chicken",71,"Asian","Spring 2025","Control","Ramen","Main","Treatment","Lunch"
"2639","31-Jan","1 Entree + 2 Side",62,"Asian","Spring 2025","Control","Wok","Main","Satellite","Lunch"
"2640","31-Jan","2 Entrees + 2 Sides",22,"Asian","Spring 2025","Control","Wok","Main","Satellite","Lunch"
"2641","31-Jan","Bowl Ramen Tofu",13,"Asian","Spring 2025","Control","Ramen","Main","Treatment","Lunch"
"2642","31-Jan","Side White or Brown Rice",9,"Asian","Spring 2025","Control","Wok","Side","Satellite","Lunch"
"2643","31-Jan","Side Vegetarian Lo Mein",3,"Asian","Spring 2025","Control","Wok","Side","Satellite","Lunch"
"2644","31-Jan","Bowl Ramen Chicken",1,"Asian","Spring 2025","Control","Ramen","Main","Treatment","Lunch"
"2645","31-Jan","Side Vegetable Spring Rolls",1,"Asian","Spring 2025","Control","Wok","Side","Satellite","Lunch"
"2646","31-Jan","Side Vegetarian Fried Rice with",1,"Asian","Spring 2025","Control","Wok","Side","Satellite","Lunch"
"2647","31-Jan","Create Your Pasta Bowl MEAT",90,"Italian","Spring 2025","Control","Pasta","Main","Satellite","Lunch"
"2648","31-Jan","Pizza with Toppings",35,"Italian","Spring 2025","Control","Pizza","Main","Satellite","Lunch"
"2649","31-Jan","Pizza Cheese",18,"Italian","Spring 2025","Control","Pizza","Main","Satellite","Lunch"
"2650","31-Jan","Create Your Pasta Bowl VEG",8,"Italian","Spring 2025","Control","Pasta","Main","Satellite","Lunch"
"2651","31-Jan","Add Extra Meat",22,"Italian","Spring 2025","Control","Pasta","Modification","Satellite","Lunch"
"2652","31-Jan","Side Bread Pasta Station",1,"Italian","Spring 2025","Control","Pasta","Side","Satellite","Lunch"
"2653","31-Jan","Burrito Breakfast",74,"Breakfast","Spring 2025","Control","Breakfast","Main","Satellite","Breakfast"
"2654","31-Jan","Small French Omelet",46,"Breakfast","Spring 2025","Control","Breakfast","Side","Satellite","Breakfast"
"2655","31-Jan","Grand Slam Breakfast",8,"Breakfast","Spring 2025","Control","Breakfast","Main","Satellite","Breakfast"
"2656","31-Jan","Add Bacon",19,"Breakfast","Spring 2025","Control","Breakfast","Modification","Satellite","Breakfast"
"2657","31-Jan","Two Eggs",9,"Breakfast","Spring 2025","Control","Breakfast","Side","Satellite","Breakfast"
"2658","31-Jan","Pancake Single",4,"Breakfast","Spring 2025","Control","Breakfast","Side","Satellite","Breakfast"
"2659","31-Jan","Trillium Home Fries",3,"Breakfast","Spring 2025","Control","Breakfast","Side","Satellite","Breakfast"
"2660","31-Jan","2 Slices Toast",1,"Breakfast","Spring 2025","Control","Breakfast","Side","Satellite","Breakfast"
"2661","31-Jan","Burrito Bowl BYO",68,"Mexican","Spring 2025","Control","Wrap","Main","Satellite","Lunch"
"2662","31-Jan","Single Taco",3,"Mexican","Spring 2025","Control","Wrap","Main","Satellite","Lunch"
"2663","31-Jan","Side Guacamole",4,"Mexican","Spring 2025","Control","Wrap","Side","Satellite","Lunch"
"2664","31-Jan","Add Extra Toppings Una Mano",2,"Mexican","Spring 2025","Control","Wrap","Modification","Satellite","Lunch"
"2665","31-Jan","8 oz Soup",37,"Soup","Spring 2025","Control","Soup","Main","Satellite","Lunch"
"2666","31-Jan","Soup 12 oz",28,"Soup","Spring 2025","Control","Soup","Main","Satellite","Lunch"
"2667","31-Jan","Salad by the Pound",38,"Salad Bar","Spring 2025","Control","Salad Bar","Main","Satellite","Lunch"
"2668","31-Jan","Add Extra Protein 3.99",1,"Salad Bar","Spring 2025","Control","Salad Bar","Modification","Satellite","Lunch"
"2669","31-Jan","Egg Cheese Bacon Breakfast Sandwich",25,"Grab N Go","Spring 2025","Control","Grab N Go","Main","Satellite","Lunch"
"2670","31-Jan","Egg Cheese Sausage Breakfast Sandwich",17,"Grab N Go","Spring 2025","Control","Grab N Go","Main","Satellite","Lunch"
"2671","3-Feb","Quesadilla Deluxe Trillium",192,"Grill","Spring 2025","Multimodal","Quesadilla","Main","Satellite","Lunch"
"2672","3-Feb","Grilled Hamburger",90,"Grill","Spring 2025","Multimodal","Grill","Main","Treatment","Lunch"
"2673","3-Feb","Burrito Una Mano Trillium BYO",73,"Grill","Spring 2025","Multimodal","Quesadilla","Main","Satellite","Lunch"
"2674","3-Feb","Fried Chicken Tenders",73,"Grab N Go","Spring 2025","Multimodal","Grab N Go","Side","Satellite","Lunch"
"2675","3-Feb","French Fries",128,"Grill","Spring 2025","Multimodal","Grill","Side","Treatment","Lunch"
"2676","3-Feb","Grilled Chicken Breast Sandwich",15,"Grill","Spring 2025","Multimodal","Grill","Main","Treatment","Lunch"
"2677","3-Feb","Trillium Grill Impossible Burger",12,"Grill","Spring 2025","Multimodal","Grill","Main","Treatment","Lunch"
"2678","3-Feb","Quesadilla Cheese",15,"Grill","Spring 2025","Multimodal","Quesadilla","Main","Satellite","Lunch"
"2679","3-Feb","Seared Salmon Burger",8,"Grill","Spring 2025","Multimodal","Grill","Main","Treatment","Lunch"
"2680","3-Feb","Sweet Potato Fries",20,"Grill","Spring 2025","Multimodal","Grill","Side","Treatment","Lunch"
"2681","3-Feb","+ Beef Patty",13,"Grill","Spring 2025","Multimodal","Grill","Modification","Treatment","Lunch"
"2682","3-Feb","Side Potato Tots",15,"Grab N Go","Spring 2025","Multimodal","Grab N Go","Side","Satellite","Lunch"
"2683","3-Feb","ADD Chicken Breast",6,"Grill","Spring 2025","Multimodal","Grill","Modification","Treatment","Lunch"
"2684","3-Feb","Add Sausage 2 Patty",5,"Grill","Spring 2025","Multimodal","Grill","Modification","Treatment","Lunch"
"2685","3-Feb","ADD Cheese",12,"Grill","Spring 2025","Multimodal","Grill","Modification","Treatment","Lunch"
"2686","3-Feb","Add Egg .99",3,"Grill","Spring 2025","Multimodal","Grill","Modification","Treatment","Lunch"
"2687","3-Feb","1 Entree + 1 Side",181,"Asian","Spring 2025","Multimodal","Wok","Main","Satellite","Lunch"
"2688","3-Feb","1 Entree + 2 Side",103,"Asian","Spring 2025","Multimodal","Wok","Main","Satellite","Lunch"
"2689","3-Feb","Bowl Ramen Chicken",81,"Asian","Spring 2025","Multimodal","Ramen","Main","Treatment","Lunch"
"2690","3-Feb","2 Entrees + 2 Sides",29,"Asian","Spring 2025","Multimodal","Wok","Main","Satellite","Lunch"
"2691","3-Feb","Bowl Ramen Tofu",12,"Asian","Spring 2025","Multimodal","Ramen","Main","Treatment","Lunch"
"2692","3-Feb","1 Wok Entree",8,"Asian","Spring 2025","Multimodal","Wok","Main","Satellite","Lunch"
"2693","3-Feb","Side Vegetarian Lo Mein",8,"Asian","Spring 2025","Multimodal","Wok","Side","Satellite","Lunch"
"2694","3-Feb","Side White or Brown Rice",10,"Asian","Spring 2025","Multimodal","Wok","Side","Satellite","Lunch"
"2695","3-Feb","Side Vegetable Spring Rolls",3,"Asian","Spring 2025","Multimodal","Wok","Side","Satellite","Lunch"
"2696","3-Feb","Side Vegetables",1,"Asian","Spring 2025","Multimodal","Wok","Side","Satellite","Lunch"
"2697","3-Feb","Side Vegetarian Fried Rice with",1,"Asian","Spring 2025","Multimodal","Wok","Side","Satellite","Lunch"
"2698","3-Feb","Create Your Pasta Bowl MEAT",140,"Italian","Spring 2025","Multimodal","Pasta","Main","Satellite","Lunch"
"2699","3-Feb","Pizza with Toppings",39,"Italian","Spring 2025","Multimodal","Pizza","Main","Satellite","Lunch"
"2700","3-Feb","Create Your Pasta Bowl VEG",18,"Italian","Spring 2025","Multimodal","Pasta","Main","Satellite","Lunch"
"2701","3-Feb","Add Extra Meat",36,"Italian","Spring 2025","Multimodal","Pasta","Modification","Satellite","Lunch"
"2702","3-Feb","Pizza Cheese",16,"Italian","Spring 2025","Multimodal","Pizza","Main","Satellite","Lunch"
"2703","3-Feb","Side Bread Pasta Station",1,"Italian","Spring 2025","Multimodal","Pasta","Side","Satellite","Lunch"
"2704","3-Feb","Burrito Breakfast",85,"Breakfast","Spring 2025","Multimodal","Breakfast","Main","Satellite","Breakfast"
"2705","3-Feb","Small French Omelet",66,"Breakfast","Spring 2025","Multimodal","Breakfast","Side","Satellite","Breakfast"
"2706","3-Feb","Grand Slam Breakfast",7,"Breakfast","Spring 2025","Multimodal","Breakfast","Main","Satellite","Breakfast"
"2707","3-Feb","Add Bacon",30,"Breakfast","Spring 2025","Multimodal","Breakfast","Modification","Satellite","Breakfast"
"2708","3-Feb","Two Eggs",27,"Breakfast","Spring 2025","Multimodal","Breakfast","Side","Satellite","Breakfast"
"2709","3-Feb","Trillium Home Fries",5,"Breakfast","Spring 2025","Multimodal","Breakfast","Side","Satellite","Breakfast"
"2710","3-Feb","Pancake Single",1,"Breakfast","Spring 2025","Multimodal","Breakfast","Side","Satellite","Breakfast"
"2711","3-Feb","2 Slices Toast",2,"Breakfast","Spring 2025","Multimodal","Breakfast","Side","Satellite","Breakfast"
"2712","3-Feb","PC Peanut Butter",2,"Breakfast","Spring 2025","Multimodal","Breakfast","Side","Satellite","Breakfast"
"2713","3-Feb","Toast",1,"Breakfast","Spring 2025","Multimodal","Breakfast","Side","Satellite","Breakfast"
"2714","3-Feb","Burrito Bowl BYO",110,"Mexican","Spring 2025","Multimodal","Wrap","Main","Satellite","Lunch"
"2715","3-Feb","Single Taco",4,"Mexican","Spring 2025","Multimodal","Wrap","Main","Satellite","Lunch"
"2716","3-Feb","Side Guacamole",1,"Mexican","Spring 2025","Multimodal","Wrap","Side","Satellite","Lunch"
"2717","3-Feb","Salad by the Pound",64,"Salad Bar","Spring 2025","Multimodal","Salad Bar","Main","Satellite","Lunch"
"2718","3-Feb","Add Extra Protein 3.99",3,"Salad Bar","Spring 2025","Multimodal","Salad Bar","Modification","Satellite","Lunch"
"2719","3-Feb","8 oz Soup",56,"Soup","Spring 2025","Multimodal","Soup","Main","Satellite","Lunch"
"2720","3-Feb","Soup 12 oz",38,"Soup","Spring 2025","Multimodal","Soup","Main","Satellite","Lunch"
"2721","3-Feb","Egg Cheese Bacon Breakfast Sandwich",24,"Grab N Go","Spring 2025","Multimodal","Grab N Go","Main","Satellite","Lunch"
"2722","3-Feb","Egg Cheese Sausage Breakfast Sandwich",19,"Grab N Go","Spring 2025","Multimodal","Grab N Go","Main","Satellite","Lunch"
"2723","4-Feb","Quesadilla Deluxe Trillium",196,"Grill","Spring 2025","Multimodal","Quesadilla","Main","Satellite","Lunch"
"2724","4-Feb","Grilled Hamburger",108,"Grill","Spring 2025","Multimodal","Grill","Main","Treatment","Lunch"
"2725","4-Feb","Fried Chicken Tenders",107,"Grab N Go","Spring 2025","Multimodal","Grab N Go","Side","Satellite","Lunch"
"2726","4-Feb","Burrito Una Mano Trillium BYO",75,"Grill","Spring 2025","Multimodal","Quesadilla","Main","Satellite","Lunch"
"2727","4-Feb","French Fries",130,"Grill","Spring 2025","Multimodal","Grill","Side","Treatment","Lunch"
"2728","4-Feb","Grilled Chicken Breast Sandwich",19,"Grill","Spring 2025","Multimodal","Grill","Main","Treatment","Lunch"
"2729","4-Feb","Sweet Potato Fries",45,"Grill","Spring 2025","Multimodal","Grill","Side","Treatment","Lunch"
"2730","4-Feb","+ Beef Patty",21,"Grill","Spring 2025","Multimodal","Grill","Modification","Treatment","Lunch"
"2731","4-Feb","Quesadilla Cheese",8,"Grill","Spring 2025","Multimodal","Quesadilla","Main","Satellite","Lunch"
"2732","4-Feb","Seared Salmon Burger",7,"Grill","Spring 2025","Multimodal","Grill","Main","Treatment","Lunch"
"2733","4-Feb","Side Potato Tots",16,"Grab N Go","Spring 2025","Multimodal","Grab N Go","Side","Satellite","Lunch"
"2734","4-Feb","ADD Chicken Breast",8,"Grill","Spring 2025","Multimodal","Grill","Modification","Treatment","Lunch"
"2735","4-Feb","Black Bean Burger",3,"Grill","Spring 2025","Multimodal","Grill","Main","Treatment","Lunch"
"2736","4-Feb","Trillium Grill Impossible Burger",2,"Grill","Spring 2025","Multimodal","Grill","Main","Treatment","Lunch"
"2737","4-Feb","Add Sausage 2 Patty",5,"Grill","Spring 2025","Multimodal","Grill","Modification","Treatment","Lunch"
"2738","4-Feb","ADD Cheese",16,"Grill","Spring 2025","Multimodal","Grill","Modification","Treatment","Lunch"
"2739","4-Feb","Add Egg .99",7,"Grill","Spring 2025","Multimodal","Grill","Modification","Treatment","Lunch"
"2740","4-Feb","ADD Burger Salmon Grilled",1,"Grill","Spring 2025","Multimodal","Grill","Modification","Treatment","Lunch"
"2741","4-Feb","1 Entree + 1 Side",213,"Asian","Spring 2025","Multimodal","Wok","Main","Satellite","Lunch"
"2742","4-Feb","1 Entree + 2 Side",82,"Asian","Spring 2025","Multimodal","Wok","Main","Satellite","Lunch"
"2743","4-Feb","Bowl Ramen Chicken",86,"Asian","Spring 2025","Multimodal","Ramen","Main","Treatment","Lunch"
"2744","4-Feb","2 Entrees + 2 Sides",34,"Asian","Spring 2025","Multimodal","Wok","Main","Satellite","Lunch"
"2745","4-Feb","Bowl Ramen Tofu",25,"Asian","Spring 2025","Multimodal","Ramen","Main","Treatment","Lunch"
"2746","4-Feb","1 Wok Entree",8,"Asian","Spring 2025","Multimodal","Wok","Main","Satellite","Lunch"
"2747","4-Feb","Side Vegetarian Lo Mein",7,"Asian","Spring 2025","Multimodal","Wok","Side","Satellite","Lunch"
"2748","4-Feb","Side White or Brown Rice",9,"Asian","Spring 2025","Multimodal","Wok","Side","Satellite","Lunch"
"2749","4-Feb","Side Vegetables",3,"Asian","Spring 2025","Multimodal","Wok","Side","Satellite","Lunch"
"2750","4-Feb","Side Vegetarian Fried Rice with",3,"Asian","Spring 2025","Multimodal","Wok","Side","Satellite","Lunch"
"2751","4-Feb","Side Vegetable Spring Rolls",1,"Asian","Spring 2025","Multimodal","Wok","Side","Satellite","Lunch"
"2752","4-Feb","Create Your Pasta Bowl MEAT",101,"Italian","Spring 2025","Multimodal","Pasta","Main","Satellite","Lunch"
"2753","4-Feb","Pizza with Toppings",52,"Italian","Spring 2025","Multimodal","Pizza","Main","Satellite","Lunch"
"2754","4-Feb","Create Your Pasta Bowl VEG",24,"Italian","Spring 2025","Multimodal","Pasta","Main","Satellite","Lunch"
"2755","4-Feb","Pizza Cheese",20,"Italian","Spring 2025","Multimodal","Pizza","Main","Satellite","Lunch"
"2756","4-Feb","Add Extra Meat",17,"Italian","Spring 2025","Multimodal","Pasta","Modification","Satellite","Lunch"
"2757","4-Feb","Side Bread Pasta Station",2,"Italian","Spring 2025","Multimodal","Pasta","Side","Satellite","Lunch"
"2758","4-Feb","Burrito Breakfast",96,"Breakfast","Spring 2025","Multimodal","Breakfast","Main","Satellite","Breakfast"
"2759","4-Feb","Small French Omelet",52,"Breakfast","Spring 2025","Multimodal","Breakfast","Side","Satellite","Breakfast"
"2760","4-Feb","Grand Slam Breakfast",14,"Breakfast","Spring 2025","Multimodal","Breakfast","Main","Satellite","Breakfast"
"2761","4-Feb","Add Bacon",26,"Breakfast","Spring 2025","Multimodal","Breakfast","Modification","Satellite","Breakfast"
"2762","4-Feb","Two Eggs",15,"Breakfast","Spring 2025","Multimodal","Breakfast","Side","Satellite","Breakfast"
"2763","4-Feb","Pancake Single",4,"Breakfast","Spring 2025","Multimodal","Breakfast","Side","Satellite","Breakfast"
"2764","4-Feb","Trillium Home Fries",3,"Breakfast","Spring 2025","Multimodal","Breakfast","Side","Satellite","Breakfast"
"2765","4-Feb","2 Slices Toast",1,"Breakfast","Spring 2025","Multimodal","Breakfast","Side","Satellite","Breakfast"
"2766","4-Feb","Burrito Bowl BYO",100,"Mexican","Spring 2025","Multimodal","Wrap","Main","Satellite","Lunch"
"2767","4-Feb","Single Taco",7,"Mexican","Spring 2025","Multimodal","Wrap","Main","Satellite","Lunch"
"2768","4-Feb","Side Guacamole",3,"Mexican","Spring 2025","Multimodal","Wrap","Side","Satellite","Lunch"
"2769","4-Feb","8 oz Soup",60,"Soup","Spring 2025","Multimodal","Soup","Main","Satellite","Lunch"
"2770","4-Feb","Soup 12 oz",41,"Soup","Spring 2025","Multimodal","Soup","Main","Satellite","Lunch"
"2771","4-Feb","Salad by the Pound",50,"Salad Bar","Spring 2025","Multimodal","Salad Bar","Main","Satellite","Lunch"
"2772","4-Feb","Add Extra Protein 3.99",3,"Salad Bar","Spring 2025","Multimodal","Salad Bar","Modification","Satellite","Lunch"
"2773","4-Feb","Egg Cheese Sausage Breakfast Sandwich",28,"Grab N Go","Spring 2025","Multimodal","Grab N Go","Main","Satellite","Lunch"
"2774","4-Feb","Egg Cheese Bacon Breakfast Sandwich",18,"Grab N Go","Spring 2025","Multimodal","Grab N Go","Main","Satellite","Lunch"
"2775","5-Feb","Quesadilla Deluxe Trillium",185,"Grill","Spring 2025","Multimodal","Quesadilla","Main","Satellite","Lunch"
"2776","5-Feb","Grilled Hamburger",97,"Grill","Spring 2025","Multimodal","Grill","Main","Treatment","Lunch"
"2777","5-Feb","Burrito Una Mano Trillium BYO",72,"Grill","Spring 2025","Multimodal","Quesadilla","Main","Satellite","Lunch"
"2778","5-Feb","Fried Chicken Tenders",81,"Grab N Go","Spring 2025","Multimodal","Grab N Go","Side","Satellite","Lunch"
"2779","5-Feb","French Fries",124,"Grill","Spring 2025","Multimodal","Grill","Side","Treatment","Lunch"
"2780","5-Feb","Grilled Chicken Breast Sandwich",23,"Grill","Spring 2025","Multimodal","Grill","Main","Treatment","Lunch"
"2781","5-Feb","+ Beef Patty",24,"Grill","Spring 2025","Multimodal","Grill","Modification","Treatment","Lunch"
"2782","5-Feb","Sweet Potato Fries",27,"Grill","Spring 2025","Multimodal","Grill","Side","Treatment","Lunch"
"2783","5-Feb","Trillium Grill Impossible Burger",7,"Grill","Spring 2025","Multimodal","Grill","Main","Treatment","Lunch"
"2784","5-Feb","Quesadilla Cheese",8,"Grill","Spring 2025","Multimodal","Quesadilla","Main","Satellite","Lunch"
"2785","5-Feb","Side Potato Tots",20,"Grab N Go","Spring 2025","Multimodal","Grab N Go","Side","Satellite","Lunch"
"2786","5-Feb","Seared Salmon Burger",6,"Grill","Spring 2025","Multimodal","Grill","Main","Treatment","Lunch"
"2787","5-Feb","Black Bean Burger",3,"Grill","Spring 2025","Multimodal","Grill","Main","Treatment","Lunch"
"2788","5-Feb","ADD Chicken Breast",4,"Grill","Spring 2025","Multimodal","Grill","Modification","Treatment","Lunch"
"2789","5-Feb","ADD Cheese",21,"Grill","Spring 2025","Multimodal","Grill","Modification","Treatment","Lunch"
"2790","5-Feb","Add Sausage 2 Patty",3,"Grill","Spring 2025","Multimodal","Grill","Modification","Treatment","Lunch"
"2791","5-Feb","Add Egg .99",4,"Grill","Spring 2025","Multimodal","Grill","Modification","Treatment","Lunch"
"2792","5-Feb","1 Entree + 1 Side",203,"Asian","Spring 2025","Multimodal","Wok","Main","Satellite","Lunch"
"2793","5-Feb","1 Entree + 2 Side",98,"Asian","Spring 2025","Multimodal","Wok","Main","Satellite","Lunch"
"2794","5-Feb","Bowl Ramen Chicken",78,"Asian","Spring 2025","Multimodal","Ramen","Main","Treatment","Lunch"
"2795","5-Feb","2 Entrees + 2 Sides",34,"Asian","Spring 2025","Multimodal","Wok","Main","Satellite","Lunch"
"2796","5-Feb","Bowl Ramen Tofu",14,"Asian","Spring 2025","Multimodal","Ramen","Main","Treatment","Lunch"
"2797","5-Feb","1 Wok Entree",8,"Asian","Spring 2025","Multimodal","Wok","Main","Satellite","Lunch"
"2798","5-Feb","Side Vegetarian Lo Mein",4,"Asian","Spring 2025","Multimodal","Wok","Side","Satellite","Lunch"
"2799","5-Feb","Side Vegetables",3,"Asian","Spring 2025","Multimodal","Wok","Side","Satellite","Lunch"
"2800","5-Feb","Side Vegetable Spring Rolls",2,"Asian","Spring 2025","Multimodal","Wok","Side","Satellite","Lunch"
"2801","5-Feb","Side White or Brown Rice",3,"Asian","Spring 2025","Multimodal","Wok","Side","Satellite","Lunch"
"2802","5-Feb","Side Vegetarian Fried Rice with",1,"Asian","Spring 2025","Multimodal","Wok","Side","Satellite","Lunch"
"2803","5-Feb","Create Your Pasta Bowl MEAT",144,"Italian","Spring 2025","Multimodal","Pasta","Main","Satellite","Lunch"
"2804","5-Feb","Pizza with Toppings",42,"Italian","Spring 2025","Multimodal","Pizza","Main","Satellite","Lunch"
"2805","5-Feb","Create Your Pasta Bowl VEG",26,"Italian","Spring 2025","Multimodal","Pasta","Main","Satellite","Lunch"
"2806","5-Feb","Add Extra Meat",40,"Italian","Spring 2025","Multimodal","Pasta","Modification","Satellite","Lunch"
"2807","5-Feb","Pizza Cheese",15,"Italian","Spring 2025","Multimodal","Pizza","Main","Satellite","Lunch"
"2808","5-Feb","Side Bread Pasta Station",1,"Italian","Spring 2025","Multimodal","Pasta","Side","Satellite","Lunch"
"2809","5-Feb","Burrito Breakfast",96,"Breakfast","Spring 2025","Multimodal","Breakfast","Main","Satellite","Breakfast"
"2810","5-Feb","Small French Omelet",51,"Breakfast","Spring 2025","Multimodal","Breakfast","Side","Satellite","Breakfast"
"2811","5-Feb","Grand Slam Breakfast",17,"Breakfast","Spring 2025","Multimodal","Breakfast","Main","Satellite","Breakfast"
"2812","5-Feb","Add Bacon",31,"Breakfast","Spring 2025","Multimodal","Breakfast","Modification","Satellite","Breakfast"
"2813","5-Feb","Two Eggs",13,"Breakfast","Spring 2025","Multimodal","Breakfast","Side","Satellite","Breakfast"
"2814","5-Feb","Trillium Home Fries",4,"Breakfast","Spring 2025","Multimodal","Breakfast","Side","Satellite","Breakfast"
"2815","5-Feb","Pancake Single",3,"Breakfast","Spring 2025","Multimodal","Breakfast","Side","Satellite","Breakfast"
"2816","5-Feb","PC Peanut Butter",1,"Breakfast","Spring 2025","Multimodal","Breakfast","Side","Satellite","Breakfast"
"2817","5-Feb","Burrito Bowl BYO",139,"Mexican","Spring 2025","Multimodal","Wrap","Main","Satellite","Lunch"
"2818","5-Feb","Side Guacamole",1,"Mexican","Spring 2025","Multimodal","Wrap","Side","Satellite","Lunch"
"2819","5-Feb","Side Salsa",1,"Mexican","Spring 2025","Multimodal","Wrap","Side","Satellite","Lunch"
"2820","5-Feb","Add Extra Toppings Una Mano",1,"Mexican","Spring 2025","Multimodal","Wrap","Modification","Satellite","Lunch"
"2821","5-Feb","8 oz Soup",58,"Soup","Spring 2025","Multimodal","Soup","Main","Satellite","Lunch"
"2822","5-Feb","Soup 12 oz",49,"Soup","Spring 2025","Multimodal","Soup","Main","Satellite","Lunch"
"2823","5-Feb","Salad by the Pound",47,"Salad Bar","Spring 2025","Multimodal","Salad Bar","Main","Satellite","Lunch"
"2824","5-Feb","Add Extra Protein 3.99",3,"Salad Bar","Spring 2025","Multimodal","Salad Bar","Modification","Satellite","Lunch"
"2825","5-Feb","Egg Cheese Sausage Breakfast Sandwich",34,"Grab N Go","Spring 2025","Multimodal","Grab N Go","Main","Satellite","Lunch"
"2826","5-Feb","Egg Cheese Bacon Breakfast Sandwich",29,"Grab N Go","Spring 2025","Multimodal","Grab N Go","Main","Satellite","Lunch"
"2827","6-Feb","1 Entree + 1 Side",260,"Asian","Spring 2025","Multimodal","Wok","Main","Satellite","Lunch"
"2828","6-Feb","1 Entree + 2 Side",95,"Asian","Spring 2025","Multimodal","Wok","Main","Satellite","Lunch"
"2829","6-Feb","Bowl Ramen Chicken",98,"Asian","Spring 2025","Multimodal","Ramen","Main","Treatment","Lunch"
"2830","6-Feb","2 Entrees + 2 Sides",62,"Asian","Spring 2025","Multimodal","Wok","Main","Satellite","Lunch"
"2831","6-Feb","Bowl Ramen Tofu",12,"Asian","Spring 2025","Multimodal","Ramen","Main","Treatment","Lunch"
"2832","6-Feb","1 Wok Entree",7,"Asian","Spring 2025","Multimodal","Wok","Main","Satellite","Lunch"
"2833","6-Feb","Side Vegetarian Lo Mein",6,"Asian","Spring 2025","Multimodal","Wok","Side","Satellite","Lunch"
"2834","6-Feb","Side White or Brown Rice",5,"Asian","Spring 2025","Multimodal","Wok","Side","Satellite","Lunch"
"2835","6-Feb","Side Fried Spring Roll",2,"Asian","Spring 2025","Multimodal","Wok","Side","Satellite","Lunch"
"2836","6-Feb","Side Vegetable Spring Rolls",2,"Asian","Spring 2025","Multimodal","Wok","Side","Satellite","Lunch"
"2837","6-Feb","Side Vegetables",1,"Asian","Spring 2025","Multimodal","Wok","Side","Satellite","Lunch"
"2838","6-Feb","Side Vegetarian Fried Rice with",1,"Asian","Spring 2025","Multimodal","Wok","Side","Satellite","Lunch"
"2839","6-Feb","Fried Chicken Tenders",164,"Grab N Go","Spring 2025","Multimodal","Grab N Go","Side","Satellite","Lunch"
"2840","6-Feb","Burrito Una Mano Trillium BYO",101,"Grill","Spring 2025","Multimodal","Quesadilla","Main","Satellite","Lunch"
"2841","6-Feb","Quesadilla Cheese",87,"Grill","Spring 2025","Multimodal","Quesadilla","Main","Satellite","Lunch"
"2842","6-Feb","French Fries",147,"Grill","Spring 2025","Multimodal","Grill","Side","Treatment","Lunch"
"2843","6-Feb","Sweet Potato Fries",28,"Grill","Spring 2025","Multimodal","Grill","Side","Treatment","Lunch"
"2844","6-Feb","Add Egg .99",8,"Grill","Spring 2025","Multimodal","Grill","Modification","Treatment","Lunch"
"2845","6-Feb","Side Potato Tots",2,"Grab N Go","Spring 2025","Multimodal","Grab N Go","Side","Satellite","Lunch"
"2846","6-Feb","Create Your Pasta Bowl MEAT",116,"Italian","Spring 2025","Multimodal","Pasta","Main","Satellite","Lunch"
"2847","6-Feb","Create Your Pasta Bowl VEG",42,"Italian","Spring 2025","Multimodal","Pasta","Main","Satellite","Lunch"
"2848","6-Feb","Pizza with Toppings",61,"Italian","Spring 2025","Multimodal","Pizza","Main","Satellite","Lunch"
"2849","6-Feb","Pizza Cheese",22,"Italian","Spring 2025","Multimodal","Pizza","Main","Satellite","Lunch"
"2850","6-Feb","Add Extra Meat",18,"Italian","Spring 2025","Multimodal","Pasta","Modification","Satellite","Lunch"
"2851","6-Feb","Side Bread Pasta Station",1,"Italian","Spring 2025","Multimodal","Pasta","Side","Satellite","Lunch"
"2852","6-Feb","Burrito Bowl BYO",130,"Mexican","Spring 2025","Multimodal","Wrap","Main","Satellite","Lunch"
"2853","6-Feb","Single Taco",11,"Mexican","Spring 2025","Multimodal","Wrap","Main","Satellite","Lunch"
"2854","6-Feb","Add Extra Toppings Una Mano",1,"Mexican","Spring 2025","Multimodal","Wrap","Modification","Satellite","Lunch"
"2855","6-Feb","Small French Omelet",97,"Breakfast","Spring 2025","Multimodal","Breakfast","Side","Satellite","Breakfast"
"2856","6-Feb","Trillium Home Fries",1,"Breakfast","Spring 2025","Multimodal","Breakfast","Side","Satellite","Breakfast"
"2857","6-Feb","2 Slices Toast",2,"Breakfast","Spring 2025","Multimodal","Breakfast","Side","Satellite","Breakfast"
"2858","6-Feb","Toast",1,"Breakfast","Spring 2025","Multimodal","Breakfast","Side","Satellite","Breakfast"
"2859","6-Feb","8 oz Soup",60,"Soup","Spring 2025","Multimodal","Soup","Main","Satellite","Lunch"
"2860","6-Feb","Soup 12 oz",49,"Soup","Spring 2025","Multimodal","Soup","Main","Satellite","Lunch"
"2861","6-Feb","Salad by the Pound",49,"Salad Bar","Spring 2025","Multimodal","Salad Bar","Main","Satellite","Lunch"
"2862","6-Feb","Add Extra Protein 3.99",2,"Salad Bar","Spring 2025","Multimodal","Salad Bar","Modification","Satellite","Lunch"
"2863","6-Feb","Egg Cheese Bacon Breakfast Sandwich",22,"Grab N Go","Spring 2025","Multimodal","Grab N Go","Main","Satellite","Lunch"
"2864","6-Feb","LTO Spicy Chicken Sandwich",1,"Grab N Go","Spring 2025","Multimodal","Grab N Go","Main","Satellite","Lunch"
"2865","7-Feb","Quesadilla Deluxe Trillium",123,"Grill","Spring 2025","Multimodal","Quesadilla","Main","Satellite","Lunch"
"2866","7-Feb","Grilled Hamburger",86,"Grill","Spring 2025","Multimodal","Grill","Main","Treatment","Lunch"
"2867","7-Feb","Burrito Una Mano Trillium BYO",50,"Grill","Spring 2025","Multimodal","Quesadilla","Main","Satellite","Lunch"
"2868","7-Feb","Fried Chicken Tenders",60,"Grab N Go","Spring 2025","Multimodal","Grab N Go","Side","Satellite","Lunch"
"2869","7-Feb","French Fries",99,"Grill","Spring 2025","Multimodal","Grill","Side","Treatment","Lunch"
"2870","7-Feb","Quesadilla Cheese",13,"Grill","Spring 2025","Multimodal","Quesadilla","Main","Satellite","Lunch"
"2871","7-Feb","Sweet Potato Fries",24,"Grill","Spring 2025","Multimodal","Grill","Side","Treatment","Lunch"
"2872","7-Feb","+ Beef Patty",18,"Grill","Spring 2025","Multimodal","Grill","Modification","Treatment","Lunch"
"2873","7-Feb","Seared Salmon Burger",8,"Grill","Spring 2025","Multimodal","Grill","Main","Treatment","Lunch"
"2874","7-Feb","Trillium Grill Impossible Burger",6,"Grill","Spring 2025","Multimodal","Grill","Main","Treatment","Lunch"
"2875","7-Feb","Grilled Chicken Breast Sandwich",7,"Grill","Spring 2025","Multimodal","Grill","Main","Treatment","Lunch"
"2876","7-Feb","Side Potato Tots",16,"Grab N Go","Spring 2025","Multimodal","Grab N Go","Side","Satellite","Lunch"
"2877","7-Feb","Black Bean Burger",2,"Grill","Spring 2025","Multimodal","Grill","Main","Treatment","Lunch"
"2878","7-Feb","Add Sausage 2 Patty",3,"Grill","Spring 2025","Multimodal","Grill","Modification","Treatment","Lunch"
"2879","7-Feb","ADD Cheese",6,"Grill","Spring 2025","Multimodal","Grill","Modification","Treatment","Lunch"
"2880","7-Feb","Add Egg .99",2,"Grill","Spring 2025","Multimodal","Grill","Modification","Treatment","Lunch"
"2881","7-Feb","1 Entree + 1 Side",129,"Asian","Spring 2025","Multimodal","Wok","Main","Satellite","Lunch"
"2882","7-Feb","1 Entree + 2 Side",53,"Asian","Spring 2025","Multimodal","Wok","Main","Satellite","Lunch"
"2883","7-Feb","Bowl Ramen Chicken",43,"Asian","Spring 2025","Multimodal","Ramen","Main","Treatment","Lunch"
"2884","7-Feb","2 Entrees + 2 Sides",22,"Asian","Spring 2025","Multimodal","Wok","Main","Satellite","Lunch"
"2885","7-Feb","Bowl Ramen Tofu",18,"Asian","Spring 2025","Multimodal","Ramen","Main","Treatment","Lunch"
"2886","7-Feb","Side Vegetarian Lo Mein",6,"Asian","Spring 2025","Multimodal","Wok","Side","Satellite","Lunch"
"2887","7-Feb","Side Vegetable Spring Rolls",4,"Asian","Spring 2025","Multimodal","Wok","Side","Satellite","Lunch"
"2888","7-Feb","1 Wok Entree",2,"Asian","Spring 2025","Multimodal","Wok","Main","Satellite","Lunch"
"2889","7-Feb","Side White or Brown Rice",3,"Asian","Spring 2025","Multimodal","Wok","Side","Satellite","Lunch"
"2890","7-Feb","Side Vegetarian Fried Rice with",1,"Asian","Spring 2025","Multimodal","Wok","Side","Satellite","Lunch"
"2891","7-Feb","Burrito Breakfast",60,"Breakfast","Spring 2025","Multimodal","Breakfast","Main","Satellite","Breakfast"
"2892","7-Feb","Small French Omelet",47,"Breakfast","Spring 2025","Multimodal","Breakfast","Side","Satellite","Breakfast"
"2893","7-Feb","Grand Slam Breakfast",22,"Breakfast","Spring 2025","Multimodal","Breakfast","Main","Satellite","Breakfast"
"2894","7-Feb","Add Bacon",34,"Breakfast","Spring 2025","Multimodal","Breakfast","Modification","Satellite","Breakfast"
"2895","7-Feb","Two Eggs",15,"Breakfast","Spring 2025","Multimodal","Breakfast","Side","Satellite","Breakfast"
"2896","7-Feb","Pancake Single",8,"Breakfast","Spring 2025","Multimodal","Breakfast","Side","Satellite","Breakfast"
"2897","7-Feb","Trillium Home Fries",4,"Breakfast","Spring 2025","Multimodal","Breakfast","Side","Satellite","Breakfast"
"2898","7-Feb","2 Slices Toast",1,"Breakfast","Spring 2025","Multimodal","Breakfast","Side","Satellite","Breakfast"
"2899","7-Feb","PC Peanut Butter",1,"Breakfast","Spring 2025","Multimodal","Breakfast","Side","Satellite","Breakfast"
"2900","7-Feb","Create Your Pasta Bowl MEAT",80,"Italian","Spring 2025","Multimodal","Pasta","Main","Satellite","Lunch"
"2901","7-Feb","Create Your Pasta Bowl VEG",15,"Italian","Spring 2025","Multimodal","Pasta","Main","Satellite","Lunch"
"2902","7-Feb","Pizza with Toppings",18,"Italian","Spring 2025","Multimodal","Pizza","Main","Satellite","Lunch"
"2903","7-Feb","Add Extra Meat",28,"Italian","Spring 2025","Multimodal","Pasta","Modification","Satellite","Lunch"
"2904","7-Feb","Pizza Cheese",10,"Italian","Spring 2025","Multimodal","Pizza","Main","Satellite","Lunch"
"2905","7-Feb","Burrito Bowl BYO",50,"Mexican","Spring 2025","Multimodal","Wrap","Main","Satellite","Lunch"
"2906","7-Feb","LTO Spicy Chicken Sandwich",26,"Grab N Go","Spring 2025","Multimodal","Grab N Go","Main","Satellite","Lunch"
"2907","7-Feb","Egg Cheese Bacon Breakfast Sandwich",22,"Grab N Go","Spring 2025","Multimodal","Grab N Go","Main","Satellite","Lunch"
"2908","7-Feb","Egg Cheese Sausage Breakfast Sandwich",22,"Grab N Go","Spring 2025","Multimodal","Grab N Go","Main","Satellite","Lunch"
"2909","7-Feb","Soup 12 oz",32,"Soup","Spring 2025","Multimodal","Soup","Main","Satellite","Lunch"
"2910","7-Feb","8 oz Soup",35,"Soup","Spring 2025","Multimodal","Soup","Main","Satellite","Lunch"
"2911","7-Feb","Salad by the Pound",33,"Salad Bar","Spring 2025","Multimodal","Salad Bar","Main","Satellite","Lunch"
"2912","10-Feb","Quesadilla Deluxe Trillium",187,"Grill","Spring 2025","Multimodal","Quesadilla","Main","Satellite","Lunch"
"2913","10-Feb","Grilled Hamburger",101,"Grill","Spring 2025","Multimodal","Grill","Main","Treatment","Lunch"
"2914","10-Feb","Burrito Una Mano Trillium BYO",60,"Grill","Spring 2025","Multimodal","Quesadilla","Main","Satellite","Lunch"
"2915","10-Feb","Fried Chicken Tenders",63,"Grab N Go","Spring 2025","Multimodal","Grab N Go","Side","Satellite","Lunch"
"2916","10-Feb","French Fries",99,"Grill","Spring 2025","Multimodal","Grill","Side","Treatment","Lunch"
"2917","10-Feb","Sweet Potato Fries",40,"Grill","Spring 2025","Multimodal","Grill","Side","Treatment","Lunch"
"2918","10-Feb","Grilled Chicken Breast Sandwich",14,"Grill","Spring 2025","Multimodal","Grill","Main","Treatment","Lunch"
"2919","10-Feb","Seared Salmon Burger",14,"Grill","Spring 2025","Multimodal","Grill","Main","Treatment","Lunch"
"2920","10-Feb","Quesadilla Cheese",13,"Grill","Spring 2025","Multimodal","Quesadilla","Main","Satellite","Lunch"
"2921","10-Feb","+ Beef Patty",17,"Grill","Spring 2025","Multimodal","Grill","Modification","Treatment","Lunch"
"2922","10-Feb","Side Potato Tots",17,"Grab N Go","Spring 2025","Multimodal","Grab N Go","Side","Satellite","Lunch"
"2923","10-Feb","Trillium Grill Impossible Burger",4,"Grill","Spring 2025","Multimodal","Grill","Main","Treatment","Lunch"
"2924","10-Feb","Black Bean Burger",4,"Grill","Spring 2025","Multimodal","Grill","Main","Treatment","Lunch"
"2925","10-Feb","ADD Chicken Breast",5,"Grill","Spring 2025","Multimodal","Grill","Modification","Treatment","Lunch"
"2926","10-Feb","Add Sausage 2 Patty",2,"Grill","Spring 2025","Multimodal","Grill","Modification","Treatment","Lunch"
"2927","10-Feb","Add Egg .99",4,"Grill","Spring 2025","Multimodal","Grill","Modification","Treatment","Lunch"
"2928","10-Feb","ADD Cheese",5,"Grill","Spring 2025","Multimodal","Grill","Modification","Treatment","Lunch"
"2929","10-Feb","1 Entree + 1 Side",200,"Asian","Spring 2025","Multimodal","Wok","Main","Satellite","Lunch"
"2930","10-Feb","1 Entree + 2 Side",69,"Asian","Spring 2025","Multimodal","Wok","Main","Satellite","Lunch"
"2931","10-Feb","Bowl Ramen Chicken",58,"Asian","Spring 2025","Multimodal","Ramen","Main","Treatment","Lunch"
"2932","10-Feb","2 Entrees + 2 Sides",18,"Asian","Spring 2025","Multimodal","Wok","Main","Satellite","Lunch"
"2933","10-Feb","Bowl Ramen Tofu",21,"Asian","Spring 2025","Multimodal","Ramen","Main","Treatment","Lunch"
"2934","10-Feb","Side Vegetarian Lo Mein",11,"Asian","Spring 2025","Multimodal","Wok","Side","Satellite","Lunch"
"2935","10-Feb","1 Wok Entree",6,"Asian","Spring 2025","Multimodal","Wok","Main","Satellite","Lunch"
"2936","10-Feb","Side White or Brown Rice",6,"Asian","Spring 2025","Multimodal","Wok","Side","Satellite","Lunch"
"2937","10-Feb","Side Vegetables",2,"Asian","Spring 2025","Multimodal","Wok","Side","Satellite","Lunch"
"2938","10-Feb","Side Vegetarian Fried Rice with",1,"Asian","Spring 2025","Multimodal","Wok","Side","Satellite","Lunch"
"2939","10-Feb","Create Your Pasta Bowl MEAT",121,"Italian","Spring 2025","Multimodal","Pasta","Main","Satellite","Lunch"
"2940","10-Feb","Create Your Pasta Bowl VEG",19,"Italian","Spring 2025","Multimodal","Pasta","Main","Satellite","Lunch"
"2941","10-Feb","Add Extra Meat",33,"Italian","Spring 2025","Multimodal","Pasta","Modification","Satellite","Lunch"
"2942","10-Feb","Pizza Cheese",16,"Italian","Spring 2025","Multimodal","Pizza","Main","Satellite","Lunch"
"2943","10-Feb","Pizza with Toppings",12,"Italian","Spring 2025","Multimodal","Pizza","Main","Satellite","Lunch"
"2944","10-Feb","Burrito Breakfast",87,"Breakfast","Spring 2025","Multimodal","Breakfast","Main","Satellite","Breakfast"
"2945","10-Feb","Small French Omelet",49,"Breakfast","Spring 2025","Multimodal","Breakfast","Side","Satellite","Breakfast"
"2946","10-Feb","Grand Slam Breakfast",11,"Breakfast","Spring 2025","Multimodal","Breakfast","Main","Satellite","Breakfast"
"2947","10-Feb","Add Bacon",29,"Breakfast","Spring 2025","Multimodal","Breakfast","Modification","Satellite","Breakfast"
"2948","10-Feb","Two Eggs",11,"Breakfast","Spring 2025","Multimodal","Breakfast","Side","Satellite","Breakfast"
"2949","10-Feb","Trillium Home Fries",4,"Breakfast","Spring 2025","Multimodal","Breakfast","Side","Satellite","Breakfast"
"2950","10-Feb","2 Slices Toast",4,"Breakfast","Spring 2025","Multimodal","Breakfast","Side","Satellite","Breakfast"
"2951","10-Feb","Toast",1,"Breakfast","Spring 2025","Multimodal","Breakfast","Side","Satellite","Breakfast"
"2952","10-Feb","Burrito Bowl BYO",104,"Mexican","Spring 2025","Multimodal","Wrap","Main","Satellite","Lunch"
"2953","10-Feb","Single Taco",8,"Mexican","Spring 2025","Multimodal","Wrap","Main","Satellite","Lunch"
"2954","10-Feb","Side Guacamole",4,"Mexican","Spring 2025","Multimodal","Wrap","Side","Satellite","Lunch"
"2955","10-Feb","Add Extra Toppings Una Mano",1,"Mexican","Spring 2025","Multimodal","Wrap","Modification","Satellite","Lunch"
"2956","10-Feb","LTO Spicy Chicken Sandwich",46,"Grab N Go","Spring 2025","Multimodal","Grab N Go","Main","Satellite","Lunch"
"2957","10-Feb","Egg Cheese Bacon Breakfast Sandwich",26,"Grab N Go","Spring 2025","Multimodal","Grab N Go","Main","Satellite","Lunch"
"2958","10-Feb","Egg Cheese Sausage Breakfast Sandwich",23,"Grab N Go","Spring 2025","Multimodal","Grab N Go","Main","Satellite","Lunch"
"2959","10-Feb","Salad by the Pound",52,"Salad Bar","Spring 2025","Multimodal","Salad Bar","Main","Satellite","Lunch"
"2960","10-Feb","Add Extra Protein 3.99",1,"Salad Bar","Spring 2025","Multimodal","Salad Bar","Modification","Satellite","Lunch"
"2961","10-Feb","Soup 12 oz",35,"Soup","Spring 2025","Multimodal","Soup","Main","Satellite","Lunch"
"2962","10-Feb","8 oz Soup",36,"Soup","Spring 2025","Multimodal","Soup","Main","Satellite","Lunch"
"2963","11-Feb","Quesadilla Deluxe Trillium",199,"Grill","Spring 2025","Multimodal","Quesadilla","Main","Satellite","Lunch"
"2964","11-Feb","Grilled Hamburger",86,"Grill","Spring 2025","Multimodal","Grill","Main","Treatment","Lunch"
"2965","11-Feb","Fried Chicken Tenders",95,"Grab N Go","Spring 2025","Multimodal","Grab N Go","Side","Satellite","Lunch"
"2966","11-Feb","Burrito Una Mano Trillium BYO",63,"Grill","Spring 2025","Multimodal","Quesadilla","Main","Satellite","Lunch"
"2967","11-Feb","French Fries",142,"Grill","Spring 2025","Multimodal","Grill","Side","Treatment","Lunch"
"2968","11-Feb","Grilled Chicken Breast Sandwich",26,"Grill","Spring 2025","Multimodal","Grill","Main","Treatment","Lunch"
"2969","11-Feb","Quesadilla Cheese",11,"Grill","Spring 2025","Multimodal","Quesadilla","Main","Satellite","Lunch"
"2970","11-Feb","Sweet Potato Fries",28,"Grill","Spring 2025","Multimodal","Grill","Side","Treatment","Lunch"
"2971","11-Feb","+ Beef Patty",18,"Grill","Spring 2025","Multimodal","Grill","Modification","Treatment","Lunch"
"2972","11-Feb","Seared Salmon Burger",8,"Grill","Spring 2025","Multimodal","Grill","Main","Treatment","Lunch"
"2973","11-Feb","Trillium Grill Impossible Burger",6,"Grill","Spring 2025","Multimodal","Grill","Main","Treatment","Lunch"
"2974","11-Feb","Side Potato Tots",15,"Grab N Go","Spring 2025","Multimodal","Grab N Go","Side","Satellite","Lunch"
"2975","11-Feb","ADD Chicken Breast",7,"Grill","Spring 2025","Multimodal","Grill","Modification","Treatment","Lunch"
"2976","11-Feb","Black Bean Burger",3,"Grill","Spring 2025","Multimodal","Grill","Main","Treatment","Lunch"
"2977","11-Feb","Add Sausage 2 Patty",4,"Grill","Spring 2025","Multimodal","Grill","Modification","Treatment","Lunch"
"2978","11-Feb","ADD Cheese",9,"Grill","Spring 2025","Multimodal","Grill","Modification","Treatment","Lunch"
"2979","11-Feb","Add Egg .99",3,"Grill","Spring 2025","Multimodal","Grill","Modification","Treatment","Lunch"
"2980","11-Feb","1 Entree + 1 Side",217,"Asian","Spring 2025","Multimodal","Wok","Main","Satellite","Lunch"
"2981","11-Feb","1 Entree + 2 Side",86,"Asian","Spring 2025","Multimodal","Wok","Main","Satellite","Lunch"
"2982","11-Feb","Bowl Ramen Chicken",94,"Asian","Spring 2025","Multimodal","Ramen","Main","Treatment","Lunch"
"2983","11-Feb","2 Entrees + 2 Sides",33,"Asian","Spring 2025","Multimodal","Wok","Main","Satellite","Lunch"
"2984","11-Feb","Bowl Ramen Tofu",20,"Asian","Spring 2025","Multimodal","Ramen","Main","Treatment","Lunch"
"2985","11-Feb","Side Vegetarian Lo Mein",13,"Asian","Spring 2025","Multimodal","Wok","Side","Satellite","Lunch"
"2986","11-Feb","Side White or Brown Rice",12,"Asian","Spring 2025","Multimodal","Wok","Side","Satellite","Lunch"
"2987","11-Feb","Side Vegetarian Fried Rice with",5,"Asian","Spring 2025","Multimodal","Wok","Side","Satellite","Lunch"
"2988","11-Feb","1 Wok Entree",2,"Asian","Spring 2025","Multimodal","Wok","Main","Satellite","Lunch"
"2989","11-Feb","Side Vegetables",3,"Asian","Spring 2025","Multimodal","Wok","Side","Satellite","Lunch"
"2990","11-Feb","Bowl Ramen Chicken",1,"Asian","Spring 2025","Multimodal","Ramen","Main","Treatment","Lunch"
"2991","11-Feb","Side Vegetable Spring Rolls",1,"Asian","Spring 2025","Multimodal","Wok","Side","Satellite","Lunch"
"2992","11-Feb","Create Your Pasta Bowl MEAT",111,"Italian","Spring 2025","Multimodal","Pasta","Main","Satellite","Lunch"
"2993","11-Feb","Create Your Pasta Bowl VEG",23,"Italian","Spring 2025","Multimodal","Pasta","Main","Satellite","Lunch"
"2994","11-Feb","Pizza with Toppings",23,"Italian","Spring 2025","Multimodal","Pizza","Main","Satellite","Lunch"
"2995","11-Feb","Pizza Cheese",21,"Italian","Spring 2025","Multimodal","Pizza","Main","Satellite","Lunch"
"2996","11-Feb","Add Extra Meat",20,"Italian","Spring 2025","Multimodal","Pasta","Modification","Satellite","Lunch"
"2997","11-Feb","Burrito Breakfast",79,"Breakfast","Spring 2025","Multimodal","Breakfast","Main","Satellite","Breakfast"
"2998","11-Feb","Small French Omelet",52,"Breakfast","Spring 2025","Multimodal","Breakfast","Side","Satellite","Breakfast"
"2999","11-Feb","Grand Slam Breakfast",13,"Breakfast","Spring 2025","Multimodal","Breakfast","Main","Satellite","Breakfast"
"3000","11-Feb","Add Bacon",33,"Breakfast","Spring 2025","Multimodal","Breakfast","Modification","Satellite","Breakfast"
"3001","11-Feb","Two Eggs",15,"Breakfast","Spring 2025","Multimodal","Breakfast","Side","Satellite","Breakfast"
"3002","11-Feb","Pancake Single",3,"Breakfast","Spring 2025","Multimodal","Breakfast","Side","Satellite","Breakfast"
"3003","11-Feb","Trillium Home Fries",2,"Breakfast","Spring 2025","Multimodal","Breakfast","Side","Satellite","Breakfast"
"3004","11-Feb","2 Slices Toast",3,"Breakfast","Spring 2025","Multimodal","Breakfast","Side","Satellite","Breakfast"
"3005","11-Feb","Toast",2,"Breakfast","Spring 2025","Multimodal","Breakfast","Side","Satellite","Breakfast"
"3006","11-Feb","PC Jelly",1,"Breakfast","Spring 2025","Multimodal","Breakfast","Side","Satellite","Breakfast"
"3007","11-Feb","Burrito Bowl BYO",107,"Mexican","Spring 2025","Multimodal","Wrap","Main","Satellite","Lunch"
"3008","11-Feb","Single Taco",4,"Mexican","Spring 2025","Multimodal","Wrap","Main","Satellite","Lunch"
"3009","11-Feb","Side Guacamole",3,"Mexican","Spring 2025","Multimodal","Wrap","Side","Satellite","Lunch"
"3010","11-Feb","LTO Spicy Chicken Sandwich",35,"Grab N Go","Spring 2025","Multimodal","Grab N Go","Main","Satellite","Lunch"
"3011","11-Feb","Egg Cheese Bacon Breakfast Sandwich",25,"Grab N Go","Spring 2025","Multimodal","Grab N Go","Main","Satellite","Lunch"
"3012","11-Feb","LTO Meatball Sub",14,"Grab N Go","Spring 2025","Multimodal","Grab N Go","Main","Satellite","Lunch"
"3013","11-Feb","Egg Cheese Sausage Breakfast Sandwich",20,"Grab N Go","Spring 2025","Multimodal","Grab N Go","Main","Satellite","Lunch"
"3014","11-Feb","Salad by the Pound",51,"Salad Bar","Spring 2025","Multimodal","Salad Bar","Main","Satellite","Lunch"
"3015","11-Feb","Add Extra Protein 3.99",3,"Salad Bar","Spring 2025","Multimodal","Salad Bar","Modification","Satellite","Lunch"
"3016","11-Feb","Soup 12 oz",60,"Soup","Spring 2025","Multimodal","Soup","Main","Satellite","Lunch"
"3017","11-Feb","8 oz Soup",32,"Soup","Spring 2025","Multimodal","Soup","Main","Satellite","Lunch"
"3018","12-Feb","Quesadilla Deluxe Trillium",184,"Grill","Spring 2025","Multimodal","Quesadilla","Main","Satellite","Lunch"
"3019","12-Feb","Grilled Hamburger",101,"Grill","Spring 2025","Multimodal","Grill","Main","Treatment","Lunch"
"3020","12-Feb","Fried Chicken Tenders",86,"Grab N Go","Spring 2025","Multimodal","Grab N Go","Side","Satellite","Lunch"
"3021","12-Feb","Burrito Una Mano Trillium BYO",62,"Grill","Spring 2025","Multimodal","Quesadilla","Main","Satellite","Lunch"
"3022","12-Feb","French Fries",117,"Grill","Spring 2025","Multimodal","Grill","Side","Treatment","Lunch"
"3023","12-Feb","Grilled Chicken Breast Sandwich",21,"Grill","Spring 2025","Multimodal","Grill","Main","Treatment","Lunch"
"3024","12-Feb","Sweet Potato Fries",46,"Grill","Spring 2025","Multimodal","Grill","Side","Treatment","Lunch"
"3025","12-Feb","Quesadilla Cheese",14,"Grill","Spring 2025","Multimodal","Quesadilla","Main","Satellite","Lunch"
"3026","12-Feb","Seared Salmon Burger",12,"Grill","Spring 2025","Multimodal","Grill","Main","Treatment","Lunch"
"3027","12-Feb","Trillium Grill Impossible Burger",7,"Grill","Spring 2025","Multimodal","Grill","Main","Treatment","Lunch"
"3028","12-Feb","Side Potato Tots",18,"Grab N Go","Spring 2025","Multimodal","Grab N Go","Side","Satellite","Lunch"
"3029","12-Feb","+ Beef Patty",13,"Grill","Spring 2025","Multimodal","Grill","Modification","Treatment","Lunch"
"3030","12-Feb","ADD Chicken Breast",7,"Grill","Spring 2025","Multimodal","Grill","Modification","Treatment","Lunch"
"3031","12-Feb","Black Bean Burger",3,"Grill","Spring 2025","Multimodal","Grill","Main","Treatment","Lunch"
"3032","12-Feb","Add Sausage 2 Patty",3,"Grill","Spring 2025","Multimodal","Grill","Modification","Treatment","Lunch"
"3033","12-Feb","ADD Cheese",6,"Grill","Spring 2025","Multimodal","Grill","Modification","Treatment","Lunch"
"3034","12-Feb","Add Egg .99",2,"Grill","Spring 2025","Multimodal","Grill","Modification","Treatment","Lunch"
"3035","12-Feb","1 Entree + 1 Side",218,"Asian","Spring 2025","Multimodal","Wok","Main","Satellite","Lunch"
"3036","12-Feb","1 Entree + 2 Side",81,"Asian","Spring 2025","Multimodal","Wok","Main","Satellite","Lunch"
"3037","12-Feb","Bowl Ramen Chicken",78,"Asian","Spring 2025","Multimodal","Ramen","Main","Treatment","Lunch"
"3038","12-Feb","2 Entrees + 2 Sides",27,"Asian","Spring 2025","Multimodal","Wok","Main","Satellite","Lunch"
"3039","12-Feb","Bowl Ramen Tofu",11,"Asian","Spring 2025","Multimodal","Ramen","Main","Treatment","Lunch"
"3040","12-Feb","1 Wok Entree",9,"Asian","Spring 2025","Multimodal","Wok","Main","Satellite","Lunch"
"3041","12-Feb","Side Vegetarian Lo Mein",6,"Asian","Spring 2025","Multimodal","Wok","Side","Satellite","Lunch"
"3042","12-Feb","Side Vegetarian Fried Rice with",4,"Asian","Spring 2025","Multimodal","Wok","Side","Satellite","Lunch"
"3043","12-Feb","Bowl Ramen Chicken",1,"Asian","Spring 2025","Multimodal","Ramen","Main","Treatment","Lunch"
"3044","12-Feb","Side Vegetables",2,"Asian","Spring 2025","Multimodal","Wok","Side","Satellite","Lunch"
"3045","12-Feb","Side White or Brown Rice",2,"Asian","Spring 2025","Multimodal","Wok","Side","Satellite","Lunch"
"3046","12-Feb","Create Your Pasta Bowl MEAT",133,"Italian","Spring 2025","Multimodal","Pasta","Main","Satellite","Lunch"
"3047","12-Feb","Create Your Pasta Bowl VEG",22,"Italian","Spring 2025","Multimodal","Pasta","Main","Satellite","Lunch"
"3048","12-Feb","Pizza Cheese",25,"Italian","Spring 2025","Multimodal","Pizza","Main","Satellite","Lunch"
"3049","12-Feb","Add Extra Meat",39,"Italian","Spring 2025","Multimodal","Pasta","Modification","Satellite","Lunch"
"3050","12-Feb","Pizza with Toppings",17,"Italian","Spring 2025","Multimodal","Pizza","Main","Satellite","Lunch"
"3051","12-Feb","Burrito Breakfast",85,"Breakfast","Spring 2025","Multimodal","Breakfast","Main","Satellite","Breakfast"
"3052","12-Feb","Small French Omelet",62,"Breakfast","Spring 2025","Multimodal","Breakfast","Side","Satellite","Breakfast"
"3053","12-Feb","Grand Slam Breakfast",13,"Breakfast","Spring 2025","Multimodal","Breakfast","Main","Satellite","Breakfast"
"3054","12-Feb","Add Bacon",29,"Breakfast","Spring 2025","Multimodal","Breakfast","Modification","Satellite","Breakfast"
"3055","12-Feb","Two Eggs",15,"Breakfast","Spring 2025","Multimodal","Breakfast","Side","Satellite","Breakfast"
"3056","12-Feb","Pancake Single",4,"Breakfast","Spring 2025","Multimodal","Breakfast","Side","Satellite","Breakfast"
"3057","12-Feb","Trillium Home Fries",1,"Breakfast","Spring 2025","Multimodal","Breakfast","Side","Satellite","Breakfast"
"3058","12-Feb","Toast",2,"Breakfast","Spring 2025","Multimodal","Breakfast","Side","Satellite","Breakfast"
"3059","12-Feb","Burrito Bowl BYO",116,"Mexican","Spring 2025","Multimodal","Wrap","Main","Satellite","Lunch"
"3060","12-Feb","Single Taco",7,"Mexican","Spring 2025","Multimodal","Wrap","Main","Satellite","Lunch"
"3061","12-Feb","Side Guacamole",4,"Mexican","Spring 2025","Multimodal","Wrap","Side","Satellite","Lunch"
"3062","12-Feb","Add Extra Toppings Una Mano",2,"Mexican","Spring 2025","Multimodal","Wrap","Modification","Satellite","Lunch"
"3063","12-Feb","LTO Spicy Chicken Sandwich",33,"Grab N Go","Spring 2025","Multimodal","Grab N Go","Main","Satellite","Lunch"
"3064","12-Feb","Egg Cheese Sausage Breakfast Sandwich",23,"Grab N Go","Spring 2025","Multimodal","Grab N Go","Main","Satellite","Lunch"
"3065","12-Feb","Egg Cheese Bacon Breakfast Sandwich",20,"Grab N Go","Spring 2025","Multimodal","Grab N Go","Main","Satellite","Lunch"
"3066","12-Feb","Soup 12 oz",48,"Soup","Spring 2025","Multimodal","Soup","Main","Satellite","Lunch"
"3067","12-Feb","8 oz Soup",41,"Soup","Spring 2025","Multimodal","Soup","Main","Satellite","Lunch"
"3068","12-Feb","Salad by the Pound",49,"Salad Bar","Spring 2025","Multimodal","Salad Bar","Main","Satellite","Lunch"
"3069","12-Feb","Add Extra Protein 3.99",2,"Salad Bar","Spring 2025","Multimodal","Salad Bar","Modification","Satellite","Lunch"
"3070","13-Feb","Quesadilla Deluxe Trillium",190,"Grill","Spring 2025","Multimodal","Quesadilla","Main","Satellite","Lunch"
"3071","13-Feb","Grilled Hamburger",83,"Grill","Spring 2025","Multimodal","Grill","Main","Treatment","Lunch"
"3072","13-Feb","Burrito Una Mano Trillium BYO",64,"Grill","Spring 2025","Multimodal","Quesadilla","Main","Satellite","Lunch"
"3073","13-Feb","Fried Chicken Tenders",76,"Grab N Go","Spring 2025","Multimodal","Grab N Go","Side","Satellite","Lunch"
"3074","13-Feb","French Fries",123,"Grill","Spring 2025","Multimodal","Grill","Side","Treatment","Lunch"
"3075","13-Feb","Trillium Grill Impossible Burger",10,"Grill","Spring 2025","Multimodal","Grill","Main","Treatment","Lunch"
"3076","13-Feb","Grilled Chicken Breast Sandwich",12,"Grill","Spring 2025","Multimodal","Grill","Main","Treatment","Lunch"
"3077","13-Feb","Seared Salmon Burger",11,"Grill","Spring 2025","Multimodal","Grill","Main","Treatment","Lunch"
"3078","13-Feb","Quesadilla Cheese",11,"Grill","Spring 2025","Multimodal","Quesadilla","Main","Satellite","Lunch"
"3079","13-Feb","Sweet Potato Fries",27,"Grill","Spring 2025","Multimodal","Grill","Side","Treatment","Lunch"
"3080","13-Feb","Side Potato Tots",17,"Grab N Go","Spring 2025","Multimodal","Grab N Go","Side","Satellite","Lunch"
"3081","13-Feb","ADD Chicken Breast",7,"Grill","Spring 2025","Multimodal","Grill","Modification","Treatment","Lunch"
"3082","13-Feb","Black Bean Burger",3,"Grill","Spring 2025","Multimodal","Grill","Main","Treatment","Lunch"
"3083","13-Feb","+ Beef Patty",3,"Grill","Spring 2025","Multimodal","Grill","Modification","Treatment","Lunch"
"3084","13-Feb","Add Egg .99",7,"Grill","Spring 2025","Multimodal","Grill","Modification","Treatment","Lunch"
"3085","13-Feb","Add Sausage 2 Patty",3,"Grill","Spring 2025","Multimodal","Grill","Modification","Treatment","Lunch"
"3086","13-Feb","ADD Cheese",6,"Grill","Spring 2025","Multimodal","Grill","Modification","Treatment","Lunch"
"3087","13-Feb","1 Entree + 1 Side",185,"Asian","Spring 2025","Multimodal","Wok","Main","Satellite","Lunch"
"3088","13-Feb","1 Entree + 2 Side",71,"Asian","Spring 2025","Multimodal","Wok","Main","Satellite","Lunch"
"3089","13-Feb","Bowl Ramen Chicken",66,"Asian","Spring 2025","Multimodal","Ramen","Main","Treatment","Lunch"
"3090","13-Feb","2 Entrees + 2 Sides",34,"Asian","Spring 2025","Multimodal","Wok","Main","Satellite","Lunch"
"3091","13-Feb","Bowl Ramen Tofu",21,"Asian","Spring 2025","Multimodal","Ramen","Main","Treatment","Lunch"
"3092","13-Feb","1 Wok Entree",9,"Asian","Spring 2025","Multimodal","Wok","Main","Satellite","Lunch"
"3093","13-Feb","Side White or Brown Rice",8,"Asian","Spring 2025","Multimodal","Wok","Side","Satellite","Lunch"
"3094","13-Feb","Side Vegetarian Lo Mein",3,"Asian","Spring 2025","Multimodal","Wok","Side","Satellite","Lunch"
"3095","13-Feb","Side Vegetables",2,"Asian","Spring 2025","Multimodal","Wok","Side","Satellite","Lunch"
"3096","13-Feb","Side Fried Spring Roll",1,"Asian","Spring 2025","Multimodal","Wok","Side","Satellite","Lunch"
"3097","13-Feb","Side Vegetable Spring Rolls",1,"Asian","Spring 2025","Multimodal","Wok","Side","Satellite","Lunch"
"3098","13-Feb","Side Vegetarian Fried Rice with",1,"Asian","Spring 2025","Multimodal","Wok","Side","Satellite","Lunch"
"3099","13-Feb","Burrito Breakfast",83,"Breakfast","Spring 2025","Multimodal","Breakfast","Main","Satellite","Breakfast"
"3100","13-Feb","Small French Omelet",58,"Breakfast","Spring 2025","Multimodal","Breakfast","Side","Satellite","Breakfast"
"3101","13-Feb","Grand Slam Breakfast",11,"Breakfast","Spring 2025","Multimodal","Breakfast","Main","Satellite","Breakfast"
"3102","13-Feb","Add Bacon",26,"Breakfast","Spring 2025","Multimodal","Breakfast","Modification","Satellite","Breakfast"
"3103","13-Feb","Two Eggs",7,"Breakfast","Spring 2025","Multimodal","Breakfast","Side","Satellite","Breakfast"
"3104","13-Feb","Pancake Single",4,"Breakfast","Spring 2025","Multimodal","Breakfast","Side","Satellite","Breakfast"
"3105","13-Feb","Trillium Home Fries",1,"Breakfast","Spring 2025","Multimodal","Breakfast","Side","Satellite","Breakfast"
"3106","13-Feb","2 Slices Toast",2,"Breakfast","Spring 2025","Multimodal","Breakfast","Side","Satellite","Breakfast"
"3107","13-Feb","Toast",1,"Breakfast","Spring 2025","Multimodal","Breakfast","Side","Satellite","Breakfast"
"3108","13-Feb","PC Peanut Butter",1,"Breakfast","Spring 2025","Multimodal","Breakfast","Side","Satellite","Breakfast"
"3109","13-Feb","Create Your Pasta Bowl MEAT",81,"Italian","Spring 2025","Multimodal","Pasta","Main","Satellite","Lunch"
"3110","13-Feb","Create Your Pasta Bowl VEG",20,"Italian","Spring 2025","Multimodal","Pasta","Main","Satellite","Lunch"
"3111","13-Feb","Pizza with Toppings",30,"Italian","Spring 2025","Multimodal","Pizza","Main","Satellite","Lunch"
"3112","13-Feb","Pizza Cheese",17,"Italian","Spring 2025","Multimodal","Pizza","Main","Satellite","Lunch"
"3113","13-Feb","Add Extra Meat",19,"Italian","Spring 2025","Multimodal","Pasta","Modification","Satellite","Lunch"
"3114","13-Feb","Burrito Bowl BYO",73,"Mexican","Spring 2025","Multimodal","Wrap","Main","Satellite","Lunch"
"3115","13-Feb","Single Taco",3,"Mexican","Spring 2025","Multimodal","Wrap","Main","Satellite","Lunch"
"3116","13-Feb","Side Guacamole",1,"Mexican","Spring 2025","Multimodal","Wrap","Side","Satellite","Lunch"
"3117","13-Feb","Add Extra Toppings Una Mano",2,"Mexican","Spring 2025","Multimodal","Wrap","Modification","Satellite","Lunch"
"3118","13-Feb","LTO Spicy Chicken Sandwich",35,"Grab N Go","Spring 2025","Multimodal","Grab N Go","Main","Satellite","Lunch"
"3119","13-Feb","Egg Cheese Sausage Breakfast Sandwich",28,"Grab N Go","Spring 2025","Multimodal","Grab N Go","Main","Satellite","Lunch"
"3120","13-Feb","Egg Cheese Bacon Breakfast Sandwich",24,"Grab N Go","Spring 2025","Multimodal","Grab N Go","Main","Satellite","Lunch"
"3121","13-Feb","LTO Meatball Sub",12,"Grab N Go","Spring 2025","Multimodal","Grab N Go","Main","Satellite","Lunch"
"3122","13-Feb","Burrito Breakfast G&G",1,"Grab N Go","Spring 2025","Multimodal","Grab N Go","Main","Satellite","Lunch"
"3123","13-Feb","Soup 12 oz",52,"Soup","Spring 2025","Multimodal","Soup","Main","Satellite","Lunch"
"3124","13-Feb","8 oz Soup",42,"Soup","Spring 2025","Multimodal","Soup","Main","Satellite","Lunch"
"3125","13-Feb","Salad by the Pound",33,"Salad Bar","Spring 2025","Multimodal","Salad Bar","Main","Satellite","Lunch"
"3126","13-Feb","Add Extra Protein 3.99",2,"Salad Bar","Spring 2025","Multimodal","Salad Bar","Modification","Satellite","Lunch"
"3127","14-Feb","Quesadilla Deluxe Trillium",100,"Grill","Spring 2025","Multimodal","Quesadilla","Main","Satellite","Lunch"
"3128","14-Feb","Grilled Hamburger",72,"Grill","Spring 2025","Multimodal","Grill","Main","Treatment","Lunch"
"3129","14-Feb","Fried Chicken Tenders",53,"Grab N Go","Spring 2025","Multimodal","Grab N Go","Side","Satellite","Lunch"
"3130","14-Feb","French Fries",106,"Grill","Spring 2025","Multimodal","Grill","Side","Treatment","Lunch"
"3131","14-Feb","Burrito Una Mano Trillium BYO",33,"Grill","Spring 2025","Multimodal","Quesadilla","Main","Satellite","Lunch"
"3132","14-Feb","Quesadilla Cheese",8,"Grill","Spring 2025","Multimodal","Quesadilla","Main","Satellite","Lunch"
"3133","14-Feb","Side Potato Tots",16,"Grab N Go","Spring 2025","Multimodal","Grab N Go","Side","Satellite","Lunch"
"3134","14-Feb","Grilled Chicken Breast Sandwich",5,"Grill","Spring 2025","Multimodal","Grill","Main","Treatment","Lunch"
"3135","14-Feb","Seared Salmon Burger",5,"Grill","Spring 2025","Multimodal","Grill","Main","Treatment","Lunch"
"3136","14-Feb","Trillium Grill Impossible Burger",4,"Grill","Spring 2025","Multimodal","Grill","Main","Treatment","Lunch"
"3137","14-Feb","Black Bean Burger",2,"Grill","Spring 2025","Multimodal","Grill","Main","Treatment","Lunch"
"3138","14-Feb","Add Sausage 2 Patty",4,"Grill","Spring 2025","Multimodal","Grill","Modification","Treatment","Lunch"
"3139","14-Feb","Add Egg .99",2,"Grill","Spring 2025","Multimodal","Grill","Modification","Treatment","Lunch"
"3140","14-Feb","1 Entree + 1 Side",90,"Asian","Spring 2025","Multimodal","Wok","Main","Satellite","Lunch"
"3141","14-Feb","1 Entree + 2 Side",46,"Asian","Spring 2025","Multimodal","Wok","Main","Satellite","Lunch"
"3142","14-Feb","Bowl Ramen Chicken",42,"Asian","Spring 2025","Multimodal","Ramen","Main","Treatment","Lunch"
"3143","14-Feb","2 Entrees + 2 Sides",12,"Asian","Spring 2025","Multimodal","Wok","Main","Satellite","Lunch"
"3144","14-Feb","Bowl Ramen Tofu",15,"Asian","Spring 2025","Multimodal","Ramen","Main","Treatment","Lunch"
"3145","14-Feb","Bowl Ramen Chicken",1,"Asian","Spring 2025","Multimodal","Ramen","Main","Treatment","Lunch"
"3146","14-Feb","Side Vegetable Spring Rolls",2,"Asian","Spring 2025","Multimodal","Wok","Side","Satellite","Lunch"
"3147","14-Feb","Side Vegetarian Lo Mein",2,"Asian","Spring 2025","Multimodal","Wok","Side","Satellite","Lunch"
"3148","14-Feb","1 Wok Entree",1,"Asian","Spring 2025","Multimodal","Wok","Main","Satellite","Lunch"
"3149","14-Feb","Side White or Brown Rice",1,"Asian","Spring 2025","Multimodal","Wok","Side","Satellite","Lunch"
"3150","14-Feb","Burrito Breakfast",72,"Breakfast","Spring 2025","Multimodal","Breakfast","Main","Satellite","Breakfast"
"3151","14-Feb","Small French Omelet",29,"Breakfast","Spring 2025","Multimodal","Breakfast","Side","Satellite","Breakfast"
"3152","14-Feb","Grand Slam Breakfast",5,"Breakfast","Spring 2025","Multimodal","Breakfast","Main","Satellite","Breakfast"
"3153","14-Feb","Add Bacon",18,"Breakfast","Spring 2025","Multimodal","Breakfast","Modification","Satellite","Breakfast"
"3154","14-Feb","Two Eggs",14,"Breakfast","Spring 2025","Multimodal","Breakfast","Side","Satellite","Breakfast"
"3155","14-Feb","Pancake Single",5,"Breakfast","Spring 2025","Multimodal","Breakfast","Side","Satellite","Breakfast"
"3156","14-Feb","Trillium Home Fries",2,"Breakfast","Spring 2025","Multimodal","Breakfast","Side","Satellite","Breakfast"
"3157","14-Feb","Toast",1,"Breakfast","Spring 2025","Multimodal","Breakfast","Side","Satellite","Breakfast"
"3158","14-Feb","Create Your Pasta Bowl MEAT",34,"Italian","Spring 2025","Multimodal","Pasta","Main","Satellite","Lunch"
"3159","14-Feb","Create Your Pasta Bowl VEG",16,"Italian","Spring 2025","Multimodal","Pasta","Main","Satellite","Lunch"
"3160","14-Feb","Pizza with Toppings",16,"Italian","Spring 2025","Multimodal","Pizza","Main","Satellite","Lunch"
"3161","14-Feb","Pizza Cheese",13,"Italian","Spring 2025","Multimodal","Pizza","Main","Satellite","Lunch"
"3162","14-Feb","Add Extra Meat",14,"Italian","Spring 2025","Multimodal","Pasta","Modification","Satellite","Lunch"
"3163","14-Feb","LTO Spicy Chicken Sandwich",22,"Grab N Go","Spring 2025","Multimodal","Grab N Go","Main","Satellite","Lunch"
"3164","14-Feb","Egg Cheese Sausage Breakfast Sandwich",23,"Grab N Go","Spring 2025","Multimodal","Grab N Go","Main","Satellite","Lunch"
"3165","14-Feb","Egg Cheese Bacon Breakfast Sandwich",17,"Grab N Go","Spring 2025","Multimodal","Grab N Go","Main","Satellite","Lunch"
"3166","14-Feb","Burrito Bowl BYO",34,"Mexican","Spring 2025","Multimodal","Wrap","Main","Satellite","Lunch"
"3167","14-Feb","Single Taco",3,"Mexican","Spring 2025","Multimodal","Wrap","Main","Satellite","Lunch"
"3168","14-Feb","Side Guacamole",2,"Mexican","Spring 2025","Multimodal","Wrap","Side","Satellite","Lunch"
"3169","14-Feb","8 oz Soup",23,"Soup","Spring 2025","Multimodal","Soup","Main","Satellite","Lunch"
"3170","14-Feb","Soup 12 oz",17,"Soup","Spring 2025","Multimodal","Soup","Main","Satellite","Lunch"
"3171","14-Feb","Salad by the Pound",20,"Salad Bar","Spring 2025","Multimodal","Salad Bar","Main","Satellite","Lunch"
"3172","14-Feb","Add Extra Protein 3.99",1,"Salad Bar","Spring 2025","Multimodal","Salad Bar","Modification","Satellite","Lunch"
"3173","19-Feb","Quesadilla Deluxe Trillium",181,"Grill","Spring 2025","Multimodal","Quesadilla","Main","Satellite","Lunch"
"3174","19-Feb","Grilled Hamburger",84,"Grill","Spring 2025","Multimodal","Grill","Main","Treatment","Lunch"
"3175","19-Feb","Fried Chicken Tenders",71,"Grab N Go","Spring 2025","Multimodal","Grab N Go","Side","Satellite","Lunch"
"3176","19-Feb","Burrito Una Mano Trillium BYO",50,"Grill","Spring 2025","Multimodal","Quesadilla","Main","Satellite","Lunch"
"3177","19-Feb","French Fries",128,"Grill","Spring 2025","Multimodal","Grill","Side","Treatment","Lunch"
"3178","19-Feb","Quesadilla Cheese",20,"Grill","Spring 2025","Multimodal","Quesadilla","Main","Satellite","Lunch"
"3179","19-Feb","Grilled Chicken Breast Sandwich",17,"Grill","Spring 2025","Multimodal","Grill","Main","Treatment","Lunch"
"3180","19-Feb","+ Beef Patty",19,"Grill","Spring 2025","Multimodal","Grill","Modification","Treatment","Lunch"
"3181","19-Feb","Sweet Potato Fries",23,"Grill","Spring 2025","Multimodal","Grill","Side","Treatment","Lunch"
"3182","19-Feb","Seared Salmon Burger",5,"Grill","Spring 2025","Multimodal","Grill","Main","Treatment","Lunch"
"3183","19-Feb","Side Potato Tots",11,"Grab N Go","Spring 2025","Multimodal","Grab N Go","Side","Satellite","Lunch"
"3184","19-Feb","Trillium Grill Impossible Burger",3,"Grill","Spring 2025","Multimodal","Grill","Main","Treatment","Lunch"
"3185","19-Feb","Black Bean Burger",1,"Grill","Spring 2025","Multimodal","Grill","Main","Treatment","Lunch"
"3186","19-Feb","Add Sausage 2 Patty",3,"Grill","Spring 2025","Multimodal","Grill","Modification","Treatment","Lunch"
"3187","19-Feb","ADD Cheese",10,"Grill","Spring 2025","Multimodal","Grill","Modification","Treatment","Lunch"
"3188","19-Feb","ADD Chicken Breast",1,"Grill","Spring 2025","Multimodal","Grill","Modification","Treatment","Lunch"
"3189","19-Feb","Add Egg .99",3,"Grill","Spring 2025","Multimodal","Grill","Modification","Treatment","Lunch"
"3190","19-Feb","1 Entree + 1 Side",200,"Asian","Spring 2025","Multimodal","Wok","Main","Satellite","Lunch"
"3191","19-Feb","1 Entree + 2 Side",78,"Asian","Spring 2025","Multimodal","Wok","Main","Satellite","Lunch"
"3192","19-Feb","Bowl Ramen Chicken",80,"Asian","Spring 2025","Multimodal","Ramen","Main","Treatment","Lunch"
"3193","19-Feb","2 Entrees + 2 Sides",21,"Asian","Spring 2025","Multimodal","Wok","Main","Satellite","Lunch"
"3194","19-Feb","Bowl Ramen Tofu",15,"Asian","Spring 2025","Multimodal","Ramen","Main","Treatment","Lunch"
"3195","19-Feb","1 Wok Entree",10,"Asian","Spring 2025","Multimodal","Wok","Main","Satellite","Lunch"
"3196","19-Feb","Side Vegetarian Lo Mein",4,"Asian","Spring 2025","Multimodal","Wok","Side","Satellite","Lunch"
"3197","19-Feb","Side White or Brown Rice",7,"Asian","Spring 2025","Multimodal","Wok","Side","Satellite","Lunch"
"3198","19-Feb","Side Vegetable Spring Rolls",3,"Asian","Spring 2025","Multimodal","Wok","Side","Satellite","Lunch"
"3199","19-Feb","Bowl Ramen Chicken",1,"Asian","Spring 2025","Multimodal","Ramen","Main","Treatment","Lunch"
"3200","19-Feb","Side Vegetables",2,"Asian","Spring 2025","Multimodal","Wok","Side","Satellite","Lunch"
"3201","19-Feb","Side Vegetarian Fried Rice with",2,"Asian","Spring 2025","Multimodal","Wok","Side","Satellite","Lunch"
"3202","19-Feb","Create Your Pasta Bowl MEAT",104,"Italian","Spring 2025","Multimodal","Pasta","Main","Satellite","Lunch"
"3203","19-Feb","Create Your Pasta Bowl VEG",28,"Italian","Spring 2025","Multimodal","Pasta","Main","Satellite","Lunch"
"3204","19-Feb","Pizza with Toppings",20,"Italian","Spring 2025","Multimodal","Pizza","Main","Satellite","Lunch"
"3205","19-Feb","Pizza Cheese",24,"Italian","Spring 2025","Multimodal","Pizza","Main","Satellite","Lunch"
"3206","19-Feb","Add Extra Meat",27,"Italian","Spring 2025","Multimodal","Pasta","Modification","Satellite","Lunch"
"3207","19-Feb","Burrito Breakfast",76,"Breakfast","Spring 2025","Multimodal","Breakfast","Main","Satellite","Breakfast"
"3208","19-Feb","Small French Omelet",58,"Breakfast","Spring 2025","Multimodal","Breakfast","Side","Satellite","Breakfast"
"3209","19-Feb","Grand Slam Breakfast",7,"Breakfast","Spring 2025","Multimodal","Breakfast","Main","Satellite","Breakfast"
"3210","19-Feb","Add Bacon",27,"Breakfast","Spring 2025","Multimodal","Breakfast","Modification","Satellite","Breakfast"
"3211","19-Feb","Two Eggs",11,"Breakfast","Spring 2025","Multimodal","Breakfast","Side","Satellite","Breakfast"
"3212","19-Feb","Trillium Home Fries",4,"Breakfast","Spring 2025","Multimodal","Breakfast","Side","Satellite","Breakfast"
"3213","19-Feb","Pancake Single",1,"Breakfast","Spring 2025","Multimodal","Breakfast","Side","Satellite","Breakfast"
"3214","19-Feb","Toast",1,"Breakfast","Spring 2025","Multimodal","Breakfast","Side","Satellite","Breakfast"
"3215","19-Feb","Burrito Bowl BYO",103,"Mexican","Spring 2025","Multimodal","Wrap","Main","Satellite","Lunch"
"3216","19-Feb","Single Taco",2,"Mexican","Spring 2025","Multimodal","Wrap","Main","Satellite","Lunch"
"3217","19-Feb","Side Guacamole",2,"Mexican","Spring 2025","Multimodal","Wrap","Side","Satellite","Lunch"
"3218","19-Feb","Soup 12 oz",47,"Soup","Spring 2025","Multimodal","Soup","Main","Satellite","Lunch"
"3219","19-Feb","8 oz Soup",42,"Soup","Spring 2025","Multimodal","Soup","Main","Satellite","Lunch"
"3220","19-Feb","LTO Spicy Chicken Sandwich",24,"Grab N Go","Spring 2025","Multimodal","Grab N Go","Main","Satellite","Lunch"
"3221","19-Feb","Egg Cheese Bacon Breakfast Sandwich",24,"Grab N Go","Spring 2025","Multimodal","Grab N Go","Main","Satellite","Lunch"
"3222","19-Feb","Egg Cheese Sausage Breakfast Sandwich",23,"Grab N Go","Spring 2025","Multimodal","Grab N Go","Main","Satellite","Lunch"
"3223","19-Feb","Salad by the Pound",47,"Salad Bar","Spring 2025","Multimodal","Salad Bar","Main","Satellite","Lunch"
"3224","19-Feb","Add Extra Protein 3.99",2,"Salad Bar","Spring 2025","Multimodal","Salad Bar","Modification","Satellite","Lunch"
"3225","19-Feb","LTO Sandwich",5,"Deli","Spring 2025","Multimodal","Deli","Main","Satellite","Lunch"
"3226","20-Feb","Quesadilla Deluxe Trillium",172,"Grill","Spring 2025","Multimodal","Quesadilla","Main","Satellite","Lunch"
"3227","20-Feb","Grilled Hamburger",102,"Grill","Spring 2025","Multimodal","Grill","Main","Treatment","Lunch"
"3228","20-Feb","Fried Chicken Tenders",82,"Grab N Go","Spring 2025","Multimodal","Grab N Go","Side","Satellite","Lunch"
"3229","20-Feb","Burrito Una Mano Trillium BYO",54,"Grill","Spring 2025","Multimodal","Quesadilla","Main","Satellite","Lunch"
"3230","20-Feb","French Fries",133,"Grill","Spring 2025","Multimodal","Grill","Side","Treatment","Lunch"
"3231","20-Feb","Grilled Chicken Breast Sandwich",17,"Grill","Spring 2025","Multimodal","Grill","Main","Treatment","Lunch"
"3232","20-Feb","Sweet Potato Fries",38,"Grill","Spring 2025","Multimodal","Grill","Side","Treatment","Lunch"
"3233","20-Feb","Trillium Grill Impossible Burger",10,"Grill","Spring 2025","Multimodal","Grill","Main","Treatment","Lunch"
"3234","20-Feb","Quesadilla Cheese",10,"Grill","Spring 2025","Multimodal","Quesadilla","Main","Satellite","Lunch"
"3235","20-Feb","+ Beef Patty",19,"Grill","Spring 2025","Multimodal","Grill","Modification","Treatment","Lunch"
"3236","20-Feb","Side Potato Tots",16,"Grab N Go","Spring 2025","Multimodal","Grab N Go","Side","Satellite","Lunch"
"3237","20-Feb","Seared Salmon Burger",5,"Grill","Spring 2025","Multimodal","Grill","Main","Treatment","Lunch"
"3238","20-Feb","Black Bean Burger",4,"Grill","Spring 2025","Multimodal","Grill","Main","Treatment","Lunch"
"3239","20-Feb","ADD Chicken Breast",3,"Grill","Spring 2025","Multimodal","Grill","Modification","Treatment","Lunch"
"3240","20-Feb","Add Sausage 2 Patty",3,"Grill","Spring 2025","Multimodal","Grill","Modification","Treatment","Lunch"
"3241","20-Feb","ADD Cheese",8,"Grill","Spring 2025","Multimodal","Grill","Modification","Treatment","Lunch"
"3242","20-Feb","Add Egg .99",1,"Grill","Spring 2025","Multimodal","Grill","Modification","Treatment","Lunch"
"3243","20-Feb","1 Entree + 1 Side",178,"Asian","Spring 2025","Multimodal","Wok","Main","Satellite","Lunch"
"3244","20-Feb","1 Entree + 2 Side",70,"Asian","Spring 2025","Multimodal","Wok","Main","Satellite","Lunch"
"3245","20-Feb","Bowl Ramen Chicken",62,"Asian","Spring 2025","Multimodal","Ramen","Main","Treatment","Lunch"
"3246","20-Feb","2 Entrees + 2 Sides",23,"Asian","Spring 2025","Multimodal","Wok","Main","Satellite","Lunch"
"3247","20-Feb","Bowl Ramen Tofu",15,"Asian","Spring 2025","Multimodal","Ramen","Main","Treatment","Lunch"
"3248","20-Feb","Side Vegetarian Lo Mein",6,"Asian","Spring 2025","Multimodal","Wok","Side","Satellite","Lunch"
"3249","20-Feb","1 Wok Entree",3,"Asian","Spring 2025","Multimodal","Wok","Main","Satellite","Lunch"
"3250","20-Feb","Side White or Brown Rice",4,"Asian","Spring 2025","Multimodal","Wok","Side","Satellite","Lunch"
"3251","20-Feb","Side Vegetarian Fried Rice with",2,"Asian","Spring 2025","Multimodal","Wok","Side","Satellite","Lunch"
"3252","20-Feb","Side Fried Spring Roll",1,"Asian","Spring 2025","Multimodal","Wok","Side","Satellite","Lunch"
"3253","20-Feb","Create Your Pasta Bowl MEAT",93,"Italian","Spring 2025","Multimodal","Pasta","Main","Satellite","Lunch"
"3254","20-Feb","Create Your Pasta Bowl VEG",27,"Italian","Spring 2025","Multimodal","Pasta","Main","Satellite","Lunch"
"3255","20-Feb","Pizza with Toppings",32,"Italian","Spring 2025","Multimodal","Pizza","Main","Satellite","Lunch"
"3256","20-Feb","Pizza Cheese",19,"Italian","Spring 2025","Multimodal","Pizza","Main","Satellite","Lunch"
"3257","20-Feb","Add Extra Meat",24,"Italian","Spring 2025","Multimodal","Pasta","Modification","Satellite","Lunch"
"3258","20-Feb","Burrito Breakfast",80,"Breakfast","Spring 2025","Multimodal","Breakfast","Main","Satellite","Breakfast"
"3259","20-Feb","Small French Omelet",65,"Breakfast","Spring 2025","Multimodal","Breakfast","Side","Satellite","Breakfast"
"3260","20-Feb","Grand Slam Breakfast",13,"Breakfast","Spring 2025","Multimodal","Breakfast","Main","Satellite","Breakfast"
"3261","20-Feb","Add Bacon",38,"Breakfast","Spring 2025","Multimodal","Breakfast","Modification","Satellite","Breakfast"
"3262","20-Feb","Two Eggs",17,"Breakfast","Spring 2025","Multimodal","Breakfast","Side","Satellite","Breakfast"
"3263","20-Feb","Trillium Home Fries",4,"Breakfast","Spring 2025","Multimodal","Breakfast","Side","Satellite","Breakfast"
"3264","20-Feb","Pancake Single",2,"Breakfast","Spring 2025","Multimodal","Breakfast","Side","Satellite","Breakfast"
"3265","20-Feb","2 Slices Toast",2,"Breakfast","Spring 2025","Multimodal","Breakfast","Side","Satellite","Breakfast"
"3266","20-Feb","Burrito Bowl BYO",98,"Mexican","Spring 2025","Multimodal","Wrap","Main","Satellite","Lunch"
"3267","20-Feb","Single Taco",5,"Mexican","Spring 2025","Multimodal","Wrap","Main","Satellite","Lunch"
"3268","20-Feb","Side Guacamole",1,"Mexican","Spring 2025","Multimodal","Wrap","Side","Satellite","Lunch"
"3269","20-Feb","Side Sour Cream",1,"Mexican","Spring 2025","Multimodal","Wrap","Side","Satellite","Lunch"
"3270","20-Feb","LTO Spicy Chicken Sandwich",27,"Grab N Go","Spring 2025","Multimodal","Grab N Go","Main","Satellite","Lunch"
"3271","20-Feb","LTO Meatball Sub",25,"Grab N Go","Spring 2025","Multimodal","Grab N Go","Main","Satellite","Lunch"
"3272","20-Feb","Egg Cheese Sausage Breakfast Sandwich",31,"Grab N Go","Spring 2025","Multimodal","Grab N Go","Main","Satellite","Lunch"
"3273","20-Feb","Egg Cheese Bacon Breakfast Sandwich",14,"Grab N Go","Spring 2025","Multimodal","Grab N Go","Main","Satellite","Lunch"
"3274","20-Feb","Soup 12 oz",42,"Soup","Spring 2025","Multimodal","Soup","Main","Satellite","Lunch"
"3275","20-Feb","8 oz Soup",37,"Soup","Spring 2025","Multimodal","Soup","Main","Satellite","Lunch"
"3276","20-Feb","Salad by the Pound",34,"Salad Bar","Spring 2025","Multimodal","Salad Bar","Main","Satellite","Lunch"
"3277","20-Feb","Add Extra Protein 3.99",7,"Salad Bar","Spring 2025","Multimodal","Salad Bar","Modification","Satellite","Lunch"
"3278","21-Feb","Quesadilla Deluxe Trillium",134,"Grill","Spring 2025","Multimodal","Quesadilla","Main","Satellite","Lunch"
"3279","21-Feb","Grilled Hamburger",73,"Grill","Spring 2025","Multimodal","Grill","Main","Treatment","Lunch"
"3280","21-Feb","Burrito Una Mano Trillium BYO",55,"Grill","Spring 2025","Multimodal","Quesadilla","Main","Satellite","Lunch"
"3281","21-Feb","Fried Chicken Tenders",56,"Grab N Go","Spring 2025","Multimodal","Grab N Go","Side","Satellite","Lunch"
"3282","21-Feb","French Fries",105,"Grill","Spring 2025","Multimodal","Grill","Side","Treatment","Lunch"
"3283","21-Feb","Grilled Chicken Breast Sandwich",17,"Grill","Spring 2025","Multimodal","Grill","Main","Treatment","Lunch"
"3284","21-Feb","Quesadilla Cheese",11,"Grill","Spring 2025","Multimodal","Quesadilla","Main","Satellite","Lunch"
"3285","21-Feb","Sweet Potato Fries",26,"Grill","Spring 2025","Multimodal","Grill","Side","Treatment","Lunch"
"3286","21-Feb","Seared Salmon Burger",8,"Grill","Spring 2025","Multimodal","Grill","Main","Treatment","Lunch"
"3287","21-Feb","+ Beef Patty",12,"Grill","Spring 2025","Multimodal","Grill","Modification","Treatment","Lunch"
"3288","21-Feb","Side Potato Tots",13,"Grab N Go","Spring 2025","Multimodal","Grab N Go","Side","Satellite","Lunch"
"3289","21-Feb","Trillium Grill Impossible Burger",3,"Grill","Spring 2025","Multimodal","Grill","Main","Treatment","Lunch"
"3290","21-Feb","Black Bean Burger",2,"Grill","Spring 2025","Multimodal","Grill","Main","Treatment","Lunch"
"3291","21-Feb","ADD Cheese",5,"Grill","Spring 2025","Multimodal","Grill","Modification","Treatment","Lunch"
"3292","21-Feb","Add Egg .99",1,"Grill","Spring 2025","Multimodal","Grill","Modification","Treatment","Lunch"
"3293","21-Feb","1 Entree + 1 Side",133,"Asian","Spring 2025","Multimodal","Wok","Main","Satellite","Lunch"
"3294","21-Feb","1 Entree + 2 Side",55,"Asian","Spring 2025","Multimodal","Wok","Main","Satellite","Lunch"
"3295","21-Feb","Bowl Ramen Chicken",58,"Asian","Spring 2025","Multimodal","Ramen","Main","Treatment","Lunch"
"3296","21-Feb","2 Entrees + 2 Sides",18,"Asian","Spring 2025","Multimodal","Wok","Main","Satellite","Lunch"
"3297","21-Feb","Bowl Ramen Tofu",14,"Asian","Spring 2025","Multimodal","Ramen","Main","Treatment","Lunch"
"3298","21-Feb","1 Wok Entree",6,"Asian","Spring 2025","Multimodal","Wok","Main","Satellite","Lunch"
"3299","21-Feb","Side Vegetarian Lo Mein",3,"Asian","Spring 2025","Multimodal","Wok","Side","Satellite","Lunch"
"3300","21-Feb","Side White or Brown Rice",5,"Asian","Spring 2025","Multimodal","Wok","Side","Satellite","Lunch"
"3301","21-Feb","Side Fried Spring Roll",1,"Asian","Spring 2025","Multimodal","Wok","Side","Satellite","Lunch"
"3302","21-Feb","Side Vegetable Spring Rolls",1,"Asian","Spring 2025","Multimodal","Wok","Side","Satellite","Lunch"
"3303","21-Feb","Create Your Pasta Bowl MEAT",78,"Italian","Spring 2025","Multimodal","Pasta","Main","Satellite","Lunch"
"3304","21-Feb","Pizza with Toppings",28,"Italian","Spring 2025","Multimodal","Pizza","Main","Satellite","Lunch"
"3305","21-Feb","Create Your Pasta Bowl VEG",16,"Italian","Spring 2025","Multimodal","Pasta","Main","Satellite","Lunch"
"3306","21-Feb","Pizza Cheese",15,"Italian","Spring 2025","Multimodal","Pizza","Main","Satellite","Lunch"
"3307","21-Feb","Add Extra Meat",12,"Italian","Spring 2025","Multimodal","Pasta","Modification","Satellite","Lunch"
"3308","21-Feb","Burrito Breakfast",66,"Breakfast","Spring 2025","Multimodal","Breakfast","Main","Satellite","Breakfast"
"3309","21-Feb","Small French Omelet",42,"Breakfast","Spring 2025","Multimodal","Breakfast","Side","Satellite","Breakfast"
"3310","21-Feb","Grand Slam Breakfast",8,"Breakfast","Spring 2025","Multimodal","Breakfast","Main","Satellite","Breakfast"
"3311","21-Feb","Add Bacon",18,"Breakfast","Spring 2025","Multimodal","Breakfast","Modification","Satellite","Breakfast"
"3312","21-Feb","Two Eggs",7,"Breakfast","Spring 2025","Multimodal","Breakfast","Side","Satellite","Breakfast"
"3313","21-Feb","Trillium Home Fries",2,"Breakfast","Spring 2025","Multimodal","Breakfast","Side","Satellite","Breakfast"
"3314","21-Feb","Pancake Single",1,"Breakfast","Spring 2025","Multimodal","Breakfast","Side","Satellite","Breakfast"
"3315","21-Feb","PC Peanut Butter",1,"Breakfast","Spring 2025","Multimodal","Breakfast","Side","Satellite","Breakfast"
"3316","21-Feb","Burrito Bowl BYO",66,"Mexican","Spring 2025","Multimodal","Wrap","Main","Satellite","Lunch"
"3317","21-Feb","Single Taco",4,"Mexican","Spring 2025","Multimodal","Wrap","Main","Satellite","Lunch"
"3318","21-Feb","Side Guacamole",3,"Mexican","Spring 2025","Multimodal","Wrap","Side","Satellite","Lunch"
"3319","21-Feb","LTO Spicy Chicken Sandwich",25,"Grab N Go","Spring 2025","Multimodal","Grab N Go","Main","Satellite","Lunch"
"3320","21-Feb","Egg Cheese Bacon Breakfast Sandwich",25,"Grab N Go","Spring 2025","Multimodal","Grab N Go","Main","Satellite","Lunch"
"3321","21-Feb","Egg Cheese Sausage Breakfast Sandwich",21,"Grab N Go","Spring 2025","Multimodal","Grab N Go","Main","Satellite","Lunch"
"3322","21-Feb","Soup 12 oz",37,"Soup","Spring 2025","Multimodal","Soup","Main","Satellite","Lunch"
"3323","21-Feb","8 oz Soup",39,"Soup","Spring 2025","Multimodal","Soup","Main","Satellite","Lunch"
"3324","21-Feb","Salad by the Pound",32,"Salad Bar","Spring 2025","Multimodal","Salad Bar","Main","Satellite","Lunch"
"3325","21-Feb","Add Extra Protein 3.99",3,"Salad Bar","Spring 2025","Multimodal","Salad Bar","Modification","Satellite","Lunch"
"3326","24-Feb","Quesadilla Deluxe Trillium",186,"Grill","Spring 2025","Control","Quesadilla","Main","Satellite","Lunch"
"3327","24-Feb","Grilled Hamburger",95,"Grill","Spring 2025","Control","Grill","Main","Treatment","Lunch"
"3328","24-Feb","Fried Chicken Tenders",85,"Grab N Go","Spring 2025","Control","Grab N Go","Side","Satellite","Lunch"
"3329","24-Feb","Burrito Una Mano Trillium BYO",55,"Grill","Spring 2025","Control","Quesadilla","Main","Satellite","Lunch"
"3330","24-Feb","French Fries",132,"Grill","Spring 2025","Control","Grill","Side","Treatment","Lunch"
"3331","24-Feb","Quesadilla Cheese",16,"Grill","Spring 2025","Control","Quesadilla","Main","Satellite","Lunch"
"3332","24-Feb","Grilled Chicken Breast Sandwich",15,"Grill","Spring 2025","Control","Grill","Main","Treatment","Lunch"
"3333","24-Feb","Seared Salmon Burger",14,"Grill","Spring 2025","Control","Grill","Main","Treatment","Lunch"
"3334","24-Feb","+ Beef Patty",25,"Grill","Spring 2025","Control","Grill","Modification","Treatment","Lunch"
"3335","24-Feb","Sweet Potato Fries",29,"Grill","Spring 2025","Control","Grill","Side","Treatment","Lunch"
"3336","24-Feb","Trillium Grill Impossible Burger",6,"Grill","Spring 2025","Control","Grill","Main","Treatment","Lunch"
"3337","24-Feb","Side Potato Tots",17,"Grab N Go","Spring 2025","Control","Grab N Go","Side","Satellite","Lunch"
"3338","24-Feb","Add Sausage 2 Patty",4,"Grill","Spring 2025","Control","Grill","Modification","Treatment","Lunch"
"3339","24-Feb","Black Bean Burger",1,"Grill","Spring 2025","Control","Grill","Main","Treatment","Lunch"
"3340","24-Feb","ADD Chicken Breast",2,"Grill","Spring 2025","Control","Grill","Modification","Treatment","Lunch"
"3341","24-Feb","ADD Cheese",4,"Grill","Spring 2025","Control","Grill","Modification","Treatment","Lunch"
"3342","24-Feb","Add Egg .99",1,"Grill","Spring 2025","Control","Grill","Modification","Treatment","Lunch"
"3343","24-Feb","1 Entree + 1 Side",235,"Asian","Spring 2025","Control","Wok","Main","Satellite","Lunch"
"3344","24-Feb","1 Entree + 2 Side",82,"Asian","Spring 2025","Control","Wok","Main","Satellite","Lunch"
"3345","24-Feb","Bowl Ramen Chicken",79,"Asian","Spring 2025","Control","Ramen","Main","Treatment","Lunch"
"3346","24-Feb","2 Entrees + 2 Sides",22,"Asian","Spring 2025","Control","Wok","Main","Satellite","Lunch"
"3347","24-Feb","Bowl Ramen Tofu",14,"Asian","Spring 2025","Control","Ramen","Main","Treatment","Lunch"
"3348","24-Feb","1 Wok Entree",8,"Asian","Spring 2025","Control","Wok","Main","Satellite","Lunch"
"3349","24-Feb","Side Vegetarian Lo Mein",4,"Asian","Spring 2025","Control","Wok","Side","Satellite","Lunch"
"3350","24-Feb","Side White or Brown Rice",6,"Asian","Spring 2025","Control","Wok","Side","Satellite","Lunch"
"3351","24-Feb","Side Vegetable Spring Rolls",1,"Asian","Spring 2025","Control","Wok","Side","Satellite","Lunch"
"3352","24-Feb","Side Vegetarian Fried Rice with",1,"Asian","Spring 2025","Control","Wok","Side","Satellite","Lunch"
"3353","24-Feb","Create Your Pasta Bowl MEAT",130,"Italian","Spring 2025","Control","Pasta","Main","Satellite","Lunch"
"3354","24-Feb","Create Your Pasta Bowl VEG",22,"Italian","Spring 2025","Control","Pasta","Main","Satellite","Lunch"
"3355","24-Feb","Pizza with Toppings",32,"Italian","Spring 2025","Control","Pizza","Main","Satellite","Lunch"
"3356","24-Feb","Add Extra Meat",31,"Italian","Spring 2025","Control","Pasta","Modification","Satellite","Lunch"
"3357","24-Feb","Pizza Cheese",15,"Italian","Spring 2025","Control","Pizza","Main","Satellite","Lunch"
"3358","24-Feb","Burrito Breakfast",91,"Breakfast","Spring 2025","Control","Breakfast","Main","Satellite","Breakfast"
"3359","24-Feb","Small French Omelet",60,"Breakfast","Spring 2025","Control","Breakfast","Side","Satellite","Breakfast"
"3360","24-Feb","Grand Slam Breakfast",8,"Breakfast","Spring 2025","Control","Breakfast","Main","Satellite","Breakfast"
"3361","24-Feb","Add Bacon",25,"Breakfast","Spring 2025","Control","Breakfast","Modification","Satellite","Breakfast"
"3362","24-Feb","Two Eggs",14,"Breakfast","Spring 2025","Control","Breakfast","Side","Satellite","Breakfast"
"3363","24-Feb","Trillium Home Fries",4,"Breakfast","Spring 2025","Control","Breakfast","Side","Satellite","Breakfast"
"3364","24-Feb","Pancake Single",2,"Breakfast","Spring 2025","Control","Breakfast","Side","Satellite","Breakfast"
"3365","24-Feb","2 Slices Toast",1,"Breakfast","Spring 2025","Control","Breakfast","Side","Satellite","Breakfast"
"3366","24-Feb","Toast",1,"Breakfast","Spring 2025","Control","Breakfast","Side","Satellite","Breakfast"
"3367","24-Feb","Burrito Bowl BYO",120,"Mexican","Spring 2025","Control","Wrap","Main","Satellite","Lunch"
"3368","24-Feb","Single Taco",7,"Mexican","Spring 2025","Control","Wrap","Main","Satellite","Lunch"
"3369","24-Feb","Side Guacamole",3,"Mexican","Spring 2025","Control","Wrap","Side","Satellite","Lunch"
"3370","24-Feb","Add Extra Toppings Una Mano",2,"Mexican","Spring 2025","Control","Wrap","Modification","Satellite","Lunch"
"3371","24-Feb","Salad by the Pound",59,"Salad Bar","Spring 2025","Control","Salad Bar","Main","Satellite","Lunch"
"3372","24-Feb","Add Extra Protein 3.99",2,"Salad Bar","Spring 2025","Control","Salad Bar","Modification","Satellite","Lunch"
"3373","24-Feb","LTO Spicy Chicken Sandwich",29,"Grab N Go","Spring 2025","Control","Grab N Go","Main","Satellite","Lunch"
"3374","24-Feb","Egg Cheese Bacon Breakfast Sandwich",23,"Grab N Go","Spring 2025","Control","Grab N Go","Main","Satellite","Lunch"
"3375","24-Feb","Egg Cheese Sausage Breakfast Sandwich",22,"Grab N Go","Spring 2025","Control","Grab N Go","Main","Satellite","Lunch"
"3376","24-Feb","8 oz Soup",46,"Soup","Spring 2025","Control","Soup","Main","Satellite","Lunch"
"3377","24-Feb","Soup 12 oz",40,"Soup","Spring 2025","Control","Soup","Main","Satellite","Lunch"
"3378","24-Feb","LTO Sandwich",2,"Deli","Spring 2025","Control","Deli","Main","Satellite","Lunch"
"3379","25-Feb","Quesadilla Deluxe Trillium",186,"Grill","Spring 2025","Control","Quesadilla","Main","Satellite","Lunch"
"3380","25-Feb","Grilled Hamburger",102,"Grill","Spring 2025","Control","Grill","Main","Treatment","Lunch"
"3381","25-Feb","Fried Chicken Tenders",85,"Grab N Go","Spring 2025","Control","Grab N Go","Side","Satellite","Lunch"
"3382","25-Feb","Burrito Una Mano Trillium BYO",64,"Grill","Spring 2025","Control","Quesadilla","Main","Satellite","Lunch"
"3383","25-Feb","French Fries",142,"Grill","Spring 2025","Control","Grill","Side","Treatment","Lunch"
"3384","25-Feb","Quesadilla Cheese",24,"Grill","Spring 2025","Control","Quesadilla","Main","Satellite","Lunch"
"3385","25-Feb","Grilled Chicken Breast Sandwich",20,"Grill","Spring 2025","Control","Grill","Main","Treatment","Lunch"
"3386","25-Feb","Sweet Potato Fries",37,"Grill","Spring 2025","Control","Grill","Side","Treatment","Lunch"
"3387","25-Feb","Trillium Grill Impossible Burger",8,"Grill","Spring 2025","Control","Grill","Main","Treatment","Lunch"
"3388","25-Feb","Seared Salmon Burger",6,"Grill","Spring 2025","Control","Grill","Main","Treatment","Lunch"
"3389","25-Feb","Black Bean Burger",4,"Grill","Spring 2025","Control","Grill","Main","Treatment","Lunch"
"3390","25-Feb","Side Potato Tots",9,"Grab N Go","Spring 2025","Control","Grab N Go","Side","Satellite","Lunch"
"3391","25-Feb","+ Beef Patty",7,"Grill","Spring 2025","Control","Grill","Modification","Treatment","Lunch"
"3392","25-Feb","Add Impossible Burger Patty",1,"Grill","Spring 2025","Control","Grill","Modification","Treatment","Lunch"
"3393","25-Feb","ADD Chicken Breast",1,"Grill","Spring 2025","Control","Grill","Modification","Treatment","Lunch"
"3394","25-Feb","Add Sausage 2 Patty",1,"Grill","Spring 2025","Control","Grill","Modification","Treatment","Lunch"
"3395","25-Feb","1 Entree + 1 Side",181,"Asian","Spring 2025","Control","Wok","Main","Satellite","Lunch"
"3396","25-Feb","Bowl Ramen Chicken",101,"Asian","Spring 2025","Control","Ramen","Main","Treatment","Lunch"
"3397","25-Feb","1 Entree + 2 Side",71,"Asian","Spring 2025","Control","Wok","Main","Satellite","Lunch"
"3398","25-Feb","2 Entrees + 2 Sides",37,"Asian","Spring 2025","Control","Wok","Main","Satellite","Lunch"
"3399","25-Feb","Bowl Ramen Tofu",24,"Asian","Spring 2025","Control","Ramen","Main","Treatment","Lunch"
"3400","25-Feb","1 Wok Entree",4,"Asian","Spring 2025","Control","Wok","Main","Satellite","Lunch"
"3401","25-Feb","Side Vegetarian Lo Mein",5,"Asian","Spring 2025","Control","Wok","Side","Satellite","Lunch"
"3402","25-Feb","Side Vegetarian Fried Rice with",2,"Asian","Spring 2025","Control","Wok","Side","Satellite","Lunch"
"3403","25-Feb","Side White or Brown Rice",3,"Asian","Spring 2025","Control","Wok","Side","Satellite","Lunch"
"3404","25-Feb","Side Vegetable Spring Rolls",1,"Asian","Spring 2025","Control","Wok","Side","Satellite","Lunch"
"3405","25-Feb","Create Your Pasta Bowl MEAT",105,"Italian","Spring 2025","Control","Pasta","Main","Satellite","Lunch"
"3406","25-Feb","Pizza with Toppings",42,"Italian","Spring 2025","Control","Pizza","Main","Satellite","Lunch"
"3407","25-Feb","Create Your Pasta Bowl VEG",16,"Italian","Spring 2025","Control","Pasta","Main","Satellite","Lunch"
"3408","25-Feb","Pizza Cheese",23,"Italian","Spring 2025","Control","Pizza","Main","Satellite","Lunch"
"3409","25-Feb","Add Extra Meat",24,"Italian","Spring 2025","Control","Pasta","Modification","Satellite","Lunch"
"3410","25-Feb","Side Bread Pasta Station",1,"Italian","Spring 2025","Control","Pasta","Side","Satellite","Lunch"
"3411","25-Feb","Burrito Breakfast",96,"Breakfast","Spring 2025","Control","Breakfast","Main","Satellite","Breakfast"
"3412","25-Feb","Small French Omelet",59,"Breakfast","Spring 2025","Control","Breakfast","Side","Satellite","Breakfast"
"3413","25-Feb","Grand Slam Breakfast",13,"Breakfast","Spring 2025","Control","Breakfast","Main","Satellite","Breakfast"
"3414","25-Feb","Add Bacon",38,"Breakfast","Spring 2025","Control","Breakfast","Modification","Satellite","Breakfast"
"3415","25-Feb","Two Eggs",11,"Breakfast","Spring 2025","Control","Breakfast","Side","Satellite","Breakfast"
"3416","25-Feb","Pancake Single",4,"Breakfast","Spring 2025","Control","Breakfast","Side","Satellite","Breakfast"
"3417","25-Feb","Trillium Home Fries",2,"Breakfast","Spring 2025","Control","Breakfast","Side","Satellite","Breakfast"
"3418","25-Feb","2 Slices Toast",2,"Breakfast","Spring 2025","Control","Breakfast","Side","Satellite","Breakfast"
"3419","25-Feb","Burrito Bowl BYO",90,"Mexican","Spring 2025","Control","Wrap","Main","Satellite","Lunch"
"3420","25-Feb","Single Taco",9,"Mexican","Spring 2025","Control","Wrap","Main","Satellite","Lunch"
"3421","25-Feb","Side Guacamole",8,"Mexican","Spring 2025","Control","Wrap","Side","Satellite","Lunch"
"3422","25-Feb","Add Extra Toppings Una Mano",2,"Mexican","Spring 2025","Control","Wrap","Modification","Satellite","Lunch"
"3423","25-Feb","Side Salsa",1,"Mexican","Spring 2025","Control","Wrap","Side","Satellite","Lunch"
"3424","25-Feb","LTO Spicy Chicken Sandwich",26,"Grab N Go","Spring 2025","Control","Grab N Go","Main","Satellite","Lunch"
"3425","25-Feb","Egg Cheese Sausage Breakfast Sandwich",24,"Grab N Go","Spring 2025","Control","Grab N Go","Main","Satellite","Lunch"
"3426","25-Feb","Egg Cheese Bacon Breakfast Sandwich",22,"Grab N Go","Spring 2025","Control","Grab N Go","Main","Satellite","Lunch"
"3427","25-Feb","LTO Meatball Sub",12,"Grab N Go","Spring 2025","Control","Grab N Go","Main","Satellite","Lunch"
"3428","25-Feb","Salad by the Pound",52,"Salad Bar","Spring 2025","Control","Salad Bar","Main","Satellite","Lunch"
"3429","25-Feb","Soup 12 oz",63,"Soup","Spring 2025","Control","Soup","Main","Satellite","Lunch"
"3430","25-Feb","8 oz Soup",32,"Soup","Spring 2025","Control","Soup","Main","Satellite","Lunch"
"3431","25-Feb","LTO Sandwich",8,"Deli","Spring 2025","Control","Deli","Main","Satellite","Lunch"
"3432","26-Feb","Quesadilla Deluxe Trillium",177,"Grill","Spring 2025","Control","Quesadilla","Main","Satellite","Lunch"
"3433","26-Feb","Grilled Hamburger",90,"Grill","Spring 2025","Control","Grill","Main","Treatment","Lunch"
"3434","26-Feb","Fried Chicken Tenders",99,"Grab N Go","Spring 2025","Control","Grab N Go","Side","Satellite","Lunch"
"3435","26-Feb","Burrito Una Mano Trillium BYO",69,"Grill","Spring 2025","Control","Quesadilla","Main","Satellite","Lunch"
"3436","26-Feb","French Fries",143,"Grill","Spring 2025","Control","Grill","Side","Treatment","Lunch"
"3437","26-Feb","Grilled Chicken Breast Sandwich",28,"Grill","Spring 2025","Control","Grill","Main","Treatment","Lunch"
"3438","26-Feb","Quesadilla Cheese",19,"Grill","Spring 2025","Control","Quesadilla","Main","Satellite","Lunch"
"3439","26-Feb","Seared Salmon Burger",15,"Grill","Spring 2025","Control","Grill","Main","Treatment","Lunch"
"3440","26-Feb","Sweet Potato Fries",26,"Grill","Spring 2025","Control","Grill","Side","Treatment","Lunch"
"3441","26-Feb","+ Beef Patty",19,"Grill","Spring 2025","Control","Grill","Modification","Treatment","Lunch"
"3442","26-Feb","Side Potato Tots",13,"Grab N Go","Spring 2025","Control","Grab N Go","Side","Satellite","Lunch"
"3443","26-Feb","Trillium Grill Impossible Burger",3,"Grill","Spring 2025","Control","Grill","Main","Treatment","Lunch"
"3444","26-Feb","Black Bean Burger",1,"Grill","Spring 2025","Control","Grill","Main","Treatment","Lunch"
"3445","26-Feb","Add Sausage 2 Patty",3,"Grill","Spring 2025","Control","Grill","Modification","Treatment","Lunch"
"3446","26-Feb","ADD Cheese",8,"Grill","Spring 2025","Control","Grill","Modification","Treatment","Lunch"
"3447","26-Feb","ADD Chicken Breast",1,"Grill","Spring 2025","Control","Grill","Modification","Treatment","Lunch"
"3448","26-Feb","Add Egg .99",1,"Grill","Spring 2025","Control","Grill","Modification","Treatment","Lunch"
"3449","26-Feb","1 Entree + 1 Side",217,"Asian","Spring 2025","Control","Wok","Main","Satellite","Lunch"
"3450","26-Feb","1 Entree + 2 Side",83,"Asian","Spring 2025","Control","Wok","Main","Satellite","Lunch"
"3451","26-Feb","Bowl Ramen Chicken",63,"Asian","Spring 2025","Control","Ramen","Main","Treatment","Lunch"
"3452","26-Feb","2 Entrees + 2 Sides",23,"Asian","Spring 2025","Control","Wok","Main","Satellite","Lunch"
"3453","26-Feb","Bowl Ramen Tofu",12,"Asian","Spring 2025","Control","Ramen","Main","Treatment","Lunch"
"3454","26-Feb","1 Wok Entree",5,"Asian","Spring 2025","Control","Wok","Main","Satellite","Lunch"
"3455","26-Feb","Side White or Brown Rice",5,"Asian","Spring 2025","Control","Wok","Side","Satellite","Lunch"
"3456","26-Feb","Side Vegetables",2,"Asian","Spring 2025","Control","Wok","Side","Satellite","Lunch"
"3457","26-Feb","Side Vegetarian Lo Mein",2,"Asian","Spring 2025","Control","Wok","Side","Satellite","Lunch"
"3458","26-Feb","Side Fried Spring Roll",1,"Asian","Spring 2025","Control","Wok","Side","Satellite","Lunch"
"3459","26-Feb","Create Your Pasta Bowl MEAT",136,"Italian","Spring 2025","Control","Pasta","Main","Satellite","Lunch"
"3460","26-Feb","Pizza with Toppings",34,"Italian","Spring 2025","Control","Pizza","Main","Satellite","Lunch"
"3461","26-Feb","Create Your Pasta Bowl VEG",19,"Italian","Spring 2025","Control","Pasta","Main","Satellite","Lunch"
"3462","26-Feb","Pizza Cheese",19,"Italian","Spring 2025","Control","Pizza","Main","Satellite","Lunch"
"3463","26-Feb","Add Extra Meat",31,"Italian","Spring 2025","Control","Pasta","Modification","Satellite","Lunch"
"3464","26-Feb","Side Bread Pasta Station",2,"Italian","Spring 2025","Control","Pasta","Side","Satellite","Lunch"
"3465","26-Feb","Burrito Breakfast",87,"Breakfast","Spring 2025","Control","Breakfast","Main","Satellite","Breakfast"
"3466","26-Feb","Small French Omelet",63,"Breakfast","Spring 2025","Control","Breakfast","Side","Satellite","Breakfast"
"3467","26-Feb","Grand Slam Breakfast",11,"Breakfast","Spring 2025","Control","Breakfast","Main","Satellite","Breakfast"
"3468","26-Feb","Add Bacon",41,"Breakfast","Spring 2025","Control","Breakfast","Modification","Satellite","Breakfast"
"3469","26-Feb","Two Eggs",18,"Breakfast","Spring 2025","Control","Breakfast","Side","Satellite","Breakfast"
"3470","26-Feb","Trillium Home Fries",6,"Breakfast","Spring 2025","Control","Breakfast","Side","Satellite","Breakfast"
"3471","26-Feb","Pancake Single",4,"Breakfast","Spring 2025","Control","Breakfast","Side","Satellite","Breakfast"
"3472","26-Feb","2 Slices Toast",4,"Breakfast","Spring 2025","Control","Breakfast","Side","Satellite","Breakfast"
"3473","26-Feb","PC Jelly",3,"Breakfast","Spring 2025","Control","Breakfast","Side","Satellite","Breakfast"
"3474","26-Feb","PC Peanut Butter",2,"Breakfast","Spring 2025","Control","Breakfast","Side","Satellite","Breakfast"
"3475","26-Feb","Burrito Bowl BYO",104,"Mexican","Spring 2025","Control","Wrap","Main","Satellite","Lunch"
"3476","26-Feb","Single Taco",2,"Mexican","Spring 2025","Control","Wrap","Main","Satellite","Lunch"
"3477","26-Feb","Side Guacamole",2,"Mexican","Spring 2025","Control","Wrap","Side","Satellite","Lunch"
"3478","26-Feb","Soup 12 oz",47,"Soup","Spring 2025","Control","Soup","Main","Satellite","Lunch"
"3479","26-Feb","8 oz Soup",44,"Soup","Spring 2025","Control","Soup","Main","Satellite","Lunch"
"3480","26-Feb","LTO Spicy Chicken Sandwich",28,"Grab N Go","Spring 2025","Control","Grab N Go","Main","Satellite","Lunch"
"3481","26-Feb","Egg Cheese Sausage Breakfast Sandwich",32,"Grab N Go","Spring 2025","Control","Grab N Go","Main","Satellite","Lunch"
"3482","26-Feb","Egg Cheese Bacon Breakfast Sandwich",14,"Grab N Go","Spring 2025","Control","Grab N Go","Main","Satellite","Lunch"
"3483","26-Feb","Salad by the Pound",52,"Salad Bar","Spring 2025","Control","Salad Bar","Main","Satellite","Lunch"
"3484","26-Feb","Add Extra Protein 3.99",3,"Salad Bar","Spring 2025","Control","Salad Bar","Modification","Satellite","Lunch"
"3485","27-Feb","Quesadilla Deluxe Trillium",198,"Grill","Spring 2025","Control","Quesadilla","Main","Satellite","Lunch"
"3486","27-Feb","Grilled Hamburger",105,"Grill","Spring 2025","Control","Grill","Main","Treatment","Lunch"
"3487","27-Feb","Fried Chicken Tenders",108,"Grab N Go","Spring 2025","Control","Grab N Go","Side","Satellite","Lunch"
"3488","27-Feb","Burrito Una Mano Trillium BYO",65,"Grill","Spring 2025","Control","Quesadilla","Main","Satellite","Lunch"
"3489","27-Feb","French Fries",166,"Grill","Spring 2025","Control","Grill","Side","Treatment","Lunch"
"3490","27-Feb","Quesadilla Cheese",23,"Grill","Spring 2025","Control","Quesadilla","Main","Satellite","Lunch"
"3491","27-Feb","Grilled Chicken Breast Sandwich",17,"Grill","Spring 2025","Control","Grill","Main","Treatment","Lunch"
"3492","27-Feb","Seared Salmon Burger",13,"Grill","Spring 2025","Control","Grill","Main","Treatment","Lunch"
"3493","27-Feb","Sweet Potato Fries",35,"Grill","Spring 2025","Control","Grill","Side","Treatment","Lunch"
"3494","27-Feb","Trillium Grill Impossible Burger",8,"Grill","Spring 2025","Control","Grill","Main","Treatment","Lunch"
"3495","27-Feb","Side Potato Tots",25,"Grab N Go","Spring 2025","Control","Grab N Go","Side","Satellite","Lunch"
"3496","27-Feb","+ Beef Patty",12,"Grill","Spring 2025","Control","Grill","Modification","Treatment","Lunch"
"3497","27-Feb","Black Bean Burger",2,"Grill","Spring 2025","Control","Grill","Main","Treatment","Lunch"
"3498","27-Feb","Add Sausage 2 Patty",6,"Grill","Spring 2025","Control","Grill","Modification","Treatment","Lunch"
"3499","27-Feb","ADD Chicken Breast",2,"Grill","Spring 2025","Control","Grill","Modification","Treatment","Lunch"
"3500","27-Feb","Add Impossible Burger Patty",1,"Grill","Spring 2025","Control","Grill","Modification","Treatment","Lunch"
"3501","27-Feb","ADD Cheese",6,"Grill","Spring 2025","Control","Grill","Modification","Treatment","Lunch"
"3502","27-Feb","Add Egg .99",1,"Grill","Spring 2025","Control","Grill","Modification","Treatment","Lunch"
"3503","27-Feb","1 Entree + 1 Side",212,"Asian","Spring 2025","Control","Wok","Main","Satellite","Lunch"
"3504","27-Feb","1 Entree + 2 Side",82,"Asian","Spring 2025","Control","Wok","Main","Satellite","Lunch"
"3505","27-Feb","Bowl Ramen Chicken",85,"Asian","Spring 2025","Control","Ramen","Main","Treatment","Lunch"
"3506","27-Feb","2 Entrees + 2 Sides",34,"Asian","Spring 2025","Control","Wok","Main","Satellite","Lunch"
"3507","27-Feb","Bowl Ramen Tofu",18,"Asian","Spring 2025","Control","Ramen","Main","Treatment","Lunch"
"3508","27-Feb","Side Vegetarian Lo Mein",8,"Asian","Spring 2025","Control","Wok","Side","Satellite","Lunch"
"3509","27-Feb","1 Wok Entree",5,"Asian","Spring 2025","Control","Wok","Main","Satellite","Lunch"
"3510","27-Feb","Side White or Brown Rice",5,"Asian","Spring 2025","Control","Wok","Side","Satellite","Lunch"
"3511","27-Feb","Side Fried Spring Roll",2,"Asian","Spring 2025","Control","Wok","Side","Satellite","Lunch"
"3512","27-Feb","Side Vegetable Spring Rolls",2,"Asian","Spring 2025","Control","Wok","Side","Satellite","Lunch"
"3513","27-Feb","Create Your Pasta Bowl MEAT",89,"Italian","Spring 2025","Control","Pasta","Main","Satellite","Lunch"
"3514","27-Feb","Create Your Pasta Bowl VEG",30,"Italian","Spring 2025","Control","Pasta","Main","Satellite","Lunch"
"3515","27-Feb","Pizza with Toppings",36,"Italian","Spring 2025","Control","Pizza","Main","Satellite","Lunch"
"3516","27-Feb","Pizza Cheese",24,"Italian","Spring 2025","Control","Pizza","Main","Satellite","Lunch"
"3517","27-Feb","Add Extra Meat",33,"Italian","Spring 2025","Control","Pasta","Modification","Satellite","Lunch"
"3518","27-Feb","Burrito Breakfast",84,"Breakfast","Spring 2025","Control","Breakfast","Main","Satellite","Breakfast"
"3519","27-Feb","Small French Omelet",58,"Breakfast","Spring 2025","Control","Breakfast","Side","Satellite","Breakfast"
"3520","27-Feb","Grand Slam Breakfast",8,"Breakfast","Spring 2025","Control","Breakfast","Main","Satellite","Breakfast"
"3521","27-Feb","Add Bacon",33,"Breakfast","Spring 2025","Control","Breakfast","Modification","Satellite","Breakfast"
"3522","27-Feb","Two Eggs",13,"Breakfast","Spring 2025","Control","Breakfast","Side","Satellite","Breakfast"
"3523","27-Feb","Trillium Home Fries",3,"Breakfast","Spring 2025","Control","Breakfast","Side","Satellite","Breakfast"
"3524","27-Feb","Pancake Single",2,"Breakfast","Spring 2025","Control","Breakfast","Side","Satellite","Breakfast"
"3525","27-Feb","Toast",2,"Breakfast","Spring 2025","Control","Breakfast","Side","Satellite","Breakfast"
"3526","27-Feb","2 Slices Toast",1,"Breakfast","Spring 2025","Control","Breakfast","Side","Satellite","Breakfast"
"3527","27-Feb","Burrito Bowl BYO",103,"Mexican","Spring 2025","Control","Wrap","Main","Satellite","Lunch"
"3528","27-Feb","Single Taco",6,"Mexican","Spring 2025","Control","Wrap","Main","Satellite","Lunch"
"3529","27-Feb","Side Guacamole",5,"Mexican","Spring 2025","Control","Wrap","Side","Satellite","Lunch"
"3530","27-Feb","Add Extra Toppings Una Mano",1,"Mexican","Spring 2025","Control","Wrap","Modification","Satellite","Lunch"
"3531","27-Feb","LTO Spicy Chicken Sandwich",32,"Grab N Go","Spring 2025","Control","Grab N Go","Main","Satellite","Lunch"
"3532","27-Feb","LTO Meatball Sub",15,"Grab N Go","Spring 2025","Control","Grab N Go","Main","Satellite","Lunch"
"3533","27-Feb","Egg Cheese Sausage Breakfast Sandwich",23,"Grab N Go","Spring 2025","Control","Grab N Go","Main","Satellite","Lunch"
"3534","27-Feb","Egg Cheese Bacon Breakfast Sandwich",21,"Grab N Go","Spring 2025","Control","Grab N Go","Main","Satellite","Lunch"
"3535","27-Feb","Soup 12 oz",60,"Soup","Spring 2025","Control","Soup","Main","Satellite","Lunch"
"3536","27-Feb","8 oz Soup",36,"Soup","Spring 2025","Control","Soup","Main","Satellite","Lunch"
"3537","27-Feb","Salad by the Pound",52,"Salad Bar","Spring 2025","Control","Salad Bar","Main","Satellite","Lunch"
"3538","28-Feb","Quesadilla Deluxe Trillium",147,"Grill","Spring 2025","Control","Quesadilla","Main","Satellite","Lunch"
"3539","28-Feb","Grilled Hamburger",72,"Grill","Spring 2025","Control","Grill","Main","Treatment","Lunch"
"3540","28-Feb","Fried Chicken Tenders",63,"Grab N Go","Spring 2025","Control","Grab N Go","Side","Satellite","Lunch"
"3541","28-Feb","Burrito Una Mano Trillium BYO",44,"Grill","Spring 2025","Control","Quesadilla","Main","Satellite","Lunch"
"3542","28-Feb","French Fries",95,"Grill","Spring 2025","Control","Grill","Side","Treatment","Lunch"
"3543","28-Feb","Grilled Chicken Breast Sandwich",14,"Grill","Spring 2025","Control","Grill","Main","Treatment","Lunch"
"3544","28-Feb","Sweet Potato Fries",27,"Grill","Spring 2025","Control","Grill","Side","Treatment","Lunch"
"3545","28-Feb","Seared Salmon Burger",9,"Grill","Spring 2025","Control","Grill","Main","Treatment","Lunch"
"3546","28-Feb","Quesadilla Cheese",8,"Grill","Spring 2025","Control","Quesadilla","Main","Satellite","Lunch"
"3547","28-Feb","+ Beef Patty",12,"Grill","Spring 2025","Control","Grill","Modification","Treatment","Lunch"
"3548","28-Feb","Side Potato Tots",13,"Grab N Go","Spring 2025","Control","Grab N Go","Side","Satellite","Lunch"
"3549","28-Feb","Trillium Grill Impossible Burger",2,"Grill","Spring 2025","Control","Grill","Main","Treatment","Lunch"
"3550","28-Feb","Black Bean Burger",1,"Grill","Spring 2025","Control","Grill","Main","Treatment","Lunch"
"3551","28-Feb","Add Sausage 2 Patty",3,"Grill","Spring 2025","Control","Grill","Modification","Treatment","Lunch"
"3552","28-Feb","ADD Chicken Breast",1,"Grill","Spring 2025","Control","Grill","Modification","Treatment","Lunch"
"3553","28-Feb","ADD Cheese",6,"Grill","Spring 2025","Control","Grill","Modification","Treatment","Lunch"
"3554","28-Feb","1 Entree + 1 Side",122,"Asian","Spring 2025","Control","Wok","Main","Satellite","Lunch"
"3555","28-Feb","1 Entree + 2 Side",47,"Asian","Spring 2025","Control","Wok","Main","Satellite","Lunch"
"3556","28-Feb","Bowl Ramen Chicken",49,"Asian","Spring 2025","Control","Ramen","Main","Treatment","Lunch"
"3557","28-Feb","2 Entrees + 2 Sides",12,"Asian","Spring 2025","Control","Wok","Main","Satellite","Lunch"
"3558","28-Feb","Bowl Ramen Tofu",11,"Asian","Spring 2025","Control","Ramen","Main","Treatment","Lunch"
"3559","28-Feb","1 Wok Entree",2,"Asian","Spring 2025","Control","Wok","Main","Satellite","Lunch"
"3560","28-Feb","Side White or Brown Rice",4,"Asian","Spring 2025","Control","Wok","Side","Satellite","Lunch"
"3561","28-Feb","Side Vegetarian Lo Mein",2,"Asian","Spring 2025","Control","Wok","Side","Satellite","Lunch"
"3562","28-Feb","Burrito Breakfast",88,"Breakfast","Spring 2025","Control","Breakfast","Main","Satellite","Breakfast"
"3563","28-Feb","Small French Omelet",59,"Breakfast","Spring 2025","Control","Breakfast","Side","Satellite","Breakfast"
"3564","28-Feb","Grand Slam Breakfast",13,"Breakfast","Spring 2025","Control","Breakfast","Main","Satellite","Breakfast"
"3565","28-Feb","Add Bacon",20,"Breakfast","Spring 2025","Control","Breakfast","Modification","Satellite","Breakfast"
"3566","28-Feb","Trillium Home Fries",5,"Breakfast","Spring 2025","Control","Breakfast","Side","Satellite","Breakfast"
"3567","28-Feb","Pancake Single",5,"Breakfast","Spring 2025","Control","Breakfast","Side","Satellite","Breakfast"
"3568","28-Feb","Two Eggs",5,"Breakfast","Spring 2025","Control","Breakfast","Side","Satellite","Breakfast"
"3569","28-Feb","Toast",3,"Breakfast","Spring 2025","Control","Breakfast","Side","Satellite","Breakfast"
"3570","28-Feb","2 Slices Toast",1,"Breakfast","Spring 2025","Control","Breakfast","Side","Satellite","Breakfast"
"3571","28-Feb","Create Your Pasta Bowl MEAT",84,"Italian","Spring 2025","Control","Pasta","Main","Satellite","Lunch"
"3572","28-Feb","Pizza with Toppings",23,"Italian","Spring 2025","Control","Pizza","Main","Satellite","Lunch"
"3573","28-Feb","Create Your Pasta Bowl VEG",13,"Italian","Spring 2025","Control","Pasta","Main","Satellite","Lunch"
"3574","28-Feb","Pizza Cheese",14,"Italian","Spring 2025","Control","Pizza","Main","Satellite","Lunch"
"3575","28-Feb","Add Extra Meat",21,"Italian","Spring 2025","Control","Pasta","Modification","Satellite","Lunch"
"3576","28-Feb","Side Bread Pasta Station",1,"Italian","Spring 2025","Control","Pasta","Side","Satellite","Lunch"
"3577","28-Feb","Burrito Bowl BYO",55,"Mexican","Spring 2025","Control","Wrap","Main","Satellite","Lunch"
"3578","28-Feb","Single Taco",3,"Mexican","Spring 2025","Control","Wrap","Main","Satellite","Lunch"
"3579","28-Feb","Side Guacamole",2,"Mexican","Spring 2025","Control","Wrap","Side","Satellite","Lunch"
"3580","28-Feb","Add Extra Toppings Una Mano",2,"Mexican","Spring 2025","Control","Wrap","Modification","Satellite","Lunch"
"3581","28-Feb","LTO Spicy Chicken Sandwich",22,"Grab N Go","Spring 2025","Control","Grab N Go","Main","Satellite","Lunch"
"3582","28-Feb","Egg Cheese Sausage Breakfast Sandwich",21,"Grab N Go","Spring 2025","Control","Grab N Go","Main","Satellite","Lunch"
"3583","28-Feb","Egg Cheese Bacon Breakfast Sandwich",18,"Grab N Go","Spring 2025","Control","Grab N Go","Main","Satellite","Lunch"
"3584","28-Feb","Soup 12 oz",33,"Soup","Spring 2025","Control","Soup","Main","Satellite","Lunch"
"3585","28-Feb","8 oz Soup",33,"Soup","Spring 2025","Control","Soup","Main","Satellite","Lunch"
"3586","28-Feb","Salad by the Pound",34,"Salad Bar","Spring 2025","Control","Salad Bar","Main","Satellite","Lunch"
"3587","28-Feb","Add Extra Protein 3.99",3,"Salad Bar","Spring 2025","Control","Salad Bar","Modification","Satellite","Lunch"
"3588","3-Mar","Quesadilla Deluxe Trillium",152,"Grill","Spring 2025","Control","Quesadilla","Main","Satellite","Lunch"
"3589","3-Mar","Grilled Hamburger",95,"Grill","Spring 2025","Control","Grill","Main","Treatment","Lunch"
"3590","3-Mar","Burrito Una Mano Trillium BYO",74,"Grill","Spring 2025","Control","Quesadilla","Main","Satellite","Lunch"
"3591","3-Mar","Fried Chicken Tenders",79,"Grab N Go","Spring 2025","Control","Grab N Go","Side","Satellite","Lunch"
"3592","3-Mar","French Fries",136,"Grill","Spring 2025","Control","Grill","Side","Treatment","Lunch"
"3593","3-Mar","Quesadilla Cheese",20,"Grill","Spring 2025","Control","Quesadilla","Main","Satellite","Lunch"
"3594","3-Mar","Grilled Chicken Breast Sandwich",16,"Grill","Spring 2025","Control","Grill","Main","Treatment","Lunch"
"3595","3-Mar","Trillium Grill Impossible Burger",12,"Grill","Spring 2025","Control","Grill","Main","Treatment","Lunch"
"3596","3-Mar","Sweet Potato Fries",34,"Grill","Spring 2025","Control","Grill","Side","Treatment","Lunch"
"3597","3-Mar","Seared Salmon Burger",9,"Grill","Spring 2025","Control","Grill","Main","Treatment","Lunch"
"3598","3-Mar","+ Beef Patty",11,"Grill","Spring 2025","Control","Grill","Modification","Treatment","Lunch"
"3599","3-Mar","Side Potato Tots",8,"Grab N Go","Spring 2025","Control","Grab N Go","Side","Satellite","Lunch"
"3600","3-Mar","Black Bean Burger",2,"Grill","Spring 2025","Control","Grill","Main","Treatment","Lunch"
"3601","3-Mar","ADD Chicken Breast",3,"Grill","Spring 2025","Control","Grill","Modification","Treatment","Lunch"
"3602","3-Mar","ADD Cheese",8,"Grill","Spring 2025","Control","Grill","Modification","Treatment","Lunch"
"3603","3-Mar","Add Egg .99",1,"Grill","Spring 2025","Control","Grill","Modification","Treatment","Lunch"
"3604","3-Mar","1 Entree + 1 Side",204,"Asian","Spring 2025","Control","Wok","Main","Satellite","Lunch"
"3605","3-Mar","Bowl Ramen Chicken",72,"Asian","Spring 2025","Control","Ramen","Main","Treatment","Lunch"
"3606","3-Mar","1 Entree + 2 Side",64,"Asian","Spring 2025","Control","Wok","Main","Satellite","Lunch"
"3607","3-Mar","2 Entrees + 2 Sides",26,"Asian","Spring 2025","Control","Wok","Main","Satellite","Lunch"
"3608","3-Mar","Bowl Ramen Tofu",17,"Asian","Spring 2025","Control","Ramen","Main","Treatment","Lunch"
"3609","3-Mar","1 Wok Entree",6,"Asian","Spring 2025","Control","Wok","Main","Satellite","Lunch"
"3610","3-Mar","Side Vegetarian Lo Mein",7,"Asian","Spring 2025","Control","Wok","Side","Satellite","Lunch"
"3611","3-Mar","Side Fried Spring Roll",3,"Asian","Spring 2025","Control","Wok","Side","Satellite","Lunch"
"3612","3-Mar","Side White or Brown Rice",3,"Asian","Spring 2025","Control","Wok","Side","Satellite","Lunch"
"3613","3-Mar","Side Vegetables",1,"Asian","Spring 2025","Control","Wok","Side","Satellite","Lunch"
"3614","3-Mar","Side Vegetable Spring Rolls",1,"Asian","Spring 2025","Control","Wok","Side","Satellite","Lunch"
"3615","3-Mar","Side Vegetarian Fried Rice with",1,"Asian","Spring 2025","Control","Wok","Side","Satellite","Lunch"
"3616","3-Mar","Create Your Pasta Bowl MEAT",107,"Italian","Spring 2025","Control","Pasta","Main","Satellite","Lunch"
"3617","3-Mar","Pizza with Toppings",36,"Italian","Spring 2025","Control","Pizza","Main","Satellite","Lunch"
"3618","3-Mar","Create Your Pasta Bowl VEG",13,"Italian","Spring 2025","Control","Pasta","Main","Satellite","Lunch"
"3619","3-Mar","Pizza Cheese",20,"Italian","Spring 2025","Control","Pizza","Main","Satellite","Lunch"
"3620","3-Mar","Add Extra Meat",19,"Italian","Spring 2025","Control","Pasta","Modification","Satellite","Lunch"
"3621","3-Mar","Burrito Breakfast",87,"Breakfast","Spring 2025","Control","Breakfast","Main","Satellite","Breakfast"
"3622","3-Mar","Small French Omelet",52,"Breakfast","Spring 2025","Control","Breakfast","Side","Satellite","Breakfast"
"3623","3-Mar","Add Bacon",38,"Breakfast","Spring 2025","Control","Breakfast","Modification","Satellite","Breakfast"
"3624","3-Mar","Grand Slam Breakfast",6,"Breakfast","Spring 2025","Control","Breakfast","Main","Satellite","Breakfast"
"3625","3-Mar","Two Eggs",11,"Breakfast","Spring 2025","Control","Breakfast","Side","Satellite","Breakfast"
"3626","3-Mar","Trillium Home Fries",4,"Breakfast","Spring 2025","Control","Breakfast","Side","Satellite","Breakfast"
"3627","3-Mar","2 Slices Toast",2,"Breakfast","Spring 2025","Control","Breakfast","Side","Satellite","Breakfast"
"3628","3-Mar","Burrito Bowl BYO",94,"Mexican","Spring 2025","Control","Wrap","Main","Satellite","Lunch"
"3629","3-Mar","Side Guacamole",4,"Mexican","Spring 2025","Control","Wrap","Side","Satellite","Lunch"
"3630","3-Mar","Single Taco",1,"Mexican","Spring 2025","Control","Wrap","Main","Satellite","Lunch"
"3631","3-Mar","LTO Spicy Chicken Sandwich",30,"Grab N Go","Spring 2025","Control","Grab N Go","Main","Satellite","Lunch"
"3632","3-Mar","Egg Cheese Bacon Breakfast Sandwich",23,"Grab N Go","Spring 2025","Control","Grab N Go","Main","Satellite","Lunch"
"3633","3-Mar","Egg Cheese Sausage Breakfast Sandwich",23,"Grab N Go","Spring 2025","Control","Grab N Go","Main","Satellite","Lunch"
"3634","3-Mar","Salad by the Pound",50,"Salad Bar","Spring 2025","Control","Salad Bar","Main","Satellite","Lunch"
"3635","3-Mar","Add Extra Protein 3.99",2,"Salad Bar","Spring 2025","Control","Salad Bar","Modification","Satellite","Lunch"
"3636","3-Mar","8 oz Soup",43,"Soup","Spring 2025","Control","Soup","Main","Satellite","Lunch"
"3637","3-Mar","Soup 12 oz",30,"Soup","Spring 2025","Control","Soup","Main","Satellite","Lunch"
"3638","4-Mar","Quesadilla Deluxe Trillium",189,"Grill","Spring 2025","Control","Quesadilla","Main","Satellite","Lunch"
"3639","4-Mar","Grilled Hamburger",104,"Grill","Spring 2025","Control","Grill","Main","Treatment","Lunch"
"3640","4-Mar","Fried Chicken Tenders",113,"Grab N Go","Spring 2025","Control","Grab N Go","Side","Satellite","Lunch"
"3641","4-Mar","Burrito Una Mano Trillium BYO",60,"Grill","Spring 2025","Control","Quesadilla","Main","Satellite","Lunch"
"3642","4-Mar","French Fries",148,"Grill","Spring 2025","Control","Grill","Side","Treatment","Lunch"
"3643","4-Mar","Grilled Chicken Breast Sandwich",21,"Grill","Spring 2025","Control","Grill","Main","Treatment","Lunch"
"3644","4-Mar","Quesadilla Cheese",17,"Grill","Spring 2025","Control","Quesadilla","Main","Satellite","Lunch"
"3645","4-Mar","Sweet Potato Fries",41,"Grill","Spring 2025","Control","Grill","Side","Treatment","Lunch"
"3646","4-Mar","Seared Salmon Burger",10,"Grill","Spring 2025","Control","Grill","Main","Treatment","Lunch"
"3647","4-Mar","Trillium Grill Impossible Burger",8,"Grill","Spring 2025","Control","Grill","Main","Treatment","Lunch"
"3648","4-Mar","+ Beef Patty",15,"Grill","Spring 2025","Control","Grill","Modification","Treatment","Lunch"
"3649","4-Mar","Side Potato Tots",11,"Grab N Go","Spring 2025","Control","Grab N Go","Side","Satellite","Lunch"
"3650","4-Mar","ADD Chicken Breast",8,"Grill","Spring 2025","Control","Grill","Modification","Treatment","Lunch"
"3651","4-Mar","Black Bean Burger",2,"Grill","Spring 2025","Control","Grill","Main","Treatment","Lunch"
"3652","4-Mar","Add Sausage 2 Patty",4,"Grill","Spring 2025","Control","Grill","Modification","Treatment","Lunch"
"3653","4-Mar","ADD Cheese",11,"Grill","Spring 2025","Control","Grill","Modification","Treatment","Lunch"
"3654","4-Mar","Add Egg .99",2,"Grill","Spring 2025","Control","Grill","Modification","Treatment","Lunch"
"3655","4-Mar","1 Entree + 1 Side",215,"Asian","Spring 2025","Control","Wok","Main","Satellite","Lunch"
"3656","4-Mar","Bowl Ramen Chicken",75,"Asian","Spring 2025","Control","Ramen","Main","Treatment","Lunch"
"3657","4-Mar","1 Entree + 2 Side",59,"Asian","Spring 2025","Control","Wok","Main","Satellite","Lunch"
"3658","4-Mar","2 Entrees + 2 Sides",34,"Asian","Spring 2025","Control","Wok","Main","Satellite","Lunch"
"3659","4-Mar","Bowl Ramen Tofu",20,"Asian","Spring 2025","Control","Ramen","Main","Treatment","Lunch"
"3660","4-Mar","1 Wok Entree",13,"Asian","Spring 2025","Control","Wok","Main","Satellite","Lunch"
"3661","4-Mar","Side Vegetarian Lo Mein",8,"Asian","Spring 2025","Control","Wok","Side","Satellite","Lunch"
"3662","4-Mar","Side White or Brown Rice",8,"Asian","Spring 2025","Control","Wok","Side","Satellite","Lunch"
"3663","4-Mar","Side Fried Spring Roll",2,"Asian","Spring 2025","Control","Wok","Side","Satellite","Lunch"
"3664","4-Mar","Side Vegetable Spring Rolls",2,"Asian","Spring 2025","Control","Wok","Side","Satellite","Lunch"
"3665","4-Mar","Side Vegetables",1,"Asian","Spring 2025","Control","Wok","Side","Satellite","Lunch"
"3666","4-Mar","Burrito Breakfast",91,"Breakfast","Spring 2025","Control","Breakfast","Main","Satellite","Breakfast"
"3667","4-Mar","Small French Omelet",73,"Breakfast","Spring 2025","Control","Breakfast","Side","Satellite","Breakfast"
"3668","4-Mar","Grand Slam Breakfast",12,"Breakfast","Spring 2025","Control","Breakfast","Main","Satellite","Breakfast"
"3669","4-Mar","Add Bacon",31,"Breakfast","Spring 2025","Control","Breakfast","Modification","Satellite","Breakfast"
"3670","4-Mar","Two Eggs",9,"Breakfast","Spring 2025","Control","Breakfast","Side","Satellite","Breakfast"
"3671","4-Mar","Pancake Single",3,"Breakfast","Spring 2025","Control","Breakfast","Side","Satellite","Breakfast"
"3672","4-Mar","Trillium Home Fries",1,"Breakfast","Spring 2025","Control","Breakfast","Side","Satellite","Breakfast"
"3673","4-Mar","PC Jelly",3,"Breakfast","Spring 2025","Control","Breakfast","Side","Satellite","Breakfast"
"3674","4-Mar","2 Slices Toast",1,"Breakfast","Spring 2025","Control","Breakfast","Side","Satellite","Breakfast"
"3675","4-Mar","Create Your Pasta Bowl MEAT",86,"Italian","Spring 2025","Control","Pasta","Main","Satellite","Lunch"
"3676","4-Mar","Create Your Pasta Bowl VEG",29,"Italian","Spring 2025","Control","Pasta","Main","Satellite","Lunch"
"3677","4-Mar","Pizza with Toppings",39,"Italian","Spring 2025","Control","Pizza","Main","Satellite","Lunch"
"3678","4-Mar","Pizza Cheese",24,"Italian","Spring 2025","Control","Pizza","Main","Satellite","Lunch"
"3679","4-Mar","Add Extra Meat",18,"Italian","Spring 2025","Control","Pasta","Modification","Satellite","Lunch"
"3680","4-Mar","Burrito Bowl BYO",92,"Mexican","Spring 2025","Control","Wrap","Main","Satellite","Lunch"
"3681","4-Mar","Single Taco",3,"Mexican","Spring 2025","Control","Wrap","Main","Satellite","Lunch"
"3682","4-Mar","Side Guacamole",2,"Mexican","Spring 2025","Control","Wrap","Side","Satellite","Lunch"
"3683","4-Mar","Add Extra Toppings Una Mano",1,"Mexican","Spring 2025","Control","Wrap","Modification","Satellite","Lunch"
"3684","4-Mar","LTO Spicy Chicken Sandwich",33,"Grab N Go","Spring 2025","Control","Grab N Go","Main","Satellite","Lunch"
"3685","4-Mar","LTO Meatball Sub",18,"Grab N Go","Spring 2025","Control","Grab N Go","Main","Satellite","Lunch"
"3686","4-Mar","Egg Cheese Bacon Breakfast Sandwich",23,"Grab N Go","Spring 2025","Control","Grab N Go","Main","Satellite","Lunch"
"3687","4-Mar","Egg Cheese Sausage Breakfast Sandwich",19,"Grab N Go","Spring 2025","Control","Grab N Go","Main","Satellite","Lunch"
"3688","4-Mar","Salad by the Pound",54,"Salad Bar","Spring 2025","Control","Salad Bar","Main","Satellite","Lunch"
"3689","4-Mar","Soup 12 oz",45,"Soup","Spring 2025","Control","Soup","Main","Satellite","Lunch"
"3690","4-Mar","8 oz Soup",37,"Soup","Spring 2025","Control","Soup","Main","Satellite","Lunch"
"3691","5-Mar","Quesadilla Deluxe Trillium",178,"Grill","Spring 2025","Control","Quesadilla","Main","Satellite","Lunch"
"3692","5-Mar","Grilled Hamburger",86,"Grill","Spring 2025","Control","Grill","Main","Treatment","Lunch"
"3693","5-Mar","Fried Chicken Tenders",88,"Grab N Go","Spring 2025","Control","Grab N Go","Side","Satellite","Lunch"
"3694","5-Mar","Burrito Una Mano Trillium BYO",64,"Grill","Spring 2025","Control","Quesadilla","Main","Satellite","Lunch"
"3695","5-Mar","French Fries",134,"Grill","Spring 2025","Control","Grill","Side","Treatment","Lunch"
"3696","5-Mar","Grilled Chicken Breast Sandwich",16,"Grill","Spring 2025","Control","Grill","Main","Treatment","Lunch"
"3697","5-Mar","+ Beef Patty",24,"Grill","Spring 2025","Control","Grill","Modification","Treatment","Lunch"
"3698","5-Mar","Quesadilla Cheese",11,"Grill","Spring 2025","Control","Quesadilla","Main","Satellite","Lunch"
"3699","5-Mar","Sweet Potato Fries",29,"Grill","Spring 2025","Control","Grill","Side","Treatment","Lunch"
"3700","5-Mar","Trillium Grill Impossible Burger",6,"Grill","Spring 2025","Control","Grill","Main","Treatment","Lunch"
"3701","5-Mar","Side Potato Tots",21,"Grab N Go","Spring 2025","Control","Grab N Go","Side","Satellite","Lunch"
"3702","5-Mar","Seared Salmon Burger",4,"Grill","Spring 2025","Control","Grill","Main","Treatment","Lunch"
"3703","5-Mar","Black Bean Burger",3,"Grill","Spring 2025","Control","Grill","Main","Treatment","Lunch"
"3704","5-Mar","ADD Chicken Breast",3,"Grill","Spring 2025","Control","Grill","Modification","Treatment","Lunch"
"3705","5-Mar","Add Sausage 2 Patty",4,"Grill","Spring 2025","Control","Grill","Modification","Treatment","Lunch"
"3706","5-Mar","ADD Cheese",7,"Grill","Spring 2025","Control","Grill","Modification","Treatment","Lunch"
"3707","5-Mar","Add Egg .99",4,"Grill","Spring 2025","Control","Grill","Modification","Treatment","Lunch"
"3708","5-Mar","1 Entree + 1 Side",143,"Asian","Spring 2025","Control","Wok","Main","Satellite","Lunch"
"3709","5-Mar","1 Entree + 2 Side",66,"Asian","Spring 2025","Control","Wok","Main","Satellite","Lunch"
"3710","5-Mar","Bowl Ramen Chicken",71,"Asian","Spring 2025","Control","Ramen","Main","Treatment","Lunch"
"3711","5-Mar","2 Entrees + 2 Sides",22,"Asian","Spring 2025","Control","Wok","Main","Satellite","Lunch"
"3712","5-Mar","Bowl Ramen Tofu",20,"Asian","Spring 2025","Control","Ramen","Main","Treatment","Lunch"
"3713","5-Mar","1 Wok Entree",8,"Asian","Spring 2025","Control","Wok","Main","Satellite","Lunch"
"3714","5-Mar","Side Vegetarian Lo Mein",7,"Asian","Spring 2025","Control","Wok","Side","Satellite","Lunch"
"3715","5-Mar","Side White or Brown Rice",11,"Asian","Spring 2025","Control","Wok","Side","Satellite","Lunch"
"3716","5-Mar","Bowl Ramen Chicken",1,"Asian","Spring 2025","Control","Ramen","Main","Treatment","Lunch"
"3717","5-Mar","Side Vegetable Spring Rolls",2,"Asian","Spring 2025","Control","Wok","Side","Satellite","Lunch"
"3718","5-Mar","Side Vegetables",1,"Asian","Spring 2025","Control","Wok","Side","Satellite","Lunch"
"3719","5-Mar","Side Vegetarian Fried Rice with",1,"Asian","Spring 2025","Control","Wok","Side","Satellite","Lunch"
"3720","5-Mar","Create Your Pasta Bowl MEAT",132,"Italian","Spring 2025","Control","Pasta","Main","Satellite","Lunch"
"3721","5-Mar","Create Your Pasta Bowl VEG",20,"Italian","Spring 2025","Control","Pasta","Main","Satellite","Lunch"
"3722","5-Mar","Pizza with Toppings",24,"Italian","Spring 2025","Control","Pizza","Main","Satellite","Lunch"
"3723","5-Mar","Add Extra Meat",40,"Italian","Spring 2025","Control","Pasta","Modification","Satellite","Lunch"
"3724","5-Mar","Pizza Cheese",20,"Italian","Spring 2025","Control","Pizza","Main","Satellite","Lunch"
"3725","5-Mar","Side Bread Pasta Station",2,"Italian","Spring 2025","Control","Pasta","Side","Satellite","Lunch"
"3726","5-Mar","Burrito Breakfast",107,"Breakfast","Spring 2025","Control","Breakfast","Main","Satellite","Breakfast"
"3727","5-Mar","Small French Omelet",78,"Breakfast","Spring 2025","Control","Breakfast","Side","Satellite","Breakfast"
"3728","5-Mar","Grand Slam Breakfast",13,"Breakfast","Spring 2025","Control","Breakfast","Main","Satellite","Breakfast"
"3729","5-Mar","Add Bacon",24,"Breakfast","Spring 2025","Control","Breakfast","Modification","Satellite","Breakfast"
"3730","5-Mar","Two Eggs",17,"Breakfast","Spring 2025","Control","Breakfast","Side","Satellite","Breakfast"
"3731","5-Mar","Trillium Home Fries",7,"Breakfast","Spring 2025","Control","Breakfast","Side","Satellite","Breakfast"
"3732","5-Mar","Pancake Single",3,"Breakfast","Spring 2025","Control","Breakfast","Side","Satellite","Breakfast"
"3733","5-Mar","2 Slices Toast",4,"Breakfast","Spring 2025","Control","Breakfast","Side","Satellite","Breakfast"
"3734","5-Mar","Toast",3,"Breakfast","Spring 2025","Control","Breakfast","Side","Satellite","Breakfast"
"3735","5-Mar","PC Jelly",4,"Breakfast","Spring 2025","Control","Breakfast","Side","Satellite","Breakfast"
"3736","5-Mar","Burrito Bowl BYO",101,"Mexican","Spring 2025","Control","Wrap","Main","Satellite","Lunch"
"3737","5-Mar","Single Taco",3,"Mexican","Spring 2025","Control","Wrap","Main","Satellite","Lunch"
"3738","5-Mar","Side Guacamole",3,"Mexican","Spring 2025","Control","Wrap","Side","Satellite","Lunch"
"3739","5-Mar","LTO Spicy Chicken Sandwich",33,"Grab N Go","Spring 2025","Control","Grab N Go","Main","Satellite","Lunch"
"3740","5-Mar","Egg Cheese Sausage Breakfast Sandwich",20,"Grab N Go","Spring 2025","Control","Grab N Go","Main","Satellite","Lunch"
"3741","5-Mar","Egg Cheese Bacon Breakfast Sandwich",16,"Grab N Go","Spring 2025","Control","Grab N Go","Main","Satellite","Lunch"
"3742","5-Mar","Soup 12 oz",42,"Soup","Spring 2025","Control","Soup","Main","Satellite","Lunch"
"3743","5-Mar","8 oz Soup",45,"Soup","Spring 2025","Control","Soup","Main","Satellite","Lunch"
"3744","5-Mar","Salad by the Pound",45,"Salad Bar","Spring 2025","Control","Salad Bar","Main","Satellite","Lunch"
"3745","5-Mar","Add Extra Protein 3.99",1,"Salad Bar","Spring 2025","Control","Salad Bar","Modification","Satellite","Lunch"
"3746","6-Mar","Quesadilla Deluxe Trillium",178,"Grill","Spring 2025","Control","Quesadilla","Main","Satellite","Lunch"
"3747","6-Mar","Grilled Hamburger",114,"Grill","Spring 2025","Control","Grill","Main","Treatment","Lunch"
"3748","6-Mar","Fried Chicken Tenders",121,"Grab N Go","Spring 2025","Control","Grab N Go","Side","Satellite","Lunch"
"3749","6-Mar","Burrito Una Mano Trillium BYO",81,"Grill","Spring 2025","Control","Quesadilla","Main","Satellite","Lunch"
"3750","6-Mar","French Fries",156,"Grill","Spring 2025","Control","Grill","Side","Treatment","Lunch"
"3751","6-Mar","Quesadilla Cheese",18,"Grill","Spring 2025","Control","Quesadilla","Main","Satellite","Lunch"
"3752","6-Mar","Sweet Potato Fries",41,"Grill","Spring 2025","Control","Grill","Side","Treatment","Lunch"
"3753","6-Mar","Grilled Chicken Breast Sandwich",12,"Grill","Spring 2025","Control","Grill","Main","Treatment","Lunch"
"3754","6-Mar","Trillium Grill Impossible Burger",8,"Grill","Spring 2025","Control","Grill","Main","Treatment","Lunch"
"3755","6-Mar","+ Beef Patty",20,"Grill","Spring 2025","Control","Grill","Modification","Treatment","Lunch"
"3756","6-Mar","Side Potato Tots",9,"Grab N Go","Spring 2025","Control","Grab N Go","Side","Satellite","Lunch"
"3757","6-Mar","Seared Salmon Burger",3,"Grill","Spring 2025","Control","Grill","Main","Treatment","Lunch"
"3758","6-Mar","ADD Chicken Breast",5,"Grill","Spring 2025","Control","Grill","Modification","Treatment","Lunch"
"3759","6-Mar","Black Bean Burger",1,"Grill","Spring 2025","Control","Grill","Main","Treatment","Lunch"
"3760","6-Mar","Add Sausage 2 Patty",1,"Grill","Spring 2025","Control","Grill","Modification","Treatment","Lunch"
"3761","6-Mar","Add Egg .99",2,"Grill","Spring 2025","Control","Grill","Modification","Treatment","Lunch"
"3762","6-Mar","ADD Cheese",2,"Grill","Spring 2025","Control","Grill","Modification","Treatment","Lunch"
"3763","6-Mar","1 Entree + 1 Side",171,"Asian","Spring 2025","Control","Wok","Main","Satellite","Lunch"
"3764","6-Mar","Bowl Ramen Chicken",72,"Asian","Spring 2025","Control","Ramen","Main","Treatment","Lunch"
"3765","6-Mar","1 Entree + 2 Side",52,"Asian","Spring 2025","Control","Wok","Main","Satellite","Lunch"
"3766","6-Mar","2 Entrees + 2 Sides",35,"Asian","Spring 2025","Control","Wok","Main","Satellite","Lunch"
"3767","6-Mar","Bowl Ramen Tofu",24,"Asian","Spring 2025","Control","Ramen","Main","Treatment","Lunch"
"3768","6-Mar","1 Wok Entree",8,"Asian","Spring 2025","Control","Wok","Main","Satellite","Lunch"
"3769","6-Mar","Side Vegetarian Lo Mein",11,"Asian","Spring 2025","Control","Wok","Side","Satellite","Lunch"
"3770","6-Mar","Side White or Brown Rice",11,"Asian","Spring 2025","Control","Wok","Side","Satellite","Lunch"
"3771","6-Mar","Bowl Ramen Chicken",1,"Asian","Spring 2025","Control","Ramen","Main","Treatment","Lunch"
"3772","6-Mar","Side Fried Spring Roll",2,"Asian","Spring 2025","Control","Wok","Side","Satellite","Lunch"
"3773","6-Mar","Side Vegetable Spring Rolls",2,"Asian","Spring 2025","Control","Wok","Side","Satellite","Lunch"
"3774","6-Mar","Create Your Pasta Bowl MEAT",93,"Italian","Spring 2025","Control","Pasta","Main","Satellite","Lunch"
"3775","6-Mar","Pizza with Toppings",37,"Italian","Spring 2025","Control","Pizza","Main","Satellite","Lunch"
"3776","6-Mar","Create Your Pasta Bowl VEG",23,"Italian","Spring 2025","Control","Pasta","Main","Satellite","Lunch"
"3777","6-Mar","Pizza Cheese",20,"Italian","Spring 2025","Control","Pizza","Main","Satellite","Lunch"
"3778","6-Mar","Add Extra Meat",21,"Italian","Spring 2025","Control","Pasta","Modification","Satellite","Lunch"
"3779","6-Mar","Burrito Breakfast",78,"Breakfast","Spring 2025","Control","Breakfast","Main","Satellite","Breakfast"
"3780","6-Mar","Small French Omelet",57,"Breakfast","Spring 2025","Control","Breakfast","Side","Satellite","Breakfast"
"3781","6-Mar","Grand Slam Breakfast",8,"Breakfast","Spring 2025","Control","Breakfast","Main","Satellite","Breakfast"
"3782","6-Mar","Add Bacon",32,"Breakfast","Spring 2025","Control","Breakfast","Modification","Satellite","Breakfast"
"3783","6-Mar","Two Eggs",9,"Breakfast","Spring 2025","Control","Breakfast","Side","Satellite","Breakfast"
"3784","6-Mar","Trillium Home Fries",2,"Breakfast","Spring 2025","Control","Breakfast","Side","Satellite","Breakfast"
"3785","6-Mar","2 Slices Toast",2,"Breakfast","Spring 2025","Control","Breakfast","Side","Satellite","Breakfast"
"3786","6-Mar","Burrito Bowl BYO",106,"Mexican","Spring 2025","Control","Wrap","Main","Satellite","Lunch"
"3787","6-Mar","Single Taco",8,"Mexican","Spring 2025","Control","Wrap","Main","Satellite","Lunch"
"3788","6-Mar","Side Guacamole",2,"Mexican","Spring 2025","Control","Wrap","Side","Satellite","Lunch"
"3789","6-Mar","LTO Spicy Chicken Sandwich",26,"Grab N Go","Spring 2025","Control","Grab N Go","Main","Satellite","Lunch"
"3790","6-Mar","Egg Cheese Sausage Breakfast Sandwich",24,"Grab N Go","Spring 2025","Control","Grab N Go","Main","Satellite","Lunch"
"3791","6-Mar","Egg Cheese Bacon Breakfast Sandwich",21,"Grab N Go","Spring 2025","Control","Grab N Go","Main","Satellite","Lunch"
"3792","6-Mar","LTO Meatball Sub",9,"Grab N Go","Spring 2025","Control","Grab N Go","Main","Satellite","Lunch"
"3793","6-Mar","Salad by the Pound",50,"Salad Bar","Spring 2025","Control","Salad Bar","Main","Satellite","Lunch"
"3794","6-Mar","Add Extra Protein 3.99",4,"Salad Bar","Spring 2025","Control","Salad Bar","Modification","Satellite","Lunch"
"3795","6-Mar","Soup 12 oz",46,"Soup","Spring 2025","Control","Soup","Main","Satellite","Lunch"
"3796","6-Mar","8 oz Soup",31,"Soup","Spring 2025","Control","Soup","Main","Satellite","Lunch"
"3797","7-Mar","Quesadilla Deluxe Trillium",129,"Grill","Spring 2025","Control","Quesadilla","Main","Satellite","Lunch"
"3798","7-Mar","Grilled Hamburger",75,"Grill","Spring 2025","Control","Grill","Main","Treatment","Lunch"
"3799","7-Mar","Burrito Una Mano Trillium BYO",47,"Grill","Spring 2025","Control","Quesadilla","Main","Satellite","Lunch"
"3800","7-Mar","Fried Chicken Tenders",46,"Grab N Go","Spring 2025","Control","Grab N Go","Side","Satellite","Lunch"
"3801","7-Mar","French Fries",98,"Grill","Spring 2025","Control","Grill","Side","Treatment","Lunch"
"3802","7-Mar","Quesadilla Cheese",21,"Grill","Spring 2025","Control","Quesadilla","Main","Satellite","Lunch"
"3803","7-Mar","+ Beef Patty",22,"Grill","Spring 2025","Control","Grill","Modification","Treatment","Lunch"
"3804","7-Mar","Grilled Chicken Breast Sandwich",8,"Grill","Spring 2025","Control","Grill","Main","Treatment","Lunch"
"3805","7-Mar","Trillium Grill Impossible Burger",5,"Grill","Spring 2025","Control","Grill","Main","Treatment","Lunch"
"3806","7-Mar","Sweet Potato Fries",15,"Grill","Spring 2025","Control","Grill","Side","Treatment","Lunch"
"3807","7-Mar","Seared Salmon Burger",4,"Grill","Spring 2025","Control","Grill","Main","Treatment","Lunch"
"3808","7-Mar","Side Potato Tots",9,"Grab N Go","Spring 2025","Control","Grab N Go","Side","Satellite","Lunch"
"3809","7-Mar","Black Bean Burger",1,"Grill","Spring 2025","Control","Grill","Main","Treatment","Lunch"
"3810","7-Mar","Add Sausage 2 Patty",2,"Grill","Spring 2025","Control","Grill","Modification","Treatment","Lunch"
"3811","7-Mar","Add Egg .99",3,"Grill","Spring 2025","Control","Grill","Modification","Treatment","Lunch"
"3812","7-Mar","ADD Cheese",3,"Grill","Spring 2025","Control","Grill","Modification","Treatment","Lunch"
"3813","7-Mar","1 Entree + 1 Side",94,"Asian","Spring 2025","Control","Wok","Main","Satellite","Lunch"
"3814","7-Mar","Bowl Ramen Chicken",57,"Asian","Spring 2025","Control","Ramen","Main","Treatment","Lunch"
"3815","7-Mar","1 Entree + 2 Side",40,"Asian","Spring 2025","Control","Wok","Main","Satellite","Lunch"
"3816","7-Mar","Bowl Ramen Tofu",16,"Asian","Spring 2025","Control","Ramen","Main","Treatment","Lunch"
"3817","7-Mar","2 Entrees + 2 Sides",10,"Asian","Spring 2025","Control","Wok","Main","Satellite","Lunch"
"3818","7-Mar","1 Wok Entree",7,"Asian","Spring 2025","Control","Wok","Main","Satellite","Lunch"
"3819","7-Mar","Side Vegetarian Lo Mein",11,"Asian","Spring 2025","Control","Wok","Side","Satellite","Lunch"
"3820","7-Mar","Side Vegetable Spring Rolls",5,"Asian","Spring 2025","Control","Wok","Side","Satellite","Lunch"
"3821","7-Mar","Side White or Brown Rice",7,"Asian","Spring 2025","Control","Wok","Side","Satellite","Lunch"
"3822","7-Mar","Side Vegetables",2,"Asian","Spring 2025","Control","Wok","Side","Satellite","Lunch"
"3823","7-Mar","Side Vegetarian Fried Rice with",2,"Asian","Spring 2025","Control","Wok","Side","Satellite","Lunch"
"3824","7-Mar","Burrito Breakfast",73,"Breakfast","Spring 2025","Control","Breakfast","Main","Satellite","Breakfast"
"3825","7-Mar","Small French Omelet",38,"Breakfast","Spring 2025","Control","Breakfast","Side","Satellite","Breakfast"
"3826","7-Mar","Grand Slam Breakfast",9,"Breakfast","Spring 2025","Control","Breakfast","Main","Satellite","Breakfast"
"3827","7-Mar","Add Bacon",15,"Breakfast","Spring 2025","Control","Breakfast","Modification","Satellite","Breakfast"
"3828","7-Mar","Trillium Home Fries",5,"Breakfast","Spring 2025","Control","Breakfast","Side","Satellite","Breakfast"
"3829","7-Mar","Two Eggs",5,"Breakfast","Spring 2025","Control","Breakfast","Side","Satellite","Breakfast"
"3830","7-Mar","Pancake Single",3,"Breakfast","Spring 2025","Control","Breakfast","Side","Satellite","Breakfast"
"3831","7-Mar","2 Slices Toast",4,"Breakfast","Spring 2025","Control","Breakfast","Side","Satellite","Breakfast"
"3832","7-Mar","PC Peanut Butter",1,"Breakfast","Spring 2025","Control","Breakfast","Side","Satellite","Breakfast"
"3833","7-Mar","Create Your Pasta Bowl MEAT",55,"Italian","Spring 2025","Control","Pasta","Main","Satellite","Lunch"
"3834","7-Mar","Create Your Pasta Bowl VEG",22,"Italian","Spring 2025","Control","Pasta","Main","Satellite","Lunch"
"3835","7-Mar","Pizza with Toppings",16,"Italian","Spring 2025","Control","Pizza","Main","Satellite","Lunch"
"3836","7-Mar","Pizza Cheese",16,"Italian","Spring 2025","Control","Pizza","Main","Satellite","Lunch"
"3837","7-Mar","Add Extra Meat",22,"Italian","Spring 2025","Control","Pasta","Modification","Satellite","Lunch"
"3838","7-Mar","Side Bread Pasta Station",1,"Italian","Spring 2025","Control","Pasta","Side","Satellite","Lunch"
"3839","7-Mar","Burrito Bowl BYO",50,"Mexican","Spring 2025","Control","Wrap","Main","Satellite","Lunch"
"3840","7-Mar","Side Guacamole",3,"Mexican","Spring 2025","Control","Wrap","Side","Satellite","Lunch"
"3841","7-Mar","8 oz Soup",39,"Soup","Spring 2025","Control","Soup","Main","Satellite","Lunch"
"3842","7-Mar","Soup 12 oz",33,"Soup","Spring 2025","Control","Soup","Main","Satellite","Lunch"
"3843","7-Mar","LTO Spicy Chicken Sandwich",16,"Grab N Go","Spring 2025","Control","Grab N Go","Main","Satellite","Lunch"
"3844","7-Mar","Egg Cheese Bacon Breakfast Sandwich",22,"Grab N Go","Spring 2025","Control","Grab N Go","Main","Satellite","Lunch"
"3845","7-Mar","Egg Cheese Sausage Breakfast Sandwich",22,"Grab N Go","Spring 2025","Control","Grab N Go","Main","Satellite","Lunch"
"3846","7-Mar","Salad by the Pound",37,"Salad Bar","Spring 2025","Control","Salad Bar","Main","Satellite","Lunch"
"3847","10-Mar","Quesadilla Deluxe Trillium",182,"Grill","Spring 2025","Unimodal","Quesadilla","Main","Satellite","Lunch"
"3848","10-Mar","Grilled Hamburger",86,"Grill","Spring 2025","Unimodal","Grill","Main","Treatment","Lunch"
"3849","10-Mar","Burrito Una Mano Trillium BYO",75,"Grill","Spring 2025","Unimodal","Quesadilla","Main","Satellite","Lunch"
"3850","10-Mar","Fried Chicken Tenders",69,"Grab N Go","Spring 2025","Unimodal","Grab N Go","Side","Satellite","Lunch"
"3851","10-Mar","French Fries",98,"Grill","Spring 2025","Unimodal","Grill","Side","Treatment","Lunch"
"3852","10-Mar","Quesadilla Cheese",17,"Grill","Spring 2025","Unimodal","Quesadilla","Main","Satellite","Lunch"
"3853","10-Mar","Grilled Chicken Breast Sandwich",13,"Grill","Spring 2025","Unimodal","Grill","Main","Treatment","Lunch"
"3854","10-Mar","Sweet Potato Fries",31,"Grill","Spring 2025","Unimodal","Grill","Side","Treatment","Lunch"
"3855","10-Mar","+ Beef Patty",21,"Grill","Spring 2025","Unimodal","Grill","Modification","Treatment","Lunch"
"3856","10-Mar","Trillium Grill Impossible Burger",7,"Grill","Spring 2025","Unimodal","Grill","Main","Treatment","Lunch"
"3857","10-Mar","Seared Salmon Burger",8,"Grill","Spring 2025","Unimodal","Grill","Main","Treatment","Lunch"
"3858","10-Mar","Side Potato Tots",13,"Grab N Go","Spring 2025","Unimodal","Grab N Go","Side","Satellite","Lunch"
"3859","10-Mar","Black Bean Burger",3,"Grill","Spring 2025","Unimodal","Grill","Main","Treatment","Lunch"
"3860","10-Mar","ADD Chicken Breast",4,"Grill","Spring 2025","Unimodal","Grill","Modification","Treatment","Lunch"
"3861","10-Mar","Add Sausage 2 Patty",3,"Grill","Spring 2025","Unimodal","Grill","Modification","Treatment","Lunch"
"3862","10-Mar","ADD Cheese",2,"Grill","Spring 2025","Unimodal","Grill","Modification","Treatment","Lunch"
"3863","10-Mar","Add Egg .99",1,"Grill","Spring 2025","Unimodal","Grill","Modification","Treatment","Lunch"
"3864","10-Mar","1 Entree + 1 Side",192,"Asian","Spring 2025","Unimodal","Wok","Main","Satellite","Lunch"
"3865","10-Mar","1 Entree + 2 Side",72,"Asian","Spring 2025","Unimodal","Wok","Main","Satellite","Lunch"
"3866","10-Mar","Bowl Ramen Chicken",37,"Asian","Spring 2025","Unimodal","Ramen","Main","Treatment","Lunch"
"3867","10-Mar","2 Entrees + 2 Sides",18,"Asian","Spring 2025","Unimodal","Wok","Main","Satellite","Lunch"
"3868","10-Mar","Bowl Ramen Tofu",6,"Asian","Spring 2025","Unimodal","Ramen","Main","Treatment","Lunch"
"3869","10-Mar","Side Vegetarian Lo Mein",10,"Asian","Spring 2025","Unimodal","Wok","Side","Satellite","Lunch"
"3870","10-Mar","1 Wok Entree",3,"Asian","Spring 2025","Unimodal","Wok","Main","Satellite","Lunch"
"3871","10-Mar","Side White or Brown Rice",7,"Asian","Spring 2025","Unimodal","Wok","Side","Satellite","Lunch"
"3872","10-Mar","Bowl Ramen Chicken",1,"Asian","Spring 2025","Unimodal","Ramen","Main","Treatment","Lunch"
"3873","10-Mar","Side Fried Spring Roll",1,"Asian","Spring 2025","Unimodal","Wok","Side","Satellite","Lunch"
"3874","10-Mar","Side Vegetable Spring Rolls",1,"Asian","Spring 2025","Unimodal","Wok","Side","Satellite","Lunch"
"3875","10-Mar","Side Vegetarian Fried Rice with",1,"Asian","Spring 2025","Unimodal","Wok","Side","Satellite","Lunch"
"3876","10-Mar","Create Your Pasta Bowl MEAT",106,"Italian","Spring 2025","Unimodal","Pasta","Main","Satellite","Lunch"
"3877","10-Mar","Create Your Pasta Bowl VEG",20,"Italian","Spring 2025","Unimodal","Pasta","Main","Satellite","Lunch"
"3878","10-Mar","Pizza with Toppings",25,"Italian","Spring 2025","Unimodal","Pizza","Main","Satellite","Lunch"
"3879","10-Mar","Pizza Cheese",19,"Italian","Spring 2025","Unimodal","Pizza","Main","Satellite","Lunch"
"3880","10-Mar","Add Extra Meat",22,"Italian","Spring 2025","Unimodal","Pasta","Modification","Satellite","Lunch"
"3881","10-Mar","Burrito Breakfast",88,"Breakfast","Spring 2025","Unimodal","Breakfast","Main","Satellite","Breakfast"
"3882","10-Mar","Small French Omelet",47,"Breakfast","Spring 2025","Unimodal","Breakfast","Side","Satellite","Breakfast"
"3883","10-Mar","Add Bacon",30,"Breakfast","Spring 2025","Unimodal","Breakfast","Modification","Satellite","Breakfast"
"3884","10-Mar","Grand Slam Breakfast",5,"Breakfast","Spring 2025","Unimodal","Breakfast","Main","Satellite","Breakfast"
"3885","10-Mar","Two Eggs",16,"Breakfast","Spring 2025","Unimodal","Breakfast","Side","Satellite","Breakfast"
"3886","10-Mar","Trillium Home Fries",4,"Breakfast","Spring 2025","Unimodal","Breakfast","Side","Satellite","Breakfast"
"3887","10-Mar","Pancake Single",4,"Breakfast","Spring 2025","Unimodal","Breakfast","Side","Satellite","Breakfast"
"3888","10-Mar","2 Slices Toast",3,"Breakfast","Spring 2025","Unimodal","Breakfast","Side","Satellite","Breakfast"
"3889","10-Mar","Toast",1,"Breakfast","Spring 2025","Unimodal","Breakfast","Side","Satellite","Breakfast"
"3890","10-Mar","Burrito Bowl BYO",106,"Mexican","Spring 2025","Unimodal","Wrap","Main","Satellite","Lunch"
"3891","10-Mar","Single Taco",2,"Mexican","Spring 2025","Unimodal","Wrap","Main","Satellite","Lunch"
"3892","10-Mar","Side Guacamole",2,"Mexican","Spring 2025","Unimodal","Wrap","Side","Satellite","Lunch"
"3893","10-Mar","LTO Spicy Chicken Sandwich",30,"Grab N Go","Spring 2025","Unimodal","Grab N Go","Main","Satellite","Lunch"
"3894","10-Mar","Egg Cheese Sausage Breakfast Sandwich",23,"Grab N Go","Spring 2025","Unimodal","Grab N Go","Main","Satellite","Lunch"
"3895","10-Mar","Egg Cheese Bacon Breakfast Sandwich",21,"Grab N Go","Spring 2025","Unimodal","Grab N Go","Main","Satellite","Lunch"
"3896","10-Mar","Salad by the Pound",51,"Salad Bar","Spring 2025","Unimodal","Salad Bar","Main","Satellite","Lunch"
"3897","10-Mar","Add Extra Protein 3.99",1,"Salad Bar","Spring 2025","Unimodal","Salad Bar","Modification","Satellite","Lunch"
"3898","10-Mar","8 oz Soup",39,"Soup","Spring 2025","Unimodal","Soup","Main","Satellite","Lunch"
"3899","10-Mar","Soup 12 oz",32,"Soup","Spring 2025","Unimodal","Soup","Main","Satellite","Lunch"
"3900","11-Mar","Quesadilla Deluxe Trillium",184,"Grill","Spring 2025","Unimodal","Quesadilla","Main","Satellite","Lunch"
"3901","11-Mar","Grilled Hamburger",118,"Grill","Spring 2025","Unimodal","Grill","Main","Treatment","Lunch"
"3902","11-Mar","Burrito Una Mano Trillium BYO",77,"Grill","Spring 2025","Unimodal","Quesadilla","Main","Satellite","Lunch"
"3903","11-Mar","Fried Chicken Tenders",79,"Grab N Go","Spring 2025","Unimodal","Grab N Go","Side","Satellite","Lunch"
"3904","11-Mar","French Fries",130,"Grill","Spring 2025","Unimodal","Grill","Side","Treatment","Lunch"
"3905","11-Mar","Grilled Chicken Breast Sandwich",20,"Grill","Spring 2025","Unimodal","Grill","Main","Treatment","Lunch"
"3906","11-Mar","Quesadilla Cheese",15,"Grill","Spring 2025","Unimodal","Quesadilla","Main","Satellite","Lunch"
"3907","11-Mar","Sweet Potato Fries",32,"Grill","Spring 2025","Unimodal","Grill","Side","Treatment","Lunch"
"3908","11-Mar","+ Beef Patty",22,"Grill","Spring 2025","Unimodal","Grill","Modification","Treatment","Lunch"
"3909","11-Mar","Trillium Grill Impossible Burger",6,"Grill","Spring 2025","Unimodal","Grill","Main","Treatment","Lunch"
"3910","11-Mar","Seared Salmon Burger",5,"Grill","Spring 2025","Unimodal","Grill","Main","Treatment","Lunch"
"3911","11-Mar","ADD Chicken Breast",8,"Grill","Spring 2025","Unimodal","Grill","Modification","Treatment","Lunch"
"3912","11-Mar","Black Bean Burger",3,"Grill","Spring 2025","Unimodal","Grill","Main","Treatment","Lunch"
"3913","11-Mar","Side Potato Tots",8,"Grab N Go","Spring 2025","Unimodal","Grab N Go","Side","Satellite","Lunch"
"3914","11-Mar","Add Egg .99",6,"Grill","Spring 2025","Unimodal","Grill","Modification","Treatment","Lunch"
"3915","11-Mar","Add Sausage 2 Patty",2,"Grill","Spring 2025","Unimodal","Grill","Modification","Treatment","Lunch"
"3916","11-Mar","ADD Cheese",6,"Grill","Spring 2025","Unimodal","Grill","Modification","Treatment","Lunch"
"3917","11-Mar","1 Entree + 1 Side",184,"Asian","Spring 2025","Unimodal","Wok","Main","Satellite","Lunch"
"3918","11-Mar","1 Entree + 2 Side",70,"Asian","Spring 2025","Unimodal","Wok","Main","Satellite","Lunch"
"3919","11-Mar","Bowl Ramen Chicken",51,"Asian","Spring 2025","Unimodal","Ramen","Main","Treatment","Lunch"
"3920","11-Mar","2 Entrees + 2 Sides",34,"Asian","Spring 2025","Unimodal","Wok","Main","Satellite","Lunch"
"3921","11-Mar","Bowl Ramen Tofu",11,"Asian","Spring 2025","Unimodal","Ramen","Main","Treatment","Lunch"
"3922","11-Mar","1 Wok Entree",9,"Asian","Spring 2025","Unimodal","Wok","Main","Satellite","Lunch"
"3923","11-Mar","Side White or Brown Rice",12,"Asian","Spring 2025","Unimodal","Wok","Side","Satellite","Lunch"
"3924","11-Mar","Side Vegetarian Lo Mein",6,"Asian","Spring 2025","Unimodal","Wok","Side","Satellite","Lunch"
"3925","11-Mar","Side Fried Spring Roll",2,"Asian","Spring 2025","Unimodal","Wok","Side","Satellite","Lunch"
"3926","11-Mar","Side Vegetable Spring Rolls",2,"Asian","Spring 2025","Unimodal","Wok","Side","Satellite","Lunch"
"3927","11-Mar","Create Your Pasta Bowl MEAT",81,"Italian","Spring 2025","Unimodal","Pasta","Main","Satellite","Lunch"
"3928","11-Mar","Create Your Pasta Bowl VEG",29,"Italian","Spring 2025","Unimodal","Pasta","Main","Satellite","Lunch"
"3929","11-Mar","Pizza with Toppings",35,"Italian","Spring 2025","Unimodal","Pizza","Main","Satellite","Lunch"
"3930","11-Mar","Pizza Cheese",15,"Italian","Spring 2025","Unimodal","Pizza","Main","Satellite","Lunch"
"3931","11-Mar","Add Extra Meat",16,"Italian","Spring 2025","Unimodal","Pasta","Modification","Satellite","Lunch"
"3932","11-Mar","Side Bread Pasta Station",3,"Italian","Spring 2025","Unimodal","Pasta","Side","Satellite","Lunch"
"3933","11-Mar","Burrito Breakfast",84,"Breakfast","Spring 2025","Unimodal","Breakfast","Main","Satellite","Breakfast"
"3934","11-Mar","Small French Omelet",57,"Breakfast","Spring 2025","Unimodal","Breakfast","Side","Satellite","Breakfast"
"3935","11-Mar","Grand Slam Breakfast",10,"Breakfast","Spring 2025","Unimodal","Breakfast","Main","Satellite","Breakfast"
"3936","11-Mar","Add Bacon",37,"Breakfast","Spring 2025","Unimodal","Breakfast","Modification","Satellite","Breakfast"
"3937","11-Mar","Two Eggs",6,"Breakfast","Spring 2025","Unimodal","Breakfast","Side","Satellite","Breakfast"
"3938","11-Mar","Trillium Home Fries",3,"Breakfast","Spring 2025","Unimodal","Breakfast","Side","Satellite","Breakfast"
"3939","11-Mar","Pancake Single",1,"Breakfast","Spring 2025","Unimodal","Breakfast","Side","Satellite","Breakfast"
"3940","11-Mar","2 Slices Toast",1,"Breakfast","Spring 2025","Unimodal","Breakfast","Side","Satellite","Breakfast"
"3941","11-Mar","Toast",1,"Breakfast","Spring 2025","Unimodal","Breakfast","Side","Satellite","Breakfast"
"3942","11-Mar","PC Jelly",1,"Breakfast","Spring 2025","Unimodal","Breakfast","Side","Satellite","Breakfast"
"3943","11-Mar","Burrito Bowl BYO",110,"Mexican","Spring 2025","Unimodal","Wrap","Main","Satellite","Lunch"
"3944","11-Mar","Single Taco",9,"Mexican","Spring 2025","Unimodal","Wrap","Main","Satellite","Lunch"
"3945","11-Mar","Side Guacamole",3,"Mexican","Spring 2025","Unimodal","Wrap","Side","Satellite","Lunch"
"3946","11-Mar","Side Salsa",2,"Mexican","Spring 2025","Unimodal","Wrap","Side","Satellite","Lunch"
"3947","11-Mar","LTO Spicy Chicken Sandwich",28,"Grab N Go","Spring 2025","Unimodal","Grab N Go","Main","Satellite","Lunch"
"3948","11-Mar","LTO Meatball Sub",17,"Grab N Go","Spring 2025","Unimodal","Grab N Go","Main","Satellite","Lunch"
"3949","11-Mar","Egg Cheese Sausage Breakfast Sandwich",23,"Grab N Go","Spring 2025","Unimodal","Grab N Go","Main","Satellite","Lunch"
"3950","11-Mar","Egg Cheese Bacon Breakfast Sandwich",22,"Grab N Go","Spring 2025","Unimodal","Grab N Go","Main","Satellite","Lunch"
"3951","11-Mar","Salad by the Pound",55,"Salad Bar","Spring 2025","Unimodal","Salad Bar","Main","Satellite","Lunch"
"3952","11-Mar","Soup 12 oz",39,"Soup","Spring 2025","Unimodal","Soup","Main","Satellite","Lunch"
"3953","11-Mar","8 oz Soup",24,"Soup","Spring 2025","Unimodal","Soup","Main","Satellite","Lunch"
"3954","12-Mar","Quesadilla Deluxe Trillium",173,"Grill","Spring 2025","Unimodal","Quesadilla","Main","Satellite","Lunch"
"3955","12-Mar","Grilled Hamburger",89,"Grill","Spring 2025","Unimodal","Grill","Main","Treatment","Lunch"
"3956","12-Mar","Fried Chicken Tenders",96,"Grab N Go","Spring 2025","Unimodal","Grab N Go","Side","Satellite","Lunch"
"3957","12-Mar","Burrito Una Mano Trillium BYO",64,"Grill","Spring 2025","Unimodal","Quesadilla","Main","Satellite","Lunch"
"3958","12-Mar","French Fries",126,"Grill","Spring 2025","Unimodal","Grill","Side","Treatment","Lunch"
"3959","12-Mar","Grilled Chicken Breast Sandwich",19,"Grill","Spring 2025","Unimodal","Grill","Main","Treatment","Lunch"
"3960","12-Mar","Quesadilla Cheese",17,"Grill","Spring 2025","Unimodal","Quesadilla","Main","Satellite","Lunch"
"3961","12-Mar","Sweet Potato Fries",38,"Grill","Spring 2025","Unimodal","Grill","Side","Treatment","Lunch"
"3962","12-Mar","Trillium Grill Impossible Burger",7,"Grill","Spring 2025","Unimodal","Grill","Main","Treatment","Lunch"
"3963","12-Mar","+ Beef Patty",17,"Grill","Spring 2025","Unimodal","Grill","Modification","Treatment","Lunch"
"3964","12-Mar","Seared Salmon Burger",7,"Grill","Spring 2025","Unimodal","Grill","Main","Treatment","Lunch"
"3965","12-Mar","Black Bean Burger",6,"Grill","Spring 2025","Unimodal","Grill","Main","Treatment","Lunch"
"3966","12-Mar","Side Potato Tots",8,"Grab N Go","Spring 2025","Unimodal","Grab N Go","Side","Satellite","Lunch"
"3967","12-Mar","ADD Chicken Breast",5,"Grill","Spring 2025","Unimodal","Grill","Modification","Treatment","Lunch"
"3968","12-Mar","Add Egg .99",10,"Grill","Spring 2025","Unimodal","Grill","Modification","Treatment","Lunch"
"3969","12-Mar","ADD Cheese",8,"Grill","Spring 2025","Unimodal","Grill","Modification","Treatment","Lunch"
"3970","12-Mar","Add Sausage 2 Patty",1,"Grill","Spring 2025","Unimodal","Grill","Modification","Treatment","Lunch"
"3971","12-Mar","1 Entree + 1 Side",180,"Asian","Spring 2025","Unimodal","Wok","Main","Satellite","Lunch"
"3972","12-Mar","1 Entree + 2 Side",79,"Asian","Spring 2025","Unimodal","Wok","Main","Satellite","Lunch"
"3973","12-Mar","Bowl Ramen Chicken",72,"Asian","Spring 2025","Unimodal","Ramen","Main","Treatment","Lunch"
"3974","12-Mar","2 Entrees + 2 Sides",24,"Asian","Spring 2025","Unimodal","Wok","Main","Satellite","Lunch"
"3975","12-Mar","Bowl Ramen Tofu",17,"Asian","Spring 2025","Unimodal","Ramen","Main","Treatment","Lunch"
"3976","12-Mar","Side Vegetarian Lo Mein",8,"Asian","Spring 2025","Unimodal","Wok","Side","Satellite","Lunch"
"3977","12-Mar","1 Wok Entree",5,"Asian","Spring 2025","Unimodal","Wok","Main","Satellite","Lunch"
"3978","12-Mar","Side White or Brown Rice",10,"Asian","Spring 2025","Unimodal","Wok","Side","Satellite","Lunch"
"3979","12-Mar","Side Vegetable Spring Rolls",2,"Asian","Spring 2025","Unimodal","Wok","Side","Satellite","Lunch"
"3980","12-Mar","Side Fried Spring Roll",1,"Asian","Spring 2025","Unimodal","Wok","Side","Satellite","Lunch"
"3981","12-Mar","Side Vegetables",1,"Asian","Spring 2025","Unimodal","Wok","Side","Satellite","Lunch"
"3982","12-Mar","Create Your Pasta Bowl MEAT",107,"Italian","Spring 2025","Unimodal","Pasta","Main","Satellite","Lunch"
"3983","12-Mar","Pizza with Toppings",36,"Italian","Spring 2025","Unimodal","Pizza","Main","Satellite","Lunch"
"3984","12-Mar","Create Your Pasta Bowl VEG",20,"Italian","Spring 2025","Unimodal","Pasta","Main","Satellite","Lunch"
"3985","12-Mar","Add Extra Meat",32,"Italian","Spring 2025","Unimodal","Pasta","Modification","Satellite","Lunch"
"3986","12-Mar","Pizza Cheese",16,"Italian","Spring 2025","Unimodal","Pizza","Main","Satellite","Lunch"
"3987","12-Mar","Burrito Breakfast",108,"Breakfast","Spring 2025","Unimodal","Breakfast","Main","Satellite","Breakfast"
"3988","12-Mar","Small French Omelet",61,"Breakfast","Spring 2025","Unimodal","Breakfast","Side","Satellite","Breakfast"
"3989","12-Mar","Grand Slam Breakfast",11,"Breakfast","Spring 2025","Unimodal","Breakfast","Main","Satellite","Breakfast"
"3990","12-Mar","Add Bacon",24,"Breakfast","Spring 2025","Unimodal","Breakfast","Modification","Satellite","Breakfast"
"3991","12-Mar","Two Eggs",15,"Breakfast","Spring 2025","Unimodal","Breakfast","Side","Satellite","Breakfast"
"3992","12-Mar","Trillium Home Fries",3,"Breakfast","Spring 2025","Unimodal","Breakfast","Side","Satellite","Breakfast"
"3993","12-Mar","Pancake Single",1,"Breakfast","Spring 2025","Unimodal","Breakfast","Side","Satellite","Breakfast"
"3994","12-Mar","2 Slices Toast",2,"Breakfast","Spring 2025","Unimodal","Breakfast","Side","Satellite","Breakfast"
"3995","12-Mar","PC Peanut Butter",1,"Breakfast","Spring 2025","Unimodal","Breakfast","Side","Satellite","Breakfast"
"3996","12-Mar","Burrito Bowl BYO",106,"Mexican","Spring 2025","Unimodal","Wrap","Main","Satellite","Lunch"
"3997","12-Mar","Single Taco",5,"Mexican","Spring 2025","Unimodal","Wrap","Main","Satellite","Lunch"
"3998","12-Mar","Side Guacamole",5,"Mexican","Spring 2025","Unimodal","Wrap","Side","Satellite","Lunch"
"3999","12-Mar","Add Extra Toppings Una Mano",1,"Mexican","Spring 2025","Unimodal","Wrap","Modification","Satellite","Lunch"
"4000","12-Mar","Salad by the Pound",55,"Salad Bar","Spring 2025","Unimodal","Salad Bar","Main","Satellite","Lunch"
"4001","12-Mar","Soup 12 oz",52,"Soup","Spring 2025","Unimodal","Soup","Main","Satellite","Lunch"
"4002","12-Mar","8 oz Soup",37,"Soup","Spring 2025","Unimodal","Soup","Main","Satellite","Lunch"
"4003","12-Mar","LTO Spicy Chicken Sandwich",28,"Grab N Go","Spring 2025","Unimodal","Grab N Go","Main","Satellite","Lunch"
"4004","12-Mar","Egg Cheese Sausage Breakfast Sandwich",22,"Grab N Go","Spring 2025","Unimodal","Grab N Go","Main","Satellite","Lunch"
"4005","12-Mar","Egg Cheese Bacon Breakfast Sandwich",19,"Grab N Go","Spring 2025","Unimodal","Grab N Go","Main","Satellite","Lunch"
"4006","13-Mar","Quesadilla Deluxe Trillium",171,"Grill","Spring 2025","Unimodal","Quesadilla","Main","Satellite","Lunch"
"4007","13-Mar","Grilled Hamburger",99,"Grill","Spring 2025","Unimodal","Grill","Main","Treatment","Lunch"
"4008","13-Mar","Fried Chicken Tenders",113,"Grab N Go","Spring 2025","Unimodal","Grab N Go","Side","Satellite","Lunch"
"4009","13-Mar","Burrito Una Mano Trillium BYO",59,"Grill","Spring 2025","Unimodal","Quesadilla","Main","Satellite","Lunch"
"4010","13-Mar","French Fries",146,"Grill","Spring 2025","Unimodal","Grill","Side","Treatment","Lunch"
"4011","13-Mar","Grilled Chicken Breast Sandwich",17,"Grill","Spring 2025","Unimodal","Grill","Main","Treatment","Lunch"
"4012","13-Mar","Quesadilla Cheese",16,"Grill","Spring 2025","Unimodal","Quesadilla","Main","Satellite","Lunch"
"4013","13-Mar","Sweet Potato Fries",40,"Grill","Spring 2025","Unimodal","Grill","Side","Treatment","Lunch"
"4014","13-Mar","Seared Salmon Burger",8,"Grill","Spring 2025","Unimodal","Grill","Main","Treatment","Lunch"
"4015","13-Mar","Side Potato Tots",18,"Grab N Go","Spring 2025","Unimodal","Grab N Go","Side","Satellite","Lunch"
"4016","13-Mar","Trillium Grill Impossible Burger",5,"Grill","Spring 2025","Unimodal","Grill","Main","Treatment","Lunch"
"4017","13-Mar","+ Beef Patty",9,"Grill","Spring 2025","Unimodal","Grill","Modification","Treatment","Lunch"
"4018","13-Mar","ADD Chicken Breast",4,"Grill","Spring 2025","Unimodal","Grill","Modification","Treatment","Lunch"
"4019","13-Mar","Add Sausage 2 Patty",3,"Grill","Spring 2025","Unimodal","Grill","Modification","Treatment","Lunch"
"4020","13-Mar","ADD Cheese",5,"Grill","Spring 2025","Unimodal","Grill","Modification","Treatment","Lunch"
"4021","13-Mar","1 Entree + 1 Side",185,"Asian","Spring 2025","Unimodal","Wok","Main","Satellite","Lunch"
"4022","13-Mar","Bowl Ramen Chicken",75,"Asian","Spring 2025","Unimodal","Ramen","Main","Treatment","Lunch"
"4023","13-Mar","1 Entree + 2 Side",54,"Asian","Spring 2025","Unimodal","Wok","Main","Satellite","Lunch"
"4024","13-Mar","2 Entrees + 2 Sides",31,"Asian","Spring 2025","Unimodal","Wok","Main","Satellite","Lunch"
"4025","13-Mar","Bowl Ramen Tofu",24,"Asian","Spring 2025","Unimodal","Ramen","Main","Treatment","Lunch"
"4026","13-Mar","1 Wok Entree",10,"Asian","Spring 2025","Unimodal","Wok","Main","Satellite","Lunch"
"4027","13-Mar","Side Vegetarian Lo Mein",10,"Asian","Spring 2025","Unimodal","Wok","Side","Satellite","Lunch"
"4028","13-Mar","Side White or Brown Rice",11,"Asian","Spring 2025","Unimodal","Wok","Side","Satellite","Lunch"
"4029","13-Mar","Side Vegetable Spring Rolls",4,"Asian","Spring 2025","Unimodal","Wok","Side","Satellite","Lunch"
"4030","13-Mar","Side Vegetables",3,"Asian","Spring 2025","Unimodal","Wok","Side","Satellite","Lunch"
"4031","13-Mar","Side Fried Spring Roll",2,"Asian","Spring 2025","Unimodal","Wok","Side","Satellite","Lunch"
"4032","13-Mar","Create Your Pasta Bowl MEAT",92,"Italian","Spring 2025","Unimodal","Pasta","Main","Satellite","Lunch"
"4033","13-Mar","Pizza with Toppings",39,"Italian","Spring 2025","Unimodal","Pizza","Main","Satellite","Lunch"
"4034","13-Mar","Create Your Pasta Bowl VEG",19,"Italian","Spring 2025","Unimodal","Pasta","Main","Satellite","Lunch"
"4035","13-Mar","Pizza Cheese",18,"Italian","Spring 2025","Unimodal","Pizza","Main","Satellite","Lunch"
"4036","13-Mar","Add Extra Meat",24,"Italian","Spring 2025","Unimodal","Pasta","Modification","Satellite","Lunch"
"4037","13-Mar","Side Bread Pasta Station",1,"Italian","Spring 2025","Unimodal","Pasta","Side","Satellite","Lunch"
"4038","13-Mar","Burrito Breakfast",85,"Breakfast","Spring 2025","Unimodal","Breakfast","Main","Satellite","Breakfast"
"4039","13-Mar","Small French Omelet",51,"Breakfast","Spring 2025","Unimodal","Breakfast","Side","Satellite","Breakfast"
"4040","13-Mar","Add Bacon",39,"Breakfast","Spring 2025","Unimodal","Breakfast","Modification","Satellite","Breakfast"
"4041","13-Mar","Grand Slam Breakfast",5,"Breakfast","Spring 2025","Unimodal","Breakfast","Main","Satellite","Breakfast"
"4042","13-Mar","Two Eggs",11,"Breakfast","Spring 2025","Unimodal","Breakfast","Side","Satellite","Breakfast"
"4043","13-Mar","Trillium Home Fries",4,"Breakfast","Spring 2025","Unimodal","Breakfast","Side","Satellite","Breakfast"
"4044","13-Mar","Pancake Single",4,"Breakfast","Spring 2025","Unimodal","Breakfast","Side","Satellite","Breakfast"
"4045","13-Mar","2 Slices Toast",2,"Breakfast","Spring 2025","Unimodal","Breakfast","Side","Satellite","Breakfast"
"4046","13-Mar","Toast",1,"Breakfast","Spring 2025","Unimodal","Breakfast","Side","Satellite","Breakfast"
"4047","13-Mar","PC Butter",1,"Breakfast","Spring 2025","Unimodal","Breakfast","Side","Satellite","Breakfast"
"4048","13-Mar","Burrito Bowl BYO",88,"Mexican","Spring 2025","Unimodal","Wrap","Main","Satellite","Lunch"
"4049","13-Mar","Single Taco",6,"Mexican","Spring 2025","Unimodal","Wrap","Main","Satellite","Lunch"
"4050","13-Mar","Side Guacamole",3,"Mexican","Spring 2025","Unimodal","Wrap","Side","Satellite","Lunch"
"4051","13-Mar","Side Salsa",3,"Mexican","Spring 2025","Unimodal","Wrap","Side","Satellite","Lunch"
"4052","13-Mar","Side Sour Cream",3,"Mexican","Spring 2025","Unimodal","Wrap","Side","Satellite","Lunch"
"4053","13-Mar","Add Extra Toppings Una Mano",1,"Mexican","Spring 2025","Unimodal","Wrap","Modification","Satellite","Lunch"
"4054","13-Mar","LTO Spicy Chicken Sandwich",27,"Grab N Go","Spring 2025","Unimodal","Grab N Go","Main","Satellite","Lunch"
"4055","13-Mar","Egg Cheese Sausage Breakfast Sandwich",24,"Grab N Go","Spring 2025","Unimodal","Grab N Go","Main","Satellite","Lunch"
"4056","13-Mar","Egg Cheese Bacon Breakfast Sandwich",21,"Grab N Go","Spring 2025","Unimodal","Grab N Go","Main","Satellite","Lunch"
"4057","13-Mar","LTO Meatball Sub",10,"Grab N Go","Spring 2025","Unimodal","Grab N Go","Main","Satellite","Lunch"
"4058","13-Mar","Burrito Breakfast G&G",5,"Grab N Go","Spring 2025","Unimodal","Grab N Go","Main","Satellite","Lunch"
"4059","13-Mar","Salad by the Pound",55,"Salad Bar","Spring 2025","Unimodal","Salad Bar","Main","Satellite","Lunch"
"4060","13-Mar","Add Extra Protein 3.99",4,"Salad Bar","Spring 2025","Unimodal","Salad Bar","Modification","Satellite","Lunch"
"4061","13-Mar","Soup 12 oz",49,"Soup","Spring 2025","Unimodal","Soup","Main","Satellite","Lunch"
"4062","13-Mar","8 oz Soup",24,"Soup","Spring 2025","Unimodal","Soup","Main","Satellite","Lunch"
"4063","14-Mar","Quesadilla Deluxe Trillium",111,"Grill","Spring 2025","Unimodal","Quesadilla","Main","Satellite","Lunch"
"4064","14-Mar","Grilled Hamburger",76,"Grill","Spring 2025","Unimodal","Grill","Main","Treatment","Lunch"
"4065","14-Mar","Burrito Una Mano Trillium BYO",51,"Grill","Spring 2025","Unimodal","Quesadilla","Main","Satellite","Lunch"
"4066","14-Mar","Fried Chicken Tenders",51,"Grab N Go","Spring 2025","Unimodal","Grab N Go","Side","Satellite","Lunch"
"4067","14-Mar","French Fries",73,"Grill","Spring 2025","Unimodal","Grill","Side","Treatment","Lunch"
"4068","14-Mar","Quesadilla Cheese",18,"Grill","Spring 2025","Unimodal","Quesadilla","Main","Satellite","Lunch"
"4069","14-Mar","Trillium Grill Impossible Burger",10,"Grill","Spring 2025","Unimodal","Grill","Main","Treatment","Lunch"
"4070","14-Mar","Grilled Chicken Breast Sandwich",11,"Grill","Spring 2025","Unimodal","Grill","Main","Treatment","Lunch"
"4071","14-Mar","Sweet Potato Fries",30,"Grill","Spring 2025","Unimodal","Grill","Side","Treatment","Lunch"
"4072","14-Mar","+ Beef Patty",14,"Grill","Spring 2025","Unimodal","Grill","Modification","Treatment","Lunch"
"4073","14-Mar","Seared Salmon Burger",4,"Grill","Spring 2025","Unimodal","Grill","Main","Treatment","Lunch"
"4074","14-Mar","Side Potato Tots",11,"Grab N Go","Spring 2025","Unimodal","Grab N Go","Side","Satellite","Lunch"
"4075","14-Mar","Black Bean Burger",1,"Grill","Spring 2025","Unimodal","Grill","Main","Treatment","Lunch"
"4076","14-Mar","ADD Chicken Breast",2,"Grill","Spring 2025","Unimodal","Grill","Modification","Treatment","Lunch"
"4077","14-Mar","ADD Burger Salmon Grilled",1,"Grill","Spring 2025","Unimodal","Grill","Modification","Treatment","Lunch"
"4078","14-Mar","Add Sausage 2 Patty",1,"Grill","Spring 2025","Unimodal","Grill","Modification","Treatment","Lunch"
"4079","14-Mar","Add Egg .99",1,"Grill","Spring 2025","Unimodal","Grill","Modification","Treatment","Lunch"
"4080","14-Mar","1 Entree + 1 Side",102,"Asian","Spring 2025","Unimodal","Wok","Main","Satellite","Lunch"
"4081","14-Mar","Bowl Ramen Chicken",47,"Asian","Spring 2025","Unimodal","Ramen","Main","Treatment","Lunch"
"4082","14-Mar","1 Entree + 2 Side",36,"Asian","Spring 2025","Unimodal","Wok","Main","Satellite","Lunch"
"4083","14-Mar","2 Entrees + 2 Sides",16,"Asian","Spring 2025","Unimodal","Wok","Main","Satellite","Lunch"
"4084","14-Mar","Bowl Ramen Tofu",11,"Asian","Spring 2025","Unimodal","Ramen","Main","Treatment","Lunch"
"4085","14-Mar","1 Wok Entree",3,"Asian","Spring 2025","Unimodal","Wok","Main","Satellite","Lunch"
"4086","14-Mar","Side Vegetarian Lo Mein",3,"Asian","Spring 2025","Unimodal","Wok","Side","Satellite","Lunch"
"4087","14-Mar","Side White or Brown Rice",5,"Asian","Spring 2025","Unimodal","Wok","Side","Satellite","Lunch"
"4088","14-Mar","Side Fried Spring Roll",1,"Asian","Spring 2025","Unimodal","Wok","Side","Satellite","Lunch"
"4089","14-Mar","Side Vegetables",1,"Asian","Spring 2025","Unimodal","Wok","Side","Satellite","Lunch"
"4090","14-Mar","Side Vegetarian Fried Rice with",1,"Asian","Spring 2025","Unimodal","Wok","Side","Satellite","Lunch"
"4091","14-Mar","Burrito Breakfast",82,"Breakfast","Spring 2025","Unimodal","Breakfast","Main","Satellite","Breakfast"
"4092","14-Mar","Small French Omelet",65,"Breakfast","Spring 2025","Unimodal","Breakfast","Side","Satellite","Breakfast"
"4093","14-Mar","Grand Slam Breakfast",17,"Breakfast","Spring 2025","Unimodal","Breakfast","Main","Satellite","Breakfast"
"4094","14-Mar","Add Bacon",20,"Breakfast","Spring 2025","Unimodal","Breakfast","Modification","Satellite","Breakfast"
"4095","14-Mar","Two Eggs",11,"Breakfast","Spring 2025","Unimodal","Breakfast","Side","Satellite","Breakfast"
"4096","14-Mar","Pancake Single",6,"Breakfast","Spring 2025","Unimodal","Breakfast","Side","Satellite","Breakfast"
"4097","14-Mar","Trillium Home Fries",2,"Breakfast","Spring 2025","Unimodal","Breakfast","Side","Satellite","Breakfast"
"4098","14-Mar","2 Slices Toast",2,"Breakfast","Spring 2025","Unimodal","Breakfast","Side","Satellite","Breakfast"
"4099","14-Mar","PC Jelly",3,"Breakfast","Spring 2025","Unimodal","Breakfast","Side","Satellite","Breakfast"
"4100","14-Mar","PC Peanut Butter",2,"Breakfast","Spring 2025","Unimodal","Breakfast","Side","Satellite","Breakfast"
"4101","14-Mar","Create Your Pasta Bowl MEAT",71,"Italian","Spring 2025","Unimodal","Pasta","Main","Satellite","Lunch"
"4102","14-Mar","Pizza with Toppings",27,"Italian","Spring 2025","Unimodal","Pizza","Main","Satellite","Lunch"
"4103","14-Mar","Create Your Pasta Bowl VEG",14,"Italian","Spring 2025","Unimodal","Pasta","Main","Satellite","Lunch"
"4104","14-Mar","Pizza Cheese",11,"Italian","Spring 2025","Unimodal","Pizza","Main","Satellite","Lunch"
"4105","14-Mar","Add Extra Meat",15,"Italian","Spring 2025","Unimodal","Pasta","Modification","Satellite","Lunch"
"4106","14-Mar","Side Bread Pasta Station",2,"Italian","Spring 2025","Unimodal","Pasta","Side","Satellite","Lunch"
"4107","14-Mar","Burrito Bowl BYO",61,"Mexican","Spring 2025","Unimodal","Wrap","Main","Satellite","Lunch"
"4108","14-Mar","Single Taco",4,"Mexican","Spring 2025","Unimodal","Wrap","Main","Satellite","Lunch"
"4109","14-Mar","Side Guacamole",1,"Mexican","Spring 2025","Unimodal","Wrap","Side","Satellite","Lunch"
"4110","14-Mar","Add Extra Toppings Una Mano",2,"Mexican","Spring 2025","Unimodal","Wrap","Modification","Satellite","Lunch"
"4111","14-Mar","LTO Spicy Chicken Sandwich",33,"Grab N Go","Spring 2025","Unimodal","Grab N Go","Main","Satellite","Lunch"
"4112","14-Mar","Egg Cheese Sausage Breakfast Sandwich",24,"Grab N Go","Spring 2025","Unimodal","Grab N Go","Main","Satellite","Lunch"
"4113","14-Mar","Egg Cheese Bacon Breakfast Sandwich",19,"Grab N Go","Spring 2025","Unimodal","Grab N Go","Main","Satellite","Lunch"
"4114","14-Mar","Salad by the Pound",31,"Salad Bar","Spring 2025","Unimodal","Salad Bar","Main","Satellite","Lunch"
"4115","14-Mar","Add Extra Protein 3.99",2,"Salad Bar","Spring 2025","Unimodal","Salad Bar","Modification","Satellite","Lunch"
"4116","14-Mar","Soup 12 oz",27,"Soup","Spring 2025","Unimodal","Soup","Main","Satellite","Lunch"
"4117","14-Mar","8 oz Soup",15,"Soup","Spring 2025","Unimodal","Soup","Main","Satellite","Lunch"
"4118","17-Mar","Quesadilla Deluxe Trillium",147,"Grill","Spring 2025","Unimodal","Quesadilla","Main","Satellite","Lunch"
"4119","17-Mar","Grilled Hamburger",77,"Grill","Spring 2025","Unimodal","Grill","Main","Treatment","Lunch"
"4120","17-Mar","Fried Chicken Tenders",92,"Grab N Go","Spring 2025","Unimodal","Grab N Go","Side","Satellite","Lunch"
"4121","17-Mar","Burrito Una Mano Trillium BYO",51,"Grill","Spring 2025","Unimodal","Quesadilla","Main","Satellite","Lunch"
"4122","17-Mar","French Fries",113,"Grill","Spring 2025","Unimodal","Grill","Side","Treatment","Lunch"
"4123","17-Mar","Quesadilla Cheese",19,"Grill","Spring 2025","Unimodal","Quesadilla","Main","Satellite","Lunch"
"4124","17-Mar","Grilled Chicken Breast Sandwich",17,"Grill","Spring 2025","Unimodal","Grill","Main","Treatment","Lunch"
"4125","17-Mar","Trillium Grill Impossible Burger",12,"Grill","Spring 2025","Unimodal","Grill","Main","Treatment","Lunch"
"4126","17-Mar","Sweet Potato Fries",41,"Grill","Spring 2025","Unimodal","Grill","Side","Treatment","Lunch"
"4127","17-Mar","+ Beef Patty",30,"Grill","Spring 2025","Unimodal","Grill","Modification","Treatment","Lunch"
"4128","17-Mar","Seared Salmon Burger",10,"Grill","Spring 2025","Unimodal","Grill","Main","Treatment","Lunch"
"4129","17-Mar","Black Bean Burger",8,"Grill","Spring 2025","Unimodal","Grill","Main","Treatment","Lunch"
"4130","17-Mar","Side Potato Tots",13,"Grab N Go","Spring 2025","Unimodal","Grab N Go","Side","Satellite","Lunch"
"4131","17-Mar","ADD Cheese",12,"Grill","Spring 2025","Unimodal","Grill","Modification","Treatment","Lunch"
"4132","17-Mar","ADD Chicken Breast",1,"Grill","Spring 2025","Unimodal","Grill","Modification","Treatment","Lunch"
"4133","17-Mar","Add Sausage 2 Patty",1,"Grill","Spring 2025","Unimodal","Grill","Modification","Treatment","Lunch"
"4134","17-Mar","Add Egg .99",2,"Grill","Spring 2025","Unimodal","Grill","Modification","Treatment","Lunch"
"4135","17-Mar","1 Entree + 1 Side",184,"Asian","Spring 2025","Unimodal","Wok","Main","Satellite","Lunch"
"4136","17-Mar","Bowl Ramen Chicken",84,"Asian","Spring 2025","Unimodal","Ramen","Main","Treatment","Lunch"
"4137","17-Mar","1 Entree + 2 Side",70,"Asian","Spring 2025","Unimodal","Wok","Main","Satellite","Lunch"
"4138","17-Mar","2 Entrees + 2 Sides",32,"Asian","Spring 2025","Unimodal","Wok","Main","Satellite","Lunch"
"4139","17-Mar","Bowl Ramen Tofu",19,"Asian","Spring 2025","Unimodal","Ramen","Main","Treatment","Lunch"
"4140","17-Mar","Side Vegetarian Lo Mein",7,"Asian","Spring 2025","Unimodal","Wok","Side","Satellite","Lunch"
"4141","17-Mar","1 Wok Entree",3,"Asian","Spring 2025","Unimodal","Wok","Main","Satellite","Lunch"
"4142","17-Mar","Side White or Brown Rice",7,"Asian","Spring 2025","Unimodal","Wok","Side","Satellite","Lunch"
"4143","17-Mar","Side Fried Spring Roll",2,"Asian","Spring 2025","Unimodal","Wok","Side","Satellite","Lunch"
"4144","17-Mar","Side Vegetable Spring Rolls",2,"Asian","Spring 2025","Unimodal","Wok","Side","Satellite","Lunch"
"4145","17-Mar","Create Your Pasta Bowl MEAT",126,"Italian","Spring 2025","Unimodal","Pasta","Main","Satellite","Lunch"
"4146","17-Mar","Pizza with Toppings",28,"Italian","Spring 2025","Unimodal","Pizza","Main","Satellite","Lunch"
"4147","17-Mar","Create Your Pasta Bowl VEG",18,"Italian","Spring 2025","Unimodal","Pasta","Main","Satellite","Lunch"
"4148","17-Mar","Add Extra Meat",31,"Italian","Spring 2025","Unimodal","Pasta","Modification","Satellite","Lunch"
"4149","17-Mar","Pizza Cheese",17,"Italian","Spring 2025","Unimodal","Pizza","Main","Satellite","Lunch"
"4150","17-Mar","Side Bread Pasta Station",1,"Italian","Spring 2025","Unimodal","Pasta","Side","Satellite","Lunch"
"4151","17-Mar","Burrito Breakfast",76,"Breakfast","Spring 2025","Unimodal","Breakfast","Main","Satellite","Breakfast"
"4152","17-Mar","Small French Omelet",61,"Breakfast","Spring 2025","Unimodal","Breakfast","Side","Satellite","Breakfast"
"4153","17-Mar","Add Bacon",32,"Breakfast","Spring 2025","Unimodal","Breakfast","Modification","Satellite","Breakfast"
"4154","17-Mar","Grand Slam Breakfast",7,"Breakfast","Spring 2025","Unimodal","Breakfast","Main","Satellite","Breakfast"
"4155","17-Mar","Two Eggs",14,"Breakfast","Spring 2025","Unimodal","Breakfast","Side","Satellite","Breakfast"
"4156","17-Mar","Trillium Home Fries",1,"Breakfast","Spring 2025","Unimodal","Breakfast","Side","Satellite","Breakfast"
"4157","17-Mar","PC Peanut Butter",2,"Breakfast","Spring 2025","Unimodal","Breakfast","Side","Satellite","Breakfast"
"4158","17-Mar","2 Slices Toast",1,"Breakfast","Spring 2025","Unimodal","Breakfast","Side","Satellite","Breakfast"
"4159","17-Mar","Burrito Bowl BYO",100,"Mexican","Spring 2025","Unimodal","Wrap","Main","Satellite","Lunch"
"4160","17-Mar","Side Guacamole",4,"Mexican","Spring 2025","Unimodal","Wrap","Side","Satellite","Lunch"
"4161","17-Mar","Add Extra Toppings Una Mano",2,"Mexican","Spring 2025","Unimodal","Wrap","Modification","Satellite","Lunch"
"4162","17-Mar","Side Sour Cream",2,"Mexican","Spring 2025","Unimodal","Wrap","Side","Satellite","Lunch"
"4163","17-Mar","Side Salsa",1,"Mexican","Spring 2025","Unimodal","Wrap","Side","Satellite","Lunch"
"4164","17-Mar","Salad by the Pound",51,"Salad Bar","Spring 2025","Unimodal","Salad Bar","Main","Satellite","Lunch"
"4165","17-Mar","Add Extra Protein 3.99",2,"Salad Bar","Spring 2025","Unimodal","Salad Bar","Modification","Satellite","Lunch"
"4166","17-Mar","LTO Spicy Chicken Sandwich",29,"Grab N Go","Spring 2025","Unimodal","Grab N Go","Main","Satellite","Lunch"
"4167","17-Mar","Egg Cheese Sausage Breakfast Sandwich",24,"Grab N Go","Spring 2025","Unimodal","Grab N Go","Main","Satellite","Lunch"
"4168","17-Mar","Egg Cheese Bacon Breakfast Sandwich",20,"Grab N Go","Spring 2025","Unimodal","Grab N Go","Main","Satellite","Lunch"
"4169","17-Mar","8 oz Soup",47,"Soup","Spring 2025","Unimodal","Soup","Main","Satellite","Lunch"
"4170","17-Mar","Soup 12 oz",40,"Soup","Spring 2025","Unimodal","Soup","Main","Satellite","Lunch"
"4171","18-Mar","Quesadilla Deluxe Trillium",186,"Grill","Spring 2025","Unimodal","Quesadilla","Main","Satellite","Lunch"
"4172","18-Mar","Fried Chicken Tenders",105,"Grab N Go","Spring 2025","Unimodal","Grab N Go","Side","Satellite","Lunch"
"4173","18-Mar","Grilled Hamburger",80,"Grill","Spring 2025","Unimodal","Grill","Main","Treatment","Lunch"
"4174","18-Mar","Burrito Una Mano Trillium BYO",69,"Grill","Spring 2025","Unimodal","Quesadilla","Main","Satellite","Lunch"
"4175","18-Mar","French Fries",112,"Grill","Spring 2025","Unimodal","Grill","Side","Treatment","Lunch"
"4176","18-Mar","Quesadilla Cheese",18,"Grill","Spring 2025","Unimodal","Quesadilla","Main","Satellite","Lunch"
"4177","18-Mar","Grilled Chicken Breast Sandwich",16,"Grill","Spring 2025","Unimodal","Grill","Main","Treatment","Lunch"
"4178","18-Mar","Sweet Potato Fries",43,"Grill","Spring 2025","Unimodal","Grill","Side","Treatment","Lunch"
"4179","18-Mar","Trillium Grill Impossible Burger",7,"Grill","Spring 2025","Unimodal","Grill","Main","Treatment","Lunch"
"4180","18-Mar","+ Beef Patty",18,"Grill","Spring 2025","Unimodal","Grill","Modification","Treatment","Lunch"
"4181","18-Mar","Side Potato Tots",20,"Grab N Go","Spring 2025","Unimodal","Grab N Go","Side","Satellite","Lunch"
"4182","18-Mar","Seared Salmon Burger",6,"Grill","Spring 2025","Unimodal","Grill","Main","Treatment","Lunch"
"4183","18-Mar","Black Bean Burger",3,"Grill","Spring 2025","Unimodal","Grill","Main","Treatment","Lunch"
"4184","18-Mar","ADD Chicken Breast",4,"Grill","Spring 2025","Unimodal","Grill","Modification","Treatment","Lunch"
"4185","18-Mar","Add Impossible Burger Patty",1,"Grill","Spring 2025","Unimodal","Grill","Modification","Treatment","Lunch"
"4186","18-Mar","ADD Cheese",8,"Grill","Spring 2025","Unimodal","Grill","Modification","Treatment","Lunch"
"4187","18-Mar","Add Egg .99",4,"Grill","Spring 2025","Unimodal","Grill","Modification","Treatment","Lunch"
"4188","18-Mar","1 Entree + 1 Side",196,"Asian","Spring 2025","Unimodal","Wok","Main","Satellite","Lunch"
"4189","18-Mar","Bowl Ramen Chicken",73,"Asian","Spring 2025","Unimodal","Ramen","Main","Treatment","Lunch"
"4190","18-Mar","1 Entree + 2 Side",62,"Asian","Spring 2025","Unimodal","Wok","Main","Satellite","Lunch"
"4191","18-Mar","2 Entrees + 2 Sides",33,"Asian","Spring 2025","Unimodal","Wok","Main","Satellite","Lunch"
"4192","18-Mar","Bowl Ramen Tofu",23,"Asian","Spring 2025","Unimodal","Ramen","Main","Treatment","Lunch"
"4193","18-Mar","Side Vegetarian Lo Mein",7,"Asian","Spring 2025","Unimodal","Wok","Side","Satellite","Lunch"
"4194","18-Mar","1 Wok Entree",4,"Asian","Spring 2025","Unimodal","Wok","Main","Satellite","Lunch"
"4195","18-Mar","Side White or Brown Rice",8,"Asian","Spring 2025","Unimodal","Wok","Side","Satellite","Lunch"
"4196","18-Mar","Side Vegetable Spring Rolls",4,"Asian","Spring 2025","Unimodal","Wok","Side","Satellite","Lunch"
"4197","18-Mar","Side Fried Spring Roll",3,"Asian","Spring 2025","Unimodal","Wok","Side","Satellite","Lunch"
"4198","18-Mar","Bowl Ramen Chicken",1,"Asian","Spring 2025","Unimodal","Ramen","Main","Treatment","Lunch"
"4199","18-Mar","Burrito Breakfast",85,"Breakfast","Spring 2025","Unimodal","Breakfast","Main","Satellite","Breakfast"
"4200","18-Mar","Small French Omelet",69,"Breakfast","Spring 2025","Unimodal","Breakfast","Side","Satellite","Breakfast"
"4201","18-Mar","Grand Slam Breakfast",12,"Breakfast","Spring 2025","Unimodal","Breakfast","Main","Satellite","Breakfast"
"4202","18-Mar","Add Bacon",31,"Breakfast","Spring 2025","Unimodal","Breakfast","Modification","Satellite","Breakfast"
"4203","18-Mar","Trillium Home Fries",7,"Breakfast","Spring 2025","Unimodal","Breakfast","Side","Satellite","Breakfast"
"4204","18-Mar","Two Eggs",10,"Breakfast","Spring 2025","Unimodal","Breakfast","Side","Satellite","Breakfast"
"4205","18-Mar","Pancake Single",1,"Breakfast","Spring 2025","Unimodal","Breakfast","Side","Satellite","Breakfast"
"4206","18-Mar","2 Slices Toast",1,"Breakfast","Spring 2025","Unimodal","Breakfast","Side","Satellite","Breakfast"
"4207","18-Mar","Create Your Pasta Bowl MEAT",89,"Italian","Spring 2025","Unimodal","Pasta","Main","Satellite","Lunch"
"4208","18-Mar","Create Your Pasta Bowl VEG",27,"Italian","Spring 2025","Unimodal","Pasta","Main","Satellite","Lunch"
"4209","18-Mar","Pizza with Toppings",31,"Italian","Spring 2025","Unimodal","Pizza","Main","Satellite","Lunch"
"4210","18-Mar","Pizza Cheese",18,"Italian","Spring 2025","Unimodal","Pizza","Main","Satellite","Lunch"
"4211","18-Mar","Add Extra Meat",24,"Italian","Spring 2025","Unimodal","Pasta","Modification","Satellite","Lunch"
"4212","18-Mar","Side Bread Pasta Station",2,"Italian","Spring 2025","Unimodal","Pasta","Side","Satellite","Lunch"
"4213","18-Mar","Burrito Bowl BYO",101,"Mexican","Spring 2025","Unimodal","Wrap","Main","Satellite","Lunch"
"4214","18-Mar","Single Taco",7,"Mexican","Spring 2025","Unimodal","Wrap","Main","Satellite","Lunch"
"4215","18-Mar","Side Guacamole",4,"Mexican","Spring 2025","Unimodal","Wrap","Side","Satellite","Lunch"
"4216","18-Mar","Add Extra Toppings Una Mano",4,"Mexican","Spring 2025","Unimodal","Wrap","Modification","Satellite","Lunch"
"4217","18-Mar","Side Sour Cream",2,"Mexican","Spring 2025","Unimodal","Wrap","Side","Satellite","Lunch"
"4218","18-Mar","LTO Spicy Chicken Sandwich",24,"Grab N Go","Spring 2025","Unimodal","Grab N Go","Main","Satellite","Lunch"
"4219","18-Mar","Egg Cheese Sausage Breakfast Sandwich",29,"Grab N Go","Spring 2025","Unimodal","Grab N Go","Main","Satellite","Lunch"
"4220","18-Mar","LTO Meatball Sub",15,"Grab N Go","Spring 2025","Unimodal","Grab N Go","Main","Satellite","Lunch"
"4221","18-Mar","Egg Cheese Bacon Breakfast Sandwich",17,"Grab N Go","Spring 2025","Unimodal","Grab N Go","Main","Satellite","Lunch"
"4222","18-Mar","Salad by the Pound",57,"Salad Bar","Spring 2025","Unimodal","Salad Bar","Main","Satellite","Lunch"
"4223","18-Mar","Soup 12 oz",49,"Soup","Spring 2025","Unimodal","Soup","Main","Satellite","Lunch"
"4224","18-Mar","8 oz Soup",24,"Soup","Spring 2025","Unimodal","Soup","Main","Satellite","Lunch"
"4225","19-Mar","Quesadilla Deluxe Trillium",188,"Grill","Spring 2025","Unimodal","Quesadilla","Main","Satellite","Lunch"
"4226","19-Mar","Grilled Hamburger",96,"Grill","Spring 2025","Unimodal","Grill","Main","Treatment","Lunch"
"4227","19-Mar","Burrito Una Mano Trillium BYO",67,"Grill","Spring 2025","Unimodal","Quesadilla","Main","Satellite","Lunch"
"4228","19-Mar","Fried Chicken Tenders",83,"Grab N Go","Spring 2025","Unimodal","Grab N Go","Side","Satellite","Lunch"
"4229","19-Mar","French Fries",103,"Grill","Spring 2025","Unimodal","Grill","Side","Treatment","Lunch"
"4230","19-Mar","Quesadilla Cheese",27,"Grill","Spring 2025","Unimodal","Quesadilla","Main","Satellite","Lunch"
"4231","19-Mar","Grilled Chicken Breast Sandwich",20,"Grill","Spring 2025","Unimodal","Grill","Main","Treatment","Lunch"
"4232","19-Mar","Sweet Potato Fries",42,"Grill","Spring 2025","Unimodal","Grill","Side","Treatment","Lunch"
"4233","19-Mar","+ Beef Patty",26,"Grill","Spring 2025","Unimodal","Grill","Modification","Treatment","Lunch"
"4234","19-Mar","Seared Salmon Burger",6,"Grill","Spring 2025","Unimodal","Grill","Main","Treatment","Lunch"
"4235","19-Mar","Side Potato Tots",16,"Grab N Go","Spring 2025","Unimodal","Grab N Go","Side","Satellite","Lunch"
"4236","19-Mar","Black Bean Burger",5,"Grill","Spring 2025","Unimodal","Grill","Main","Treatment","Lunch"
"4237","19-Mar","Trillium Grill Impossible Burger",3,"Grill","Spring 2025","Unimodal","Grill","Main","Treatment","Lunch"
"4238","19-Mar","Add Sausage 2 Patty",4,"Grill","Spring 2025","Unimodal","Grill","Modification","Treatment","Lunch"
"4239","19-Mar","ADD Chicken Breast",2,"Grill","Spring 2025","Unimodal","Grill","Modification","Treatment","Lunch"
"4240","19-Mar","ADD Cheese",13,"Grill","Spring 2025","Unimodal","Grill","Modification","Treatment","Lunch"
"4241","19-Mar","Add Egg .99",3,"Grill","Spring 2025","Unimodal","Grill","Modification","Treatment","Lunch"
"4242","19-Mar","1 Entree + 1 Side",198,"Asian","Spring 2025","Unimodal","Wok","Main","Satellite","Lunch"
"4243","19-Mar","1 Entree + 2 Side",68,"Asian","Spring 2025","Unimodal","Wok","Main","Satellite","Lunch"
"4244","19-Mar","Bowl Ramen Chicken",62,"Asian","Spring 2025","Unimodal","Ramen","Main","Treatment","Lunch"
"4245","19-Mar","2 Entrees + 2 Sides",23,"Asian","Spring 2025","Unimodal","Wok","Main","Satellite","Lunch"
"4246","19-Mar","Bowl Ramen Tofu",15,"Asian","Spring 2025","Unimodal","Ramen","Main","Treatment","Lunch"
"4247","19-Mar","1 Wok Entree",5,"Asian","Spring 2025","Unimodal","Wok","Main","Satellite","Lunch"
"4248","19-Mar","Side White or Brown Rice",10,"Asian","Spring 2025","Unimodal","Wok","Side","Satellite","Lunch"
"4249","19-Mar","Side Vegetarian Lo Mein",5,"Asian","Spring 2025","Unimodal","Wok","Side","Satellite","Lunch"
"4250","19-Mar","Side Vegetables",2,"Asian","Spring 2025","Unimodal","Wok","Side","Satellite","Lunch"
"4251","19-Mar","Side Fried Spring Roll",1,"Asian","Spring 2025","Unimodal","Wok","Side","Satellite","Lunch"
"4252","19-Mar","Side Vegetarian Fried Rice with",1,"Asian","Spring 2025","Unimodal","Wok","Side","Satellite","Lunch"
"4253","19-Mar","Add Extra Toppings",1,"Asian","Spring 2025","Unimodal","Ramen","Modification","Treatment","Lunch"
"4254","19-Mar","Create Your Pasta Bowl MEAT",106,"Italian","Spring 2025","Unimodal","Pasta","Main","Satellite","Lunch"
"4255","19-Mar","Create Your Pasta Bowl VEG",20,"Italian","Spring 2025","Unimodal","Pasta","Main","Satellite","Lunch"
"4256","19-Mar","Pizza with Toppings",29,"Italian","Spring 2025","Unimodal","Pizza","Main","Satellite","Lunch"
"4257","19-Mar","Pizza Cheese",20,"Italian","Spring 2025","Unimodal","Pizza","Main","Satellite","Lunch"
"4258","19-Mar","Add Extra Meat",22,"Italian","Spring 2025","Unimodal","Pasta","Modification","Satellite","Lunch"
"4259","19-Mar","Side Bread Pasta Station",1,"Italian","Spring 2025","Unimodal","Pasta","Side","Satellite","Lunch"
"4260","19-Mar","Burrito Breakfast",95,"Breakfast","Spring 2025","Unimodal","Breakfast","Main","Satellite","Breakfast"
"4261","19-Mar","Small French Omelet",45,"Breakfast","Spring 2025","Unimodal","Breakfast","Side","Satellite","Breakfast"
"4262","19-Mar","Grand Slam Breakfast",9,"Breakfast","Spring 2025","Unimodal","Breakfast","Main","Satellite","Breakfast"
"4263","19-Mar","Add Bacon",28,"Breakfast","Spring 2025","Unimodal","Breakfast","Modification","Satellite","Breakfast"
"4264","19-Mar","Two Eggs",14,"Breakfast","Spring 2025","Unimodal","Breakfast","Side","Satellite","Breakfast"
"4265","19-Mar","Pancake Single",4,"Breakfast","Spring 2025","Unimodal","Breakfast","Side","Satellite","Breakfast"
"4266","19-Mar","Trillium Home Fries",1,"Breakfast","Spring 2025","Unimodal","Breakfast","Side","Satellite","Breakfast"
"4267","19-Mar","2 Slices Toast",1,"Breakfast","Spring 2025","Unimodal","Breakfast","Side","Satellite","Breakfast"
"4268","19-Mar","Burrito Bowl BYO",102,"Mexican","Spring 2025","Unimodal","Wrap","Main","Satellite","Lunch"
"4269","19-Mar","Side Guacamole",1,"Mexican","Spring 2025","Unimodal","Wrap","Side","Satellite","Lunch"
"4270","19-Mar","Side Sour Cream",2,"Mexican","Spring 2025","Unimodal","Wrap","Side","Satellite","Lunch"
"4271","19-Mar","Side Salsa",1,"Mexican","Spring 2025","Unimodal","Wrap","Side","Satellite","Lunch"
"4272","19-Mar","Salad by the Pound",67,"Salad Bar","Spring 2025","Unimodal","Salad Bar","Main","Satellite","Lunch"
"4273","19-Mar","Add Extra Protein 3.99",1,"Salad Bar","Spring 2025","Unimodal","Salad Bar","Modification","Satellite","Lunch"
"4274","19-Mar","LTO Spicy Chicken Sandwich",39,"Grab N Go","Spring 2025","Unimodal","Grab N Go","Main","Satellite","Lunch"
"4275","19-Mar","Egg Cheese Sausage Breakfast Sandwich",23,"Grab N Go","Spring 2025","Unimodal","Grab N Go","Main","Satellite","Lunch"
"4276","19-Mar","Egg Cheese Bacon Breakfast Sandwich",13,"Grab N Go","Spring 2025","Unimodal","Grab N Go","Main","Satellite","Lunch"
"4277","19-Mar","Soup 12 oz",41,"Soup","Spring 2025","Unimodal","Soup","Main","Satellite","Lunch"
"4278","19-Mar","8 oz Soup",44,"Soup","Spring 2025","Unimodal","Soup","Main","Satellite","Lunch"
"4279","20-Mar","Quesadilla Deluxe Trillium",180,"Grill","Spring 2025","Unimodal","Quesadilla","Main","Satellite","Lunch"
"4280","20-Mar","Grilled Hamburger",103,"Grill","Spring 2025","Unimodal","Grill","Main","Treatment","Lunch"
"4281","20-Mar","Burrito Una Mano Trillium BYO",65,"Grill","Spring 2025","Unimodal","Quesadilla","Main","Satellite","Lunch"
"4282","20-Mar","Fried Chicken Tenders",77,"Grab N Go","Spring 2025","Unimodal","Grab N Go","Side","Satellite","Lunch"
"4283","20-Mar","French Fries",109,"Grill","Spring 2025","Unimodal","Grill","Side","Treatment","Lunch"
"4284","20-Mar","Quesadilla Cheese",24,"Grill","Spring 2025","Unimodal","Quesadilla","Main","Satellite","Lunch"
"4285","20-Mar","Grilled Chicken Breast Sandwich",18,"Grill","Spring 2025","Unimodal","Grill","Main","Treatment","Lunch"
"4286","20-Mar","Trillium Grill Impossible Burger",12,"Grill","Spring 2025","Unimodal","Grill","Main","Treatment","Lunch"
"4287","20-Mar","Sweet Potato Fries",23,"Grill","Spring 2025","Unimodal","Grill","Side","Treatment","Lunch"
"4288","20-Mar","Side Potato Tots",22,"Grab N Go","Spring 2025","Unimodal","Grab N Go","Side","Satellite","Lunch"
"4289","20-Mar","+ Beef Patty",14,"Grill","Spring 2025","Unimodal","Grill","Modification","Treatment","Lunch"
"4290","20-Mar","Seared Salmon Burger",6,"Grill","Spring 2025","Unimodal","Grill","Main","Treatment","Lunch"
"4291","20-Mar","Black Bean Burger",3,"Grill","Spring 2025","Unimodal","Grill","Main","Treatment","Lunch"
"4292","20-Mar","Add Sausage 2 Patty",5,"Grill","Spring 2025","Unimodal","Grill","Modification","Treatment","Lunch"
"4293","20-Mar","ADD Chicken Breast",1,"Grill","Spring 2025","Unimodal","Grill","Modification","Treatment","Lunch"
"4294","20-Mar","Add Egg .99",4,"Grill","Spring 2025","Unimodal","Grill","Modification","Treatment","Lunch"
"4295","20-Mar","ADD Cheese",5,"Grill","Spring 2025","Unimodal","Grill","Modification","Treatment","Lunch"
"4296","20-Mar","1 Entree + 1 Side",191,"Asian","Spring 2025","Unimodal","Wok","Main","Satellite","Lunch"
"4297","20-Mar","1 Entree + 2 Side",72,"Asian","Spring 2025","Unimodal","Wok","Main","Satellite","Lunch"
"4298","20-Mar","Bowl Ramen Chicken",59,"Asian","Spring 2025","Unimodal","Ramen","Main","Treatment","Lunch"
"4299","20-Mar","2 Entrees + 2 Sides",25,"Asian","Spring 2025","Unimodal","Wok","Main","Satellite","Lunch"
"4300","20-Mar","Bowl Ramen Tofu",27,"Asian","Spring 2025","Unimodal","Ramen","Main","Treatment","Lunch"
"4301","20-Mar","1 Wok Entree",15,"Asian","Spring 2025","Unimodal","Wok","Main","Satellite","Lunch"
"4302","20-Mar","Side Vegetarian Lo Mein",5,"Asian","Spring 2025","Unimodal","Wok","Side","Satellite","Lunch"
"4303","20-Mar","Side Vegetable Spring Rolls",2,"Asian","Spring 2025","Unimodal","Wok","Side","Satellite","Lunch"
"4304","20-Mar","Side White or Brown Rice",2,"Asian","Spring 2025","Unimodal","Wok","Side","Satellite","Lunch"
"4305","20-Mar","Side Vegetables",1,"Asian","Spring 2025","Unimodal","Wok","Side","Satellite","Lunch"
"4306","20-Mar","Create Your Pasta Bowl MEAT",98,"Italian","Spring 2025","Unimodal","Pasta","Main","Satellite","Lunch"
"4307","20-Mar","Create Your Pasta Bowl VEG",28,"Italian","Spring 2025","Unimodal","Pasta","Main","Satellite","Lunch"
"4308","20-Mar","Pizza with Toppings",32,"Italian","Spring 2025","Unimodal","Pizza","Main","Satellite","Lunch"
"4309","20-Mar","Pizza Cheese",16,"Italian","Spring 2025","Unimodal","Pizza","Main","Satellite","Lunch"
"4310","20-Mar","Add Extra Meat",20,"Italian","Spring 2025","Unimodal","Pasta","Modification","Satellite","Lunch"
"4311","20-Mar","Side Bread Pasta Station",4,"Italian","Spring 2025","Unimodal","Pasta","Side","Satellite","Lunch"
"4312","20-Mar","Burrito Breakfast",90,"Breakfast","Spring 2025","Unimodal","Breakfast","Main","Satellite","Breakfast"
"4313","20-Mar","Small French Omelet",50,"Breakfast","Spring 2025","Unimodal","Breakfast","Side","Satellite","Breakfast"
"4314","20-Mar","Grand Slam Breakfast",11,"Breakfast","Spring 2025","Unimodal","Breakfast","Main","Satellite","Breakfast"
"4315","20-Mar","Add Bacon",40,"Breakfast","Spring 2025","Unimodal","Breakfast","Modification","Satellite","Breakfast"
"4316","20-Mar","Two Eggs",17,"Breakfast","Spring 2025","Unimodal","Breakfast","Side","Satellite","Breakfast"
"4317","20-Mar","Trillium Home Fries",1,"Breakfast","Spring 2025","Unimodal","Breakfast","Side","Satellite","Breakfast"
"4318","20-Mar","Pancake Single",1,"Breakfast","Spring 2025","Unimodal","Breakfast","Side","Satellite","Breakfast"
"4319","20-Mar","2 Slices Toast",2,"Breakfast","Spring 2025","Unimodal","Breakfast","Side","Satellite","Breakfast"
"4320","20-Mar","Burrito Bowl BYO",107,"Mexican","Spring 2025","Unimodal","Wrap","Main","Satellite","Lunch"
"4321","20-Mar","Single Taco",9,"Mexican","Spring 2025","Unimodal","Wrap","Main","Satellite","Lunch"
"4322","20-Mar","Side Guacamole",9,"Mexican","Spring 2025","Unimodal","Wrap","Side","Satellite","Lunch"
"4323","20-Mar","Add Extra Toppings Una Mano",4,"Mexican","Spring 2025","Unimodal","Wrap","Modification","Satellite","Lunch"
"4324","20-Mar","Side Sour Cream",2,"Mexican","Spring 2025","Unimodal","Wrap","Side","Satellite","Lunch"
"4325","20-Mar","Side Salsa",1,"Mexican","Spring 2025","Unimodal","Wrap","Side","Satellite","Lunch"
"4326","20-Mar","LTO Meatball Sub",22,"Grab N Go","Spring 2025","Unimodal","Grab N Go","Main","Satellite","Lunch"
"4327","20-Mar","LTO Spicy Chicken Sandwich",18,"Grab N Go","Spring 2025","Unimodal","Grab N Go","Main","Satellite","Lunch"
"4328","20-Mar","Egg Cheese Sausage Breakfast Sandwich",23,"Grab N Go","Spring 2025","Unimodal","Grab N Go","Main","Satellite","Lunch"
"4329","20-Mar","Egg Cheese Bacon Breakfast Sandwich",18,"Grab N Go","Spring 2025","Unimodal","Grab N Go","Main","Satellite","Lunch"
"4330","20-Mar","Salad by the Pound",55,"Salad Bar","Spring 2025","Unimodal","Salad Bar","Main","Satellite","Lunch"
"4331","20-Mar","Add Extra Protein 3.99",1,"Salad Bar","Spring 2025","Unimodal","Salad Bar","Modification","Satellite","Lunch"
"4332","20-Mar","Soup 12 oz",58,"Soup","Spring 2025","Unimodal","Soup","Main","Satellite","Lunch"
"4333","20-Mar","8 oz Soup",20,"Soup","Spring 2025","Unimodal","Soup","Main","Satellite","Lunch"
"4334","21-Mar","Quesadilla Deluxe Trillium",136,"Grill","Spring 2025","Unimodal","Quesadilla","Main","Satellite","Lunch"
"4335","21-Mar","Grilled Hamburger",85,"Grill","Spring 2025","Unimodal","Grill","Main","Treatment","Lunch"
"4336","21-Mar","Burrito Una Mano Trillium BYO",46,"Grill","Spring 2025","Unimodal","Quesadilla","Main","Satellite","Lunch"
"4337","21-Mar","Fried Chicken Tenders",55,"Grab N Go","Spring 2025","Unimodal","Grab N Go","Side","Satellite","Lunch"
"4338","21-Mar","French Fries",80,"Grill","Spring 2025","Unimodal","Grill","Side","Treatment","Lunch"
"4339","21-Mar","Sweet Potato Fries",31,"Grill","Spring 2025","Unimodal","Grill","Side","Treatment","Lunch"
"4340","21-Mar","Quesadilla Cheese",10,"Grill","Spring 2025","Unimodal","Quesadilla","Main","Satellite","Lunch"
"4341","21-Mar","Grilled Chicken Breast Sandwich",9,"Grill","Spring 2025","Unimodal","Grill","Main","Treatment","Lunch"
"4342","21-Mar","Seared Salmon Burger",7,"Grill","Spring 2025","Unimodal","Grill","Main","Treatment","Lunch"
"4343","21-Mar","Trillium Grill Impossible Burger",5,"Grill","Spring 2025","Unimodal","Grill","Main","Treatment","Lunch"
"4344","21-Mar","Side Potato Tots",12,"Grab N Go","Spring 2025","Unimodal","Grab N Go","Side","Satellite","Lunch"
"4345","21-Mar","+ Beef Patty",6,"Grill","Spring 2025","Unimodal","Grill","Modification","Treatment","Lunch"
"4346","21-Mar","Black Bean Burger",1,"Grill","Spring 2025","Unimodal","Grill","Main","Treatment","Lunch"
"4347","21-Mar","ADD Chicken Breast",1,"Grill","Spring 2025","Unimodal","Grill","Modification","Treatment","Lunch"
"4348","21-Mar","Add Sausage 2 Patty",1,"Grill","Spring 2025","Unimodal","Grill","Modification","Treatment","Lunch"
"4349","21-Mar","ADD Cheese",1,"Grill","Spring 2025","Unimodal","Grill","Modification","Treatment","Lunch"
"4350","21-Mar","1 Entree + 1 Side",109,"Asian","Spring 2025","Unimodal","Wok","Main","Satellite","Lunch"
"4351","21-Mar","1 Entree + 2 Side",49,"Asian","Spring 2025","Unimodal","Wok","Main","Satellite","Lunch"
"4352","21-Mar","Bowl Ramen Chicken",40,"Asian","Spring 2025","Unimodal","Ramen","Main","Treatment","Lunch"
"4353","21-Mar","2 Entrees + 2 Sides",19,"Asian","Spring 2025","Unimodal","Wok","Main","Satellite","Lunch"
"4354","21-Mar","Bowl Ramen Tofu",10,"Asian","Spring 2025","Unimodal","Ramen","Main","Treatment","Lunch"
"4355","21-Mar","1 Wok Entree",2,"Asian","Spring 2025","Unimodal","Wok","Main","Satellite","Lunch"
"4356","21-Mar","Side Vegetarian Lo Mein",3,"Asian","Spring 2025","Unimodal","Wok","Side","Satellite","Lunch"
"4357","21-Mar","Side White or Brown Rice",5,"Asian","Spring 2025","Unimodal","Wok","Side","Satellite","Lunch"
"4358","21-Mar","Side Fried Spring Roll",1,"Asian","Spring 2025","Unimodal","Wok","Side","Satellite","Lunch"
"4359","21-Mar","Side Vegetables",1,"Asian","Spring 2025","Unimodal","Wok","Side","Satellite","Lunch"
"4360","21-Mar","Create Your Pasta Bowl MEAT",69,"Italian","Spring 2025","Unimodal","Pasta","Main","Satellite","Lunch"
"4361","21-Mar","Create Your Pasta Bowl VEG",18,"Italian","Spring 2025","Unimodal","Pasta","Main","Satellite","Lunch"
"4362","21-Mar","Pizza with Toppings",22,"Italian","Spring 2025","Unimodal","Pizza","Main","Satellite","Lunch"
"4363","21-Mar","Pizza Cheese",17,"Italian","Spring 2025","Unimodal","Pizza","Main","Satellite","Lunch"
"4364","21-Mar","Add Extra Meat",15,"Italian","Spring 2025","Unimodal","Pasta","Modification","Satellite","Lunch"
"4365","21-Mar","Burrito Breakfast",59,"Breakfast","Spring 2025","Unimodal","Breakfast","Main","Satellite","Breakfast"
"4366","21-Mar","Small French Omelet",46,"Breakfast","Spring 2025","Unimodal","Breakfast","Side","Satellite","Breakfast"
"4367","21-Mar","Grand Slam Breakfast",12,"Breakfast","Spring 2025","Unimodal","Breakfast","Main","Satellite","Breakfast"
"4368","21-Mar","Add Bacon",21,"Breakfast","Spring 2025","Unimodal","Breakfast","Modification","Satellite","Breakfast"
"4369","21-Mar","Two Eggs",7,"Breakfast","Spring 2025","Unimodal","Breakfast","Side","Satellite","Breakfast"
"4370","21-Mar","Pancake Single",4,"Breakfast","Spring 2025","Unimodal","Breakfast","Side","Satellite","Breakfast"
"4371","21-Mar","2 Slices Toast",1,"Breakfast","Spring 2025","Unimodal","Breakfast","Side","Satellite","Breakfast"
"4372","21-Mar","Toast",1,"Breakfast","Spring 2025","Unimodal","Breakfast","Side","Satellite","Breakfast"
"4373","21-Mar","PC Jelly",1,"Breakfast","Spring 2025","Unimodal","Breakfast","Side","Satellite","Breakfast"
"4374","21-Mar","Burrito Bowl BYO",59,"Mexican","Spring 2025","Unimodal","Wrap","Main","Satellite","Lunch"
"4375","21-Mar","Single Taco",2,"Mexican","Spring 2025","Unimodal","Wrap","Main","Satellite","Lunch"
"4376","21-Mar","Side Guacamole",2,"Mexican","Spring 2025","Unimodal","Wrap","Side","Satellite","Lunch"
"4377","21-Mar","Side Salsa",1,"Mexican","Spring 2025","Unimodal","Wrap","Side","Satellite","Lunch"
"4378","21-Mar","LTO Spicy Chicken Sandwich",23,"Grab N Go","Spring 2025","Unimodal","Grab N Go","Main","Satellite","Lunch"
"4379","21-Mar","Egg Cheese Sausage Breakfast Sandwich",21,"Grab N Go","Spring 2025","Unimodal","Grab N Go","Main","Satellite","Lunch"
"4380","21-Mar","Egg Cheese Bacon Breakfast Sandwich",13,"Grab N Go","Spring 2025","Unimodal","Grab N Go","Main","Satellite","Lunch"
"4381","21-Mar","Soup 12 oz",37,"Soup","Spring 2025","Unimodal","Soup","Main","Satellite","Lunch"
"4382","21-Mar","8 oz Soup",31,"Soup","Spring 2025","Unimodal","Soup","Main","Satellite","Lunch"
"4383","21-Mar","Salad by the Pound",31,"Salad Bar","Spring 2025","Unimodal","Salad Bar","Main","Satellite","Lunch"
"4384","21-Mar","Add Extra Protein 3.99",3,"Salad Bar","Spring 2025","Unimodal","Salad Bar","Modification","Satellite","Lunch"
"4385","24-Mar","Quesadilla Deluxe Trillium",160,"Grill","Spring 2025","Control","Quesadilla","Main","Satellite","Lunch"
"4386","24-Mar","Grilled Hamburger",81,"Grill","Spring 2025","Control","Grill","Main","Treatment","Lunch"
"4387","24-Mar","Burrito Una Mano Trillium BYO",69,"Grill","Spring 2025","Control","Quesadilla","Main","Satellite","Lunch"
"4388","24-Mar","Fried Chicken Tenders",66,"Grab N Go","Spring 2025","Control","Grab N Go","Side","Satellite","Lunch"
"4389","24-Mar","French Fries",98,"Grill","Spring 2025","Control","Grill","Side","Treatment","Lunch"
"4390","24-Mar","Grilled Chicken Breast Sandwich",23,"Grill","Spring 2025","Control","Grill","Main","Treatment","Lunch"
"4391","24-Mar","Trillium Grill Impossible Burger",13,"Grill","Spring 2025","Control","Grill","Main","Treatment","Lunch"
"4392","24-Mar","Quesadilla Cheese",16,"Grill","Spring 2025","Control","Quesadilla","Main","Satellite","Lunch"
"4393","24-Mar","Seared Salmon Burger",15,"Grill","Spring 2025","Control","Grill","Main","Treatment","Lunch"
"4394","24-Mar","Sweet Potato Fries",25,"Grill","Spring 2025","Control","Grill","Side","Treatment","Lunch"
"4395","24-Mar","+ Beef Patty",10,"Grill","Spring 2025","Control","Grill","Modification","Treatment","Lunch"
"4396","24-Mar","Side Potato Tots",6,"Grab N Go","Spring 2025","Control","Grab N Go","Side","Satellite","Lunch"
"4397","24-Mar","Black Bean Burger",2,"Grill","Spring 2025","Control","Grill","Main","Treatment","Lunch"
"4398","24-Mar","ADD Chicken Breast",3,"Grill","Spring 2025","Control","Grill","Modification","Treatment","Lunch"
"4399","24-Mar","Add Sausage 2 Patty",5,"Grill","Spring 2025","Control","Grill","Modification","Treatment","Lunch"
"4400","24-Mar","Add Egg .99",2,"Grill","Spring 2025","Control","Grill","Modification","Treatment","Lunch"
"4401","24-Mar","ADD Cheese",1,"Grill","Spring 2025","Control","Grill","Modification","Treatment","Lunch"
"4402","24-Mar","1 Entree + 1 Side",196,"Asian","Spring 2025","Control","Wok","Main","Satellite","Lunch"
"4403","24-Mar","1 Entree + 2 Side",62,"Asian","Spring 2025","Control","Wok","Main","Satellite","Lunch"
"4404","24-Mar","Bowl Ramen Chicken",54,"Asian","Spring 2025","Control","Ramen","Main","Treatment","Lunch"
"4405","24-Mar","2 Entrees + 2 Sides",25,"Asian","Spring 2025","Control","Wok","Main","Satellite","Lunch"
"4406","24-Mar","Bowl Ramen Tofu",13,"Asian","Spring 2025","Control","Ramen","Main","Treatment","Lunch"
"4407","24-Mar","1 Wok Entree",8,"Asian","Spring 2025","Control","Wok","Main","Satellite","Lunch"
"4408","24-Mar","Side Vegetarian Lo Mein",9,"Asian","Spring 2025","Control","Wok","Side","Satellite","Lunch"
"4409","24-Mar","Side White or Brown Rice",8,"Asian","Spring 2025","Control","Wok","Side","Satellite","Lunch"
"4410","24-Mar","Side Vegetable Spring Rolls",2,"Asian","Spring 2025","Control","Wok","Side","Satellite","Lunch"
"4411","24-Mar","Create Your Pasta Bowl MEAT",87,"Italian","Spring 2025","Control","Pasta","Main","Satellite","Lunch"
"4412","24-Mar","Pizza with Toppings",36,"Italian","Spring 2025","Control","Pizza","Main","Satellite","Lunch"
"4413","24-Mar","Create Your Pasta Bowl VEG",21,"Italian","Spring 2025","Control","Pasta","Main","Satellite","Lunch"
"4414","24-Mar","Pizza Cheese",16,"Italian","Spring 2025","Control","Pizza","Main","Satellite","Lunch"
"4415","24-Mar","Add Extra Meat",24,"Italian","Spring 2025","Control","Pasta","Modification","Satellite","Lunch"
"4416","24-Mar","Burrito Breakfast",93,"Breakfast","Spring 2025","Control","Breakfast","Main","Satellite","Breakfast"
"4417","24-Mar","Small French Omelet",51,"Breakfast","Spring 2025","Control","Breakfast","Side","Satellite","Breakfast"
"4418","24-Mar","Grand Slam Breakfast",10,"Breakfast","Spring 2025","Control","Breakfast","Main","Satellite","Breakfast"
"4419","24-Mar","Add Bacon",19,"Breakfast","Spring 2025","Control","Breakfast","Modification","Satellite","Breakfast"
"4420","24-Mar","Two Eggs",10,"Breakfast","Spring 2025","Control","Breakfast","Side","Satellite","Breakfast"
"4421","24-Mar","Trillium Home Fries",6,"Breakfast","Spring 2025","Control","Breakfast","Side","Satellite","Breakfast"
"4422","24-Mar","Pancake Single",3,"Breakfast","Spring 2025","Control","Breakfast","Side","Satellite","Breakfast"
"4423","24-Mar","2 Slices Toast",2,"Breakfast","Spring 2025","Control","Breakfast","Side","Satellite","Breakfast"
"4424","24-Mar","PC Jelly",2,"Breakfast","Spring 2025","Control","Breakfast","Side","Satellite","Breakfast"
"4425","24-Mar","Toast",1,"Breakfast","Spring 2025","Control","Breakfast","Side","Satellite","Breakfast"
"4426","24-Mar","Burrito Bowl BYO",104,"Mexican","Spring 2025","Control","Wrap","Main","Satellite","Lunch"
"4427","24-Mar","Single Taco",2,"Mexican","Spring 2025","Control","Wrap","Main","Satellite","Lunch"
"4428","24-Mar","Side Guacamole",3,"Mexican","Spring 2025","Control","Wrap","Side","Satellite","Lunch"
"4429","24-Mar","Side Sour Cream",4,"Mexican","Spring 2025","Control","Wrap","Side","Satellite","Lunch"
"4430","24-Mar","Side Salsa",1,"Mexican","Spring 2025","Control","Wrap","Side","Satellite","Lunch"
"4431","24-Mar","Salad by the Pound",57,"Salad Bar","Spring 2025","Control","Salad Bar","Main","Satellite","Lunch"
"4432","24-Mar","Add Extra Protein 3.99",1,"Salad Bar","Spring 2025","Control","Salad Bar","Modification","Satellite","Lunch"
"4433","24-Mar","Soup 12 oz",44,"Soup","Spring 2025","Control","Soup","Main","Satellite","Lunch"
"4434","24-Mar","8 oz Soup",46,"Soup","Spring 2025","Control","Soup","Main","Satellite","Lunch"
"4435","24-Mar","LTO Spicy Chicken Sandwich",26,"Grab N Go","Spring 2025","Control","Grab N Go","Main","Satellite","Lunch"
"4436","24-Mar","Egg Cheese Bacon Breakfast Sandwich",23,"Grab N Go","Spring 2025","Control","Grab N Go","Main","Satellite","Lunch"
"4437","24-Mar","Egg Cheese Sausage Breakfast Sandwich",21,"Grab N Go","Spring 2025","Control","Grab N Go","Main","Satellite","Lunch"
"4438","25-Mar","Quesadilla Deluxe Trillium",185,"Grill","Spring 2025","Control","Quesadilla","Main","Satellite","Lunch"
"4439","25-Mar","Grilled Hamburger",122,"Grill","Spring 2025","Control","Grill","Main","Treatment","Lunch"
"4440","25-Mar","Fried Chicken Tenders",107,"Grab N Go","Spring 2025","Control","Grab N Go","Side","Satellite","Lunch"
"4441","25-Mar","Burrito Una Mano Trillium BYO",68,"Grill","Spring 2025","Control","Quesadilla","Main","Satellite","Lunch"
"4442","25-Mar","French Fries",135,"Grill","Spring 2025","Control","Grill","Side","Treatment","Lunch"
"4443","25-Mar","Quesadilla Cheese",18,"Grill","Spring 2025","Control","Quesadilla","Main","Satellite","Lunch"
"4444","25-Mar","Grilled Chicken Breast Sandwich",15,"Grill","Spring 2025","Control","Grill","Main","Treatment","Lunch"
"4445","25-Mar","Sweet Potato Fries",31,"Grill","Spring 2025","Control","Grill","Side","Treatment","Lunch"
"4446","25-Mar","Seared Salmon Burger",8,"Grill","Spring 2025","Control","Grill","Main","Treatment","Lunch"
"4447","25-Mar","Trillium Grill Impossible Burger",6,"Grill","Spring 2025","Control","Grill","Main","Treatment","Lunch"
"4448","25-Mar","Black Bean Burger",5,"Grill","Spring 2025","Control","Grill","Main","Treatment","Lunch"
"4449","25-Mar","+ Beef Patty",9,"Grill","Spring 2025","Control","Grill","Modification","Treatment","Lunch"
"4450","25-Mar","Side Potato Tots",9,"Grab N Go","Spring 2025","Control","Grab N Go","Side","Satellite","Lunch"
"4451","25-Mar","ADD Chicken Breast",2,"Grill","Spring 2025","Control","Grill","Modification","Treatment","Lunch"
"4452","25-Mar","Add Egg .99",7,"Grill","Spring 2025","Control","Grill","Modification","Treatment","Lunch"
"4453","25-Mar","Add Sausage 2 Patty",3,"Grill","Spring 2025","Control","Grill","Modification","Treatment","Lunch"
"4454","25-Mar","1 Entree + 1 Side",199,"Asian","Spring 2025","Control","Wok","Main","Satellite","Lunch"
"4455","25-Mar","Bowl Ramen Chicken",85,"Asian","Spring 2025","Control","Ramen","Main","Treatment","Lunch"
"4456","25-Mar","1 Entree + 2 Side",74,"Asian","Spring 2025","Control","Wok","Main","Satellite","Lunch"
"4457","25-Mar","2 Entrees + 2 Sides",38,"Asian","Spring 2025","Control","Wok","Main","Satellite","Lunch"
"4458","25-Mar","Bowl Ramen Tofu",19,"Asian","Spring 2025","Control","Ramen","Main","Treatment","Lunch"
"4459","25-Mar","Side Vegetarian Lo Mein",10,"Asian","Spring 2025","Control","Wok","Side","Satellite","Lunch"
"4460","25-Mar","Side White or Brown Rice",8,"Asian","Spring 2025","Control","Wok","Side","Satellite","Lunch"
"4461","25-Mar","Side Fried Spring Roll",4,"Asian","Spring 2025","Control","Wok","Side","Satellite","Lunch"
"4462","25-Mar","1 Wok Entree",2,"Asian","Spring 2025","Control","Wok","Main","Satellite","Lunch"
"4463","25-Mar","Side Vegetable Spring Rolls",3,"Asian","Spring 2025","Control","Wok","Side","Satellite","Lunch"
"4464","25-Mar","Bowl Ramen Chicken",1,"Asian","Spring 2025","Control","Ramen","Main","Treatment","Lunch"
"4465","25-Mar","Side Vegetables",1,"Asian","Spring 2025","Control","Wok","Side","Satellite","Lunch"
"4466","25-Mar","Side Vegetarian Fried Rice with",1,"Asian","Spring 2025","Control","Wok","Side","Satellite","Lunch"
"4467","25-Mar","Burrito Breakfast",101,"Breakfast","Spring 2025","Control","Breakfast","Main","Satellite","Breakfast"
"4468","25-Mar","Small French Omelet",59,"Breakfast","Spring 2025","Control","Breakfast","Side","Satellite","Breakfast"
"4469","25-Mar","Grand Slam Breakfast",13,"Breakfast","Spring 2025","Control","Breakfast","Main","Satellite","Breakfast"
"4470","25-Mar","Add Bacon",37,"Breakfast","Spring 2025","Control","Breakfast","Modification","Satellite","Breakfast"
"4471","25-Mar","Two Eggs",14,"Breakfast","Spring 2025","Control","Breakfast","Side","Satellite","Breakfast"
"4472","25-Mar","Trillium Home Fries",2,"Breakfast","Spring 2025","Control","Breakfast","Side","Satellite","Breakfast"
"4473","25-Mar","Pancake Single",2,"Breakfast","Spring 2025","Control","Breakfast","Side","Satellite","Breakfast"
"4474","25-Mar","2 Slices Toast",2,"Breakfast","Spring 2025","Control","Breakfast","Side","Satellite","Breakfast"
"4475","25-Mar","PC Peanut Butter",2,"Breakfast","Spring 2025","Control","Breakfast","Side","Satellite","Breakfast"
"4476","25-Mar","PC Jelly",1,"Breakfast","Spring 2025","Control","Breakfast","Side","Satellite","Breakfast"
"4477","25-Mar","Create Your Pasta Bowl MEAT",94,"Italian","Spring 2025","Control","Pasta","Main","Satellite","Lunch"
"4478","25-Mar","Create Your Pasta Bowl VEG",24,"Italian","Spring 2025","Control","Pasta","Main","Satellite","Lunch"
"4479","25-Mar","Pizza with Toppings",25,"Italian","Spring 2025","Control","Pizza","Main","Satellite","Lunch"
"4480","25-Mar","Pizza Cheese",21,"Italian","Spring 2025","Control","Pizza","Main","Satellite","Lunch"
"4481","25-Mar","Add Extra Meat",21,"Italian","Spring 2025","Control","Pasta","Modification","Satellite","Lunch"
"4482","25-Mar","Side Bread Pasta Station",3,"Italian","Spring 2025","Control","Pasta","Side","Satellite","Lunch"
"4483","25-Mar","Burrito Bowl BYO",121,"Mexican","Spring 2025","Control","Wrap","Main","Satellite","Lunch"
"4484","25-Mar","Single Taco",10,"Mexican","Spring 2025","Control","Wrap","Main","Satellite","Lunch"
"4485","25-Mar","Side Guacamole",3,"Mexican","Spring 2025","Control","Wrap","Side","Satellite","Lunch"
"4486","25-Mar","Side Salsa",2,"Mexican","Spring 2025","Control","Wrap","Side","Satellite","Lunch"
"4487","25-Mar","Side Sour Cream",2,"Mexican","Spring 2025","Control","Wrap","Side","Satellite","Lunch"
"4488","25-Mar","Add Extra Toppings Una Mano",1,"Mexican","Spring 2025","Control","Wrap","Modification","Satellite","Lunch"
"4489","25-Mar","LTO Spicy Chicken Sandwich",27,"Grab N Go","Spring 2025","Control","Grab N Go","Main","Satellite","Lunch"
"4490","25-Mar","LTO Meatball Sub",16,"Grab N Go","Spring 2025","Control","Grab N Go","Main","Satellite","Lunch"
"4491","25-Mar","Egg Cheese Sausage Breakfast Sandwich",22,"Grab N Go","Spring 2025","Control","Grab N Go","Main","Satellite","Lunch"
"4492","25-Mar","Egg Cheese Bacon Breakfast Sandwich",21,"Grab N Go","Spring 2025","Control","Grab N Go","Main","Satellite","Lunch"
"4493","25-Mar","Salad by the Pound",46,"Salad Bar","Spring 2025","Control","Salad Bar","Main","Satellite","Lunch"
"4494","25-Mar","Add Extra Protein 3.99",1,"Salad Bar","Spring 2025","Control","Salad Bar","Modification","Satellite","Lunch"
"4495","25-Mar","Soup 12 oz",47,"Soup","Spring 2025","Control","Soup","Main","Satellite","Lunch"
"4496","25-Mar","8 oz Soup",43,"Soup","Spring 2025","Control","Soup","Main","Satellite","Lunch"
"4497","26-Mar","Quesadilla Deluxe Trillium",181,"Grill","Spring 2025","Control","Quesadilla","Main","Satellite","Lunch"
"4498","26-Mar","Grilled Hamburger",108,"Grill","Spring 2025","Control","Grill","Main","Treatment","Lunch"
"4499","26-Mar","Fried Chicken Tenders",72,"Grab N Go","Spring 2025","Control","Grab N Go","Side","Satellite","Lunch"
"4500","26-Mar","Burrito Una Mano Trillium BYO",56,"Grill","Spring 2025","Control","Quesadilla","Main","Satellite","Lunch"
"4501","26-Mar","French Fries",119,"Grill","Spring 2025","Control","Grill","Side","Treatment","Lunch"
"4502","26-Mar","Grilled Chicken Breast Sandwich",19,"Grill","Spring 2025","Control","Grill","Main","Treatment","Lunch"
"4503","26-Mar","Quesadilla Cheese",14,"Grill","Spring 2025","Control","Quesadilla","Main","Satellite","Lunch"
"4504","26-Mar","Sweet Potato Fries",36,"Grill","Spring 2025","Control","Grill","Side","Treatment","Lunch"
"4505","26-Mar","Black Bean Burger",7,"Grill","Spring 2025","Control","Grill","Main","Treatment","Lunch"
"4506","26-Mar","Trillium Grill Impossible Burger",5,"Grill","Spring 2025","Control","Grill","Main","Treatment","Lunch"
"4507","26-Mar","Seared Salmon Burger",6,"Grill","Spring 2025","Control","Grill","Main","Treatment","Lunch"
"4508","26-Mar","+ Beef Patty",12,"Grill","Spring 2025","Control","Grill","Modification","Treatment","Lunch"
"4509","26-Mar","Side Potato Tots",10,"Grab N Go","Spring 2025","Control","Grab N Go","Side","Satellite","Lunch"
"4510","26-Mar","ADD Chicken Breast",3,"Grill","Spring 2025","Control","Grill","Modification","Treatment","Lunch"
"4511","26-Mar","Add Egg .99",9,"Grill","Spring 2025","Control","Grill","Modification","Treatment","Lunch"
"4512","26-Mar","Add Sausage 2 Patty",3,"Grill","Spring 2025","Control","Grill","Modification","Treatment","Lunch"
"4513","26-Mar","ADD Cheese",2,"Grill","Spring 2025","Control","Grill","Modification","Treatment","Lunch"
"4514","26-Mar","1 Entree + 1 Side",167,"Asian","Spring 2025","Control","Wok","Main","Satellite","Lunch"
"4515","26-Mar","1 Entree + 2 Side",74,"Asian","Spring 2025","Control","Wok","Main","Satellite","Lunch"
"4516","26-Mar","Bowl Ramen Chicken",52,"Asian","Spring 2025","Control","Ramen","Main","Treatment","Lunch"
"4517","26-Mar","2 Entrees + 2 Sides",16,"Asian","Spring 2025","Control","Wok","Main","Satellite","Lunch"
"4518","26-Mar","Bowl Ramen Tofu",16,"Asian","Spring 2025","Control","Ramen","Main","Treatment","Lunch"
"4519","26-Mar","1 Wok Entree",14,"Asian","Spring 2025","Control","Wok","Main","Satellite","Lunch"
"4520","26-Mar","Side Vegetarian Lo Mein",7,"Asian","Spring 2025","Control","Wok","Side","Satellite","Lunch"
"4521","26-Mar","Side Vegetable Spring Rolls",6,"Asian","Spring 2025","Control","Wok","Side","Satellite","Lunch"
"4522","26-Mar","Side White or Brown Rice",10,"Asian","Spring 2025","Control","Wok","Side","Satellite","Lunch"
"4523","26-Mar","Side Vegetables",2,"Asian","Spring 2025","Control","Wok","Side","Satellite","Lunch"
"4524","26-Mar","Side Vegetarian Fried Rice with",1,"Asian","Spring 2025","Control","Wok","Side","Satellite","Lunch"
"4525","26-Mar","Create Your Pasta Bowl MEAT",103,"Italian","Spring 2025","Control","Pasta","Main","Satellite","Lunch"
"4526","26-Mar","Pizza with Toppings",31,"Italian","Spring 2025","Control","Pizza","Main","Satellite","Lunch"
"4527","26-Mar","Create Your Pasta Bowl VEG",20,"Italian","Spring 2025","Control","Pasta","Main","Satellite","Lunch"
"4528","26-Mar","Add Extra Meat",32,"Italian","Spring 2025","Control","Pasta","Modification","Satellite","Lunch"
"4529","26-Mar","Pizza Cheese",14,"Italian","Spring 2025","Control","Pizza","Main","Satellite","Lunch"
"4530","26-Mar","Side Bread Pasta Station",1,"Italian","Spring 2025","Control","Pasta","Side","Satellite","Lunch"
"4531","26-Mar","Burrito Breakfast",85,"Breakfast","Spring 2025","Control","Breakfast","Main","Satellite","Breakfast"
"4532","26-Mar","Small French Omelet",61,"Breakfast","Spring 2025","Control","Breakfast","Side","Satellite","Breakfast"
"4533","26-Mar","Grand Slam Breakfast",11,"Breakfast","Spring 2025","Control","Breakfast","Main","Satellite","Breakfast"
"4534","26-Mar","Add Bacon",28,"Breakfast","Spring 2025","Control","Breakfast","Modification","Satellite","Breakfast"
"4535","26-Mar","Two Eggs",18,"Breakfast","Spring 2025","Control","Breakfast","Side","Satellite","Breakfast"
"4536","26-Mar","Trillium Home Fries",2,"Breakfast","Spring 2025","Control","Breakfast","Side","Satellite","Breakfast"
"4537","26-Mar","Pancake Single",2,"Breakfast","Spring 2025","Control","Breakfast","Side","Satellite","Breakfast"
"4538","26-Mar","2 Slices Toast",2,"Breakfast","Spring 2025","Control","Breakfast","Side","Satellite","Breakfast"
"4539","26-Mar","PC Jelly",2,"Breakfast","Spring 2025","Control","Breakfast","Side","Satellite","Breakfast"
"4540","26-Mar","Toast",1,"Breakfast","Spring 2025","Control","Breakfast","Side","Satellite","Breakfast"
"4541","26-Mar","Burrito Bowl BYO",116,"Mexican","Spring 2025","Control","Wrap","Main","Satellite","Lunch"
"4542","26-Mar","Side Guacamole",1,"Mexican","Spring 2025","Control","Wrap","Side","Satellite","Lunch"
"4543","26-Mar","Side Salsa",1,"Mexican","Spring 2025","Control","Wrap","Side","Satellite","Lunch"
"4544","26-Mar","Soup 12 oz",49,"Soup","Spring 2025","Control","Soup","Main","Satellite","Lunch"
"4545","26-Mar","8 oz Soup",41,"Soup","Spring 2025","Control","Soup","Main","Satellite","Lunch"
"4546","26-Mar","LTO Spicy Chicken Sandwich",26,"Grab N Go","Spring 2025","Control","Grab N Go","Main","Satellite","Lunch"
"4547","26-Mar","Egg Cheese Bacon Breakfast Sandwich",22,"Grab N Go","Spring 2025","Control","Grab N Go","Main","Satellite","Lunch"
"4548","26-Mar","Egg Cheese Sausage Breakfast Sandwich",22,"Grab N Go","Spring 2025","Control","Grab N Go","Main","Satellite","Lunch"
"4549","26-Mar","Salad by the Pound",39,"Salad Bar","Spring 2025","Control","Salad Bar","Main","Satellite","Lunch"
"4550","26-Mar","Add Extra Protein 3.99",2,"Salad Bar","Spring 2025","Control","Salad Bar","Modification","Satellite","Lunch"
"4551","27-Mar","Quesadilla Deluxe Trillium",166,"Grill","Spring 2025","Control","Quesadilla","Main","Satellite","Lunch"
"4552","27-Mar","Grilled Hamburger",99,"Grill","Spring 2025","Control","Grill","Main","Treatment","Lunch"
"4553","27-Mar","Fried Chicken Tenders",85,"Grab N Go","Spring 2025","Control","Grab N Go","Side","Satellite","Lunch"
"4554","27-Mar","Burrito Una Mano Trillium BYO",65,"Grill","Spring 2025","Control","Quesadilla","Main","Satellite","Lunch"
"4555","27-Mar","French Fries",130,"Grill","Spring 2025","Control","Grill","Side","Treatment","Lunch"
"4556","27-Mar","Quesadilla Cheese",25,"Grill","Spring 2025","Control","Quesadilla","Main","Satellite","Lunch"
"4557","27-Mar","Sweet Potato Fries",33,"Grill","Spring 2025","Control","Grill","Side","Treatment","Lunch"
"4558","27-Mar","Grilled Chicken Breast Sandwich",10,"Grill","Spring 2025","Control","Grill","Main","Treatment","Lunch"
"4559","27-Mar","Seared Salmon Burger",10,"Grill","Spring 2025","Control","Grill","Main","Treatment","Lunch"
"4560","27-Mar","Trillium Grill Impossible Burger",7,"Grill","Spring 2025","Control","Grill","Main","Treatment","Lunch"
"4561","27-Mar","+ Beef Patty",13,"Grill","Spring 2025","Control","Grill","Modification","Treatment","Lunch"
"4562","27-Mar","Side Potato Tots",16,"Grab N Go","Spring 2025","Control","Grab N Go","Side","Satellite","Lunch"
"4563","27-Mar","Black Bean Burger",1,"Grill","Spring 2025","Control","Grill","Main","Treatment","Lunch"
"4564","27-Mar","Add Sausage 2 Patty",3,"Grill","Spring 2025","Control","Grill","Modification","Treatment","Lunch"
"4565","27-Mar","ADD Chicken Breast",1,"Grill","Spring 2025","Control","Grill","Modification","Treatment","Lunch"
"4566","27-Mar","Add Egg .99",3,"Grill","Spring 2025","Control","Grill","Modification","Treatment","Lunch"
"4567","27-Mar","ADD Cheese",1,"Grill","Spring 2025","Control","Grill","Modification","Treatment","Lunch"
"4568","27-Mar","1 Entree + 1 Side",167,"Asian","Spring 2025","Control","Wok","Main","Satellite","Lunch"
"4569","27-Mar","1 Entree + 2 Side",74,"Asian","Spring 2025","Control","Wok","Main","Satellite","Lunch"
"4570","27-Mar","Bowl Ramen Chicken",61,"Asian","Spring 2025","Control","Ramen","Main","Treatment","Lunch"
"4571","27-Mar","2 Entrees + 2 Sides",25,"Asian","Spring 2025","Control","Wok","Main","Satellite","Lunch"
"4572","27-Mar","Bowl Ramen Tofu",20,"Asian","Spring 2025","Control","Ramen","Main","Treatment","Lunch"
"4573","27-Mar","Side Vegetarian Lo Mein",10,"Asian","Spring 2025","Control","Wok","Side","Satellite","Lunch"
"4574","27-Mar","1 Wok Entree",5,"Asian","Spring 2025","Control","Wok","Main","Satellite","Lunch"
"4575","27-Mar","Side Fried Spring Roll",4,"Asian","Spring 2025","Control","Wok","Side","Satellite","Lunch"
"4576","27-Mar","Side White or Brown Rice",5,"Asian","Spring 2025","Control","Wok","Side","Satellite","Lunch"
"4577","27-Mar","Side Vegetables",2,"Asian","Spring 2025","Control","Wok","Side","Satellite","Lunch"
"4578","27-Mar","Side Vegetable Spring Rolls",2,"Asian","Spring 2025","Control","Wok","Side","Satellite","Lunch"
"4579","27-Mar","Burrito Breakfast",95,"Breakfast","Spring 2025","Control","Breakfast","Main","Satellite","Breakfast"
"4580","27-Mar","Small French Omelet",52,"Breakfast","Spring 2025","Control","Breakfast","Side","Satellite","Breakfast"
"4581","27-Mar","Grand Slam Breakfast",17,"Breakfast","Spring 2025","Control","Breakfast","Main","Satellite","Breakfast"
"4582","27-Mar","Add Bacon",31,"Breakfast","Spring 2025","Control","Breakfast","Modification","Satellite","Breakfast"
"4583","27-Mar","Two Eggs",15,"Breakfast","Spring 2025","Control","Breakfast","Side","Satellite","Breakfast"
"4584","27-Mar","Trillium Home Fries",4,"Breakfast","Spring 2025","Control","Breakfast","Side","Satellite","Breakfast"
"4585","27-Mar","Pancake Single",1,"Breakfast","Spring 2025","Control","Breakfast","Side","Satellite","Breakfast"
"4586","27-Mar","2 Slices Toast",2,"Breakfast","Spring 2025","Control","Breakfast","Side","Satellite","Breakfast"
"4587","27-Mar","PC Peanut Butter",1,"Breakfast","Spring 2025","Control","Breakfast","Side","Satellite","Breakfast"
"4588","27-Mar","Create Your Pasta Bowl MEAT",74,"Italian","Spring 2025","Control","Pasta","Main","Satellite","Lunch"
"4589","27-Mar","Create Your Pasta Bowl VEG",27,"Italian","Spring 2025","Control","Pasta","Main","Satellite","Lunch"
"4590","27-Mar","Pizza with Toppings",32,"Italian","Spring 2025","Control","Pizza","Main","Satellite","Lunch"
"4591","27-Mar","Pizza Cheese",16,"Italian","Spring 2025","Control","Pizza","Main","Satellite","Lunch"
"4592","27-Mar","Add Extra Meat",22,"Italian","Spring 2025","Control","Pasta","Modification","Satellite","Lunch"
"4593","27-Mar","Side Bread Pasta Station",1,"Italian","Spring 2025","Control","Pasta","Side","Satellite","Lunch"
"4594","27-Mar","Burrito Bowl BYO",84,"Mexican","Spring 2025","Control","Wrap","Main","Satellite","Lunch"
"4595","27-Mar","Single Taco",2,"Mexican","Spring 2025","Control","Wrap","Main","Satellite","Lunch"
"4596","27-Mar","Side Guacamole",4,"Mexican","Spring 2025","Control","Wrap","Side","Satellite","Lunch"
"4597","27-Mar","Side Salsa",3,"Mexican","Spring 2025","Control","Wrap","Side","Satellite","Lunch"
"4598","27-Mar","Side Sour Cream",2,"Mexican","Spring 2025","Control","Wrap","Side","Satellite","Lunch"
"4599","27-Mar","LTO Spicy Chicken Sandwich",30,"Grab N Go","Spring 2025","Control","Grab N Go","Main","Satellite","Lunch"
"4600","27-Mar","Egg Cheese Bacon Breakfast Sandwich",13,"Grab N Go","Spring 2025","Control","Grab N Go","Main","Satellite","Lunch"
"4601","27-Mar","LTO Meatball Sub",8,"Grab N Go","Spring 2025","Control","Grab N Go","Main","Satellite","Lunch"
"4602","27-Mar","Egg Cheese Sausage Breakfast Sandwich",10,"Grab N Go","Spring 2025","Control","Grab N Go","Main","Satellite","Lunch"
"4603","27-Mar","Soup 12 oz",40,"Soup","Spring 2025","Control","Soup","Main","Satellite","Lunch"
"4604","27-Mar","8 oz Soup",29,"Soup","Spring 2025","Control","Soup","Main","Satellite","Lunch"
"4605","27-Mar","Salad by the Pound",39,"Salad Bar","Spring 2025","Control","Salad Bar","Main","Satellite","Lunch"
"4606","27-Mar","Add Extra Protein 3.99",1,"Salad Bar","Spring 2025","Control","Salad Bar","Modification","Satellite","Lunch"
"4607","28-Mar","Quesadilla Deluxe Trillium",77,"Grill","Spring 2025","Control","Quesadilla","Main","Satellite","Lunch"
"4608","28-Mar","Grilled Hamburger",29,"Grill","Spring 2025","Control","Grill","Main","Treatment","Lunch"
"4609","28-Mar","Burrito Una Mano Trillium BYO",26,"Grill","Spring 2025","Control","Quesadilla","Main","Satellite","Lunch"
"4610","28-Mar","Fried Chicken Tenders",24,"Grab N Go","Spring 2025","Control","Grab N Go","Side","Satellite","Lunch"
"4611","28-Mar","French Fries",52,"Grill","Spring 2025","Control","Grill","Side","Treatment","Lunch"
"4612","28-Mar","Quesadilla Cheese",13,"Grill","Spring 2025","Control","Quesadilla","Main","Satellite","Lunch"
"4613","28-Mar","Grilled Chicken Breast Sandwich",8,"Grill","Spring 2025","Control","Grill","Main","Treatment","Lunch"
"4614","28-Mar","Black Bean Burger",5,"Grill","Spring 2025","Control","Grill","Main","Treatment","Lunch"
"4615","28-Mar","Seared Salmon Burger",5,"Grill","Spring 2025","Control","Grill","Main","Treatment","Lunch"
"4616","28-Mar","Sweet Potato Fries",14,"Grill","Spring 2025","Control","Grill","Side","Treatment","Lunch"
"4617","28-Mar","Trillium Grill Impossible Burger",3,"Grill","Spring 2025","Control","Grill","Main","Treatment","Lunch"
"4618","28-Mar","Side Potato Tots",7,"Grab N Go","Spring 2025","Control","Grab N Go","Side","Satellite","Lunch"
"4619","28-Mar","+ Beef Patty",4,"Grill","Spring 2025","Control","Grill","Modification","Treatment","Lunch"
"4620","28-Mar","ADD Chicken Breast",3,"Grill","Spring 2025","Control","Grill","Modification","Treatment","Lunch"
"4621","28-Mar","Add Sausage 2 Patty",2,"Grill","Spring 2025","Control","Grill","Modification","Treatment","Lunch"
"4622","28-Mar","Add Egg .99",1,"Grill","Spring 2025","Control","Grill","Modification","Treatment","Lunch"
"4623","28-Mar","1 Entree + 1 Side",62,"Asian","Spring 2025","Control","Wok","Main","Satellite","Lunch"
"4624","28-Mar","Bowl Ramen Chicken",32,"Asian","Spring 2025","Control","Ramen","Main","Treatment","Lunch"
"4625","28-Mar","1 Entree + 2 Side",26,"Asian","Spring 2025","Control","Wok","Main","Satellite","Lunch"
"4626","28-Mar","2 Entrees + 2 Sides",13,"Asian","Spring 2025","Control","Wok","Main","Satellite","Lunch"
"4627","28-Mar","Bowl Ramen Tofu",6,"Asian","Spring 2025","Control","Ramen","Main","Treatment","Lunch"
"4628","28-Mar","Bowl Ramen Chicken",1,"Asian","Spring 2025","Control","Ramen","Main","Treatment","Lunch"
"4629","28-Mar","Side Vegetarian Lo Mein",2,"Asian","Spring 2025","Control","Wok","Side","Satellite","Lunch"
"4630","28-Mar","1 Wok Entree",1,"Asian","Spring 2025","Control","Wok","Main","Satellite","Lunch"
"4631","28-Mar","Side White or Brown Rice",2,"Asian","Spring 2025","Control","Wok","Side","Satellite","Lunch"
"4632","28-Mar","Side Fried Spring Roll",1,"Asian","Spring 2025","Control","Wok","Side","Satellite","Lunch"
"4633","28-Mar","Burrito Breakfast",65,"Breakfast","Spring 2025","Control","Breakfast","Main","Satellite","Breakfast"
"4634","28-Mar","Small French Omelet",37,"Breakfast","Spring 2025","Control","Breakfast","Side","Satellite","Breakfast"
"4635","28-Mar","Grand Slam Breakfast",5,"Breakfast","Spring 2025","Control","Breakfast","Main","Satellite","Breakfast"
"4636","28-Mar","Add Bacon",11,"Breakfast","Spring 2025","Control","Breakfast","Modification","Satellite","Breakfast"
"4637","28-Mar","Trillium Home Fries",4,"Breakfast","Spring 2025","Control","Breakfast","Side","Satellite","Breakfast"
"4638","28-Mar","Two Eggs",6,"Breakfast","Spring 2025","Control","Breakfast","Side","Satellite","Breakfast"
"4639","28-Mar","Pancake Single",4,"Breakfast","Spring 2025","Control","Breakfast","Side","Satellite","Breakfast"
"4640","28-Mar","2 Slices Toast",1,"Breakfast","Spring 2025","Control","Breakfast","Side","Satellite","Breakfast"
"4641","28-Mar","Create Your Pasta Bowl MEAT",34,"Italian","Spring 2025","Control","Pasta","Main","Satellite","Lunch"
"4642","28-Mar","Pizza with Toppings",19,"Italian","Spring 2025","Control","Pizza","Main","Satellite","Lunch"
"4643","28-Mar","Create Your Pasta Bowl VEG",10,"Italian","Spring 2025","Control","Pasta","Main","Satellite","Lunch"
"4644","28-Mar","Pizza Cheese",10,"Italian","Spring 2025","Control","Pizza","Main","Satellite","Lunch"
"4645","28-Mar","Add Extra Meat",7,"Italian","Spring 2025","Control","Pasta","Modification","Satellite","Lunch"
"4646","28-Mar","Side Bread Pasta Station",2,"Italian","Spring 2025","Control","Pasta","Side","Satellite","Lunch"
"4647","28-Mar","Burrito Bowl BYO",36,"Mexican","Spring 2025","Control","Wrap","Main","Satellite","Lunch"
"4648","28-Mar","Single Taco",5,"Mexican","Spring 2025","Control","Wrap","Main","Satellite","Lunch"
"4649","28-Mar","8 oz Soup",23,"Soup","Spring 2025","Control","Soup","Main","Satellite","Lunch"
"4650","28-Mar","Soup 12 oz",18,"Soup","Spring 2025","Control","Soup","Main","Satellite","Lunch"
"4651","28-Mar","LTO Spicy Chicken Sandwich",12,"Grab N Go","Spring 2025","Control","Grab N Go","Main","Satellite","Lunch"
"4652","28-Mar","LTO Meatball Sub",10,"Grab N Go","Spring 2025","Control","Grab N Go","Main","Satellite","Lunch"
"4653","28-Mar","Salad by the Pound",15,"Salad Bar","Spring 2025","Control","Salad Bar","Main","Satellite","Lunch"
"4654","28-Mar","Add Extra Protein 3.99",4,"Salad Bar","Spring 2025","Control","Salad Bar","Modification","Satellite","Lunch"
"4655","7-Apr","Quesadilla Deluxe Trillium",142,"Grill","Spring 2025","Control","Quesadilla","Main","Satellite","Lunch"
"4656","7-Apr","Grilled Hamburger",77,"Grill","Spring 2025","Control","Grill","Main","Treatment","Lunch"
"4657","7-Apr","Fried Chicken Tenders",57,"Grab N Go","Spring 2025","Control","Grab N Go","Side","Satellite","Lunch"
"4658","7-Apr","Burrito Una Mano Trillium BYO",42,"Grill","Spring 2025","Control","Quesadilla","Main","Satellite","Lunch"
"4659","7-Apr","French Fries",89,"Grill","Spring 2025","Control","Grill","Side","Treatment","Lunch"
"4660","7-Apr","Quesadilla Cheese",19,"Grill","Spring 2025","Control","Quesadilla","Main","Satellite","Lunch"
"4661","7-Apr","Grilled Chicken Breast Sandwich",17,"Grill","Spring 2025","Control","Grill","Main","Treatment","Lunch"
"4662","7-Apr","Sweet Potato Fries",27,"Grill","Spring 2025","Control","Grill","Side","Treatment","Lunch"
"4663","7-Apr","+ Beef Patty",13,"Grill","Spring 2025","Control","Grill","Modification","Treatment","Lunch"
"4664","7-Apr","Black Bean Burger",4,"Grill","Spring 2025","Control","Grill","Main","Treatment","Lunch"
"4665","7-Apr","Seared Salmon Burger",4,"Grill","Spring 2025","Control","Grill","Main","Treatment","Lunch"
"4666","7-Apr","Trillium Grill Impossible Burger",3,"Grill","Spring 2025","Control","Grill","Main","Treatment","Lunch"
"4667","7-Apr","Side Potato Tots",8,"Grab N Go","Spring 2025","Control","Grab N Go","Side","Satellite","Lunch"
"4668","7-Apr","ADD Chicken Breast",2,"Grill","Spring 2025","Control","Grill","Modification","Treatment","Lunch"
"4669","7-Apr","Add Sausage 2 Patty",2,"Grill","Spring 2025","Control","Grill","Modification","Treatment","Lunch"
"4670","7-Apr","Add Egg .99",2,"Grill","Spring 2025","Control","Grill","Modification","Treatment","Lunch"
"4671","7-Apr","ADD Cheese",2,"Grill","Spring 2025","Control","Grill","Modification","Treatment","Lunch"
"4672","7-Apr","1 Entree + 1 Side",152,"Asian","Spring 2025","Control","Wok","Main","Satellite","Lunch"
"4673","7-Apr","1 Entree + 2 Side",62,"Asian","Spring 2025","Control","Wok","Main","Satellite","Lunch"
"4674","7-Apr","Bowl Ramen Chicken",50,"Asian","Spring 2025","Control","Ramen","Main","Treatment","Lunch"
"4675","7-Apr","2 Entrees + 2 Sides",17,"Asian","Spring 2025","Control","Wok","Main","Satellite","Lunch"
"4676","7-Apr","Bowl Ramen Tofu",17,"Asian","Spring 2025","Control","Ramen","Main","Treatment","Lunch"
"4677","7-Apr","1 Wok Entree",6,"Asian","Spring 2025","Control","Wok","Main","Satellite","Lunch"
"4678","7-Apr","Side Vegetarian Lo Mein",7,"Asian","Spring 2025","Control","Wok","Side","Satellite","Lunch"
"4679","7-Apr","Side White or Brown Rice",8,"Asian","Spring 2025","Control","Wok","Side","Satellite","Lunch"
"4680","7-Apr","Bowl Ramen Chicken",1,"Asian","Spring 2025","Control","Ramen","Main","Treatment","Lunch"
"4681","7-Apr","Side Vegetable Spring Rolls",1,"Asian","Spring 2025","Control","Wok","Side","Satellite","Lunch"
"4682","7-Apr","Create Your Pasta Bowl MEAT",93,"Italian","Spring 2025","Control","Pasta","Main","Satellite","Lunch"
"4683","7-Apr","Create Your Pasta Bowl VEG",21,"Italian","Spring 2025","Control","Pasta","Main","Satellite","Lunch"
"4684","7-Apr","Pizza with Toppings",22,"Italian","Spring 2025","Control","Pizza","Main","Satellite","Lunch"
"4685","7-Apr","Add Extra Meat",33,"Italian","Spring 2025","Control","Pasta","Modification","Satellite","Lunch"
"4686","7-Apr","Pizza Cheese",16,"Italian","Spring 2025","Control","Pizza","Main","Satellite","Lunch"
"4687","7-Apr","Burrito Breakfast",93,"Breakfast","Spring 2025","Control","Breakfast","Main","Satellite","Breakfast"
"4688","7-Apr","Small French Omelet",47,"Breakfast","Spring 2025","Control","Breakfast","Side","Satellite","Breakfast"
"4689","7-Apr","Grand Slam Breakfast",12,"Breakfast","Spring 2025","Control","Breakfast","Main","Satellite","Breakfast"
"4690","7-Apr","Add Bacon",28,"Breakfast","Spring 2025","Control","Breakfast","Modification","Satellite","Breakfast"
"4691","7-Apr","Two Eggs",18,"Breakfast","Spring 2025","Control","Breakfast","Side","Satellite","Breakfast"
"4692","7-Apr","Trillium Home Fries",7,"Breakfast","Spring 2025","Control","Breakfast","Side","Satellite","Breakfast"
"4693","7-Apr","2 Slices Toast",2,"Breakfast","Spring 2025","Control","Breakfast","Side","Satellite","Breakfast"
"4694","7-Apr","Toast",2,"Breakfast","Spring 2025","Control","Breakfast","Side","Satellite","Breakfast"
"4695","7-Apr","Burrito Bowl BYO",105,"Mexican","Spring 2025","Control","Wrap","Main","Satellite","Lunch"
"4696","7-Apr","Side Guacamole",5,"Mexican","Spring 2025","Control","Wrap","Side","Satellite","Lunch"
"4697","7-Apr","Single Taco",1,"Mexican","Spring 2025","Control","Wrap","Main","Satellite","Lunch"
"4698","7-Apr","Side Salsa",1,"Mexican","Spring 2025","Control","Wrap","Side","Satellite","Lunch"
"4699","7-Apr","Side Sour Cream",1,"Mexican","Spring 2025","Control","Wrap","Side","Satellite","Lunch"
"4700","7-Apr","Salad by the Pound",51,"Salad Bar","Spring 2025","Control","Salad Bar","Main","Satellite","Lunch"
"4701","7-Apr","Add Extra Protein 3.99",1,"Salad Bar","Spring 2025","Control","Salad Bar","Modification","Satellite","Lunch"
"4702","7-Apr","LTO Spicy Chicken Sandwich",25,"Grab N Go","Spring 2025","Control","Grab N Go","Main","Satellite","Lunch"
"4703","7-Apr","Egg Cheese Sausage Breakfast Sandwich",18,"Grab N Go","Spring 2025","Control","Grab N Go","Main","Satellite","Lunch"
"4704","7-Apr","Egg Cheese Bacon Breakfast Sandwich",13,"Grab N Go","Spring 2025","Control","Grab N Go","Main","Satellite","Lunch"
"4705","7-Apr","Soup 12 oz",31,"Soup","Spring 2025","Control","Soup","Main","Satellite","Lunch"
"4706","7-Apr","8 oz Soup",32,"Soup","Spring 2025","Control","Soup","Main","Satellite","Lunch"
"4707","8-Apr","Quesadilla Deluxe Trillium",176,"Grill","Spring 2025","Control","Quesadilla","Main","Satellite","Lunch"
"4708","8-Apr","Grilled Hamburger",113,"Grill","Spring 2025","Control","Grill","Main","Treatment","Lunch"
"4709","8-Apr","Fried Chicken Tenders",105,"Grab N Go","Spring 2025","Control","Grab N Go","Side","Satellite","Lunch"
"4710","8-Apr","Burrito Una Mano Trillium BYO",70,"Grill","Spring 2025","Control","Quesadilla","Main","Satellite","Lunch"
"4711","8-Apr","French Fries",124,"Grill","Spring 2025","Control","Grill","Side","Treatment","Lunch"
"4712","8-Apr","Grilled Chicken Breast Sandwich",28,"Grill","Spring 2025","Control","Grill","Main","Treatment","Lunch"
"4713","8-Apr","Quesadilla Cheese",22,"Grill","Spring 2025","Control","Quesadilla","Main","Satellite","Lunch"
"4714","8-Apr","Trillium Grill Impossible Burger",13,"Grill","Spring 2025","Control","Grill","Main","Treatment","Lunch"
"4715","8-Apr","Sweet Potato Fries",40,"Grill","Spring 2025","Control","Grill","Side","Treatment","Lunch"
"4716","8-Apr","Seared Salmon Burger",11,"Grill","Spring 2025","Control","Grill","Main","Treatment","Lunch"
"4717","8-Apr","+ Beef Patty",15,"Grill","Spring 2025","Control","Grill","Modification","Treatment","Lunch"
"4718","8-Apr","Side Potato Tots",10,"Grab N Go","Spring 2025","Control","Grab N Go","Side","Satellite","Lunch"
"4719","8-Apr","Black Bean Burger",2,"Grill","Spring 2025","Control","Grill","Main","Treatment","Lunch"
"4720","8-Apr","Add Egg .99",8,"Grill","Spring 2025","Control","Grill","Modification","Treatment","Lunch"
"4721","8-Apr","Add Sausage 2 Patty",2,"Grill","Spring 2025","Control","Grill","Modification","Treatment","Lunch"
"4722","8-Apr","ADD Chicken Breast",1,"Grill","Spring 2025","Control","Grill","Modification","Treatment","Lunch"
"4723","8-Apr","ADD Cheese",3,"Grill","Spring 2025","Control","Grill","Modification","Treatment","Lunch"
"4724","8-Apr","1 Entree + 1 Side",193,"Asian","Spring 2025","Control","Wok","Main","Satellite","Lunch"
"4725","8-Apr","Bowl Ramen Chicken",84,"Asian","Spring 2025","Control","Ramen","Main","Treatment","Lunch"
"4726","8-Apr","1 Entree + 2 Side",62,"Asian","Spring 2025","Control","Wok","Main","Satellite","Lunch"
"4727","8-Apr","2 Entrees + 2 Sides",45,"Asian","Spring 2025","Control","Wok","Main","Satellite","Lunch"
"4728","8-Apr","Bowl Ramen Tofu",21,"Asian","Spring 2025","Control","Ramen","Main","Treatment","Lunch"
"4729","8-Apr","1 Wok Entree",8,"Asian","Spring 2025","Control","Wok","Main","Satellite","Lunch"
"4730","8-Apr","Side Vegetarian Lo Mein",8,"Asian","Spring 2025","Control","Wok","Side","Satellite","Lunch"
"4731","8-Apr","Side White or Brown Rice",7,"Asian","Spring 2025","Control","Wok","Side","Satellite","Lunch"
"4732","8-Apr","Side Vegetable Spring Rolls",3,"Asian","Spring 2025","Control","Wok","Side","Satellite","Lunch"
"4733","8-Apr","Side Vegetarian Fried Rice with",2,"Asian","Spring 2025","Control","Wok","Side","Satellite","Lunch"
"4734","8-Apr","Side Vegetables",1,"Asian","Spring 2025","Control","Wok","Side","Satellite","Lunch"
"4735","8-Apr","Burrito Breakfast",96,"Breakfast","Spring 2025","Control","Breakfast","Main","Satellite","Breakfast"
"4736","8-Apr","Small French Omelet",77,"Breakfast","Spring 2025","Control","Breakfast","Side","Satellite","Breakfast"
"4737","8-Apr","Grand Slam Breakfast",23,"Breakfast","Spring 2025","Control","Breakfast","Main","Satellite","Breakfast"
"4738","8-Apr","Add Bacon",34,"Breakfast","Spring 2025","Control","Breakfast","Modification","Satellite","Breakfast"
"4739","8-Apr","Two Eggs",15,"Breakfast","Spring 2025","Control","Breakfast","Side","Satellite","Breakfast"
"4740","8-Apr","Trillium Home Fries",5,"Breakfast","Spring 2025","Control","Breakfast","Side","Satellite","Breakfast"
"4741","8-Apr","2 Slices Toast",7,"Breakfast","Spring 2025","Control","Breakfast","Side","Satellite","Breakfast"
"4742","8-Apr","Pancake Single",1,"Breakfast","Spring 2025","Control","Breakfast","Side","Satellite","Breakfast"
"4743","8-Apr","Toast",1,"Breakfast","Spring 2025","Control","Breakfast","Side","Satellite","Breakfast"
"4744","8-Apr","PC Butter",1,"Breakfast","Spring 2025","Control","Breakfast","Side","Satellite","Breakfast"
"4745","8-Apr","PC Jelly",1,"Breakfast","Spring 2025","Control","Breakfast","Side","Satellite","Breakfast"
"4746","8-Apr","PC Peanut Butter",1,"Breakfast","Spring 2025","Control","Breakfast","Side","Satellite","Breakfast"
"4747","8-Apr","Create Your Pasta Bowl MEAT",108,"Italian","Spring 2025","Control","Pasta","Main","Satellite","Lunch"
"4748","8-Apr","Create Your Pasta Bowl VEG",29,"Italian","Spring 2025","Control","Pasta","Main","Satellite","Lunch"
"4749","8-Apr","Pizza with Toppings",32,"Italian","Spring 2025","Control","Pizza","Main","Satellite","Lunch"
"4750","8-Apr","Add Extra Meat",29,"Italian","Spring 2025","Control","Pasta","Modification","Satellite","Lunch"
"4751","8-Apr","Pizza Cheese",17,"Italian","Spring 2025","Control","Pizza","Main","Satellite","Lunch"
"4752","8-Apr","Side Bread Pasta Station",1,"Italian","Spring 2025","Control","Pasta","Side","Satellite","Lunch"
"4753","8-Apr","Burrito Bowl BYO",127,"Mexican","Spring 2025","Control","Wrap","Main","Satellite","Lunch"
"4754","8-Apr","Single Taco",8,"Mexican","Spring 2025","Control","Wrap","Main","Satellite","Lunch"
"4755","8-Apr","Side Guacamole",3,"Mexican","Spring 2025","Control","Wrap","Side","Satellite","Lunch"
"4756","8-Apr","Side Salsa",4,"Mexican","Spring 2025","Control","Wrap","Side","Satellite","Lunch"
"4757","8-Apr","Add Extra Toppings Una Mano",1,"Mexican","Spring 2025","Control","Wrap","Modification","Satellite","Lunch"
"4758","8-Apr","LTO Spicy Chicken Sandwich",35,"Grab N Go","Spring 2025","Control","Grab N Go","Main","Satellite","Lunch"
"4759","8-Apr","Egg Cheese Sausage Breakfast Sandwich",28,"Grab N Go","Spring 2025","Control","Grab N Go","Main","Satellite","Lunch"
"4760","8-Apr","LTO Meatball Sub",14,"Grab N Go","Spring 2025","Control","Grab N Go","Main","Satellite","Lunch"
"4761","8-Apr","Egg Cheese Bacon Breakfast Sandwich",19,"Grab N Go","Spring 2025","Control","Grab N Go","Main","Satellite","Lunch"
"4762","8-Apr","Salad by the Pound",65,"Salad Bar","Spring 2025","Control","Salad Bar","Main","Satellite","Lunch"
"4763","8-Apr","Add Extra Protein 3.99",2,"Salad Bar","Spring 2025","Control","Salad Bar","Modification","Satellite","Lunch"
"4764","8-Apr","Soup 12 oz",65,"Soup","Spring 2025","Control","Soup","Main","Satellite","Lunch"
"4765","8-Apr","8 oz Soup",37,"Soup","Spring 2025","Control","Soup","Main","Satellite","Lunch"
"4766","8-Apr","LTO Sandwich",3,"Deli","Spring 2025","Control","Deli","Main","Satellite","Lunch"
"4767","9-Apr","Quesadilla Deluxe Trillium",181,"Grill","Spring 2025","Control","Quesadilla","Main","Satellite","Lunch"
"4768","9-Apr","Grilled Hamburger",89,"Grill","Spring 2025","Control","Grill","Main","Treatment","Lunch"
"4769","9-Apr","Fried Chicken Tenders",80,"Grab N Go","Spring 2025","Control","Grab N Go","Side","Satellite","Lunch"
"4770","9-Apr","Burrito Una Mano Trillium BYO",59,"Grill","Spring 2025","Control","Quesadilla","Main","Satellite","Lunch"
"4771","9-Apr","French Fries",117,"Grill","Spring 2025","Control","Grill","Side","Treatment","Lunch"
"4772","9-Apr","Grilled Chicken Breast Sandwich",30,"Grill","Spring 2025","Control","Grill","Main","Treatment","Lunch"
"4773","9-Apr","Quesadilla Cheese",20,"Grill","Spring 2025","Control","Quesadilla","Main","Satellite","Lunch"
"4774","9-Apr","Sweet Potato Fries",35,"Grill","Spring 2025","Control","Grill","Side","Treatment","Lunch"
"4775","9-Apr","Seared Salmon Burger",10,"Grill","Spring 2025","Control","Grill","Main","Treatment","Lunch"
"4776","9-Apr","Trillium Grill Impossible Burger",6,"Grill","Spring 2025","Control","Grill","Main","Treatment","Lunch"
"4777","9-Apr","+ Beef Patty",14,"Grill","Spring 2025","Control","Grill","Modification","Treatment","Lunch"
"4778","9-Apr","Side Potato Tots",11,"Grab N Go","Spring 2025","Control","Grab N Go","Side","Satellite","Lunch"
"4779","9-Apr","ADD Chicken Breast",3,"Grill","Spring 2025","Control","Grill","Modification","Treatment","Lunch"
"4780","9-Apr","Black Bean Burger",1,"Grill","Spring 2025","Control","Grill","Main","Treatment","Lunch"
"4781","9-Apr","Add Egg .99",3,"Grill","Spring 2025","Control","Grill","Modification","Treatment","Lunch"
"4782","9-Apr","ADD Cheese",2,"Grill","Spring 2025","Control","Grill","Modification","Treatment","Lunch"
"4783","9-Apr","1 Entree + 1 Side",186,"Asian","Spring 2025","Control","Wok","Main","Satellite","Lunch"
"4784","9-Apr","1 Entree + 2 Side",84,"Asian","Spring 2025","Control","Wok","Main","Satellite","Lunch"
"4785","9-Apr","Bowl Ramen Chicken",69,"Asian","Spring 2025","Control","Ramen","Main","Treatment","Lunch"
"4786","9-Apr","2 Entrees + 2 Sides",18,"Asian","Spring 2025","Control","Wok","Main","Satellite","Lunch"
"4787","9-Apr","Bowl Ramen Tofu",14,"Asian","Spring 2025","Control","Ramen","Main","Treatment","Lunch"
"4788","9-Apr","1 Wok Entree",17,"Asian","Spring 2025","Control","Wok","Main","Satellite","Lunch"
"4789","9-Apr","Side Vegetarian Lo Mein",9,"Asian","Spring 2025","Control","Wok","Side","Satellite","Lunch"
"4790","9-Apr","Side White or Brown Rice",7,"Asian","Spring 2025","Control","Wok","Side","Satellite","Lunch"
"4791","9-Apr","Side Vegetable Spring Rolls",2,"Asian","Spring 2025","Control","Wok","Side","Satellite","Lunch"
"4792","9-Apr","Side Fried Spring Roll",1,"Asian","Spring 2025","Control","Wok","Side","Satellite","Lunch"
"4793","9-Apr","Side Vegetables",1,"Asian","Spring 2025","Control","Wok","Side","Satellite","Lunch"
"4794","9-Apr","Side Vegetarian Fried Rice with",1,"Asian","Spring 2025","Control","Wok","Side","Satellite","Lunch"
"4795","9-Apr","Create Your Pasta Bowl MEAT",125,"Italian","Spring 2025","Control","Pasta","Main","Satellite","Lunch"
"4796","9-Apr","Create Your Pasta Bowl VEG",23,"Italian","Spring 2025","Control","Pasta","Main","Satellite","Lunch"
"4797","9-Apr","Pizza with Toppings",23,"Italian","Spring 2025","Control","Pizza","Main","Satellite","Lunch"
"4798","9-Apr","Pizza Cheese",16,"Italian","Spring 2025","Control","Pizza","Main","Satellite","Lunch"
"4799","9-Apr","Add Extra Meat",23,"Italian","Spring 2025","Control","Pasta","Modification","Satellite","Lunch"
"4800","9-Apr","Burrito Breakfast",87,"Breakfast","Spring 2025","Control","Breakfast","Main","Satellite","Breakfast"
"4801","9-Apr","Small French Omelet",65,"Breakfast","Spring 2025","Control","Breakfast","Side","Satellite","Breakfast"
"4802","9-Apr","Grand Slam Breakfast",14,"Breakfast","Spring 2025","Control","Breakfast","Main","Satellite","Breakfast"
"4803","9-Apr","Add Bacon",24,"Breakfast","Spring 2025","Control","Breakfast","Modification","Satellite","Breakfast"
"4804","9-Apr","Two Eggs",16,"Breakfast","Spring 2025","Control","Breakfast","Side","Satellite","Breakfast"
"4805","9-Apr","Trillium Home Fries",6,"Breakfast","Spring 2025","Control","Breakfast","Side","Satellite","Breakfast"
"4806","9-Apr","Pancake Single",2,"Breakfast","Spring 2025","Control","Breakfast","Side","Satellite","Breakfast"
"4807","9-Apr","PC Peanut Butter",1,"Breakfast","Spring 2025","Control","Breakfast","Side","Satellite","Breakfast"
"4808","9-Apr","Burrito Bowl BYO",111,"Mexican","Spring 2025","Control","Wrap","Main","Satellite","Lunch"
"4809","9-Apr","Side Guacamole",6,"Mexican","Spring 2025","Control","Wrap","Side","Satellite","Lunch"
"4810","9-Apr","Side Salsa",1,"Mexican","Spring 2025","Control","Wrap","Side","Satellite","Lunch"
"4811","9-Apr","Side Sour Cream",1,"Mexican","Spring 2025","Control","Wrap","Side","Satellite","Lunch"
"4812","9-Apr","Salad by the Pound",68,"Salad Bar","Spring 2025","Control","Salad Bar","Main","Satellite","Lunch"
"4813","9-Apr","Add Extra Protein 3.99",2,"Salad Bar","Spring 2025","Control","Salad Bar","Modification","Satellite","Lunch"
"4814","9-Apr","Soup 12 oz",47,"Soup","Spring 2025","Control","Soup","Main","Satellite","Lunch"
"4815","9-Apr","8 oz Soup",51,"Soup","Spring 2025","Control","Soup","Main","Satellite","Lunch"
"4816","9-Apr","LTO Spicy Chicken Sandwich",34,"Grab N Go","Spring 2025","Control","Grab N Go","Main","Satellite","Lunch"
"4817","9-Apr","Egg Cheese Sausage Breakfast Sandwich",28,"Grab N Go","Spring 2025","Control","Grab N Go","Main","Satellite","Lunch"
"4818","9-Apr","Egg Cheese Bacon Breakfast Sandwich",16,"Grab N Go","Spring 2025","Control","Grab N Go","Main","Satellite","Lunch"
"4819","10-Apr","Quesadilla Deluxe Trillium",153,"Grill","Spring 2025","Control","Quesadilla","Main","Satellite","Lunch"
"4820","10-Apr","Grilled Hamburger",90,"Grill","Spring 2025","Control","Grill","Main","Treatment","Lunch"
"4821","10-Apr","Fried Chicken Tenders",104,"Grab N Go","Spring 2025","Control","Grab N Go","Side","Satellite","Lunch"
"4822","10-Apr","Burrito Una Mano Trillium BYO",77,"Grill","Spring 2025","Control","Quesadilla","Main","Satellite","Lunch"
"4823","10-Apr","French Fries",139,"Grill","Spring 2025","Control","Grill","Side","Treatment","Lunch"
"4824","10-Apr","Grilled Chicken Breast Sandwich",17,"Grill","Spring 2025","Control","Grill","Main","Treatment","Lunch"
"4825","10-Apr","Sweet Potato Fries",47,"Grill","Spring 2025","Control","Grill","Side","Treatment","Lunch"
"4826","10-Apr","Quesadilla Cheese",15,"Grill","Spring 2025","Control","Quesadilla","Main","Satellite","Lunch"
"4827","10-Apr","Seared Salmon Burger",10,"Grill","Spring 2025","Control","Grill","Main","Treatment","Lunch"
"4828","10-Apr","Trillium Grill Impossible Burger",8,"Grill","Spring 2025","Control","Grill","Main","Treatment","Lunch"
"4829","10-Apr","Black Bean Burger",6,"Grill","Spring 2025","Control","Grill","Main","Treatment","Lunch"
"4830","10-Apr","+ Beef Patty",6,"Grill","Spring 2025","Control","Grill","Modification","Treatment","Lunch"
"4831","10-Apr","Side Potato Tots",6,"Grab N Go","Spring 2025","Control","Grab N Go","Side","Satellite","Lunch"
"4832","10-Apr","Add Sausage 2 Patty",2,"Grill","Spring 2025","Control","Grill","Modification","Treatment","Lunch"
"4833","10-Apr","ADD Chicken Breast",1,"Grill","Spring 2025","Control","Grill","Modification","Treatment","Lunch"
"4834","10-Apr","ADD Cheese",4,"Grill","Spring 2025","Control","Grill","Modification","Treatment","Lunch"
"4835","10-Apr","Add Egg .99",2,"Grill","Spring 2025","Control","Grill","Modification","Treatment","Lunch"
"4836","10-Apr","1 Entree + 1 Side",204,"Asian","Spring 2025","Control","Wok","Main","Satellite","Lunch"
"4837","10-Apr","Bowl Ramen Chicken",79,"Asian","Spring 2025","Control","Ramen","Main","Treatment","Lunch"
"4838","10-Apr","1 Entree + 2 Side",67,"Asian","Spring 2025","Control","Wok","Main","Satellite","Lunch"
"4839","10-Apr","2 Entrees + 2 Sides",29,"Asian","Spring 2025","Control","Wok","Main","Satellite","Lunch"
"4840","10-Apr","Bowl Ramen Tofu",24,"Asian","Spring 2025","Control","Ramen","Main","Treatment","Lunch"
"4841","10-Apr","Side Vegetarian Lo Mein",18,"Asian","Spring 2025","Control","Wok","Side","Satellite","Lunch"
"4842","10-Apr","1 Wok Entree",9,"Asian","Spring 2025","Control","Wok","Main","Satellite","Lunch"
"4843","10-Apr","Side Vegetable Spring Rolls",7,"Asian","Spring 2025","Control","Wok","Side","Satellite","Lunch"
"4844","10-Apr","Side Vegetables",5,"Asian","Spring 2025","Control","Wok","Side","Satellite","Lunch"
"4845","10-Apr","Side White or Brown Rice",6,"Asian","Spring 2025","Control","Wok","Side","Satellite","Lunch"
"4846","10-Apr","Side Fried Spring Roll",3,"Asian","Spring 2025","Control","Wok","Side","Satellite","Lunch"
"4847","10-Apr","Bowl Ramen Chicken",1,"Asian","Spring 2025","Control","Ramen","Main","Treatment","Lunch"
"4848","10-Apr","Burrito Breakfast",103,"Breakfast","Spring 2025","Control","Breakfast","Main","Satellite","Breakfast"
"4849","10-Apr","Small French Omelet",74,"Breakfast","Spring 2025","Control","Breakfast","Side","Satellite","Breakfast"
"4850","10-Apr","Grand Slam Breakfast",8,"Breakfast","Spring 2025","Control","Breakfast","Main","Satellite","Breakfast"
"4851","10-Apr","Add Bacon",33,"Breakfast","Spring 2025","Control","Breakfast","Modification","Satellite","Breakfast"
"4852","10-Apr","Two Eggs",20,"Breakfast","Spring 2025","Control","Breakfast","Side","Satellite","Breakfast"
"4853","10-Apr","Trillium Home Fries",9,"Breakfast","Spring 2025","Control","Breakfast","Side","Satellite","Breakfast"
"4854","10-Apr","2 Slices Toast",1,"Breakfast","Spring 2025","Control","Breakfast","Side","Satellite","Breakfast"
"4855","10-Apr","Create Your Pasta Bowl MEAT",96,"Italian","Spring 2025","Control","Pasta","Main","Satellite","Lunch"
"4856","10-Apr","Create Your Pasta Bowl VEG",29,"Italian","Spring 2025","Control","Pasta","Main","Satellite","Lunch"
"4857","10-Apr","Pizza with Toppings",29,"Italian","Spring 2025","Control","Pizza","Main","Satellite","Lunch"
"4858","10-Apr","Pizza Cheese",17,"Italian","Spring 2025","Control","Pizza","Main","Satellite","Lunch"
"4859","10-Apr","Add Extra Meat",19,"Italian","Spring 2025","Control","Pasta","Modification","Satellite","Lunch"
"4860","10-Apr","Side Bread Pasta Station",1,"Italian","Spring 2025","Control","Pasta","Side","Satellite","Lunch"
"4861","10-Apr","Burrito Bowl BYO",105,"Mexican","Spring 2025","Control","Wrap","Main","Satellite","Lunch"
"4862","10-Apr","Single Taco",9,"Mexican","Spring 2025","Control","Wrap","Main","Satellite","Lunch"
"4863","10-Apr","Side Guacamole",5,"Mexican","Spring 2025","Control","Wrap","Side","Satellite","Lunch"
"4864","10-Apr","Side Sour Cream",6,"Mexican","Spring 2025","Control","Wrap","Side","Satellite","Lunch"
"4865","10-Apr","Side Salsa",1,"Mexican","Spring 2025","Control","Wrap","Side","Satellite","Lunch"
"4866","10-Apr","Add Extra Toppings Una Mano",1,"Mexican","Spring 2025","Control","Wrap","Modification","Satellite","Lunch"
"4867","10-Apr","LTO Spicy Chicken Sandwich",23,"Grab N Go","Spring 2025","Control","Grab N Go","Main","Satellite","Lunch"
"4868","10-Apr","Egg Cheese Bacon Breakfast Sandwich",25,"Grab N Go","Spring 2025","Control","Grab N Go","Main","Satellite","Lunch"
"4869","10-Apr","Egg Cheese Sausage Breakfast Sandwich",23,"Grab N Go","Spring 2025","Control","Grab N Go","Main","Satellite","Lunch"
"4870","10-Apr","LTO Meatball Sub",14,"Grab N Go","Spring 2025","Control","Grab N Go","Main","Satellite","Lunch"
"4871","10-Apr","Soup 12 oz",62,"Soup","Spring 2025","Control","Soup","Main","Satellite","Lunch"
"4872","10-Apr","8 oz Soup",26,"Soup","Spring 2025","Control","Soup","Main","Satellite","Lunch"
"4873","10-Apr","Salad by the Pound",43,"Salad Bar","Spring 2025","Control","Salad Bar","Main","Satellite","Lunch"
"4874","10-Apr","Add Extra Protein 3.99",2,"Salad Bar","Spring 2025","Control","Salad Bar","Modification","Satellite","Lunch"
"4875","11-Apr","Quesadilla Deluxe Trillium",129,"Grill","Spring 2025","Control","Quesadilla","Main","Satellite","Lunch"
"4876","11-Apr","Grilled Hamburger",72,"Grill","Spring 2025","Control","Grill","Main","Treatment","Lunch"
"4877","11-Apr","Burrito Una Mano Trillium BYO",51,"Grill","Spring 2025","Control","Quesadilla","Main","Satellite","Lunch"
"4878","11-Apr","Fried Chicken Tenders",51,"Grab N Go","Spring 2025","Control","Grab N Go","Side","Satellite","Lunch"
"4879","11-Apr","French Fries",85,"Grill","Spring 2025","Control","Grill","Side","Treatment","Lunch"
"4880","11-Apr","Quesadilla Cheese",25,"Grill","Spring 2025","Control","Quesadilla","Main","Satellite","Lunch"
"4881","11-Apr","Trillium Grill Impossible Burger",14,"Grill","Spring 2025","Control","Grill","Main","Treatment","Lunch"
"4882","11-Apr","Grilled Chicken Breast Sandwich",9,"Grill","Spring 2025","Control","Grill","Main","Treatment","Lunch"
"4883","11-Apr","Seared Salmon Burger",7,"Grill","Spring 2025","Control","Grill","Main","Treatment","Lunch"
"4884","11-Apr","Sweet Potato Fries",19,"Grill","Spring 2025","Control","Grill","Side","Treatment","Lunch"
"4885","11-Apr","Side Potato Tots",15,"Grab N Go","Spring 2025","Control","Grab N Go","Side","Satellite","Lunch"
"4886","11-Apr","Black Bean Burger",1,"Grill","Spring 2025","Control","Grill","Main","Treatment","Lunch"
"4887","11-Apr","+ Beef Patty",2,"Grill","Spring 2025","Control","Grill","Modification","Treatment","Lunch"
"4888","11-Apr","ADD Chicken Breast",1,"Grill","Spring 2025","Control","Grill","Modification","Treatment","Lunch"
"4889","11-Apr","Add Egg .99",3,"Grill","Spring 2025","Control","Grill","Modification","Treatment","Lunch"
"4890","11-Apr","Add Sausage 2 Patty",1,"Grill","Spring 2025","Control","Grill","Modification","Treatment","Lunch"
"4891","11-Apr","1 Entree + 1 Side",109,"Asian","Spring 2025","Control","Wok","Main","Satellite","Lunch"
"4892","11-Apr","Bowl Ramen Chicken",46,"Asian","Spring 2025","Control","Ramen","Main","Treatment","Lunch"
"4893","11-Apr","1 Entree + 2 Side",41,"Asian","Spring 2025","Control","Wok","Main","Satellite","Lunch"
"4894","11-Apr","2 Entrees + 2 Sides",15,"Asian","Spring 2025","Control","Wok","Main","Satellite","Lunch"
"4895","11-Apr","Bowl Ramen Tofu",8,"Asian","Spring 2025","Control","Ramen","Main","Treatment","Lunch"
"4896","11-Apr","1 Wok Entree",6,"Asian","Spring 2025","Control","Wok","Main","Satellite","Lunch"
"4897","11-Apr","Side Vegetarian Lo Mein",9,"Asian","Spring 2025","Control","Wok","Side","Satellite","Lunch"
"4898","11-Apr","Side Fried Spring Roll",2,"Asian","Spring 2025","Control","Wok","Side","Satellite","Lunch"
"4899","11-Apr","Side Vegetable Spring Rolls",2,"Asian","Spring 2025","Control","Wok","Side","Satellite","Lunch"
"4900","11-Apr","Side Vegetables",1,"Asian","Spring 2025","Control","Wok","Side","Satellite","Lunch"
"4901","11-Apr","Burrito Breakfast",89,"Breakfast","Spring 2025","Control","Breakfast","Main","Satellite","Breakfast"
"4902","11-Apr","Small French Omelet",66,"Breakfast","Spring 2025","Control","Breakfast","Side","Satellite","Breakfast"
"4903","11-Apr","Grand Slam Breakfast",9,"Breakfast","Spring 2025","Control","Breakfast","Main","Satellite","Breakfast"
"4904","11-Apr","Add Bacon",23,"Breakfast","Spring 2025","Control","Breakfast","Modification","Satellite","Breakfast"
"4905","11-Apr","Pancake Single",10,"Breakfast","Spring 2025","Control","Breakfast","Side","Satellite","Breakfast"
"4906","11-Apr","Two Eggs",11,"Breakfast","Spring 2025","Control","Breakfast","Side","Satellite","Breakfast"
"4907","11-Apr","Trillium Home Fries",3,"Breakfast","Spring 2025","Control","Breakfast","Side","Satellite","Breakfast"
"4908","11-Apr","Toast",1,"Breakfast","Spring 2025","Control","Breakfast","Side","Satellite","Breakfast"
"4909","11-Apr","Create Your Pasta Bowl MEAT",56,"Italian","Spring 2025","Control","Pasta","Main","Satellite","Lunch"
"4910","11-Apr","Pizza with Toppings",22,"Italian","Spring 2025","Control","Pizza","Main","Satellite","Lunch"
"4911","11-Apr","Create Your Pasta Bowl VEG",10,"Italian","Spring 2025","Control","Pasta","Main","Satellite","Lunch"
"4912","11-Apr","Pizza Cheese",9,"Italian","Spring 2025","Control","Pizza","Main","Satellite","Lunch"
"4913","11-Apr","Add Extra Meat",13,"Italian","Spring 2025","Control","Pasta","Modification","Satellite","Lunch"
"4914","11-Apr","Side Bread Pasta Station",1,"Italian","Spring 2025","Control","Pasta","Side","Satellite","Lunch"
"4915","11-Apr","Burrito Bowl BYO",55,"Mexican","Spring 2025","Control","Wrap","Main","Satellite","Lunch"
"4916","11-Apr","Side Guacamole",2,"Mexican","Spring 2025","Control","Wrap","Side","Satellite","Lunch"
"4917","11-Apr","Side Salsa",1,"Mexican","Spring 2025","Control","Wrap","Side","Satellite","Lunch"
"4918","11-Apr","LTO Spicy Chicken Sandwich",22,"Grab N Go","Spring 2025","Control","Grab N Go","Main","Satellite","Lunch"
"4919","11-Apr","Egg Cheese Bacon Breakfast Sandwich",24,"Grab N Go","Spring 2025","Control","Grab N Go","Main","Satellite","Lunch"
"4920","11-Apr","Egg Cheese Sausage Breakfast Sandwich",21,"Grab N Go","Spring 2025","Control","Grab N Go","Main","Satellite","Lunch"
"4921","11-Apr","Salad by the Pound",32,"Salad Bar","Spring 2025","Control","Salad Bar","Main","Satellite","Lunch"
"4922","11-Apr","Add Extra Protein 3.99",2,"Salad Bar","Spring 2025","Control","Salad Bar","Modification","Satellite","Lunch"
"4923","11-Apr","8 oz Soup",38,"Soup","Spring 2025","Control","Soup","Main","Satellite","Lunch"
"4924","11-Apr","Soup 12 oz",21,"Soup","Spring 2025","Control","Soup","Main","Satellite","Lunch"
"4925","14-Apr","Quesadilla Deluxe Trillium",183,"Grill","Spring 2025","Control","Quesadilla","Main","Satellite","Lunch"
"4926","14-Apr","Grilled Hamburger",79,"Grill","Spring 2025","Control","Grill","Main","Treatment","Lunch"
"4927","14-Apr","Burrito Una Mano Trillium BYO",70,"Grill","Spring 2025","Control","Quesadilla","Main","Satellite","Lunch"
"4928","14-Apr","Fried Chicken Tenders",63,"Grab N Go","Spring 2025","Control","Grab N Go","Side","Satellite","Lunch"
"4929","14-Apr","French Fries",95,"Grill","Spring 2025","Control","Grill","Side","Treatment","Lunch"
"4930","14-Apr","Grilled Chicken Breast Sandwich",19,"Grill","Spring 2025","Control","Grill","Main","Treatment","Lunch"
"4931","14-Apr","Quesadilla Cheese",19,"Grill","Spring 2025","Control","Quesadilla","Main","Satellite","Lunch"
"4932","14-Apr","Trillium Grill Impossible Burger",14,"Grill","Spring 2025","Control","Grill","Main","Treatment","Lunch"
"4933","14-Apr","Seared Salmon Burger",10,"Grill","Spring 2025","Control","Grill","Main","Treatment","Lunch"
"4934","14-Apr","Sweet Potato Fries",24,"Grill","Spring 2025","Control","Grill","Side","Treatment","Lunch"
"4935","14-Apr","Side Potato Tots",20,"Grab N Go","Spring 2025","Control","Grab N Go","Side","Satellite","Lunch"
"4936","14-Apr","+ Beef Patty",7,"Grill","Spring 2025","Control","Grill","Modification","Treatment","Lunch"
"4937","14-Apr","Black Bean Burger",3,"Grill","Spring 2025","Control","Grill","Main","Treatment","Lunch"
"4938","14-Apr","ADD Chicken Breast",3,"Grill","Spring 2025","Control","Grill","Modification","Treatment","Lunch"
"4939","14-Apr","ADD Burger Salmon Grilled",2,"Grill","Spring 2025","Control","Grill","Modification","Treatment","Lunch"
"4940","14-Apr","Add Impossible Burger Patty",1,"Grill","Spring 2025","Control","Grill","Modification","Treatment","Lunch"
"4941","14-Apr","Add Sausage 2 Patty",2,"Grill","Spring 2025","Control","Grill","Modification","Treatment","Lunch"
"4942","14-Apr","Add Egg .99",4,"Grill","Spring 2025","Control","Grill","Modification","Treatment","Lunch"
"4943","14-Apr","ADD Cheese",4,"Grill","Spring 2025","Control","Grill","Modification","Treatment","Lunch"
"4944","14-Apr","1 Entree + 1 Side",197,"Asian","Spring 2025","Control","Wok","Main","Satellite","Lunch"
"4945","14-Apr","1 Entree + 2 Side",73,"Asian","Spring 2025","Control","Wok","Main","Satellite","Lunch"
"4946","14-Apr","Bowl Ramen Chicken",38,"Asian","Spring 2025","Control","Ramen","Main","Treatment","Lunch"
"4947","14-Apr","2 Entrees + 2 Sides",23,"Asian","Spring 2025","Control","Wok","Main","Satellite","Lunch"
"4948","14-Apr","Bowl Ramen Tofu",27,"Asian","Spring 2025","Control","Ramen","Main","Treatment","Lunch"
"4949","14-Apr","1 Wok Entree",8,"Asian","Spring 2025","Control","Wok","Main","Satellite","Lunch"
"4950","14-Apr","Side Vegetarian Lo Mein",6,"Asian","Spring 2025","Control","Wok","Side","Satellite","Lunch"
"4951","14-Apr","Side White or Brown Rice",6,"Asian","Spring 2025","Control","Wok","Side","Satellite","Lunch"
"4952","14-Apr","Side Fried Spring Roll",3,"Asian","Spring 2025","Control","Wok","Side","Satellite","Lunch"
"4953","14-Apr","Side Vegetable Spring Rolls",2,"Asian","Spring 2025","Control","Wok","Side","Satellite","Lunch"
"4954","14-Apr","Side Vegetarian Fried Rice with",1,"Asian","Spring 2025","Control","Wok","Side","Satellite","Lunch"
"4955","14-Apr","Create Your Pasta Bowl MEAT",100,"Italian","Spring 2025","Control","Pasta","Main","Satellite","Lunch"
"4956","14-Apr","Create Your Pasta Bowl VEG",28,"Italian","Spring 2025","Control","Pasta","Main","Satellite","Lunch"
"4957","14-Apr","Pizza with Toppings",25,"Italian","Spring 2025","Control","Pizza","Main","Satellite","Lunch"
"4958","14-Apr","Add Extra Meat",33,"Italian","Spring 2025","Control","Pasta","Modification","Satellite","Lunch"
"4959","14-Apr","Pizza Cheese",18,"Italian","Spring 2025","Control","Pizza","Main","Satellite","Lunch"
"4960","14-Apr","Side Bread Pasta Station",2,"Italian","Spring 2025","Control","Pasta","Side","Satellite","Lunch"
"4961","14-Apr","Burrito Breakfast",73,"Breakfast","Spring 2025","Control","Breakfast","Main","Satellite","Breakfast"
"4962","14-Apr","Small French Omelet",55,"Breakfast","Spring 2025","Control","Breakfast","Side","Satellite","Breakfast"
"4963","14-Apr","Grand Slam Breakfast",6,"Breakfast","Spring 2025","Control","Breakfast","Main","Satellite","Breakfast"
"4964","14-Apr","Add Bacon",20,"Breakfast","Spring 2025","Control","Breakfast","Modification","Satellite","Breakfast"
"4965","14-Apr","Two Eggs",15,"Breakfast","Spring 2025","Control","Breakfast","Side","Satellite","Breakfast"
"4966","14-Apr","Pancake Single",3,"Breakfast","Spring 2025","Control","Breakfast","Side","Satellite","Breakfast"
"4967","14-Apr","Trillium Home Fries",2,"Breakfast","Spring 2025","Control","Breakfast","Side","Satellite","Breakfast"
"4968","14-Apr","2 Slices Toast",2,"Breakfast","Spring 2025","Control","Breakfast","Side","Satellite","Breakfast"
"4969","14-Apr","PC Jelly",2,"Breakfast","Spring 2025","Control","Breakfast","Side","Satellite","Breakfast"
"4970","14-Apr","PC Peanut Butter",1,"Breakfast","Spring 2025","Control","Breakfast","Side","Satellite","Breakfast"
"4971","14-Apr","Burrito Bowl BYO",103,"Mexican","Spring 2025","Control","Wrap","Main","Satellite","Lunch"
"4972","14-Apr","Single Taco",7,"Mexican","Spring 2025","Control","Wrap","Main","Satellite","Lunch"
"4973","14-Apr","Side Guacamole",5,"Mexican","Spring 2025","Control","Wrap","Side","Satellite","Lunch"
"4974","14-Apr","Side Salsa",2,"Mexican","Spring 2025","Control","Wrap","Side","Satellite","Lunch"
"4975","14-Apr","Side Sour Cream",2,"Mexican","Spring 2025","Control","Wrap","Side","Satellite","Lunch"
"4976","14-Apr","Add Extra Toppings Una Mano",1,"Mexican","Spring 2025","Control","Wrap","Modification","Satellite","Lunch"
"4977","14-Apr","Salad by the Pound",54,"Salad Bar","Spring 2025","Control","Salad Bar","Main","Satellite","Lunch"
"4978","14-Apr","Add Extra Protein 3.99",2,"Salad Bar","Spring 2025","Control","Salad Bar","Modification","Satellite","Lunch"
"4979","14-Apr","LTO Spicy Chicken Sandwich",25,"Grab N Go","Spring 2025","Control","Grab N Go","Main","Satellite","Lunch"
"4980","14-Apr","Egg Cheese Bacon Breakfast Sandwich",25,"Grab N Go","Spring 2025","Control","Grab N Go","Main","Satellite","Lunch"
"4981","14-Apr","Egg Cheese Sausage Breakfast Sandwich",20,"Grab N Go","Spring 2025","Control","Grab N Go","Main","Satellite","Lunch"
"4982","14-Apr","Soup 12 oz",36,"Soup","Spring 2025","Control","Soup","Main","Satellite","Lunch"
"4983","14-Apr","8 oz Soup",32,"Soup","Spring 2025","Control","Soup","Main","Satellite","Lunch"
"4984","15-Apr","Quesadilla Deluxe Trillium",194,"Grill","Spring 2025","Control","Quesadilla","Main","Satellite","Lunch"
"4985","15-Apr","Grilled Hamburger",101,"Grill","Spring 2025","Control","Grill","Main","Treatment","Lunch"
"4986","15-Apr","Fried Chicken Tenders",112,"Grab N Go","Spring 2025","Control","Grab N Go","Side","Satellite","Lunch"
"4987","15-Apr","Burrito Una Mano Trillium BYO",74,"Grill","Spring 2025","Control","Quesadilla","Main","Satellite","Lunch"
"4988","15-Apr","French Fries",122,"Grill","Spring 2025","Control","Grill","Side","Treatment","Lunch"
"4989","15-Apr","Grilled Chicken Breast Sandwich",20,"Grill","Spring 2025","Control","Grill","Main","Treatment","Lunch"
"4990","15-Apr","Sweet Potato Fries",47,"Grill","Spring 2025","Control","Grill","Side","Treatment","Lunch"
"4991","15-Apr","Quesadilla Cheese",14,"Grill","Spring 2025","Control","Quesadilla","Main","Satellite","Lunch"
"4992","15-Apr","Seared Salmon Burger",10,"Grill","Spring 2025","Control","Grill","Main","Treatment","Lunch"
"4993","15-Apr","Trillium Grill Impossible Burger",8,"Grill","Spring 2025","Control","Grill","Main","Treatment","Lunch"
"4994","15-Apr","+ Beef Patty",12,"Grill","Spring 2025","Control","Grill","Modification","Treatment","Lunch"
"4995","15-Apr","Side Potato Tots",13,"Grab N Go","Spring 2025","Control","Grab N Go","Side","Satellite","Lunch"
"4996","15-Apr","Black Bean Burger",2,"Grill","Spring 2025","Control","Grill","Main","Treatment","Lunch"
"4997","15-Apr","Add Sausage 2 Patty",4,"Grill","Spring 2025","Control","Grill","Modification","Treatment","Lunch"
"4998","15-Apr","ADD Chicken Breast",1,"Grill","Spring 2025","Control","Grill","Modification","Treatment","Lunch"
"4999","15-Apr","Add Egg .99",1,"Grill","Spring 2025","Control","Grill","Modification","Treatment","Lunch"
"5000","15-Apr","ADD Cheese",1,"Grill","Spring 2025","Control","Grill","Modification","Treatment","Lunch"
"5001","15-Apr","1 Entree + 1 Side",220,"Asian","Spring 2025","Control","Wok","Main","Satellite","Lunch"
"5002","15-Apr","1 Entree + 2 Side",74,"Asian","Spring 2025","Control","Wok","Main","Satellite","Lunch"
"5003","15-Apr","Bowl Ramen Chicken",70,"Asian","Spring 2025","Control","Ramen","Main","Treatment","Lunch"
"5004","15-Apr","2 Entrees + 2 Sides",29,"Asian","Spring 2025","Control","Wok","Main","Satellite","Lunch"
"5005","15-Apr","Bowl Ramen Tofu",28,"Asian","Spring 2025","Control","Ramen","Main","Treatment","Lunch"
"5006","15-Apr","1 Wok Entree",6,"Asian","Spring 2025","Control","Wok","Main","Satellite","Lunch"
"5007","15-Apr","Side Vegetarian Lo Mein",7,"Asian","Spring 2025","Control","Wok","Side","Satellite","Lunch"
"5008","15-Apr","Side White or Brown Rice",5,"Asian","Spring 2025","Control","Wok","Side","Satellite","Lunch"
"5009","15-Apr","Bowl Ramen Chicken",1,"Asian","Spring 2025","Control","Ramen","Main","Treatment","Lunch"
"5010","15-Apr","Side Fried Spring Roll",1,"Asian","Spring 2025","Control","Wok","Side","Satellite","Lunch"
"5011","15-Apr","Side Vegetable Spring Rolls",1,"Asian","Spring 2025","Control","Wok","Side","Satellite","Lunch"
"5012","15-Apr","Burrito Breakfast",90,"Breakfast","Spring 2025","Control","Breakfast","Main","Satellite","Breakfast"
"5013","15-Apr","Small French Omelet",53,"Breakfast","Spring 2025","Control","Breakfast","Side","Satellite","Breakfast"
"5014","15-Apr","Grand Slam Breakfast",16,"Breakfast","Spring 2025","Control","Breakfast","Main","Satellite","Breakfast"
"5015","15-Apr","Add Bacon",27,"Breakfast","Spring 2025","Control","Breakfast","Modification","Satellite","Breakfast"
"5016","15-Apr","Two Eggs",14,"Breakfast","Spring 2025","Control","Breakfast","Side","Satellite","Breakfast"
"5017","15-Apr","Pancake Single",5,"Breakfast","Spring 2025","Control","Breakfast","Side","Satellite","Breakfast"
"5018","15-Apr","Trillium Home Fries",2,"Breakfast","Spring 2025","Control","Breakfast","Side","Satellite","Breakfast"
"5019","15-Apr","Create Your Pasta Bowl MEAT",83,"Italian","Spring 2025","Control","Pasta","Main","Satellite","Lunch"
"5020","15-Apr","Create Your Pasta Bowl VEG",23,"Italian","Spring 2025","Control","Pasta","Main","Satellite","Lunch"
"5021","15-Apr","Pizza with Toppings",22,"Italian","Spring 2025","Control","Pizza","Main","Satellite","Lunch"
"5022","15-Apr","Pizza Cheese",25,"Italian","Spring 2025","Control","Pizza","Main","Satellite","Lunch"
"5023","15-Apr","Add Extra Meat",26,"Italian","Spring 2025","Control","Pasta","Modification","Satellite","Lunch"
"5024","15-Apr","Burrito Bowl BYO",115,"Mexican","Spring 2025","Control","Wrap","Main","Satellite","Lunch"
"5025","15-Apr","Side Guacamole",4,"Mexican","Spring 2025","Control","Wrap","Side","Satellite","Lunch"
"5026","15-Apr","Side Sour Cream",7,"Mexican","Spring 2025","Control","Wrap","Side","Satellite","Lunch"
"5027","15-Apr","Side Salsa",2,"Mexican","Spring 2025","Control","Wrap","Side","Satellite","Lunch"
"5028","15-Apr","Add Extra Toppings Una Mano",2,"Mexican","Spring 2025","Control","Wrap","Modification","Satellite","Lunch"
"5029","15-Apr","LTO Spicy Chicken Sandwich",31,"Grab N Go","Spring 2025","Control","Grab N Go","Main","Satellite","Lunch"
"5030","15-Apr","LTO Meatball Sub",17,"Grab N Go","Spring 2025","Control","Grab N Go","Main","Satellite","Lunch"
"5031","15-Apr","Egg Cheese Bacon Breakfast Sandwich",23,"Grab N Go","Spring 2025","Control","Grab N Go","Main","Satellite","Lunch"
"5032","15-Apr","Egg Cheese Sausage Breakfast Sandwich",22,"Grab N Go","Spring 2025","Control","Grab N Go","Main","Satellite","Lunch"
"5033","15-Apr","Salad by the Pound",58,"Salad Bar","Spring 2025","Control","Salad Bar","Main","Satellite","Lunch"
"5034","15-Apr","Add Extra Protein 3.99",3,"Salad Bar","Spring 2025","Control","Salad Bar","Modification","Satellite","Lunch"
"5035","15-Apr","Soup 12 oz",63,"Soup","Spring 2025","Control","Soup","Main","Satellite","Lunch"
"5036","15-Apr","8 oz Soup",26,"Soup","Spring 2025","Control","Soup","Main","Satellite","Lunch"
"5037","15-Apr","LTO Sandwich",1,"Deli","Spring 2025","Control","Deli","Main","Satellite","Lunch"
"5038","16-Apr","Quesadilla Deluxe Trillium",160,"Grill","Spring 2025","Control","Quesadilla","Main","Satellite","Lunch"
"5039","16-Apr","Grilled Hamburger",103,"Grill","Spring 2025","Control","Grill","Main","Treatment","Lunch"
"5040","16-Apr","Fried Chicken Tenders",79,"Grab N Go","Spring 2025","Control","Grab N Go","Side","Satellite","Lunch"
"5041","16-Apr","Burrito Una Mano Trillium BYO",49,"Grill","Spring 2025","Control","Quesadilla","Main","Satellite","Lunch"
"5042","16-Apr","French Fries",108,"Grill","Spring 2025","Control","Grill","Side","Treatment","Lunch"
"5043","16-Apr","Quesadilla Cheese",21,"Grill","Spring 2025","Control","Quesadilla","Main","Satellite","Lunch"
"5044","16-Apr","Sweet Potato Fries",37,"Grill","Spring 2025","Control","Grill","Side","Treatment","Lunch"
"5045","16-Apr","Grilled Chicken Breast Sandwich",13,"Grill","Spring 2025","Control","Grill","Main","Treatment","Lunch"
"5046","16-Apr","Trillium Grill Impossible Burger",9,"Grill","Spring 2025","Control","Grill","Main","Treatment","Lunch"
"5047","16-Apr","Seared Salmon Burger",9,"Grill","Spring 2025","Control","Grill","Main","Treatment","Lunch"
"5048","16-Apr","Side Potato Tots",13,"Grab N Go","Spring 2025","Control","Grab N Go","Side","Satellite","Lunch"
"5049","16-Apr","+ Beef Patty",8,"Grill","Spring 2025","Control","Grill","Modification","Treatment","Lunch"
"5050","16-Apr","Black Bean Burger",3,"Grill","Spring 2025","Control","Grill","Main","Treatment","Lunch"
"5051","16-Apr","Add Impossible Burger Patty",1,"Grill","Spring 2025","Control","Grill","Modification","Treatment","Lunch"
"5052","16-Apr","Add Sausage 2 Patty",2,"Grill","Spring 2025","Control","Grill","Modification","Treatment","Lunch"
"5053","16-Apr","Add Egg .99",3,"Grill","Spring 2025","Control","Grill","Modification","Treatment","Lunch"
"5054","16-Apr","ADD Cheese",2,"Grill","Spring 2025","Control","Grill","Modification","Treatment","Lunch"
"5055","16-Apr","1 Entree + 1 Side",151,"Asian","Spring 2025","Control","Wok","Main","Satellite","Lunch"
"5056","16-Apr","1 Entree + 2 Side",63,"Asian","Spring 2025","Control","Wok","Main","Satellite","Lunch"
"5057","16-Apr","Bowl Ramen Chicken",61,"Asian","Spring 2025","Control","Ramen","Main","Treatment","Lunch"
"5058","16-Apr","2 Entrees + 2 Sides",21,"Asian","Spring 2025","Control","Wok","Main","Satellite","Lunch"
"5059","16-Apr","Bowl Ramen Tofu",13,"Asian","Spring 2025","Control","Ramen","Main","Treatment","Lunch"
"5060","16-Apr","Side Vegetarian Lo Mein",13,"Asian","Spring 2025","Control","Wok","Side","Satellite","Lunch"
"5061","16-Apr","Side Fried Spring Roll",4,"Asian","Spring 2025","Control","Wok","Side","Satellite","Lunch"
"5062","16-Apr","1 Wok Entree",2,"Asian","Spring 2025","Control","Wok","Main","Satellite","Lunch"
"5063","16-Apr","Side White or Brown Rice",2,"Asian","Spring 2025","Control","Wok","Side","Satellite","Lunch"
"5064","16-Apr","Side Vegetable Spring Rolls",1,"Asian","Spring 2025","Control","Wok","Side","Satellite","Lunch"
"5065","16-Apr","Create Your Pasta Bowl MEAT",118,"Italian","Spring 2025","Control","Pasta","Main","Satellite","Lunch"
"5066","16-Apr","Create Your Pasta Bowl VEG",26,"Italian","Spring 2025","Control","Pasta","Main","Satellite","Lunch"
"5067","16-Apr","Pizza with Toppings",27,"Italian","Spring 2025","Control","Pizza","Main","Satellite","Lunch"
"5068","16-Apr","Add Extra Meat",33,"Italian","Spring 2025","Control","Pasta","Modification","Satellite","Lunch"
"5069","16-Apr","Pizza Cheese",16,"Italian","Spring 2025","Control","Pizza","Main","Satellite","Lunch"
"5070","16-Apr","Burrito Breakfast",98,"Breakfast","Spring 2025","Control","Breakfast","Main","Satellite","Breakfast"
"5071","16-Apr","Small French Omelet",63,"Breakfast","Spring 2025","Control","Breakfast","Side","Satellite","Breakfast"
"5072","16-Apr","Grand Slam Breakfast",8,"Breakfast","Spring 2025","Control","Breakfast","Main","Satellite","Breakfast"
"5073","16-Apr","Add Bacon",26,"Breakfast","Spring 2025","Control","Breakfast","Modification","Satellite","Breakfast"
"5074","16-Apr","Two Eggs",21,"Breakfast","Spring 2025","Control","Breakfast","Side","Satellite","Breakfast"
"5075","16-Apr","Trillium Home Fries",4,"Breakfast","Spring 2025","Control","Breakfast","Side","Satellite","Breakfast"
"5076","16-Apr","Pancake Single",2,"Breakfast","Spring 2025","Control","Breakfast","Side","Satellite","Breakfast"
"5077","16-Apr","PC Jelly",1,"Breakfast","Spring 2025","Control","Breakfast","Side","Satellite","Breakfast"
"5078","16-Apr","Burrito Bowl BYO",106,"Mexican","Spring 2025","Control","Wrap","Main","Satellite","Lunch"
"5079","16-Apr","Single Taco",3,"Mexican","Spring 2025","Control","Wrap","Main","Satellite","Lunch"
"5080","16-Apr","Side Guacamole",1,"Mexican","Spring 2025","Control","Wrap","Side","Satellite","Lunch"
"5081","16-Apr","Soup 12 oz",73,"Soup","Spring 2025","Control","Soup","Main","Satellite","Lunch"
"5082","16-Apr","8 oz Soup",47,"Soup","Spring 2025","Control","Soup","Main","Satellite","Lunch"
"5083","16-Apr","Salad by the Pound",49,"Salad Bar","Spring 2025","Control","Salad Bar","Main","Satellite","Lunch"
"5084","16-Apr","LTO Spicy Chicken Sandwich",22,"Grab N Go","Spring 2025","Control","Grab N Go","Main","Satellite","Lunch"
"5085","16-Apr","Egg Cheese Bacon Breakfast Sandwich",21,"Grab N Go","Spring 2025","Control","Grab N Go","Main","Satellite","Lunch"
"5086","16-Apr","Egg Cheese Sausage Breakfast Sandwich",21,"Grab N Go","Spring 2025","Control","Grab N Go","Main","Satellite","Lunch"
"5087","16-Apr","LTO Sandwich",12,"Deli","Spring 2025","Control","Deli","Main","Satellite","Lunch"
"5088","17-Apr","Quesadilla Deluxe Trillium",172,"Grill","Spring 2025","Control","Quesadilla","Main","Satellite","Lunch"
"5089","17-Apr","Grilled Hamburger",113,"Grill","Spring 2025","Control","Grill","Main","Treatment","Lunch"
"5090","17-Apr","Fried Chicken Tenders",121,"Grab N Go","Spring 2025","Control","Grab N Go","Side","Satellite","Lunch"
"5091","17-Apr","Burrito Una Mano Trillium BYO",72,"Grill","Spring 2025","Control","Quesadilla","Main","Satellite","Lunch"
"5092","17-Apr","French Fries",151,"Grill","Spring 2025","Control","Grill","Side","Treatment","Lunch"
"5093","17-Apr","Sweet Potato Fries",46,"Grill","Spring 2025","Control","Grill","Side","Treatment","Lunch"
"5094","17-Apr","Trillium Grill Impossible Burger",13,"Grill","Spring 2025","Control","Grill","Main","Treatment","Lunch"
"5095","17-Apr","Grilled Chicken Breast Sandwich",16,"Grill","Spring 2025","Control","Grill","Main","Treatment","Lunch"
"5096","17-Apr","Quesadilla Cheese",13,"Grill","Spring 2025","Control","Quesadilla","Main","Satellite","Lunch"
"5097","17-Apr","Side Potato Tots",21,"Grab N Go","Spring 2025","Control","Grab N Go","Side","Satellite","Lunch"
"5098","17-Apr","+ Beef Patty",14,"Grill","Spring 2025","Control","Grill","Modification","Treatment","Lunch"
"5099","17-Apr","Seared Salmon Burger",5,"Grill","Spring 2025","Control","Grill","Main","Treatment","Lunch"
"5100","17-Apr","Black Bean Burger",2,"Grill","Spring 2025","Control","Grill","Main","Treatment","Lunch"
"5101","17-Apr","ADD Chicken Breast",1,"Grill","Spring 2025","Control","Grill","Modification","Treatment","Lunch"
"5102","17-Apr","Add Sausage 2 Patty",1,"Grill","Spring 2025","Control","Grill","Modification","Treatment","Lunch"
"5103","17-Apr","Add Egg .99",2,"Grill","Spring 2025","Control","Grill","Modification","Treatment","Lunch"
"5104","17-Apr","ADD Cheese",3,"Grill","Spring 2025","Control","Grill","Modification","Treatment","Lunch"
"5105","17-Apr","1 Entree + 1 Side",188,"Asian","Spring 2025","Control","Wok","Main","Satellite","Lunch"
"5106","17-Apr","1 Entree + 2 Side",72,"Asian","Spring 2025","Control","Wok","Main","Satellite","Lunch"
"5107","17-Apr","Bowl Ramen Chicken",58,"Asian","Spring 2025","Control","Ramen","Main","Treatment","Lunch"
"5108","17-Apr","2 Entrees + 2 Sides",29,"Asian","Spring 2025","Control","Wok","Main","Satellite","Lunch"
"5109","17-Apr","Bowl Ramen Tofu",24,"Asian","Spring 2025","Control","Ramen","Main","Treatment","Lunch"
"5110","17-Apr","1 Wok Entree",10,"Asian","Spring 2025","Control","Wok","Main","Satellite","Lunch"
"5111","17-Apr","Side Vegetarian Lo Mein",4,"Asian","Spring 2025","Control","Wok","Side","Satellite","Lunch"
"5112","17-Apr","Side White or Brown Rice",7,"Asian","Spring 2025","Control","Wok","Side","Satellite","Lunch"
"5113","17-Apr","Side Vegetable Spring Rolls",3,"Asian","Spring 2025","Control","Wok","Side","Satellite","Lunch"
"5114","17-Apr","Side Fried Spring Roll",2,"Asian","Spring 2025","Control","Wok","Side","Satellite","Lunch"
"5115","17-Apr","Side Vegetarian Fried Rice with",2,"Asian","Spring 2025","Control","Wok","Side","Satellite","Lunch"
"5116","17-Apr","Create Your Pasta Bowl MEAT",85,"Italian","Spring 2025","Control","Pasta","Main","Satellite","Lunch"
"5117","17-Apr","Create Your Pasta Bowl VEG",27,"Italian","Spring 2025","Control","Pasta","Main","Satellite","Lunch"
"5118","17-Apr","Pizza with Toppings",30,"Italian","Spring 2025","Control","Pizza","Main","Satellite","Lunch"
"5119","17-Apr","Pizza Cheese",19,"Italian","Spring 2025","Control","Pizza","Main","Satellite","Lunch"
"5120","17-Apr","Add Extra Meat",22,"Italian","Spring 2025","Control","Pasta","Modification","Satellite","Lunch"
"5121","17-Apr","Burrito Breakfast",83,"Breakfast","Spring 2025","Control","Breakfast","Main","Satellite","Breakfast"
"5122","17-Apr","Small French Omelet",60,"Breakfast","Spring 2025","Control","Breakfast","Side","Satellite","Breakfast"
"5123","17-Apr","Grand Slam Breakfast",8,"Breakfast","Spring 2025","Control","Breakfast","Main","Satellite","Breakfast"
"5124","17-Apr","Add Bacon",20,"Breakfast","Spring 2025","Control","Breakfast","Modification","Satellite","Breakfast"
"5125","17-Apr","Two Eggs",19,"Breakfast","Spring 2025","Control","Breakfast","Side","Satellite","Breakfast"
"5126","17-Apr","Trillium Home Fries",3,"Breakfast","Spring 2025","Control","Breakfast","Side","Satellite","Breakfast"
"5127","17-Apr","Pancake Single",2,"Breakfast","Spring 2025","Control","Breakfast","Side","Satellite","Breakfast"
"5128","17-Apr","2 Slices Toast",2,"Breakfast","Spring 2025","Control","Breakfast","Side","Satellite","Breakfast"
"5129","17-Apr","Toast",1,"Breakfast","Spring 2025","Control","Breakfast","Side","Satellite","Breakfast"
"5130","17-Apr","Burrito Bowl BYO",126,"Mexican","Spring 2025","Control","Wrap","Main","Satellite","Lunch"
"5131","17-Apr","Single Taco",2,"Mexican","Spring 2025","Control","Wrap","Main","Satellite","Lunch"
"5132","17-Apr","Side Guacamole",2,"Mexican","Spring 2025","Control","Wrap","Side","Satellite","Lunch"
"5133","17-Apr","Side Sour Cream",1,"Mexican","Spring 2025","Control","Wrap","Side","Satellite","Lunch"
"5134","17-Apr","LTO Spicy Chicken Sandwich",28,"Grab N Go","Spring 2025","Control","Grab N Go","Main","Satellite","Lunch"
"5135","17-Apr","LTO Meatball Sub",16,"Grab N Go","Spring 2025","Control","Grab N Go","Main","Satellite","Lunch"
"5136","17-Apr","Egg Cheese Sausage Breakfast Sandwich",23,"Grab N Go","Spring 2025","Control","Grab N Go","Main","Satellite","Lunch"
"5137","17-Apr","Egg Cheese Bacon Breakfast Sandwich",21,"Grab N Go","Spring 2025","Control","Grab N Go","Main","Satellite","Lunch"
"5138","17-Apr","Salad by the Pound",54,"Salad Bar","Spring 2025","Control","Salad Bar","Main","Satellite","Lunch"
"5139","17-Apr","Add Extra Protein 3.99",3,"Salad Bar","Spring 2025","Control","Salad Bar","Modification","Satellite","Lunch"
"5140","17-Apr","Soup 12 oz",63,"Soup","Spring 2025","Control","Soup","Main","Satellite","Lunch"
"5141","17-Apr","8 oz Soup",27,"Soup","Spring 2025","Control","Soup","Main","Satellite","Lunch"
"5142","18-Apr","Quesadilla Deluxe Trillium",105,"Grill","Spring 2025","Control","Quesadilla","Main","Satellite","Lunch"
"5143","18-Apr","Grilled Hamburger",76,"Grill","Spring 2025","Control","Grill","Main","Treatment","Lunch"
"5144","18-Apr","Burrito Una Mano Trillium BYO",45,"Grill","Spring 2025","Control","Quesadilla","Main","Satellite","Lunch"
"5145","18-Apr","Fried Chicken Tenders",54,"Grab N Go","Spring 2025","Control","Grab N Go","Side","Satellite","Lunch"
"5146","18-Apr","French Fries",81,"Grill","Spring 2025","Control","Grill","Side","Treatment","Lunch"
"5147","18-Apr","Quesadilla Cheese",24,"Grill","Spring 2025","Control","Quesadilla","Main","Satellite","Lunch"
"5148","18-Apr","Seared Salmon Burger",10,"Grill","Spring 2025","Control","Grill","Main","Treatment","Lunch"
"5149","18-Apr","Sweet Potato Fries",28,"Grill","Spring 2025","Control","Grill","Side","Treatment","Lunch"
"5150","18-Apr","Side Potato Tots",20,"Grab N Go","Spring 2025","Control","Grab N Go","Side","Satellite","Lunch"
"5151","18-Apr","Grilled Chicken Breast Sandwich",6,"Grill","Spring 2025","Control","Grill","Main","Treatment","Lunch"
"5152","18-Apr","Trillium Grill Impossible Burger",3,"Grill","Spring 2025","Control","Grill","Main","Treatment","Lunch"
"5153","18-Apr","Black Bean Burger",2,"Grill","Spring 2025","Control","Grill","Main","Treatment","Lunch"
"5154","18-Apr","Add Sausage 2 Patty",4,"Grill","Spring 2025","Control","Grill","Modification","Treatment","Lunch"
"5155","18-Apr","+ Beef Patty",2,"Grill","Spring 2025","Control","Grill","Modification","Treatment","Lunch"
"5156","18-Apr","Add Egg .99",5,"Grill","Spring 2025","Control","Grill","Modification","Treatment","Lunch"
"5157","18-Apr","ADD Cheese",2,"Grill","Spring 2025","Control","Grill","Modification","Treatment","Lunch"
"5158","18-Apr","1 Entree + 1 Side",102,"Asian","Spring 2025","Control","Wok","Main","Satellite","Lunch"
"5159","18-Apr","1 Entree + 2 Side",42,"Asian","Spring 2025","Control","Wok","Main","Satellite","Lunch"
"5160","18-Apr","Bowl Ramen Chicken",46,"Asian","Spring 2025","Control","Ramen","Main","Treatment","Lunch"
"5161","18-Apr","2 Entrees + 2 Sides",10,"Asian","Spring 2025","Control","Wok","Main","Satellite","Lunch"
"5162","18-Apr","Bowl Ramen Tofu",12,"Asian","Spring 2025","Control","Ramen","Main","Treatment","Lunch"
"5163","18-Apr","1 Wok Entree",6,"Asian","Spring 2025","Control","Wok","Main","Satellite","Lunch"
"5164","18-Apr","Side Vegetables",3,"Asian","Spring 2025","Control","Wok","Side","Satellite","Lunch"
"5165","18-Apr","Side Vegetarian Lo Mein",3,"Asian","Spring 2025","Control","Wok","Side","Satellite","Lunch"
"5166","18-Apr","Side Vegetable Spring Rolls",2,"Asian","Spring 2025","Control","Wok","Side","Satellite","Lunch"
"5167","18-Apr","Side White or Brown Rice",1,"Asian","Spring 2025","Control","Wok","Side","Satellite","Lunch"
"5168","18-Apr","Small French Omelet",58,"Breakfast","Spring 2025","Control","Breakfast","Side","Satellite","Breakfast"
"5169","18-Apr","Burrito Breakfast",60,"Breakfast","Spring 2025","Control","Breakfast","Main","Satellite","Breakfast"
"5170","18-Apr","Grand Slam Breakfast",9,"Breakfast","Spring 2025","Control","Breakfast","Main","Satellite","Breakfast"
"5171","18-Apr","Add Bacon",24,"Breakfast","Spring 2025","Control","Breakfast","Modification","Satellite","Breakfast"
"5172","18-Apr","Two Eggs",11,"Breakfast","Spring 2025","Control","Breakfast","Side","Satellite","Breakfast"
"5173","18-Apr","Pancake Single",5,"Breakfast","Spring 2025","Control","Breakfast","Side","Satellite","Breakfast"
"5174","18-Apr","Trillium Home Fries",4,"Breakfast","Spring 2025","Control","Breakfast","Side","Satellite","Breakfast"
"5175","18-Apr","2 Slices Toast",2,"Breakfast","Spring 2025","Control","Breakfast","Side","Satellite","Breakfast"
"5176","18-Apr","Create Your Pasta Bowl MEAT",63,"Italian","Spring 2025","Control","Pasta","Main","Satellite","Lunch"
"5177","18-Apr","Create Your Pasta Bowl VEG",18,"Italian","Spring 2025","Control","Pasta","Main","Satellite","Lunch"
"5178","18-Apr","Pizza with Toppings",19,"Italian","Spring 2025","Control","Pizza","Main","Satellite","Lunch"
"5179","18-Apr","Add Extra Meat",28,"Italian","Spring 2025","Control","Pasta","Modification","Satellite","Lunch"
"5180","18-Apr","Pizza Cheese",12,"Italian","Spring 2025","Control","Pizza","Main","Satellite","Lunch"
"5181","18-Apr","Burrito Bowl BYO",66,"Mexican","Spring 2025","Control","Wrap","Main","Satellite","Lunch"
"5182","18-Apr","Single Taco",3,"Mexican","Spring 2025","Control","Wrap","Main","Satellite","Lunch"
"5183","18-Apr","Side Guacamole",3,"Mexican","Spring 2025","Control","Wrap","Side","Satellite","Lunch"
"5184","18-Apr","Side Salsa",1,"Mexican","Spring 2025","Control","Wrap","Side","Satellite","Lunch"
"5185","18-Apr","Salad by the Pound",39,"Salad Bar","Spring 2025","Control","Salad Bar","Main","Satellite","Lunch"
"5186","18-Apr","Add Extra Protein 3.99",2,"Salad Bar","Spring 2025","Control","Salad Bar","Modification","Satellite","Lunch"
"5187","18-Apr","8 oz Soup",34,"Soup","Spring 2025","Control","Soup","Main","Satellite","Lunch"
"5188","18-Apr","Soup 12 oz",25,"Soup","Spring 2025","Control","Soup","Main","Satellite","Lunch"
"5189","18-Apr","LTO Spicy Chicken Sandwich",22,"Grab N Go","Spring 2025","Control","Grab N Go","Main","Satellite","Lunch"
"5190","18-Apr","Egg Cheese Bacon Breakfast Sandwich",11,"Grab N Go","Spring 2025","Control","Grab N Go","Main","Satellite","Lunch"
"5191","18-Apr","Egg Cheese Sausage Breakfast Sandwich",9,"Grab N Go","Spring 2025","Control","Grab N Go","Main","Satellite","Lunch"
