"","date","item","count","sales_cat","semester","menu_condition","station","item_cat","station_type","meal_period","ind_carbon_cost","ind_water_cost","ind_dollar_cost","corr_carbon_cost","corr_water_cost","corr_dollar_cost"
"1","16-Oct","Quesadilla Deluxe Trillium",140,"Grill","Fall 2024","Control","Quesadilla","Main","Satellite","Lunch",NA,NA,NA,NA,NA,NA
"2","16-Oct","Grilled Hamburger",91,"Grill","Fall 2024","Control","Grill","Main","Treatment","Lunch",3.88121217461521,88.8793607464882,8.99,353.190307889984,8088.02182793042,818.09
"3","16-Oct","Fried Chicken Tenders",92,"Grab N Go","Fall 2024","Control","Grab N Go","Side","Satellite","Lunch",NA,NA,NA,NA,NA,NA
"4","16-Oct","Burrito Una Mano Trillium BYO",62,"Grill","Fall 2024","Control","Quesadilla","Main","Satellite","Lunch",NA,NA,NA,NA,NA,NA
"5","16-Oct","French Fries",113,"Grill","Fall 2024","Control","Grill","Side","Treatment","Lunch",0.040840402892853,2.72997334161235,2.99,4.61496552689239,308.486987602196,337.87
"6","16-Oct","Quesadilla Cheese",35,"Grill","Fall 2024","Control","Quesadilla","Main","Satellite","Lunch",NA,NA,NA,NA,NA,NA
"7","16-Oct","Grilled Chicken Breast Sandwich",14,"Grill","Fall 2024","Control","Grill","Main","Treatment","Lunch",0.301553745597932,69.470648861248,8.49,4.22175243837104,972.589084057471,118.86
"8","16-Oct","Seared Salmon Burger",9,"Grill","Fall 2024","Control","Grill","Main","Treatment","Lunch",0.447926073918026,44.697222176261,8.49,4.03133466526223,402.274999586349,76.41
"9","16-Oct","Trillium Grill Impossible Burger",7,"Grill","Fall 2024","Control","Grill","Main","Treatment","Lunch",0.210911088099112,23.2535935181063,10.49,1.47637761669378,162.775154626744,73.43
"10","16-Oct","Sweet Potato Fries",21,"Grill","Fall 2024","Control","Grill","Side","Treatment","Lunch",0.0422551714366103,3.97622481710592,2.99,0.887358600168816,83.5007211592243,62.79
"11","16-Oct","+ Beef Patty",13,"Grill","Fall 2024","Control","Grill","Modification","Treatment","Lunch",3.806907508554,79.8564119237622,2.99,49.489797611202,1038.13335500891,38.87
"12","16-Oct","Black Bean Burger",2,"Grill","Fall 2024","Control","Grill","Main","Treatment","Lunch",0.110944712328442,54.9888227801748,8.69,0.221889424656883,109.97764556035,17.38
"13","16-Oct","Add Impossible Burger Patty",1,"Grill","Fall 2024","Control","Grill","Modification","Treatment","Lunch",0.151541244844319,13.0180456460107,2.99,0.151541244844319,13.0180456460107,2.99
"14","16-Oct","Add Egg .99",6,"Grill","Fall 2024","Control","Grill","Modification","Treatment","Lunch",0.0903881853779601,25.3348662383603,0.99,0.542329112267761,152.009197430162,5.94
"15","16-Oct","ADD Cheese",9,"Grill","Fall 2024","Control","Grill","Modification","Treatment","Lunch",0.183611306606629,3.19881943989712,1.99,1.65250175945966,28.7893749590741,17.91
"16","16-Oct","Add Sausage 2 Patty",2,"Grill","Fall 2024","Control","Grill","Modification","Treatment","Lunch",0.168918026814813,34.6406776822533,1.99,0.337836053629626,69.2813553645066,3.98
"17","16-Oct","ADD Burger Salmon Grilled",1,"Grill","Fall 2024","Control","Grill","Modification","Treatment","Lunch",0.373621407856819,35.674273353535,2.99,0.373621407856819,35.674273353535,2.99
"18","16-Oct","1 Entree + 1 Side",206,"Asian","Fall 2024","Control","Wok","Main","Satellite","Lunch",NA,NA,NA,NA,NA,NA
"19","16-Oct","1 Entree + 2 Side",79,"Asian","Fall 2024","Control","Wok","Main","Satellite","Lunch",NA,NA,NA,NA,NA,NA
"20","16-Oct","Bowl Ramen Chicken",83,"Asian","Fall 2024","Control","Ramen","Main","Treatment","Lunch",0.379685915053077,104.607642341871,9.49,31.5139309494054,8682.43431437533,787.67
"21","16-Oct","2 Entrees + 2 Sides",20,"Asian","Fall 2024","Control","Wok","Main","Satellite","Lunch",NA,NA,NA,NA,NA,NA
"22","16-Oct","Bowl Ramen Tofu",16,"Asian","Fall 2024","Control","Ramen","Main","Treatment","Lunch",0.306509419979168,91.9886822989085,9.49,4.90415071966669,1471.81891678254,151.84
"23","16-Oct","Bowl Ramen Chicken",5,"Asian","Fall 2024","Control","Ramen","Main","Treatment","Lunch",0.379685915053077,104.607642341871,9.49,1.89842957526538,523.038211709357,47.45
"24","16-Oct","Side Vegetarian Lo Mein",6,"Asian","Fall 2024","Control","Wok","Side","Satellite","Lunch",NA,NA,NA,NA,NA,NA
"25","16-Oct","Side Fried Spring Roll",4,"Asian","Fall 2024","Control","Wok","Side","Satellite","Lunch",NA,NA,NA,NA,NA,NA
"26","16-Oct","Side White or Brown Rice",4,"Asian","Fall 2024","Control","Wok","Side","Satellite","Lunch",NA,NA,NA,NA,NA,NA
"27","16-Oct","Side Vegetable Spring Rolls",2,"Asian","Fall 2024","Control","Wok","Side","Satellite","Lunch",NA,NA,NA,NA,NA,NA
"28","16-Oct","1 Wok Entree",1,"Asian","Fall 2024","Control","Wok","Main","Satellite","Lunch",NA,NA,NA,NA,NA,NA
"29","16-Oct","Side Vegetables",1,"Asian","Fall 2024","Control","Wok","Side","Satellite","Lunch",NA,NA,NA,NA,NA,NA
"30","16-Oct","Side Vegetarian Fried Rice with",1,"Asian","Fall 2024","Control","Wok","Side","Satellite","Lunch",NA,NA,NA,NA,NA,NA
"31","16-Oct","Create Your Pasta Bowl MEAT",149,"Italian","Fall 2024","Control","Pasta","Main","Satellite","Lunch",0.625595496853921,47.8385188473692,8.99,93.2137290312343,7127.93930825801,1339.51
"32","16-Oct","Create Your Pasta Bowl VEG",24,"Italian","Fall 2024","Control","Pasta","Main","Satellite","Lunch",0.140294556536554,10.5521527214029,8.49,3.3670693568773,253.251665313668,203.76
"33","16-Oct","Pizza Cheese",28,"Italian","Fall 2024","Control","Pizza","Main","Satellite","Lunch",NA,NA,NA,NA,NA,NA
"34","16-Oct","Add Extra Meat",34,"Italian","Fall 2024","Control","Pasta","Modification","Satellite","Lunch",NA,NA,NA,NA,NA,NA
"35","16-Oct","Pizza with Toppings",16,"Italian","Fall 2024","Control","Pizza","Main","Satellite","Lunch",NA,NA,NA,NA,NA,NA
"36","16-Oct","Side Bread Pasta Station",2,"Italian","Fall 2024","Control","Pasta","Side","Satellite","Lunch",NA,NA,NA,NA,NA,NA
"37","16-Oct","Burrito Breakfast",87,"Breakfast","Fall 2024","Control","Breakfast","Main","Satellite","Breakfast",NA,NA,NA,NA,NA,NA
"38","16-Oct","Small French Omelet",53,"Breakfast","Fall 2024","Control","Breakfast","Side","Satellite","Breakfast",NA,NA,NA,NA,NA,NA
"39","16-Oct","Egg Cheese Sausage Breakfast San",34,"Breakfast","Fall 2024","Control","Breakfast","Main","Satellite","Breakfast",NA,NA,NA,NA,NA,NA
"40","16-Oct","Egg Cheese Bacon Breakfast Sandw",26,"Breakfast","Fall 2024","Control","Breakfast","Main","Satellite","Breakfast",NA,NA,NA,NA,NA,NA
"41","16-Oct","Grand Slam Breakfast",9,"Breakfast","Fall 2024","Control","Breakfast","Main","Satellite","Breakfast",NA,NA,NA,NA,NA,NA
"42","16-Oct","Add Bacon",26,"Breakfast","Fall 2024","Control","Breakfast","Modification","Satellite","Breakfast",NA,NA,NA,NA,NA,NA
"43","16-Oct","Two Eggs",10,"Breakfast","Fall 2024","Control","Breakfast","Side","Satellite","Breakfast",NA,NA,NA,NA,NA,NA
"44","16-Oct","Pancake Single",4,"Breakfast","Fall 2024","Control","Breakfast","Side","Satellite","Breakfast",NA,NA,NA,NA,NA,NA
"45","16-Oct","2 Slices Toast",4,"Breakfast","Fall 2024","Control","Breakfast","Side","Satellite","Breakfast",NA,NA,NA,NA,NA,NA
"46","16-Oct","Trillium Home Fries",1,"Breakfast","Fall 2024","Control","Breakfast","Side","Satellite","Breakfast",NA,NA,NA,NA,NA,NA
"47","16-Oct","Burrito Bowl BYO",105,"Mexican","Fall 2024","Control","Wrap","Main","Satellite","Lunch",NA,NA,NA,NA,NA,NA
"48","16-Oct","Single Taco",3,"Mexican","Fall 2024","Control","Wrap","Main","Satellite","Lunch",NA,NA,NA,NA,NA,NA
"49","16-Oct","Side Sour Cream",1,"Mexican","Fall 2024","Control","Wrap","Side","Satellite","Lunch",NA,NA,NA,NA,NA,NA
"50","16-Oct","Salad by the Pound",79,"Salad Bar","Fall 2024","Control","Salad Bar","Main","Satellite","Lunch",NA,NA,NA,NA,NA,NA
"51","16-Oct","Add Extra Protein 2.99",1,"Salad Bar","Fall 2024","Control","Salad Bar","Modification","Satellite","Lunch",NA,NA,NA,NA,NA,NA
"52","16-Oct","Soup 12 oz",67,"Soup","Fall 2024","Control","Soup","Main","Satellite","Lunch",NA,NA,NA,NA,NA,NA
"53","16-Oct","8 oz Soup",60,"Soup","Fall 2024","Control","Soup","Main","Satellite","Lunch",NA,NA,NA,NA,NA,NA
"54","16-Oct","Side Potato Tots",12,"Grab N Go","Fall 2024","Control","Grab N Go","Side","Satellite","Lunch",NA,NA,NA,NA,NA,NA
"55","17-Oct","Quesadilla Deluxe Trillium",159,"Grill","Fall 2024","Control","Quesadilla","Main","Satellite","Lunch",NA,NA,NA,NA,NA,NA
"56","17-Oct","Grilled Hamburger",109,"Grill","Fall 2024","Control","Grill","Main","Treatment","Lunch",3.88121217461521,88.8793607464882,8.99,423.052127033058,9687.85032136721,979.91
"57","17-Oct","Fried Chicken Tenders",109,"Grab N Go","Fall 2024","Control","Grab N Go","Side","Satellite","Lunch",NA,NA,NA,NA,NA,NA
"58","17-Oct","Burrito Una Mano Trillium BYO",51,"Grill","Fall 2024","Control","Quesadilla","Main","Satellite","Lunch",NA,NA,NA,NA,NA,NA
"59","17-Oct","French Fries",136,"Grill","Fall 2024","Control","Grill","Side","Treatment","Lunch",0.040840402892853,2.72997334161235,2.99,5.55429479342801,371.27637445928,406.64
"60","17-Oct","Grilled Chicken Breast Sandwich",22,"Grill","Fall 2024","Control","Grill","Main","Treatment","Lunch",0.301553745597932,69.470648861248,8.49,6.6341824031545,1528.35427494746,186.78
"61","17-Oct","Trillium Grill Impossible Burger",12,"Grill","Fall 2024","Control","Grill","Main","Treatment","Lunch",0.210911088099112,23.2535935181063,10.49,2.53093305718934,279.043122217276,125.88
"62","17-Oct","Quesadilla Cheese",13,"Grill","Fall 2024","Control","Quesadilla","Main","Satellite","Lunch",NA,NA,NA,NA,NA,NA
"63","17-Oct","Sweet Potato Fries",27,"Grill","Fall 2024","Control","Grill","Side","Treatment","Lunch",0.0422551714366103,3.97622481710592,2.99,1.14088962878848,107.35807006186,80.73
"64","17-Oct","Seared Salmon Burger",9,"Grill","Fall 2024","Control","Grill","Main","Treatment","Lunch",0.447926073918026,44.697222176261,8.49,4.03133466526223,402.274999586349,76.41
"65","17-Oct","+ Beef Patty",19,"Grill","Fall 2024","Control","Grill","Modification","Treatment","Lunch",3.806907508554,79.8564119237622,2.99,72.331242662526,1517.27182655148,56.81
"66","17-Oct","Black Bean Burger",1,"Grill","Fall 2024","Control","Grill","Main","Treatment","Lunch",0.110944712328442,54.9888227801748,8.69,0.110944712328442,54.9888227801748,8.69
"67","17-Oct","ADD Cheese",10,"Grill","Fall 2024","Control","Grill","Modification","Treatment","Lunch",0.183611306606629,3.19881943989712,1.99,1.83611306606629,31.9881943989712,19.9
"68","17-Oct","Add Sausage 2 Patty",2,"Grill","Fall 2024","Control","Grill","Modification","Treatment","Lunch",0.168918026814813,34.6406776822533,1.99,0.337836053629626,69.2813553645066,3.98
"69","17-Oct","ADD Chicken Breast",1,"Grill","Fall 2024","Control","Grill","Modification","Treatment","Lunch",0.227249079536725,60.447700038522,2.99,0.227249079536725,60.447700038522,2.99
"70","17-Oct","Add Egg .99",1,"Grill","Fall 2024","Control","Grill","Modification","Treatment","Lunch",0.0903881853779601,25.3348662383603,0.99,0.0903881853779601,25.3348662383603,0.99
"71","17-Oct","1 Entree + 1 Side",189,"Asian","Fall 2024","Control","Wok","Main","Satellite","Lunch",NA,NA,NA,NA,NA,NA
"72","17-Oct","1 Entree + 2 Side",81,"Asian","Fall 2024","Control","Wok","Main","Satellite","Lunch",NA,NA,NA,NA,NA,NA
"73","17-Oct","Bowl Ramen Chicken",68,"Asian","Fall 2024","Control","Ramen","Main","Treatment","Lunch",0.379685915053077,104.607642341871,9.49,25.8186422236092,7113.31967924726,645.32
"74","17-Oct","2 Entrees + 2 Sides",35,"Asian","Fall 2024","Control","Wok","Main","Satellite","Lunch",NA,NA,NA,NA,NA,NA
"75","17-Oct","Bowl Ramen Tofu",14,"Asian","Fall 2024","Control","Ramen","Main","Treatment","Lunch",0.306509419979168,91.9886822989085,9.49,4.29113187970835,1287.84155218472,132.86
"76","17-Oct","1 Wok Entree",5,"Asian","Fall 2024","Control","Wok","Main","Satellite","Lunch",NA,NA,NA,NA,NA,NA
"77","17-Oct","Side Vegetable Spring Rolls",3,"Asian","Fall 2024","Control","Wok","Side","Satellite","Lunch",NA,NA,NA,NA,NA,NA
"78","17-Oct","Side Vegetarian Lo Mein",3,"Asian","Fall 2024","Control","Wok","Side","Satellite","Lunch",NA,NA,NA,NA,NA,NA
"79","17-Oct","Side Vegetables",2,"Asian","Fall 2024","Control","Wok","Side","Satellite","Lunch",NA,NA,NA,NA,NA,NA
"80","17-Oct","Side White or Brown Rice",2,"Asian","Fall 2024","Control","Wok","Side","Satellite","Lunch",NA,NA,NA,NA,NA,NA
"81","17-Oct","Create Your Pasta Bowl MEAT",128,"Italian","Fall 2024","Control","Pasta","Main","Satellite","Lunch",0.625595496853921,47.8385188473692,8.99,80.0762235973019,6123.33041246326,1150.72
"82","17-Oct","Create Your Pasta Bowl VEG",33,"Italian","Fall 2024","Control","Pasta","Main","Satellite","Lunch",0.140294556536554,10.5521527214029,8.49,4.62972036570628,348.221039806294,280.17
"83","17-Oct","Pizza with Toppings",37,"Italian","Fall 2024","Control","Pizza","Main","Satellite","Lunch",NA,NA,NA,NA,NA,NA
"84","17-Oct","Pizza Cheese",27,"Italian","Fall 2024","Control","Pizza","Main","Satellite","Lunch",NA,NA,NA,NA,NA,NA
"85","17-Oct","Add Extra Meat",24,"Italian","Fall 2024","Control","Pasta","Modification","Satellite","Lunch",NA,NA,NA,NA,NA,NA
"86","17-Oct","Side Bread Pasta Station",2,"Italian","Fall 2024","Control","Pasta","Side","Satellite","Lunch",NA,NA,NA,NA,NA,NA
"87","17-Oct","Burrito Breakfast",85,"Breakfast","Fall 2024","Control","Breakfast","Main","Satellite","Breakfast",NA,NA,NA,NA,NA,NA
"88","17-Oct","Small French Omelet",61,"Breakfast","Fall 2024","Control","Breakfast","Side","Satellite","Breakfast",NA,NA,NA,NA,NA,NA
"89","17-Oct","Egg Cheese Sausage Breakfast San",36,"Breakfast","Fall 2024","Control","Breakfast","Main","Satellite","Breakfast",NA,NA,NA,NA,NA,NA
"90","17-Oct","Egg Cheese Bacon Breakfast Sandw",34,"Breakfast","Fall 2024","Control","Breakfast","Main","Satellite","Breakfast",NA,NA,NA,NA,NA,NA
"91","17-Oct","Grand Slam Breakfast",15,"Breakfast","Fall 2024","Control","Breakfast","Main","Satellite","Breakfast",NA,NA,NA,NA,NA,NA
"92","17-Oct","Add Bacon",28,"Breakfast","Fall 2024","Control","Breakfast","Modification","Satellite","Breakfast",NA,NA,NA,NA,NA,NA
"93","17-Oct","Two Eggs",17,"Breakfast","Fall 2024","Control","Breakfast","Side","Satellite","Breakfast",NA,NA,NA,NA,NA,NA
"94","17-Oct","Trillium Home Fries",1,"Breakfast","Fall 2024","Control","Breakfast","Side","Satellite","Breakfast",NA,NA,NA,NA,NA,NA
"95","17-Oct","Pancake Single",1,"Breakfast","Fall 2024","Control","Breakfast","Side","Satellite","Breakfast",NA,NA,NA,NA,NA,NA
"96","17-Oct","2 Slices Toast",1,"Breakfast","Fall 2024","Control","Breakfast","Side","Satellite","Breakfast",NA,NA,NA,NA,NA,NA
"97","17-Oct","Toast",1,"Breakfast","Fall 2024","Control","Breakfast","Side","Satellite","Breakfast",NA,NA,NA,NA,NA,NA
"98","17-Oct","Burrito Bowl BYO",103,"Mexican","Fall 2024","Control","Wrap","Main","Satellite","Lunch",NA,NA,NA,NA,NA,NA
"99","17-Oct","Single Taco",4,"Mexican","Fall 2024","Control","Wrap","Main","Satellite","Lunch",NA,NA,NA,NA,NA,NA
"100","17-Oct","Side Guacamole",4,"Mexican","Fall 2024","Control","Wrap","Side","Satellite","Lunch",NA,NA,NA,NA,NA,NA
"101","17-Oct","Side Salsa",3,"Mexican","Fall 2024","Control","Wrap","Side","Satellite","Lunch",NA,NA,NA,NA,NA,NA
"102","17-Oct","Add Extra Toppings Una Mano",2,"Mexican","Fall 2024","Control","Wrap","Modification","Satellite","Lunch",NA,NA,NA,NA,NA,NA
"103","17-Oct","Salad by the Pound",57,"Salad Bar","Fall 2024","Control","Salad Bar","Main","Satellite","Lunch",NA,NA,NA,NA,NA,NA
"104","17-Oct","Add Extra Protein 2.99",1,"Salad Bar","Fall 2024","Control","Salad Bar","Modification","Satellite","Lunch",NA,NA,NA,NA,NA,NA
"105","17-Oct","8 oz Soup",35,"Soup","Fall 2024","Control","Soup","Main","Satellite","Lunch",NA,NA,NA,NA,NA,NA
"106","17-Oct","Soup 12 oz",28,"Soup","Fall 2024","Control","Soup","Main","Satellite","Lunch",NA,NA,NA,NA,NA,NA
"107","17-Oct","Side Potato Tots",18,"Grab N Go","Fall 2024","Control","Grab N Go","Side","Satellite","Lunch",NA,NA,NA,NA,NA,NA
"108","18-Oct","Quesadilla Deluxe Trillium",105,"Grill","Fall 2024","Control","Quesadilla","Main","Satellite","Lunch",NA,NA,NA,NA,NA,NA
"109","18-Oct","Grilled Hamburger",66,"Grill","Fall 2024","Control","Grill","Main","Treatment","Lunch",3.88121217461521,88.8793607464882,8.99,256.160003524604,5866.03780926822,593.34
"110","18-Oct","Fried Chicken Tenders",54,"Grab N Go","Fall 2024","Control","Grab N Go","Side","Satellite","Lunch",NA,NA,NA,NA,NA,NA
"111","18-Oct","Burrito Una Mano Trillium BYO",42,"Grill","Fall 2024","Control","Quesadilla","Main","Satellite","Lunch",NA,NA,NA,NA,NA,NA
"112","18-Oct","French Fries",101,"Grill","Fall 2024","Control","Grill","Side","Treatment","Lunch",0.040840402892853,2.72997334161235,2.99,4.12488069217815,275.727307502847,301.99
"113","18-Oct","Quesadilla Cheese",14,"Grill","Fall 2024","Control","Quesadilla","Main","Satellite","Lunch",NA,NA,NA,NA,NA,NA
"114","18-Oct","Grilled Chicken Breast Sandwich",11,"Grill","Fall 2024","Control","Grill","Main","Treatment","Lunch",0.301553745597932,69.470648861248,8.49,3.31709120157725,764.177137473728,93.39
"115","18-Oct","Seared Salmon Burger",8,"Grill","Fall 2024","Control","Grill","Main","Treatment","Lunch",0.447926073918026,44.697222176261,8.49,3.5834085913442,357.577777410088,67.92
"116","18-Oct","+ Beef Patty",11,"Grill","Fall 2024","Control","Grill","Modification","Treatment","Lunch",3.806907508554,79.8564119237622,2.99,41.875982594094,878.420531161384,32.89
"117","18-Oct","Trillium Grill Impossible Burger",2,"Grill","Fall 2024","Control","Grill","Main","Treatment","Lunch",0.210911088099112,23.2535935181063,10.49,0.421822176198224,46.5071870362126,20.98
"118","18-Oct","Black Bean Burger",2,"Grill","Fall 2024","Control","Grill","Main","Treatment","Lunch",0.110944712328442,54.9888227801748,8.69,0.221889424656883,109.97764556035,17.38
"119","18-Oct","Add Sausage 2 Patty",2,"Grill","Fall 2024","Control","Grill","Modification","Treatment","Lunch",0.168918026814813,34.6406776822533,1.99,0.337836053629626,69.2813553645066,3.98
"120","18-Oct","ADD Chicken Breast",1,"Grill","Fall 2024","Control","Grill","Modification","Treatment","Lunch",0.227249079536725,60.447700038522,2.99,0.227249079536725,60.447700038522,2.99
"121","18-Oct","ADD Cheese",4,"Grill","Fall 2024","Control","Grill","Modification","Treatment","Lunch",0.183611306606629,3.19881943989712,1.99,0.734445226426516,12.7952777595885,7.96
"122","18-Oct","Add Egg .99",1,"Grill","Fall 2024","Control","Grill","Modification","Treatment","Lunch",0.0903881853779601,25.3348662383603,0.99,0.0903881853779601,25.3348662383603,0.99
"123","18-Oct","1 Entree + 1 Side",103,"Asian","Fall 2024","Control","Wok","Main","Satellite","Lunch",NA,NA,NA,NA,NA,NA
"124","18-Oct","1 Entree + 2 Side",63,"Asian","Fall 2024","Control","Wok","Main","Satellite","Lunch",NA,NA,NA,NA,NA,NA
"125","18-Oct","Bowl Ramen Chicken",44,"Asian","Fall 2024","Control","Ramen","Main","Treatment","Lunch",0.379685915053077,104.607642341871,9.49,16.7061802623354,4602.73626304235,417.56
"126","18-Oct","2 Entrees + 2 Sides",20,"Asian","Fall 2024","Control","Wok","Main","Satellite","Lunch",NA,NA,NA,NA,NA,NA
"127","18-Oct","Bowl Ramen Tofu",21,"Asian","Fall 2024","Control","Ramen","Main","Treatment","Lunch",0.306509419979168,91.9886822989085,9.49,6.43669781956253,1931.76232827708,199.29
"128","18-Oct","Side White or Brown Rice",12,"Asian","Fall 2024","Control","Wok","Side","Satellite","Lunch",NA,NA,NA,NA,NA,NA
"129","18-Oct","Side Vegetarian Lo Mein",4,"Asian","Fall 2024","Control","Wok","Side","Satellite","Lunch",NA,NA,NA,NA,NA,NA
"130","18-Oct","1 Wok Entree",2,"Asian","Fall 2024","Control","Wok","Main","Satellite","Lunch",NA,NA,NA,NA,NA,NA
"131","18-Oct","Side Vegetable Spring Rolls",1,"Asian","Fall 2024","Control","Wok","Side","Satellite","Lunch",NA,NA,NA,NA,NA,NA
"132","18-Oct","Side Vegetarian Fried Rice with",1,"Asian","Fall 2024","Control","Wok","Side","Satellite","Lunch",NA,NA,NA,NA,NA,NA
"133","18-Oct","Burrito Breakfast",84,"Breakfast","Fall 2024","Control","Breakfast","Main","Satellite","Breakfast",NA,NA,NA,NA,NA,NA
"134","18-Oct","Small French Omelet",47,"Breakfast","Fall 2024","Control","Breakfast","Side","Satellite","Breakfast",NA,NA,NA,NA,NA,NA
"135","18-Oct","Egg Cheese Sausage Breakfast San",36,"Breakfast","Fall 2024","Control","Breakfast","Main","Satellite","Breakfast",NA,NA,NA,NA,NA,NA
"136","18-Oct","Grand Slam Breakfast",15,"Breakfast","Fall 2024","Control","Breakfast","Main","Satellite","Breakfast",NA,NA,NA,NA,NA,NA
"137","18-Oct","Egg Cheese Bacon Breakfast Sandw",23,"Breakfast","Fall 2024","Control","Breakfast","Main","Satellite","Breakfast",NA,NA,NA,NA,NA,NA
"138","18-Oct","Add Bacon",21,"Breakfast","Fall 2024","Control","Breakfast","Modification","Satellite","Breakfast",NA,NA,NA,NA,NA,NA
"139","18-Oct","Two Eggs",10,"Breakfast","Fall 2024","Control","Breakfast","Side","Satellite","Breakfast",NA,NA,NA,NA,NA,NA
"140","18-Oct","Pancake Single",6,"Breakfast","Fall 2024","Control","Breakfast","Side","Satellite","Breakfast",NA,NA,NA,NA,NA,NA
"141","18-Oct","Trillium Home Fries",2,"Breakfast","Fall 2024","Control","Breakfast","Side","Satellite","Breakfast",NA,NA,NA,NA,NA,NA
"142","18-Oct","PC Jelly",1,"Breakfast","Fall 2024","Control","Breakfast","Side","Satellite","Breakfast",NA,NA,NA,NA,NA,NA
"143","18-Oct","Create Your Pasta Bowl MEAT",83,"Italian","Fall 2024","Control","Pasta","Main","Satellite","Lunch",0.625595496853921,47.8385188473692,8.99,51.9244262388755,3970.59706433164,746.17
"144","18-Oct","Pizza with Toppings",23,"Italian","Fall 2024","Control","Pizza","Main","Satellite","Lunch",NA,NA,NA,NA,NA,NA
"145","18-Oct","Pizza Cheese",27,"Italian","Fall 2024","Control","Pizza","Main","Satellite","Lunch",NA,NA,NA,NA,NA,NA
"146","18-Oct","Create Your Pasta Bowl VEG",13,"Italian","Fall 2024","Control","Pasta","Main","Satellite","Lunch",0.140294556536554,10.5521527214029,8.49,1.8238292349752,137.177985378237,110.37
"147","18-Oct","Add Extra Meat",14,"Italian","Fall 2024","Control","Pasta","Modification","Satellite","Lunch",NA,NA,NA,NA,NA,NA
"148","18-Oct","Burrito Bowl BYO",81,"Mexican","Fall 2024","Control","Wrap","Main","Satellite","Lunch",NA,NA,NA,NA,NA,NA
"149","18-Oct","Single Taco",4,"Mexican","Fall 2024","Control","Wrap","Main","Satellite","Lunch",NA,NA,NA,NA,NA,NA
"150","18-Oct","8 oz Soup",39,"Soup","Fall 2024","Control","Soup","Main","Satellite","Lunch",NA,NA,NA,NA,NA,NA
"151","18-Oct","Soup 12 oz",24,"Soup","Fall 2024","Control","Soup","Main","Satellite","Lunch",NA,NA,NA,NA,NA,NA
"152","18-Oct","Salad by the Pound",34,"Salad Bar","Fall 2024","Control","Salad Bar","Main","Satellite","Lunch",NA,NA,NA,NA,NA,NA
"153","18-Oct","Add Extra Protein 2.99",1,"Salad Bar","Fall 2024","Control","Salad Bar","Modification","Satellite","Lunch",NA,NA,NA,NA,NA,NA
"154","18-Oct","Side Potato Tots",15,"Grab N Go","Fall 2024","Control","Grab N Go","Side","Satellite","Lunch",NA,NA,NA,NA,NA,NA
"155","21-Oct","Quesadilla Deluxe Trillium",154,"Grill","Fall 2024","Control","Quesadilla","Main","Satellite","Lunch",NA,NA,NA,NA,NA,NA
"156","21-Oct","Grilled Hamburger",105,"Grill","Fall 2024","Control","Grill","Main","Treatment","Lunch",3.88121217461521,88.8793607464882,8.99,407.527278334597,9332.33287838126,943.95
"157","21-Oct","Burrito Una Mano Trillium BYO",79,"Grill","Fall 2024","Control","Quesadilla","Main","Satellite","Lunch",NA,NA,NA,NA,NA,NA
"158","21-Oct","Fried Chicken Tenders",91,"Grab N Go","Fall 2024","Control","Grab N Go","Side","Satellite","Lunch",NA,NA,NA,NA,NA,NA
"159","21-Oct","French Fries",114,"Grill","Fall 2024","Control","Grill","Side","Treatment","Lunch",0.040840402892853,2.72997334161235,2.99,4.65580592978524,311.216960943808,340.86
"160","21-Oct","Grilled Chicken Breast Sandwich",18,"Grill","Fall 2024","Control","Grill","Main","Treatment","Lunch",0.301553745597932,69.470648861248,8.49,5.42796742076277,1250.47167950246,152.82
"161","21-Oct","Sweet Potato Fries",36,"Grill","Fall 2024","Control","Grill","Side","Treatment","Lunch",0.0422551714366103,3.97622481710592,2.99,1.52118617171797,143.144093415813,107.64
"162","21-Oct","Seared Salmon Burger",11,"Grill","Fall 2024","Control","Grill","Main","Treatment","Lunch",0.447926073918026,44.697222176261,8.49,4.92718681309828,491.66944393887,93.39
"163","21-Oct","Trillium Grill Impossible Burger",8,"Grill","Fall 2024","Control","Grill","Main","Treatment","Lunch",0.210911088099112,23.2535935181063,10.49,1.68728870479289,186.02874814485,83.92
"164","21-Oct","Quesadilla Cheese",6,"Grill","Fall 2024","Control","Quesadilla","Main","Satellite","Lunch",NA,NA,NA,NA,NA,NA
"165","21-Oct","+ Beef Patty",14,"Grill","Fall 2024","Control","Grill","Modification","Treatment","Lunch",3.806907508554,79.8564119237622,2.99,53.296705119756,1117.98976693267,41.86
"166","21-Oct","ADD Chicken Breast",4,"Grill","Fall 2024","Control","Grill","Modification","Treatment","Lunch",0.227249079536725,60.447700038522,2.99,0.9089963181469,241.790800154088,11.96
"167","21-Oct","Add Sausage 2 Patty",5,"Grill","Fall 2024","Control","Grill","Modification","Treatment","Lunch",0.168918026814813,34.6406776822533,1.99,0.844590134074065,173.203388411266,9.95
"168","21-Oct","Black Bean Burger",1,"Grill","Fall 2024","Control","Grill","Main","Treatment","Lunch",0.110944712328442,54.9888227801748,8.69,0.110944712328442,54.9888227801748,8.69
"169","21-Oct","ADD Cheese",4,"Grill","Fall 2024","Control","Grill","Modification","Treatment","Lunch",0.183611306606629,3.19881943989712,1.99,0.734445226426516,12.7952777595885,7.96
"170","21-Oct","Add Egg .99",2,"Grill","Fall 2024","Control","Grill","Modification","Treatment","Lunch",0.0903881853779601,25.3348662383603,0.99,0.18077637075592,50.6697324767206,1.98
"171","21-Oct","1 Entree + 1 Side",187,"Asian","Fall 2024","Control","Wok","Main","Satellite","Lunch",NA,NA,NA,NA,NA,NA
"172","21-Oct","1 Entree + 2 Side",87,"Asian","Fall 2024","Control","Wok","Main","Satellite","Lunch",NA,NA,NA,NA,NA,NA
"173","21-Oct","Bowl Ramen Chicken",71,"Asian","Fall 2024","Control","Ramen","Main","Treatment","Lunch",0.379685915053077,104.607642341871,9.49,26.9576999687685,7427.14260627288,673.79
"174","21-Oct","2 Entrees + 2 Sides",20,"Asian","Fall 2024","Control","Wok","Main","Satellite","Lunch",NA,NA,NA,NA,NA,NA
"175","21-Oct","Bowl Ramen Tofu",14,"Asian","Fall 2024","Control","Ramen","Main","Treatment","Lunch",0.306509419979168,91.9886822989085,9.49,4.29113187970835,1287.84155218472,132.86
"176","21-Oct","Side Vegetarian Lo Mein",7,"Asian","Fall 2024","Control","Wok","Side","Satellite","Lunch",NA,NA,NA,NA,NA,NA
"177","21-Oct","Side Vegetable Spring Rolls",5,"Asian","Fall 2024","Control","Wok","Side","Satellite","Lunch",NA,NA,NA,NA,NA,NA
"178","21-Oct","1 Wok Entree",3,"Asian","Fall 2024","Control","Wok","Main","Satellite","Lunch",NA,NA,NA,NA,NA,NA
"179","21-Oct","Side Vegetarian Fried Rice with",1,"Asian","Fall 2024","Control","Wok","Side","Satellite","Lunch",NA,NA,NA,NA,NA,NA
"180","21-Oct","Side White or Brown Rice",1,"Asian","Fall 2024","Control","Wok","Side","Satellite","Lunch",NA,NA,NA,NA,NA,NA
"181","21-Oct","Create Your Pasta Bowl MEAT",124,"Italian","Fall 2024","Control","Pasta","Main","Satellite","Lunch",0.625595496853921,47.8385188473692,8.99,77.5738416098862,5931.97633707378,1114.76
"182","21-Oct","Create Your Pasta Bowl VEG",37,"Italian","Fall 2024","Control","Pasta","Main","Satellite","Lunch",0.140294556536554,10.5521527214029,8.49,5.1908985918525,390.429650691906,314.13
"183","21-Oct","Pizza with Toppings",38,"Italian","Fall 2024","Control","Pizza","Main","Satellite","Lunch",NA,NA,NA,NA,NA,NA
"184","21-Oct","Pizza Cheese",23,"Italian","Fall 2024","Control","Pizza","Main","Satellite","Lunch",NA,NA,NA,NA,NA,NA
"185","21-Oct","Add Extra Meat",22,"Italian","Fall 2024","Control","Pasta","Modification","Satellite","Lunch",NA,NA,NA,NA,NA,NA
"186","21-Oct","Side Bread Pasta Station",1,"Italian","Fall 2024","Control","Pasta","Side","Satellite","Lunch",NA,NA,NA,NA,NA,NA
"187","21-Oct","Burrito Breakfast",80,"Breakfast","Fall 2024","Control","Breakfast","Main","Satellite","Breakfast",NA,NA,NA,NA,NA,NA
"188","21-Oct","Small French Omelet",51,"Breakfast","Fall 2024","Control","Breakfast","Side","Satellite","Breakfast",NA,NA,NA,NA,NA,NA
"189","21-Oct","Egg Cheese Sausage Breakfast San",32,"Breakfast","Fall 2024","Control","Breakfast","Main","Satellite","Breakfast",NA,NA,NA,NA,NA,NA
"190","21-Oct","Grand Slam Breakfast",16,"Breakfast","Fall 2024","Control","Breakfast","Main","Satellite","Breakfast",NA,NA,NA,NA,NA,NA
"191","21-Oct","Egg Cheese Bacon Breakfast Sandw",28,"Breakfast","Fall 2024","Control","Breakfast","Main","Satellite","Breakfast",NA,NA,NA,NA,NA,NA
"192","21-Oct","Add Bacon",35,"Breakfast","Fall 2024","Control","Breakfast","Modification","Satellite","Breakfast",NA,NA,NA,NA,NA,NA
"193","21-Oct","Two Eggs",15,"Breakfast","Fall 2024","Control","Breakfast","Side","Satellite","Breakfast",NA,NA,NA,NA,NA,NA
"194","21-Oct","Trillium Home Fries",6,"Breakfast","Fall 2024","Control","Breakfast","Side","Satellite","Breakfast",NA,NA,NA,NA,NA,NA
"195","21-Oct","2 Slices Toast",3,"Breakfast","Fall 2024","Control","Breakfast","Side","Satellite","Breakfast",NA,NA,NA,NA,NA,NA
"196","21-Oct","Toast",2,"Breakfast","Fall 2024","Control","Breakfast","Side","Satellite","Breakfast",NA,NA,NA,NA,NA,NA
"197","21-Oct","Burrito Bowl BYO",101,"Mexican","Fall 2024","Control","Wrap","Main","Satellite","Lunch",NA,NA,NA,NA,NA,NA
"198","21-Oct","Single Taco",7,"Mexican","Fall 2024","Control","Wrap","Main","Satellite","Lunch",NA,NA,NA,NA,NA,NA
"199","21-Oct","Side Guacamole",6,"Mexican","Fall 2024","Control","Wrap","Side","Satellite","Lunch",NA,NA,NA,NA,NA,NA
"200","21-Oct","Add Extra Toppings Una Mano",1,"Mexican","Fall 2024","Control","Wrap","Modification","Satellite","Lunch",NA,NA,NA,NA,NA,NA
"201","21-Oct","Salad by the Pound",59,"Salad Bar","Fall 2024","Control","Salad Bar","Main","Satellite","Lunch",NA,NA,NA,NA,NA,NA
"202","21-Oct","Soup 12 oz",43,"Soup","Fall 2024","Control","Soup","Main","Satellite","Lunch",NA,NA,NA,NA,NA,NA
"203","21-Oct","8 oz Soup",27,"Soup","Fall 2024","Control","Soup","Main","Satellite","Lunch",NA,NA,NA,NA,NA,NA
"204","21-Oct","Side Potato Tots",14,"Grab N Go","Fall 2024","Control","Grab N Go","Side","Satellite","Lunch",NA,NA,NA,NA,NA,NA
"205","22-Oct","Quesadilla Deluxe Trillium",161,"Grill","Fall 2024","Control","Quesadilla","Main","Satellite","Lunch",NA,NA,NA,NA,NA,NA
"206","22-Oct","Grilled Hamburger",127,"Grill","Fall 2024","Control","Grill","Main","Treatment","Lunch",3.88121217461521,88.8793607464882,8.99,492.913946176131,11287.678814804,1141.73
"207","22-Oct","Fried Chicken Tenders",120,"Grab N Go","Fall 2024","Control","Grab N Go","Side","Satellite","Lunch",NA,NA,NA,NA,NA,NA
"208","22-Oct","Burrito Una Mano Trillium BYO",62,"Grill","Fall 2024","Control","Quesadilla","Main","Satellite","Lunch",NA,NA,NA,NA,NA,NA
"209","22-Oct","French Fries",146,"Grill","Fall 2024","Control","Grill","Side","Treatment","Lunch",0.040840402892853,2.72997334161235,2.99,5.96269882235654,398.576107875403,436.54
"210","22-Oct","Grilled Chicken Breast Sandwich",18,"Grill","Fall 2024","Control","Grill","Main","Treatment","Lunch",0.301553745597932,69.470648861248,8.49,5.42796742076277,1250.47167950246,152.82
"211","22-Oct","Sweet Potato Fries",34,"Grill","Fall 2024","Control","Grill","Side","Treatment","Lunch",0.0422551714366103,3.97622481710592,2.99,1.43667582884475,135.191643781601,101.66
"212","22-Oct","Quesadilla Cheese",12,"Grill","Fall 2024","Control","Quesadilla","Main","Satellite","Lunch",NA,NA,NA,NA,NA,NA
"213","22-Oct","Seared Salmon Burger",10,"Grill","Fall 2024","Control","Grill","Main","Treatment","Lunch",0.447926073918026,44.697222176261,8.49,4.47926073918026,446.97222176261,84.9
"214","22-Oct","Trillium Grill Impossible Burger",6,"Grill","Fall 2024","Control","Grill","Main","Treatment","Lunch",0.210911088099112,23.2535935181063,10.49,1.26546652859467,139.521561108638,62.94
"215","22-Oct","+ Beef Patty",9,"Grill","Fall 2024","Control","Grill","Modification","Treatment","Lunch",3.806907508554,79.8564119237622,2.99,34.262167576986,718.70770731386,26.91
"216","22-Oct","Black Bean Burger",2,"Grill","Fall 2024","Control","Grill","Main","Treatment","Lunch",0.110944712328442,54.9888227801748,8.69,0.221889424656883,109.97764556035,17.38
"217","22-Oct","ADD Chicken Breast",3,"Grill","Fall 2024","Control","Grill","Modification","Treatment","Lunch",0.227249079536725,60.447700038522,2.99,0.681747238610175,181.343100115566,8.97
"218","22-Oct","Add Sausage 2 Patty",1,"Grill","Fall 2024","Control","Grill","Modification","Treatment","Lunch",0.168918026814813,34.6406776822533,1.99,0.168918026814813,34.6406776822533,1.99
"219","22-Oct","Add Egg .99",2,"Grill","Fall 2024","Control","Grill","Modification","Treatment","Lunch",0.0903881853779601,25.3348662383603,0.99,0.18077637075592,50.6697324767206,1.98
"220","22-Oct","ADD Cheese",2,"Grill","Fall 2024","Control","Grill","Modification","Treatment","Lunch",0.183611306606629,3.19881943989712,1.99,0.367222613213258,6.39763887979424,3.98
"221","22-Oct","1 Entree + 1 Side",197,"Asian","Fall 2024","Control","Wok","Main","Satellite","Lunch",NA,NA,NA,NA,NA,NA
"222","22-Oct","1 Entree + 2 Side",87,"Asian","Fall 2024","Control","Wok","Main","Satellite","Lunch",NA,NA,NA,NA,NA,NA
"223","22-Oct","Bowl Ramen Chicken",73,"Asian","Fall 2024","Control","Ramen","Main","Treatment","Lunch",0.379685915053077,104.607642341871,9.49,27.7170717988746,7636.35789095662,692.77
"224","22-Oct","2 Entrees + 2 Sides",36,"Asian","Fall 2024","Control","Wok","Main","Satellite","Lunch",NA,NA,NA,NA,NA,NA
"225","22-Oct","Bowl Ramen Tofu",10,"Asian","Fall 2024","Control","Ramen","Main","Treatment","Lunch",0.306509419979168,91.9886822989085,9.49,3.06509419979168,919.886822989085,94.9
"226","22-Oct","Side Vegetarian Lo Mein",4,"Asian","Fall 2024","Control","Wok","Side","Satellite","Lunch",NA,NA,NA,NA,NA,NA
"227","22-Oct","1 Wok Entree",1,"Asian","Fall 2024","Control","Wok","Main","Satellite","Lunch",NA,NA,NA,NA,NA,NA
"228","22-Oct","Side White or Brown Rice",3,"Asian","Fall 2024","Control","Wok","Side","Satellite","Lunch",NA,NA,NA,NA,NA,NA
"229","22-Oct","Side Vegetarian Fried Rice with",1,"Asian","Fall 2024","Control","Wok","Side","Satellite","Lunch",NA,NA,NA,NA,NA,NA
"230","22-Oct","Create Your Pasta Bowl MEAT",132,"Italian","Fall 2024","Control","Pasta","Main","Satellite","Lunch",0.625595496853921,47.8385188473692,8.99,82.5786055847176,6314.68448785273,1186.68
"231","22-Oct","Create Your Pasta Bowl VEG",26,"Italian","Fall 2024","Control","Pasta","Main","Satellite","Lunch",0.140294556536554,10.5521527214029,8.49,3.6476584699504,274.355970756474,220.74
"232","22-Oct","Pizza with Toppings",35,"Italian","Fall 2024","Control","Pizza","Main","Satellite","Lunch",NA,NA,NA,NA,NA,NA
"233","22-Oct","Pizza Cheese",24,"Italian","Fall 2024","Control","Pizza","Main","Satellite","Lunch",NA,NA,NA,NA,NA,NA
"234","22-Oct","Add Extra Meat",21,"Italian","Fall 2024","Control","Pasta","Modification","Satellite","Lunch",NA,NA,NA,NA,NA,NA
"235","22-Oct","Side Bread Pasta Station",1,"Italian","Fall 2024","Control","Pasta","Side","Satellite","Lunch",NA,NA,NA,NA,NA,NA
"236","22-Oct","Burrito Breakfast",89,"Breakfast","Fall 2024","Control","Breakfast","Main","Satellite","Breakfast",NA,NA,NA,NA,NA,NA
"237","22-Oct","Small French Omelet",60,"Breakfast","Fall 2024","Control","Breakfast","Side","Satellite","Breakfast",NA,NA,NA,NA,NA,NA
"238","22-Oct","Grand Slam Breakfast",19,"Breakfast","Fall 2024","Control","Breakfast","Main","Satellite","Breakfast",NA,NA,NA,NA,NA,NA
"239","22-Oct","Egg Cheese Sausage Breakfast San",28,"Breakfast","Fall 2024","Control","Breakfast","Main","Satellite","Breakfast",NA,NA,NA,NA,NA,NA
"240","22-Oct","Egg Cheese Bacon Breakfast Sandw",26,"Breakfast","Fall 2024","Control","Breakfast","Main","Satellite","Breakfast",NA,NA,NA,NA,NA,NA
"241","22-Oct","Add Bacon",27,"Breakfast","Fall 2024","Control","Breakfast","Modification","Satellite","Breakfast",NA,NA,NA,NA,NA,NA
"242","22-Oct","Two Eggs",14,"Breakfast","Fall 2024","Control","Breakfast","Side","Satellite","Breakfast",NA,NA,NA,NA,NA,NA
"243","22-Oct","Pancake Single",5,"Breakfast","Fall 2024","Control","Breakfast","Side","Satellite","Breakfast",NA,NA,NA,NA,NA,NA
"244","22-Oct","Trillium Home Fries",1,"Breakfast","Fall 2024","Control","Breakfast","Side","Satellite","Breakfast",NA,NA,NA,NA,NA,NA
"245","22-Oct","2 Slices Toast",3,"Breakfast","Fall 2024","Control","Breakfast","Side","Satellite","Breakfast",NA,NA,NA,NA,NA,NA
"246","22-Oct","Toast",2,"Breakfast","Fall 2024","Control","Breakfast","Side","Satellite","Breakfast",NA,NA,NA,NA,NA,NA
"247","22-Oct","PC Jelly",1,"Breakfast","Fall 2024","Control","Breakfast","Side","Satellite","Breakfast",NA,NA,NA,NA,NA,NA
"248","22-Oct","Burrito Bowl BYO",113,"Mexican","Fall 2024","Control","Wrap","Main","Satellite","Lunch",NA,NA,NA,NA,NA,NA
"249","22-Oct","Single Taco",3,"Mexican","Fall 2024","Control","Wrap","Main","Satellite","Lunch",NA,NA,NA,NA,NA,NA
"250","22-Oct","Side Guacamole",4,"Mexican","Fall 2024","Control","Wrap","Side","Satellite","Lunch",NA,NA,NA,NA,NA,NA
"251","22-Oct","Add Extra Toppings Una Mano",3,"Mexican","Fall 2024","Control","Wrap","Modification","Satellite","Lunch",NA,NA,NA,NA,NA,NA
"252","22-Oct","Salad by the Pound",80,"Salad Bar","Fall 2024","Control","Salad Bar","Main","Satellite","Lunch",NA,NA,NA,NA,NA,NA
"253","22-Oct","8 oz Soup",51,"Soup","Fall 2024","Control","Soup","Main","Satellite","Lunch",NA,NA,NA,NA,NA,NA
"254","22-Oct","Soup 12 oz",33,"Soup","Fall 2024","Control","Soup","Main","Satellite","Lunch",NA,NA,NA,NA,NA,NA
"255","22-Oct","Side Potato Tots",14,"Grab N Go","Fall 2024","Control","Grab N Go","Side","Satellite","Lunch",NA,NA,NA,NA,NA,NA
"256","23-Oct","Quesadilla Deluxe Trillium",149,"Grill","Fall 2024","Control","Quesadilla","Main","Satellite","Lunch",NA,NA,NA,NA,NA,NA
"257","23-Oct","Grilled Hamburger",100,"Grill","Fall 2024","Control","Grill","Main","Treatment","Lunch",3.88121217461521,88.8793607464882,8.99,388.121217461521,8887.93607464882,899
"258","23-Oct","Fried Chicken Tenders",110,"Grab N Go","Fall 2024","Control","Grab N Go","Side","Satellite","Lunch",NA,NA,NA,NA,NA,NA
"259","23-Oct","Burrito Una Mano Trillium BYO",59,"Grill","Fall 2024","Control","Quesadilla","Main","Satellite","Lunch",NA,NA,NA,NA,NA,NA
"260","23-Oct","French Fries",143,"Grill","Fall 2024","Control","Grill","Side","Treatment","Lunch",0.040840402892853,2.72997334161235,2.99,5.84017761367798,390.386187850566,427.57
"261","23-Oct","Grilled Chicken Breast Sandwich",20,"Grill","Fall 2024","Control","Grill","Main","Treatment","Lunch",0.301553745597932,69.470648861248,8.49,6.03107491195863,1389.41297722496,169.8
"262","23-Oct","Trillium Grill Impossible Burger",10,"Grill","Fall 2024","Control","Grill","Main","Treatment","Lunch",0.210911088099112,23.2535935181063,10.49,2.10911088099112,232.535935181063,104.9
"263","23-Oct","Quesadilla Cheese",11,"Grill","Fall 2024","Control","Quesadilla","Main","Satellite","Lunch",NA,NA,NA,NA,NA,NA
"264","23-Oct","Sweet Potato Fries",27,"Grill","Fall 2024","Control","Grill","Side","Treatment","Lunch",0.0422551714366103,3.97622481710592,2.99,1.14088962878848,107.35807006186,80.73
"265","23-Oct","+ Beef Patty",15,"Grill","Fall 2024","Control","Grill","Modification","Treatment","Lunch",3.806907508554,79.8564119237622,2.99,57.10361262831,1197.84617885643,44.85
"266","23-Oct","Seared Salmon Burger",3,"Grill","Fall 2024","Control","Grill","Main","Treatment","Lunch",0.447926073918026,44.697222176261,8.49,1.34377822175408,134.091666528783,25.47
"267","23-Oct","ADD Chicken Breast",5,"Grill","Fall 2024","Control","Grill","Modification","Treatment","Lunch",0.227249079536725,60.447700038522,2.99,1.13624539768362,302.23850019261,14.95
"268","23-Oct","Black Bean Burger",2,"Grill","Fall 2024","Control","Grill","Main","Treatment","Lunch",0.110944712328442,54.9888227801748,8.69,0.221889424656883,109.97764556035,17.38
"269","23-Oct","Add Sausage 2 Patty",5,"Grill","Fall 2024","Control","Grill","Modification","Treatment","Lunch",0.168918026814813,34.6406776822533,1.99,0.844590134074065,173.203388411266,9.95
"270","23-Oct","ADD Cheese",8,"Grill","Fall 2024","Control","Grill","Modification","Treatment","Lunch",0.183611306606629,3.19881943989712,1.99,1.46889045285303,25.590555519177,15.92
"271","23-Oct","Add Egg .99",1,"Grill","Fall 2024","Control","Grill","Modification","Treatment","Lunch",0.0903881853779601,25.3348662383603,0.99,0.0903881853779601,25.3348662383603,0.99
"272","23-Oct","1 Entree + 1 Side",194,"Asian","Fall 2024","Control","Wok","Main","Satellite","Lunch",NA,NA,NA,NA,NA,NA
"273","23-Oct","1 Entree + 2 Side",92,"Asian","Fall 2024","Control","Wok","Main","Satellite","Lunch",NA,NA,NA,NA,NA,NA
"274","23-Oct","Bowl Ramen Chicken",83,"Asian","Fall 2024","Control","Ramen","Main","Treatment","Lunch",0.379685915053077,104.607642341871,9.49,31.5139309494054,8682.43431437533,787.67
"275","23-Oct","2 Entrees + 2 Sides",19,"Asian","Fall 2024","Control","Wok","Main","Satellite","Lunch",NA,NA,NA,NA,NA,NA
"276","23-Oct","Bowl Ramen Tofu",9,"Asian","Fall 2024","Control","Ramen","Main","Treatment","Lunch",0.306509419979168,91.9886822989085,9.49,2.75858477981251,827.898140690177,85.41
"277","23-Oct","1 Wok Entree",3,"Asian","Fall 2024","Control","Wok","Main","Satellite","Lunch",NA,NA,NA,NA,NA,NA
"278","23-Oct","Side Vegetable Spring Rolls",4,"Asian","Fall 2024","Control","Wok","Side","Satellite","Lunch",NA,NA,NA,NA,NA,NA
"279","23-Oct","Side Vegetarian Fried Rice with",3,"Asian","Fall 2024","Control","Wok","Side","Satellite","Lunch",NA,NA,NA,NA,NA,NA
"280","23-Oct","Side Vegetarian Lo Mein",3,"Asian","Fall 2024","Control","Wok","Side","Satellite","Lunch",NA,NA,NA,NA,NA,NA
"281","23-Oct","Side White or Brown Rice",5,"Asian","Fall 2024","Control","Wok","Side","Satellite","Lunch",NA,NA,NA,NA,NA,NA
"282","23-Oct","Side Vegetables",2,"Asian","Fall 2024","Control","Wok","Side","Satellite","Lunch",NA,NA,NA,NA,NA,NA
"283","23-Oct","Create Your Pasta Bowl MEAT",124,"Italian","Fall 2024","Control","Pasta","Main","Satellite","Lunch",0.625595496853921,47.8385188473692,8.99,77.5738416098862,5931.97633707378,1114.76
"284","23-Oct","Create Your Pasta Bowl VEG",28,"Italian","Fall 2024","Control","Pasta","Main","Satellite","Lunch",0.140294556536554,10.5521527214029,8.49,3.92824758302351,295.46027619928,237.72
"285","23-Oct","Pizza with Toppings",38,"Italian","Fall 2024","Control","Pizza","Main","Satellite","Lunch",NA,NA,NA,NA,NA,NA
"286","23-Oct","Pizza Cheese",23,"Italian","Fall 2024","Control","Pizza","Main","Satellite","Lunch",NA,NA,NA,NA,NA,NA
"287","23-Oct","Add Extra Meat",25,"Italian","Fall 2024","Control","Pasta","Modification","Satellite","Lunch",NA,NA,NA,NA,NA,NA
"288","23-Oct","Side Bread Pasta Station",1,"Italian","Fall 2024","Control","Pasta","Side","Satellite","Lunch",NA,NA,NA,NA,NA,NA
"289","23-Oct","Burrito Breakfast",89,"Breakfast","Fall 2024","Control","Breakfast","Main","Satellite","Breakfast",NA,NA,NA,NA,NA,NA
"290","23-Oct","Small French Omelet",73,"Breakfast","Fall 2024","Control","Breakfast","Side","Satellite","Breakfast",NA,NA,NA,NA,NA,NA
"291","23-Oct","Egg Cheese Bacon Breakfast Sandw",30,"Breakfast","Fall 2024","Control","Breakfast","Main","Satellite","Breakfast",NA,NA,NA,NA,NA,NA
"292","23-Oct","Egg Cheese Sausage Breakfast San",29,"Breakfast","Fall 2024","Control","Breakfast","Main","Satellite","Breakfast",NA,NA,NA,NA,NA,NA
"293","23-Oct","Grand Slam Breakfast",10,"Breakfast","Fall 2024","Control","Breakfast","Main","Satellite","Breakfast",NA,NA,NA,NA,NA,NA
"294","23-Oct","Add Bacon",34,"Breakfast","Fall 2024","Control","Breakfast","Modification","Satellite","Breakfast",NA,NA,NA,NA,NA,NA
"295","23-Oct","Two Eggs",16,"Breakfast","Fall 2024","Control","Breakfast","Side","Satellite","Breakfast",NA,NA,NA,NA,NA,NA
"296","23-Oct","Trillium Home Fries",6,"Breakfast","Fall 2024","Control","Breakfast","Side","Satellite","Breakfast",NA,NA,NA,NA,NA,NA
"297","23-Oct","Pancake Single",2,"Breakfast","Fall 2024","Control","Breakfast","Side","Satellite","Breakfast",NA,NA,NA,NA,NA,NA
"298","23-Oct","Toast",2,"Breakfast","Fall 2024","Control","Breakfast","Side","Satellite","Breakfast",NA,NA,NA,NA,NA,NA
"299","23-Oct","2 Slices Toast",1,"Breakfast","Fall 2024","Control","Breakfast","Side","Satellite","Breakfast",NA,NA,NA,NA,NA,NA
"300","23-Oct","Burrito Bowl BYO",92,"Mexican","Fall 2024","Control","Wrap","Main","Satellite","Lunch",NA,NA,NA,NA,NA,NA
"301","23-Oct","Single Taco",5,"Mexican","Fall 2024","Control","Wrap","Main","Satellite","Lunch",NA,NA,NA,NA,NA,NA
"302","23-Oct","Side Guacamole",1,"Mexican","Fall 2024","Control","Wrap","Side","Satellite","Lunch",NA,NA,NA,NA,NA,NA
"303","23-Oct","Add Extra Toppings Una Mano",1,"Mexican","Fall 2024","Control","Wrap","Modification","Satellite","Lunch",NA,NA,NA,NA,NA,NA
"304","23-Oct","Salad by the Pound",77,"Salad Bar","Fall 2024","Control","Salad Bar","Main","Satellite","Lunch",NA,NA,NA,NA,NA,NA
"305","23-Oct","Add Extra Protein 2.99",1,"Salad Bar","Fall 2024","Control","Salad Bar","Modification","Satellite","Lunch",NA,NA,NA,NA,NA,NA
"306","23-Oct","Soup 12 oz",36,"Soup","Fall 2024","Control","Soup","Main","Satellite","Lunch",NA,NA,NA,NA,NA,NA
"307","23-Oct","8 oz Soup",35,"Soup","Fall 2024","Control","Soup","Main","Satellite","Lunch",NA,NA,NA,NA,NA,NA
"308","23-Oct","Side Potato Tots",17,"Grab N Go","Fall 2024","Control","Grab N Go","Side","Satellite","Lunch",NA,NA,NA,NA,NA,NA
"309","24-Oct","Quesadilla Deluxe Trillium",165,"Grill","Fall 2024","Control","Quesadilla","Main","Satellite","Lunch",NA,NA,NA,NA,NA,NA
"310","24-Oct","Grilled Hamburger",107,"Grill","Fall 2024","Control","Grill","Main","Treatment","Lunch",3.88121217461521,88.8793607464882,8.99,415.289702683827,9510.09159987423,961.93
"311","24-Oct","Fried Chicken Tenders",107,"Grab N Go","Fall 2024","Control","Grab N Go","Side","Satellite","Lunch",NA,NA,NA,NA,NA,NA
"312","24-Oct","Burrito Una Mano Trillium BYO",66,"Grill","Fall 2024","Control","Quesadilla","Main","Satellite","Lunch",NA,NA,NA,NA,NA,NA
"313","24-Oct","French Fries",132,"Grill","Fall 2024","Control","Grill","Side","Treatment","Lunch",0.040840402892853,2.72997334161235,2.99,5.3909331818566,360.35648109283,394.68
"314","24-Oct","Grilled Chicken Breast Sandwich",14,"Grill","Fall 2024","Control","Grill","Main","Treatment","Lunch",0.301553745597932,69.470648861248,8.49,4.22175243837104,972.589084057471,118.86
"315","24-Oct","Trillium Grill Impossible Burger",9,"Grill","Fall 2024","Control","Grill","Main","Treatment","Lunch",0.210911088099112,23.2535935181063,10.49,1.89819979289201,209.282341662957,94.41
"316","24-Oct","Sweet Potato Fries",31,"Grill","Fall 2024","Control","Grill","Side","Treatment","Lunch",0.0422551714366103,3.97622481710592,2.99,1.30991031453492,123.262969330284,92.69
"317","24-Oct","Seared Salmon Burger",10,"Grill","Fall 2024","Control","Grill","Main","Treatment","Lunch",0.447926073918026,44.697222176261,8.49,4.47926073918026,446.97222176261,84.9
"318","24-Oct","Quesadilla Cheese",9,"Grill","Fall 2024","Control","Quesadilla","Main","Satellite","Lunch",NA,NA,NA,NA,NA,NA
"319","24-Oct","Black Bean Burger",5,"Grill","Fall 2024","Control","Grill","Main","Treatment","Lunch",0.110944712328442,54.9888227801748,8.69,0.554723561642208,274.944113900874,43.45
"320","24-Oct","+ Beef Patty",12,"Grill","Fall 2024","Control","Grill","Modification","Treatment","Lunch",3.806907508554,79.8564119237622,2.99,45.682890102648,958.276943085146,35.88
"321","24-Oct","ADD Chicken Breast",5,"Grill","Fall 2024","Control","Grill","Modification","Treatment","Lunch",0.227249079536725,60.447700038522,2.99,1.13624539768362,302.23850019261,14.95
"322","24-Oct","Add Sausage 2 Patty",3,"Grill","Fall 2024","Control","Grill","Modification","Treatment","Lunch",0.168918026814813,34.6406776822533,1.99,0.506754080444439,103.92203304676,5.97
"323","24-Oct","Add Egg .99",4,"Grill","Fall 2024","Control","Grill","Modification","Treatment","Lunch",0.0903881853779601,25.3348662383603,0.99,0.36155274151184,101.339464953441,3.96
"324","24-Oct","ADD Cheese",4,"Grill","Fall 2024","Control","Grill","Modification","Treatment","Lunch",0.183611306606629,3.19881943989712,1.99,0.734445226426516,12.7952777595885,7.96
"325","24-Oct","1 Entree + 1 Side",195,"Asian","Fall 2024","Control","Wok","Main","Satellite","Lunch",NA,NA,NA,NA,NA,NA
"326","24-Oct","1 Entree + 2 Side",93,"Asian","Fall 2024","Control","Wok","Main","Satellite","Lunch",NA,NA,NA,NA,NA,NA
"327","24-Oct","Bowl Ramen Chicken",92,"Asian","Fall 2024","Control","Ramen","Main","Treatment","Lunch",0.379685915053077,104.607642341871,9.49,34.9311041848831,9623.90309545218,873.08
"328","24-Oct","2 Entrees + 2 Sides",39,"Asian","Fall 2024","Control","Wok","Main","Satellite","Lunch",NA,NA,NA,NA,NA,NA
"329","24-Oct","Bowl Ramen Tofu",15,"Asian","Fall 2024","Control","Ramen","Main","Treatment","Lunch",0.306509419979168,91.9886822989085,9.49,4.59764129968752,1379.83023448363,142.35
"330","24-Oct","Side Vegetarian Lo Mein",7,"Asian","Fall 2024","Control","Wok","Side","Satellite","Lunch",NA,NA,NA,NA,NA,NA
"331","24-Oct","1 Wok Entree",2,"Asian","Fall 2024","Control","Wok","Main","Satellite","Lunch",NA,NA,NA,NA,NA,NA
"332","24-Oct","Side Vegetarian Fried Rice with",3,"Asian","Fall 2024","Control","Wok","Side","Satellite","Lunch",NA,NA,NA,NA,NA,NA
"333","24-Oct","Side White or Brown Rice",5,"Asian","Fall 2024","Control","Wok","Side","Satellite","Lunch",NA,NA,NA,NA,NA,NA
"334","24-Oct","Create Your Pasta Bowl MEAT",131,"Italian","Fall 2024","Control","Pasta","Main","Satellite","Lunch",0.625595496853921,47.8385188473692,8.99,81.9530100878637,6266.84596900536,1177.69
"335","24-Oct","Create Your Pasta Bowl VEG",32,"Italian","Fall 2024","Control","Pasta","Main","Satellite","Lunch",0.140294556536554,10.5521527214029,8.49,4.48942580916973,337.668887084891,271.68
"336","24-Oct","Pizza with Toppings",39,"Italian","Fall 2024","Control","Pizza","Main","Satellite","Lunch",NA,NA,NA,NA,NA,NA
"337","24-Oct","Pizza Cheese",32,"Italian","Fall 2024","Control","Pizza","Main","Satellite","Lunch",NA,NA,NA,NA,NA,NA
"338","24-Oct","Add Extra Meat",16,"Italian","Fall 2024","Control","Pasta","Modification","Satellite","Lunch",NA,NA,NA,NA,NA,NA
"339","24-Oct","Side Bread Pasta Station",1,"Italian","Fall 2024","Control","Pasta","Side","Satellite","Lunch",NA,NA,NA,NA,NA,NA
"340","24-Oct","Burrito Breakfast",86,"Breakfast","Fall 2024","Control","Breakfast","Main","Satellite","Breakfast",NA,NA,NA,NA,NA,NA
"341","24-Oct","Small French Omelet",64,"Breakfast","Fall 2024","Control","Breakfast","Side","Satellite","Breakfast",NA,NA,NA,NA,NA,NA
"342","24-Oct","Grand Slam Breakfast",27,"Breakfast","Fall 2024","Control","Breakfast","Main","Satellite","Breakfast",NA,NA,NA,NA,NA,NA
"343","24-Oct","Egg Cheese Sausage Breakfast San",37,"Breakfast","Fall 2024","Control","Breakfast","Main","Satellite","Breakfast",NA,NA,NA,NA,NA,NA
"344","24-Oct","Egg Cheese Bacon Breakfast Sandw",32,"Breakfast","Fall 2024","Control","Breakfast","Main","Satellite","Breakfast",NA,NA,NA,NA,NA,NA
"345","24-Oct","Add Bacon",32,"Breakfast","Fall 2024","Control","Breakfast","Modification","Satellite","Breakfast",NA,NA,NA,NA,NA,NA
"346","24-Oct","Two Eggs",23,"Breakfast","Fall 2024","Control","Breakfast","Side","Satellite","Breakfast",NA,NA,NA,NA,NA,NA
"347","24-Oct","Trillium Home Fries",4,"Breakfast","Fall 2024","Control","Breakfast","Side","Satellite","Breakfast",NA,NA,NA,NA,NA,NA
"348","24-Oct","2 Slices Toast",3,"Breakfast","Fall 2024","Control","Breakfast","Side","Satellite","Breakfast",NA,NA,NA,NA,NA,NA
"349","24-Oct","Pancake Single",1,"Breakfast","Fall 2024","Control","Breakfast","Side","Satellite","Breakfast",NA,NA,NA,NA,NA,NA
"350","24-Oct","Toast",3,"Breakfast","Fall 2024","Control","Breakfast","Side","Satellite","Breakfast",NA,NA,NA,NA,NA,NA
"351","24-Oct","PC Jelly",3,"Breakfast","Fall 2024","Control","Breakfast","Side","Satellite","Breakfast",NA,NA,NA,NA,NA,NA
"352","24-Oct","PC Peanut Butter",2,"Breakfast","Fall 2024","Control","Breakfast","Side","Satellite","Breakfast",NA,NA,NA,NA,NA,NA
"353","24-Oct","Salad by the Pound",82,"Salad Bar","Fall 2024","Control","Salad Bar","Main","Satellite","Lunch",NA,NA,NA,NA,NA,NA
"354","24-Oct","Add Extra Protein 2.99",1,"Salad Bar","Fall 2024","Control","Salad Bar","Modification","Satellite","Lunch",NA,NA,NA,NA,NA,NA
"355","24-Oct","Burrito Bowl BYO",78,"Mexican","Fall 2024","Control","Wrap","Main","Satellite","Lunch",NA,NA,NA,NA,NA,NA
"356","24-Oct","Side Guacamole",4,"Mexican","Fall 2024","Control","Wrap","Side","Satellite","Lunch",NA,NA,NA,NA,NA,NA
"357","24-Oct","Single Taco",1,"Mexican","Fall 2024","Control","Wrap","Main","Satellite","Lunch",NA,NA,NA,NA,NA,NA
"358","24-Oct","Add Extra Toppings Una Mano",5,"Mexican","Fall 2024","Control","Wrap","Modification","Satellite","Lunch",NA,NA,NA,NA,NA,NA
"359","24-Oct","Side Salsa",1,"Mexican","Fall 2024","Control","Wrap","Side","Satellite","Lunch",NA,NA,NA,NA,NA,NA
"360","24-Oct","Soup 12 oz",48,"Soup","Fall 2024","Control","Soup","Main","Satellite","Lunch",NA,NA,NA,NA,NA,NA
"361","24-Oct","8 oz Soup",41,"Soup","Fall 2024","Control","Soup","Main","Satellite","Lunch",NA,NA,NA,NA,NA,NA
"362","24-Oct","Side Potato Tots",20,"Grab N Go","Fall 2024","Control","Grab N Go","Side","Satellite","Lunch",NA,NA,NA,NA,NA,NA
"363","25-Oct","Quesadilla Deluxe Trillium",110,"Grill","Fall 2024","Control","Quesadilla","Main","Satellite","Lunch",NA,NA,NA,NA,NA,NA
"364","25-Oct","Grilled Hamburger",71,"Grill","Fall 2024","Control","Grill","Main","Treatment","Lunch",3.88121217461521,88.8793607464882,8.99,275.56606439768,6310.43461300066,638.29
"365","25-Oct","Burrito Una Mano Trillium BYO",57,"Grill","Fall 2024","Control","Quesadilla","Main","Satellite","Lunch",NA,NA,NA,NA,NA,NA
"366","25-Oct","Fried Chicken Tenders",59,"Grab N Go","Fall 2024","Control","Grab N Go","Side","Satellite","Lunch",NA,NA,NA,NA,NA,NA
"367","25-Oct","French Fries",82,"Grill","Fall 2024","Control","Grill","Side","Treatment","Lunch",0.040840402892853,2.72997334161235,2.99,3.34891303721395,223.857814012213,245.18
"368","25-Oct","Grilled Chicken Breast Sandwich",8,"Grill","Fall 2024","Control","Grill","Main","Treatment","Lunch",0.301553745597932,69.470648861248,8.49,2.41242996478345,555.765190889984,67.92
"369","25-Oct","Seared Salmon Burger",8,"Grill","Fall 2024","Control","Grill","Main","Treatment","Lunch",0.447926073918026,44.697222176261,8.49,3.5834085913442,357.577777410088,67.92
"370","25-Oct","Quesadilla Cheese",8,"Grill","Fall 2024","Control","Quesadilla","Main","Satellite","Lunch",NA,NA,NA,NA,NA,NA
"371","25-Oct","Trillium Grill Impossible Burger",6,"Grill","Fall 2024","Control","Grill","Main","Treatment","Lunch",0.210911088099112,23.2535935181063,10.49,1.26546652859467,139.521561108638,62.94
"372","25-Oct","Black Bean Burger",4,"Grill","Fall 2024","Control","Grill","Main","Treatment","Lunch",0.110944712328442,54.9888227801748,8.69,0.443778849313767,219.955291120699,34.76
"373","25-Oct","+ Beef Patty",4,"Grill","Fall 2024","Control","Grill","Modification","Treatment","Lunch",3.806907508554,79.8564119237622,2.99,15.227630034216,319.425647695049,11.96
"374","25-Oct","ADD Chicken Breast",2,"Grill","Fall 2024","Control","Grill","Modification","Treatment","Lunch",0.227249079536725,60.447700038522,2.99,0.45449815907345,120.895400077044,5.98
"375","25-Oct","ADD Cheese",4,"Grill","Fall 2024","Control","Grill","Modification","Treatment","Lunch",0.183611306606629,3.19881943989712,1.99,0.734445226426516,12.7952777595885,7.96
"376","25-Oct","Add Egg .99",1,"Grill","Fall 2024","Control","Grill","Modification","Treatment","Lunch",0.0903881853779601,25.3348662383603,0.99,0.0903881853779601,25.3348662383603,0.99
"377","25-Oct","1 Entree + 1 Side",105,"Asian","Fall 2024","Control","Wok","Main","Satellite","Lunch",NA,NA,NA,NA,NA,NA
"378","25-Oct","1 Entree + 2 Side",59,"Asian","Fall 2024","Control","Wok","Main","Satellite","Lunch",NA,NA,NA,NA,NA,NA
"379","25-Oct","Bowl Ramen Chicken",44,"Asian","Fall 2024","Control","Ramen","Main","Treatment","Lunch",0.379685915053077,104.607642341871,9.49,16.7061802623354,4602.73626304235,417.56
"380","25-Oct","2 Entrees + 2 Sides",19,"Asian","Fall 2024","Control","Wok","Main","Satellite","Lunch",NA,NA,NA,NA,NA,NA
"381","25-Oct","Bowl Ramen Tofu",9,"Asian","Fall 2024","Control","Ramen","Main","Treatment","Lunch",0.306509419979168,91.9886822989085,9.49,2.75858477981251,827.898140690177,85.41
"382","25-Oct","Side Vegetarian Lo Mein",8,"Asian","Fall 2024","Control","Wok","Side","Satellite","Lunch",NA,NA,NA,NA,NA,NA
"383","25-Oct","1 Wok Entree",4,"Asian","Fall 2024","Control","Wok","Main","Satellite","Lunch",NA,NA,NA,NA,NA,NA
"384","25-Oct","Side Vegetarian Fried Rice with",3,"Asian","Fall 2024","Control","Wok","Side","Satellite","Lunch",NA,NA,NA,NA,NA,NA
"385","25-Oct","Side White or Brown Rice",3,"Asian","Fall 2024","Control","Wok","Side","Satellite","Lunch",NA,NA,NA,NA,NA,NA
"386","25-Oct","Side Vegetable Spring Rolls",1,"Asian","Fall 2024","Control","Wok","Side","Satellite","Lunch",NA,NA,NA,NA,NA,NA
"387","25-Oct","Burrito Breakfast",80,"Breakfast","Fall 2024","Control","Breakfast","Main","Satellite","Breakfast",NA,NA,NA,NA,NA,NA
"388","25-Oct","Small French Omelet",51,"Breakfast","Fall 2024","Control","Breakfast","Side","Satellite","Breakfast",NA,NA,NA,NA,NA,NA
"389","25-Oct","Egg Cheese Sausage Breakfast San",33,"Breakfast","Fall 2024","Control","Breakfast","Main","Satellite","Breakfast",NA,NA,NA,NA,NA,NA
"390","25-Oct","Egg Cheese Bacon Breakfast Sandw",30,"Breakfast","Fall 2024","Control","Breakfast","Main","Satellite","Breakfast",NA,NA,NA,NA,NA,NA
"391","25-Oct","Grand Slam Breakfast",16,"Breakfast","Fall 2024","Control","Breakfast","Main","Satellite","Breakfast",NA,NA,NA,NA,NA,NA
"392","25-Oct","Add Bacon",18,"Breakfast","Fall 2024","Control","Breakfast","Modification","Satellite","Breakfast",NA,NA,NA,NA,NA,NA
"393","25-Oct","Two Eggs",8,"Breakfast","Fall 2024","Control","Breakfast","Side","Satellite","Breakfast",NA,NA,NA,NA,NA,NA
"394","25-Oct","Trillium Home Fries",3,"Breakfast","Fall 2024","Control","Breakfast","Side","Satellite","Breakfast",NA,NA,NA,NA,NA,NA
"395","25-Oct","Pancake Single",2,"Breakfast","Fall 2024","Control","Breakfast","Side","Satellite","Breakfast",NA,NA,NA,NA,NA,NA
"396","25-Oct","2 Slices Toast",1,"Breakfast","Fall 2024","Control","Breakfast","Side","Satellite","Breakfast",NA,NA,NA,NA,NA,NA
"397","25-Oct","Create Your Pasta Bowl MEAT",80,"Italian","Fall 2024","Control","Pasta","Main","Satellite","Lunch",0.625595496853921,47.8385188473692,8.99,50.0476397483137,3827.08150778954,719.2
"398","25-Oct","Pizza with Toppings",24,"Italian","Fall 2024","Control","Pizza","Main","Satellite","Lunch",NA,NA,NA,NA,NA,NA
"399","25-Oct","Create Your Pasta Bowl VEG",14,"Italian","Fall 2024","Control","Pasta","Main","Satellite","Lunch",0.140294556536554,10.5521527214029,8.49,1.96412379151176,147.73013809964,118.86
"400","25-Oct","Pizza Cheese",11,"Italian","Fall 2024","Control","Pizza","Main","Satellite","Lunch",NA,NA,NA,NA,NA,NA
"401","25-Oct","Add Extra Meat",12,"Italian","Fall 2024","Control","Pasta","Modification","Satellite","Lunch",NA,NA,NA,NA,NA,NA
"402","25-Oct","Burrito Bowl BYO",50,"Mexican","Fall 2024","Control","Wrap","Main","Satellite","Lunch",NA,NA,NA,NA,NA,NA
"403","25-Oct","Single Taco",4,"Mexican","Fall 2024","Control","Wrap","Main","Satellite","Lunch",NA,NA,NA,NA,NA,NA
"404","25-Oct","Side Guacamole",1,"Mexican","Fall 2024","Control","Wrap","Side","Satellite","Lunch",NA,NA,NA,NA,NA,NA
"405","25-Oct","Add Extra Toppings Una Mano",1,"Mexican","Fall 2024","Control","Wrap","Modification","Satellite","Lunch",NA,NA,NA,NA,NA,NA
"406","25-Oct","Salad by the Pound",39,"Salad Bar","Fall 2024","Control","Salad Bar","Main","Satellite","Lunch",NA,NA,NA,NA,NA,NA
"407","25-Oct","8 oz Soup",38,"Soup","Fall 2024","Control","Soup","Main","Satellite","Lunch",NA,NA,NA,NA,NA,NA
"408","25-Oct","Soup 12 oz",25,"Soup","Fall 2024","Control","Soup","Main","Satellite","Lunch",NA,NA,NA,NA,NA,NA
"409","25-Oct","Side Potato Tots",27,"Grab N Go","Fall 2024","Control","Grab N Go","Side","Satellite","Lunch",NA,NA,NA,NA,NA,NA
"410","28-Oct","Quesadilla Deluxe Trillium",156,"Grill","Fall 2024","Carbon Label","Quesadilla","Main","Satellite","Lunch",NA,NA,NA,NA,NA,NA
"411","28-Oct","Grilled Hamburger",96,"Grill","Fall 2024","Carbon Label","Grill","Main","Treatment","Lunch",3.88121217461521,88.8793607464882,8.99,372.59636876306,8532.41863166286,863.04
"412","28-Oct","Fried Chicken Tenders",97,"Grab N Go","Fall 2024","Carbon Label","Grab N Go","Side","Satellite","Lunch",NA,NA,NA,NA,NA,NA
"413","28-Oct","Burrito Una Mano Trillium BYO",71,"Grill","Fall 2024","Carbon Label","Quesadilla","Main","Satellite","Lunch",NA,NA,NA,NA,NA,NA
"414","28-Oct","French Fries",122,"Grill","Fall 2024","Carbon Label","Grill","Side","Treatment","Lunch",0.040840402892853,2.72997334161235,2.99,4.98252915292807,333.056747676707,364.78
"415","28-Oct","Grilled Chicken Breast Sandwich",15,"Grill","Fall 2024","Carbon Label","Grill","Main","Treatment","Lunch",0.301553745597932,69.470648861248,8.49,4.52330618396897,1042.05973291872,127.35
"416","28-Oct","Quesadilla Cheese",11,"Grill","Fall 2024","Carbon Label","Quesadilla","Main","Satellite","Lunch",NA,NA,NA,NA,NA,NA
"417","28-Oct","Sweet Potato Fries",28,"Grill","Fall 2024","Carbon Label","Grill","Side","Treatment","Lunch",0.0422551714366103,3.97622481710592,2.99,1.18314480022509,111.334294878966,83.72
"418","28-Oct","Seared Salmon Burger",8,"Grill","Fall 2024","Carbon Label","Grill","Main","Treatment","Lunch",0.447926073918026,44.697222176261,8.49,3.5834085913442,357.577777410088,67.92
"419","28-Oct","Trillium Grill Impossible Burger",4,"Grill","Fall 2024","Carbon Label","Grill","Main","Treatment","Lunch",0.210911088099112,23.2535935181063,10.49,0.843644352396447,93.0143740724252,41.96
"420","28-Oct","+ Beef Patty",13,"Grill","Fall 2024","Carbon Label","Grill","Modification","Treatment","Lunch",3.806907508554,79.8564119237622,2.99,49.489797611202,1038.13335500891,38.87
"421","28-Oct","Black Bean Burger",4,"Grill","Fall 2024","Carbon Label","Grill","Main","Treatment","Lunch",0.110944712328442,54.9888227801748,8.69,0.443778849313767,219.955291120699,34.76
"422","28-Oct","ADD Chicken Breast",4,"Grill","Fall 2024","Carbon Label","Grill","Modification","Treatment","Lunch",0.227249079536725,60.447700038522,2.99,0.9089963181469,241.790800154088,11.96
"423","28-Oct","Add Sausage 2 Patty",6,"Grill","Fall 2024","Carbon Label","Grill","Modification","Treatment","Lunch",0.168918026814813,34.6406776822533,1.99,1.01350816088888,207.84406609352,11.94
"424","28-Oct","Add Egg .99",5,"Grill","Fall 2024","Carbon Label","Grill","Modification","Treatment","Lunch",0.0903881853779601,25.3348662383603,0.99,0.451940926889801,126.674331191801,4.95
"425","28-Oct","ADD Cheese",8,"Grill","Fall 2024","Carbon Label","Grill","Modification","Treatment","Lunch",0.183611306606629,3.19881943989712,1.99,1.46889045285303,25.590555519177,15.92
"426","28-Oct","1 Entree + 1 Side",190,"Asian","Fall 2024","Carbon Label","Wok","Main","Satellite","Lunch",NA,NA,NA,NA,NA,NA
"427","28-Oct","1 Entree + 2 Side",86,"Asian","Fall 2024","Carbon Label","Wok","Main","Satellite","Lunch",NA,NA,NA,NA,NA,NA
"428","28-Oct","Bowl Ramen Chicken",65,"Asian","Fall 2024","Carbon Label","Ramen","Main","Treatment","Lunch",0.379685915053077,104.607642341871,9.49,24.67958447845,6799.49675222165,616.85
"429","28-Oct","2 Entrees + 2 Sides",23,"Asian","Fall 2024","Carbon Label","Wok","Main","Satellite","Lunch",NA,NA,NA,NA,NA,NA
"430","28-Oct","Bowl Ramen Tofu",11,"Asian","Fall 2024","Carbon Label","Ramen","Main","Treatment","Lunch",0.306509419979168,91.9886822989085,9.49,3.37160361977085,1011.87550528799,104.39
"431","28-Oct","1 Wok Entree",10,"Asian","Fall 2024","Carbon Label","Wok","Main","Satellite","Lunch",NA,NA,NA,NA,NA,NA
"432","28-Oct","Side Vegetarian Lo Mein",11,"Asian","Fall 2024","Carbon Label","Wok","Side","Satellite","Lunch",NA,NA,NA,NA,NA,NA
"433","28-Oct","Side Vegetables",2,"Asian","Fall 2024","Carbon Label","Wok","Side","Satellite","Lunch",NA,NA,NA,NA,NA,NA
"434","28-Oct","Side White or Brown Rice",3,"Asian","Fall 2024","Carbon Label","Wok","Side","Satellite","Lunch",NA,NA,NA,NA,NA,NA
"435","28-Oct","Side Vegetarian Fried Rice with",1,"Asian","Fall 2024","Carbon Label","Wok","Side","Satellite","Lunch",NA,NA,NA,NA,NA,NA
"436","28-Oct","Create Your Pasta Bowl MEAT",127,"Italian","Fall 2024","Carbon Label","Pasta","Main","Satellite","Lunch",0.625595496853921,47.8385188473692,8.99,79.450628100448,6075.49189361589,1141.73
"437","28-Oct","Create Your Pasta Bowl VEG",38,"Italian","Fall 2024","Carbon Label","Pasta","Main","Satellite","Lunch",0.140294556536554,10.5521527214029,8.49,5.33119314838905,400.981803413308,322.62
"438","28-Oct","Pizza with Toppings",34,"Italian","Fall 2024","Carbon Label","Pizza","Main","Satellite","Lunch",NA,NA,NA,NA,NA,NA
"439","28-Oct","Pizza Cheese",22,"Italian","Fall 2024","Carbon Label","Pizza","Main","Satellite","Lunch",NA,NA,NA,NA,NA,NA
"440","28-Oct","Add Extra Meat",27,"Italian","Fall 2024","Carbon Label","Pasta","Modification","Satellite","Lunch",NA,NA,NA,NA,NA,NA
"441","28-Oct","Burrito Breakfast",89,"Breakfast","Fall 2024","Carbon Label","Breakfast","Main","Satellite","Breakfast",NA,NA,NA,NA,NA,NA
"442","28-Oct","Small French Omelet",57,"Breakfast","Fall 2024","Carbon Label","Breakfast","Side","Satellite","Breakfast",NA,NA,NA,NA,NA,NA
"443","28-Oct","Egg Cheese Sausage Breakfast San",35,"Breakfast","Fall 2024","Carbon Label","Breakfast","Main","Satellite","Breakfast",NA,NA,NA,NA,NA,NA
"444","28-Oct","Grand Slam Breakfast",17,"Breakfast","Fall 2024","Carbon Label","Breakfast","Main","Satellite","Breakfast",NA,NA,NA,NA,NA,NA
"445","28-Oct","Egg Cheese Bacon Breakfast Sandw",28,"Breakfast","Fall 2024","Carbon Label","Breakfast","Main","Satellite","Breakfast",NA,NA,NA,NA,NA,NA
"446","28-Oct","Add Bacon",36,"Breakfast","Fall 2024","Carbon Label","Breakfast","Modification","Satellite","Breakfast",NA,NA,NA,NA,NA,NA
"447","28-Oct","Two Eggs",17,"Breakfast","Fall 2024","Carbon Label","Breakfast","Side","Satellite","Breakfast",NA,NA,NA,NA,NA,NA
"448","28-Oct","Trillium Home Fries",6,"Breakfast","Fall 2024","Carbon Label","Breakfast","Side","Satellite","Breakfast",NA,NA,NA,NA,NA,NA
"449","28-Oct","2 Slices Toast",3,"Breakfast","Fall 2024","Carbon Label","Breakfast","Side","Satellite","Breakfast",NA,NA,NA,NA,NA,NA
"450","28-Oct","Pancake Single",1,"Breakfast","Fall 2024","Carbon Label","Breakfast","Side","Satellite","Breakfast",NA,NA,NA,NA,NA,NA
"451","28-Oct","Toast",1,"Breakfast","Fall 2024","Carbon Label","Breakfast","Side","Satellite","Breakfast",NA,NA,NA,NA,NA,NA
"452","28-Oct","PC Jelly",1,"Breakfast","Fall 2024","Carbon Label","Breakfast","Side","Satellite","Breakfast",NA,NA,NA,NA,NA,NA
"453","28-Oct","Burrito Bowl BYO",107,"Mexican","Fall 2024","Carbon Label","Wrap","Main","Satellite","Lunch",NA,NA,NA,NA,NA,NA
"454","28-Oct","Single Taco",2,"Mexican","Fall 2024","Carbon Label","Wrap","Main","Satellite","Lunch",NA,NA,NA,NA,NA,NA
"455","28-Oct","Side Guacamole",1,"Mexican","Fall 2024","Carbon Label","Wrap","Side","Satellite","Lunch",NA,NA,NA,NA,NA,NA
"456","28-Oct","Add Extra Toppings Una Mano",1,"Mexican","Fall 2024","Carbon Label","Wrap","Modification","Satellite","Lunch",NA,NA,NA,NA,NA,NA
"457","28-Oct","Salad by the Pound",63,"Salad Bar","Fall 2024","Carbon Label","Salad Bar","Main","Satellite","Lunch",NA,NA,NA,NA,NA,NA
"458","28-Oct","8 oz Soup",46,"Soup","Fall 2024","Carbon Label","Soup","Main","Satellite","Lunch",NA,NA,NA,NA,NA,NA
"459","28-Oct","Soup 12 oz",40,"Soup","Fall 2024","Carbon Label","Soup","Main","Satellite","Lunch",NA,NA,NA,NA,NA,NA
"460","28-Oct","Side Potato Tots",13,"Grab N Go","Fall 2024","Carbon Label","Grab N Go","Side","Satellite","Lunch",NA,NA,NA,NA,NA,NA
"461","29-Oct","Quesadilla Deluxe Trillium",166,"Grill","Fall 2024","Carbon Label","Quesadilla","Main","Satellite","Lunch",NA,NA,NA,NA,NA,NA
"462","29-Oct","Grilled Hamburger",102,"Grill","Fall 2024","Carbon Label","Grill","Main","Treatment","Lunch",3.88121217461521,88.8793607464882,8.99,395.883641810751,9065.69479614179,916.98
"463","29-Oct","Fried Chicken Tenders",89,"Grab N Go","Fall 2024","Carbon Label","Grab N Go","Side","Satellite","Lunch",NA,NA,NA,NA,NA,NA
"464","29-Oct","Burrito Una Mano Trillium BYO",63,"Grill","Fall 2024","Carbon Label","Quesadilla","Main","Satellite","Lunch",NA,NA,NA,NA,NA,NA
"465","29-Oct","French Fries",135,"Grill","Fall 2024","Carbon Label","Grill","Side","Treatment","Lunch",0.040840402892853,2.72997334161235,2.99,5.51345439053515,368.546401117667,403.65
"466","29-Oct","Grilled Chicken Breast Sandwich",22,"Grill","Fall 2024","Carbon Label","Grill","Main","Treatment","Lunch",0.301553745597932,69.470648861248,8.49,6.6341824031545,1528.35427494746,186.78
"467","29-Oct","Quesadilla Cheese",19,"Grill","Fall 2024","Carbon Label","Quesadilla","Main","Satellite","Lunch",NA,NA,NA,NA,NA,NA
"468","29-Oct","Trillium Grill Impossible Burger",9,"Grill","Fall 2024","Carbon Label","Grill","Main","Treatment","Lunch",0.210911088099112,23.2535935181063,10.49,1.89819979289201,209.282341662957,94.41
"469","29-Oct","Sweet Potato Fries",27,"Grill","Fall 2024","Carbon Label","Grill","Side","Treatment","Lunch",0.0422551714366103,3.97622481710592,2.99,1.14088962878848,107.35807006186,80.73
"470","29-Oct","Black Bean Burger",6,"Grill","Fall 2024","Carbon Label","Grill","Main","Treatment","Lunch",0.110944712328442,54.9888227801748,8.69,0.66566827397065,329.932936681049,52.14
"471","29-Oct","Seared Salmon Burger",6,"Grill","Fall 2024","Carbon Label","Grill","Main","Treatment","Lunch",0.447926073918026,44.697222176261,8.49,2.68755644350815,268.183333057566,50.94
"472","29-Oct","+ Beef Patty",16,"Grill","Fall 2024","Carbon Label","Grill","Modification","Treatment","Lunch",3.806907508554,79.8564119237622,2.99,60.910520136864,1277.7025907802,47.84
"473","29-Oct","ADD Chicken Breast",3,"Grill","Fall 2024","Carbon Label","Grill","Modification","Treatment","Lunch",0.227249079536725,60.447700038522,2.99,0.681747238610175,181.343100115566,8.97
"474","29-Oct","Add Sausage 2 Patty",3,"Grill","Fall 2024","Carbon Label","Grill","Modification","Treatment","Lunch",0.168918026814813,34.6406776822533,1.99,0.506754080444439,103.92203304676,5.97
"475","29-Oct","Add Egg .99",6,"Grill","Fall 2024","Carbon Label","Grill","Modification","Treatment","Lunch",0.0903881853779601,25.3348662383603,0.99,0.542329112267761,152.009197430162,5.94
"476","29-Oct","ADD Cheese",9,"Grill","Fall 2024","Carbon Label","Grill","Modification","Treatment","Lunch",0.183611306606629,3.19881943989712,1.99,1.65250175945966,28.7893749590741,17.91
"477","29-Oct","1 Entree + 1 Side",206,"Asian","Fall 2024","Carbon Label","Wok","Main","Satellite","Lunch",NA,NA,NA,NA,NA,NA
"478","29-Oct","1 Entree + 2 Side",94,"Asian","Fall 2024","Carbon Label","Wok","Main","Satellite","Lunch",NA,NA,NA,NA,NA,NA
"479","29-Oct","Bowl Ramen Chicken",67,"Asian","Fall 2024","Carbon Label","Ramen","Main","Treatment","Lunch",0.379685915053077,104.607642341871,9.49,25.4389563085562,7008.71203690539,635.83
"480","29-Oct","2 Entrees + 2 Sides",23,"Asian","Fall 2024","Carbon Label","Wok","Main","Satellite","Lunch",NA,NA,NA,NA,NA,NA
"481","29-Oct","Bowl Ramen Tofu",13,"Asian","Fall 2024","Carbon Label","Ramen","Main","Treatment","Lunch",0.306509419979168,91.9886822989085,9.49,3.98462245972918,1195.85286988581,123.37
"482","29-Oct","Side Vegetarian Lo Mein",12,"Asian","Fall 2024","Carbon Label","Wok","Side","Satellite","Lunch",NA,NA,NA,NA,NA,NA
"483","29-Oct","1 Wok Entree",6,"Asian","Fall 2024","Carbon Label","Wok","Main","Satellite","Lunch",NA,NA,NA,NA,NA,NA
"484","29-Oct","Side White or Brown Rice",5,"Asian","Fall 2024","Carbon Label","Wok","Side","Satellite","Lunch",NA,NA,NA,NA,NA,NA
"485","29-Oct","Side Vegetarian Fried Rice with",1,"Asian","Fall 2024","Carbon Label","Wok","Side","Satellite","Lunch",NA,NA,NA,NA,NA,NA
"486","29-Oct","Burrito Breakfast",90,"Breakfast","Fall 2024","Carbon Label","Breakfast","Main","Satellite","Breakfast",NA,NA,NA,NA,NA,NA
"487","29-Oct","Small French Omelet",60,"Breakfast","Fall 2024","Carbon Label","Breakfast","Side","Satellite","Breakfast",NA,NA,NA,NA,NA,NA
"488","29-Oct","Egg Cheese Sausage Breakfast San",34,"Breakfast","Fall 2024","Carbon Label","Breakfast","Main","Satellite","Breakfast",NA,NA,NA,NA,NA,NA
"489","29-Oct","Egg Cheese Bacon Breakfast Sandw",32,"Breakfast","Fall 2024","Carbon Label","Breakfast","Main","Satellite","Breakfast",NA,NA,NA,NA,NA,NA
"490","29-Oct","Grand Slam Breakfast",17,"Breakfast","Fall 2024","Carbon Label","Breakfast","Main","Satellite","Breakfast",NA,NA,NA,NA,NA,NA
"491","29-Oct","Add Bacon",29,"Breakfast","Fall 2024","Carbon Label","Breakfast","Modification","Satellite","Breakfast",NA,NA,NA,NA,NA,NA
"492","29-Oct","Two Eggs",14,"Breakfast","Fall 2024","Carbon Label","Breakfast","Side","Satellite","Breakfast",NA,NA,NA,NA,NA,NA
"493","29-Oct","Pancake Single",8,"Breakfast","Fall 2024","Carbon Label","Breakfast","Side","Satellite","Breakfast",NA,NA,NA,NA,NA,NA
"494","29-Oct","Trillium Home Fries",1,"Breakfast","Fall 2024","Carbon Label","Breakfast","Side","Satellite","Breakfast",NA,NA,NA,NA,NA,NA
"495","29-Oct","2 Slices Toast",1,"Breakfast","Fall 2024","Carbon Label","Breakfast","Side","Satellite","Breakfast",NA,NA,NA,NA,NA,NA
"496","29-Oct","Toast",1,"Breakfast","Fall 2024","Carbon Label","Breakfast","Side","Satellite","Breakfast",NA,NA,NA,NA,NA,NA
"497","29-Oct","Create Your Pasta Bowl MEAT",108,"Italian","Fall 2024","Carbon Label","Pasta","Main","Satellite","Lunch",0.625595496853921,47.8385188473692,8.99,67.5643136602235,5166.56003551587,970.92
"498","29-Oct","Pizza with Toppings",39,"Italian","Fall 2024","Carbon Label","Pizza","Main","Satellite","Lunch",NA,NA,NA,NA,NA,NA
"499","29-Oct","Create Your Pasta Bowl VEG",25,"Italian","Fall 2024","Carbon Label","Pasta","Main","Satellite","Lunch",0.140294556536554,10.5521527214029,8.49,3.50736391341385,263.803818035071,212.25
"500","29-Oct","Pizza Cheese",22,"Italian","Fall 2024","Carbon Label","Pizza","Main","Satellite","Lunch",NA,NA,NA,NA,NA,NA
"501","29-Oct","Add Extra Meat",20,"Italian","Fall 2024","Carbon Label","Pasta","Modification","Satellite","Lunch",NA,NA,NA,NA,NA,NA
"502","29-Oct","Burrito Bowl BYO",102,"Mexican","Fall 2024","Carbon Label","Wrap","Main","Satellite","Lunch",NA,NA,NA,NA,NA,NA
"503","29-Oct","Single Taco",5,"Mexican","Fall 2024","Carbon Label","Wrap","Main","Satellite","Lunch",NA,NA,NA,NA,NA,NA
"504","29-Oct","Side Salsa",1,"Mexican","Fall 2024","Carbon Label","Wrap","Side","Satellite","Lunch",NA,NA,NA,NA,NA,NA
"505","29-Oct","Add Extra Toppings Una Mano",1,"Mexican","Fall 2024","Carbon Label","Wrap","Modification","Satellite","Lunch",NA,NA,NA,NA,NA,NA
"506","29-Oct","Salad by the Pound",67,"Salad Bar","Fall 2024","Carbon Label","Salad Bar","Main","Satellite","Lunch",NA,NA,NA,NA,NA,NA
"507","29-Oct","Add Extra Protein 2.99",5,"Salad Bar","Fall 2024","Carbon Label","Salad Bar","Modification","Satellite","Lunch",NA,NA,NA,NA,NA,NA
"508","29-Oct","Soup 12 oz",58,"Soup","Fall 2024","Carbon Label","Soup","Main","Satellite","Lunch",NA,NA,NA,NA,NA,NA
"509","29-Oct","8 oz Soup",48,"Soup","Fall 2024","Carbon Label","Soup","Main","Satellite","Lunch",NA,NA,NA,NA,NA,NA
"510","29-Oct","Side Potato Tots",18,"Grab N Go","Fall 2024","Carbon Label","Grab N Go","Side","Satellite","Lunch",NA,NA,NA,NA,NA,NA
"511","30-Oct","Quesadilla Deluxe Trillium",167,"Grill","Fall 2024","Carbon Label","Quesadilla","Main","Satellite","Lunch",NA,NA,NA,NA,NA,NA
"512","30-Oct","Grilled Hamburger",95,"Grill","Fall 2024","Carbon Label","Grill","Main","Treatment","Lunch",3.88121217461521,88.8793607464882,8.99,368.715156588445,8443.53927091638,854.05
"513","30-Oct","Fried Chicken Tenders",95,"Grab N Go","Fall 2024","Carbon Label","Grab N Go","Side","Satellite","Lunch",NA,NA,NA,NA,NA,NA
"514","30-Oct","Burrito Una Mano Trillium BYO",64,"Grill","Fall 2024","Carbon Label","Quesadilla","Main","Satellite","Lunch",NA,NA,NA,NA,NA,NA
"515","30-Oct","French Fries",110,"Grill","Fall 2024","Carbon Label","Grill","Side","Treatment","Lunch",0.040840402892853,2.72997334161235,2.99,4.49244431821383,300.297067577359,328.9
"516","30-Oct","Grilled Chicken Breast Sandwich",19,"Grill","Fall 2024","Carbon Label","Grill","Main","Treatment","Lunch",0.301553745597932,69.470648861248,8.49,5.7295211663607,1319.94232836371,161.31
"517","30-Oct","Trillium Grill Impossible Burger",6,"Grill","Fall 2024","Carbon Label","Grill","Main","Treatment","Lunch",0.210911088099112,23.2535935181063,10.49,1.26546652859467,139.521561108638,62.94
"518","30-Oct","Seared Salmon Burger",7,"Grill","Fall 2024","Carbon Label","Grill","Main","Treatment","Lunch",0.447926073918026,44.697222176261,8.49,3.13548251742618,312.880555233827,59.43
"519","30-Oct","Quesadilla Cheese",7,"Grill","Fall 2024","Carbon Label","Quesadilla","Main","Satellite","Lunch",NA,NA,NA,NA,NA,NA
"520","30-Oct","Black Bean Burger",5,"Grill","Fall 2024","Carbon Label","Grill","Main","Treatment","Lunch",0.110944712328442,54.9888227801748,8.69,0.554723561642208,274.944113900874,43.45
"521","30-Oct","Sweet Potato Fries",12,"Grill","Fall 2024","Carbon Label","Grill","Side","Treatment","Lunch",0.0422551714366103,3.97622481710592,2.99,0.507062057239324,47.714697805271,35.88
"522","30-Oct","+ Beef Patty",4,"Grill","Fall 2024","Carbon Label","Grill","Modification","Treatment","Lunch",3.806907508554,79.8564119237622,2.99,15.227630034216,319.425647695049,11.96
"523","30-Oct","Add Sausage 2 Patty",3,"Grill","Fall 2024","Carbon Label","Grill","Modification","Treatment","Lunch",0.168918026814813,34.6406776822533,1.99,0.506754080444439,103.92203304676,5.97
"524","30-Oct","Add Egg .99",5,"Grill","Fall 2024","Carbon Label","Grill","Modification","Treatment","Lunch",0.0903881853779601,25.3348662383603,0.99,0.451940926889801,126.674331191801,4.95
"525","30-Oct","ADD Cheese",7,"Grill","Fall 2024","Carbon Label","Grill","Modification","Treatment","Lunch",0.183611306606629,3.19881943989712,1.99,1.2852791462464,22.3917360792799,13.93
"526","30-Oct","ADD Chicken Breast",1,"Grill","Fall 2024","Carbon Label","Grill","Modification","Treatment","Lunch",0.227249079536725,60.447700038522,2.99,0.227249079536725,60.447700038522,2.99
"527","30-Oct","1 Entree + 1 Side",175,"Asian","Fall 2024","Carbon Label","Wok","Main","Satellite","Lunch",NA,NA,NA,NA,NA,NA
"528","30-Oct","1 Entree + 2 Side",83,"Asian","Fall 2024","Carbon Label","Wok","Main","Satellite","Lunch",NA,NA,NA,NA,NA,NA
"529","30-Oct","Bowl Ramen Chicken",70,"Asian","Fall 2024","Carbon Label","Ramen","Main","Treatment","Lunch",0.379685915053077,104.607642341871,9.49,26.5780140537154,7322.534963931,664.3
"530","30-Oct","2 Entrees + 2 Sides",23,"Asian","Fall 2024","Carbon Label","Wok","Main","Satellite","Lunch",NA,NA,NA,NA,NA,NA
"531","30-Oct","Bowl Ramen Tofu",12,"Asian","Fall 2024","Carbon Label","Ramen","Main","Treatment","Lunch",0.306509419979168,91.9886822989085,9.49,3.67811303975002,1103.8641875869,113.88
"532","30-Oct","Side Vegetarian Lo Mein",11,"Asian","Fall 2024","Carbon Label","Wok","Side","Satellite","Lunch",NA,NA,NA,NA,NA,NA
"533","30-Oct","1 Wok Entree",3,"Asian","Fall 2024","Carbon Label","Wok","Main","Satellite","Lunch",NA,NA,NA,NA,NA,NA
"534","30-Oct","Side White or Brown Rice",5,"Asian","Fall 2024","Carbon Label","Wok","Side","Satellite","Lunch",NA,NA,NA,NA,NA,NA
"535","30-Oct","Side Vegetables",1,"Asian","Fall 2024","Carbon Label","Wok","Side","Satellite","Lunch",NA,NA,NA,NA,NA,NA
"536","30-Oct","Create Your Pasta Bowl MEAT",136,"Italian","Fall 2024","Carbon Label","Pasta","Main","Satellite","Lunch",0.625595496853921,47.8385188473692,8.99,85.0809875721333,6506.03856324221,1222.64
"537","30-Oct","Create Your Pasta Bowl VEG",23,"Italian","Fall 2024","Carbon Label","Pasta","Main","Satellite","Lunch",0.140294556536554,10.5521527214029,8.49,3.22677480034074,242.699512592266,195.27
"538","30-Oct","Pizza with Toppings",31,"Italian","Fall 2024","Carbon Label","Pizza","Main","Satellite","Lunch",NA,NA,NA,NA,NA,NA
"539","30-Oct","Pizza Cheese",17,"Italian","Fall 2024","Carbon Label","Pizza","Main","Satellite","Lunch",NA,NA,NA,NA,NA,NA
"540","30-Oct","Add Extra Meat",28,"Italian","Fall 2024","Carbon Label","Pasta","Modification","Satellite","Lunch",NA,NA,NA,NA,NA,NA
"541","30-Oct","Side Bread Pasta Station",1,"Italian","Fall 2024","Carbon Label","Pasta","Side","Satellite","Lunch",NA,NA,NA,NA,NA,NA
"542","30-Oct","Burrito Breakfast",80,"Breakfast","Fall 2024","Carbon Label","Breakfast","Main","Satellite","Breakfast",NA,NA,NA,NA,NA,NA
"543","30-Oct","Small French Omelet",57,"Breakfast","Fall 2024","Carbon Label","Breakfast","Side","Satellite","Breakfast",NA,NA,NA,NA,NA,NA
"544","30-Oct","Grand Slam Breakfast",21,"Breakfast","Fall 2024","Carbon Label","Breakfast","Main","Satellite","Breakfast",NA,NA,NA,NA,NA,NA
"545","30-Oct","Egg Cheese Bacon Breakfast Sandw",37,"Breakfast","Fall 2024","Carbon Label","Breakfast","Main","Satellite","Breakfast",NA,NA,NA,NA,NA,NA
"546","30-Oct","Egg Cheese Sausage Breakfast San",31,"Breakfast","Fall 2024","Carbon Label","Breakfast","Main","Satellite","Breakfast",NA,NA,NA,NA,NA,NA
"547","30-Oct","Add Bacon",32,"Breakfast","Fall 2024","Carbon Label","Breakfast","Modification","Satellite","Breakfast",NA,NA,NA,NA,NA,NA
"548","30-Oct","Two Eggs",10,"Breakfast","Fall 2024","Carbon Label","Breakfast","Side","Satellite","Breakfast",NA,NA,NA,NA,NA,NA
"549","30-Oct","Trillium Home Fries",3,"Breakfast","Fall 2024","Carbon Label","Breakfast","Side","Satellite","Breakfast",NA,NA,NA,NA,NA,NA
"550","30-Oct","Pancake Single",2,"Breakfast","Fall 2024","Carbon Label","Breakfast","Side","Satellite","Breakfast",NA,NA,NA,NA,NA,NA
"551","30-Oct","PC Peanut Butter",2,"Breakfast","Fall 2024","Carbon Label","Breakfast","Side","Satellite","Breakfast",NA,NA,NA,NA,NA,NA
"552","30-Oct","Toast",1,"Breakfast","Fall 2024","Carbon Label","Breakfast","Side","Satellite","Breakfast",NA,NA,NA,NA,NA,NA
"553","30-Oct","Burrito Bowl BYO",96,"Mexican","Fall 2024","Carbon Label","Wrap","Main","Satellite","Lunch",NA,NA,NA,NA,NA,NA
"554","30-Oct","Single Taco",9,"Mexican","Fall 2024","Carbon Label","Wrap","Main","Satellite","Lunch",NA,NA,NA,NA,NA,NA
"555","30-Oct","Side Guacamole",3,"Mexican","Fall 2024","Carbon Label","Wrap","Side","Satellite","Lunch",NA,NA,NA,NA,NA,NA
"556","30-Oct","Side Salsa",1,"Mexican","Fall 2024","Carbon Label","Wrap","Side","Satellite","Lunch",NA,NA,NA,NA,NA,NA
"557","30-Oct","Salad by the Pound",76,"Salad Bar","Fall 2024","Carbon Label","Salad Bar","Main","Satellite","Lunch",NA,NA,NA,NA,NA,NA
"558","30-Oct","Add Extra Protein 2.99",1,"Salad Bar","Fall 2024","Carbon Label","Salad Bar","Modification","Satellite","Lunch",NA,NA,NA,NA,NA,NA
"559","30-Oct","8 oz Soup",63,"Soup","Fall 2024","Carbon Label","Soup","Main","Satellite","Lunch",NA,NA,NA,NA,NA,NA
"560","30-Oct","Soup 12 oz",32,"Soup","Fall 2024","Carbon Label","Soup","Main","Satellite","Lunch",NA,NA,NA,NA,NA,NA
"561","30-Oct","Side Potato Tots",20,"Grab N Go","Fall 2024","Carbon Label","Grab N Go","Side","Satellite","Lunch",NA,NA,NA,NA,NA,NA
"562","31-Oct","Quesadilla Deluxe Trillium",164,"Grill","Fall 2024","Carbon Label","Quesadilla","Main","Satellite","Lunch",NA,NA,NA,NA,NA,NA
"563","31-Oct","Grilled Hamburger",107,"Grill","Fall 2024","Carbon Label","Grill","Main","Treatment","Lunch",3.88121217461521,88.8793607464882,8.99,415.289702683827,9510.09159987423,961.93
"564","31-Oct","Fried Chicken Tenders",100,"Grab N Go","Fall 2024","Carbon Label","Grab N Go","Side","Satellite","Lunch",NA,NA,NA,NA,NA,NA
"565","31-Oct","Burrito Una Mano Trillium BYO",70,"Grill","Fall 2024","Carbon Label","Quesadilla","Main","Satellite","Lunch",NA,NA,NA,NA,NA,NA
"566","31-Oct","French Fries",135,"Grill","Fall 2024","Carbon Label","Grill","Side","Treatment","Lunch",0.040840402892853,2.72997334161235,2.99,5.51345439053515,368.546401117667,403.65
"567","31-Oct","Grilled Chicken Breast Sandwich",21,"Grill","Fall 2024","Carbon Label","Grill","Main","Treatment","Lunch",0.301553745597932,69.470648861248,8.49,6.33262865755656,1458.88362608621,178.29
"568","31-Oct","Trillium Grill Impossible Burger",13,"Grill","Fall 2024","Carbon Label","Grill","Main","Treatment","Lunch",0.210911088099112,23.2535935181063,10.49,2.74184414528845,302.296715735382,136.37
"569","31-Oct","Quesadilla Cheese",14,"Grill","Fall 2024","Carbon Label","Quesadilla","Main","Satellite","Lunch",NA,NA,NA,NA,NA,NA
"570","31-Oct","Sweet Potato Fries",27,"Grill","Fall 2024","Carbon Label","Grill","Side","Treatment","Lunch",0.0422551714366103,3.97622481710592,2.99,1.14088962878848,107.35807006186,80.73
"571","31-Oct","Seared Salmon Burger",7,"Grill","Fall 2024","Carbon Label","Grill","Main","Treatment","Lunch",0.447926073918026,44.697222176261,8.49,3.13548251742618,312.880555233827,59.43
"572","31-Oct","+ Beef Patty",14,"Grill","Fall 2024","Carbon Label","Grill","Modification","Treatment","Lunch",3.806907508554,79.8564119237622,2.99,53.296705119756,1117.98976693267,41.86
"573","31-Oct","ADD Chicken Breast",3,"Grill","Fall 2024","Carbon Label","Grill","Modification","Treatment","Lunch",0.227249079536725,60.447700038522,2.99,0.681747238610175,181.343100115566,8.97
"574","31-Oct","Black Bean Burger",1,"Grill","Fall 2024","Carbon Label","Grill","Main","Treatment","Lunch",0.110944712328442,54.9888227801748,8.69,0.110944712328442,54.9888227801748,8.69
"575","31-Oct","ADD Cheese",12,"Grill","Fall 2024","Carbon Label","Grill","Modification","Treatment","Lunch",0.183611306606629,3.19881943989712,1.99,2.20333567927955,38.3858332787655,23.88
"576","31-Oct","Add Sausage 2 Patty",3,"Grill","Fall 2024","Carbon Label","Grill","Modification","Treatment","Lunch",0.168918026814813,34.6406776822533,1.99,0.506754080444439,103.92203304676,5.97
"577","31-Oct","Add Egg .99",2,"Grill","Fall 2024","Carbon Label","Grill","Modification","Treatment","Lunch",0.0903881853779601,25.3348662383603,0.99,0.18077637075592,50.6697324767206,1.98
"578","31-Oct","1 Entree + 1 Side",226,"Asian","Fall 2024","Carbon Label","Wok","Main","Satellite","Lunch",NA,NA,NA,NA,NA,NA
"579","31-Oct","1 Entree + 2 Side",77,"Asian","Fall 2024","Carbon Label","Wok","Main","Satellite","Lunch",NA,NA,NA,NA,NA,NA
"580","31-Oct","Bowl Ramen Chicken",79,"Asian","Fall 2024","Carbon Label","Ramen","Main","Treatment","Lunch",0.379685915053077,104.607642341871,9.49,29.9951872891931,8264.00374500785,749.71
"581","31-Oct","2 Entrees + 2 Sides",29,"Asian","Fall 2024","Carbon Label","Wok","Main","Satellite","Lunch",NA,NA,NA,NA,NA,NA
"582","31-Oct","Bowl Ramen Tofu",10,"Asian","Fall 2024","Carbon Label","Ramen","Main","Treatment","Lunch",0.306509419979168,91.9886822989085,9.49,3.06509419979168,919.886822989085,94.9
"583","31-Oct","Side Vegetarian Lo Mein",10,"Asian","Fall 2024","Carbon Label","Wok","Side","Satellite","Lunch",NA,NA,NA,NA,NA,NA
"584","31-Oct","1 Wok Entree",6,"Asian","Fall 2024","Carbon Label","Wok","Main","Satellite","Lunch",NA,NA,NA,NA,NA,NA
"585","31-Oct","Side Vegetarian Fried Rice with",4,"Asian","Fall 2024","Carbon Label","Wok","Side","Satellite","Lunch",NA,NA,NA,NA,NA,NA
"586","31-Oct","Side White or Brown Rice",6,"Asian","Fall 2024","Carbon Label","Wok","Side","Satellite","Lunch",NA,NA,NA,NA,NA,NA
"587","31-Oct","Side Vegetable Spring Rolls",2,"Asian","Fall 2024","Carbon Label","Wok","Side","Satellite","Lunch",NA,NA,NA,NA,NA,NA
"588","31-Oct","Side Vegetables",1,"Asian","Fall 2024","Carbon Label","Wok","Side","Satellite","Lunch",NA,NA,NA,NA,NA,NA
"589","31-Oct","Burrito Breakfast",92,"Breakfast","Fall 2024","Carbon Label","Breakfast","Main","Satellite","Breakfast",NA,NA,NA,NA,NA,NA
"590","31-Oct","Small French Omelet",55,"Breakfast","Fall 2024","Carbon Label","Breakfast","Side","Satellite","Breakfast",NA,NA,NA,NA,NA,NA
"591","31-Oct","Egg Cheese Sausage Breakfast San",34,"Breakfast","Fall 2024","Carbon Label","Breakfast","Main","Satellite","Breakfast",NA,NA,NA,NA,NA,NA
"592","31-Oct","Egg Cheese Bacon Breakfast Sandw",30,"Breakfast","Fall 2024","Carbon Label","Breakfast","Main","Satellite","Breakfast",NA,NA,NA,NA,NA,NA
"593","31-Oct","Grand Slam Breakfast",16,"Breakfast","Fall 2024","Carbon Label","Breakfast","Main","Satellite","Breakfast",NA,NA,NA,NA,NA,NA
"594","31-Oct","Add Bacon",23,"Breakfast","Fall 2024","Carbon Label","Breakfast","Modification","Satellite","Breakfast",NA,NA,NA,NA,NA,NA
"595","31-Oct","Two Eggs",19,"Breakfast","Fall 2024","Carbon Label","Breakfast","Side","Satellite","Breakfast",NA,NA,NA,NA,NA,NA
"596","31-Oct","Trillium Home Fries",3,"Breakfast","Fall 2024","Carbon Label","Breakfast","Side","Satellite","Breakfast",NA,NA,NA,NA,NA,NA
"597","31-Oct","Pancake Single",1,"Breakfast","Fall 2024","Carbon Label","Breakfast","Side","Satellite","Breakfast",NA,NA,NA,NA,NA,NA
"598","31-Oct","Toast",2,"Breakfast","Fall 2024","Carbon Label","Breakfast","Side","Satellite","Breakfast",NA,NA,NA,NA,NA,NA
"599","31-Oct","2 Slices Toast",1,"Breakfast","Fall 2024","Carbon Label","Breakfast","Side","Satellite","Breakfast",NA,NA,NA,NA,NA,NA
"600","31-Oct","Create Your Pasta Bowl MEAT",120,"Italian","Fall 2024","Carbon Label","Pasta","Main","Satellite","Lunch",0.625595496853921,47.8385188473692,8.99,75.0714596224706,5740.6222616843,1078.8
"601","31-Oct","Create Your Pasta Bowl VEG",27,"Italian","Fall 2024","Carbon Label","Pasta","Main","Satellite","Lunch",0.140294556536554,10.5521527214029,8.49,3.78795302648696,284.908123477877,229.23
"602","31-Oct","Pizza with Toppings",23,"Italian","Fall 2024","Carbon Label","Pizza","Main","Satellite","Lunch",NA,NA,NA,NA,NA,NA
"603","31-Oct","Pizza Cheese",25,"Italian","Fall 2024","Carbon Label","Pizza","Main","Satellite","Lunch",NA,NA,NA,NA,NA,NA
"604","31-Oct","Add Extra Meat",16,"Italian","Fall 2024","Carbon Label","Pasta","Modification","Satellite","Lunch",NA,NA,NA,NA,NA,NA
"605","31-Oct","Side Bread Pasta Station",2,"Italian","Fall 2024","Carbon Label","Pasta","Side","Satellite","Lunch",NA,NA,NA,NA,NA,NA
"606","31-Oct","Burrito Bowl BYO",93,"Mexican","Fall 2024","Carbon Label","Wrap","Main","Satellite","Lunch",NA,NA,NA,NA,NA,NA
"607","31-Oct","Single Taco",2,"Mexican","Fall 2024","Carbon Label","Wrap","Main","Satellite","Lunch",NA,NA,NA,NA,NA,NA
"608","31-Oct","Side Guacamole",2,"Mexican","Fall 2024","Carbon Label","Wrap","Side","Satellite","Lunch",NA,NA,NA,NA,NA,NA
"609","31-Oct","Side Salsa",1,"Mexican","Fall 2024","Carbon Label","Wrap","Side","Satellite","Lunch",NA,NA,NA,NA,NA,NA
"610","31-Oct","Salad by the Pound",62,"Salad Bar","Fall 2024","Carbon Label","Salad Bar","Main","Satellite","Lunch",NA,NA,NA,NA,NA,NA
"611","31-Oct","Add Extra Protein 2.99",2,"Salad Bar","Fall 2024","Carbon Label","Salad Bar","Modification","Satellite","Lunch",NA,NA,NA,NA,NA,NA
"612","31-Oct","8 oz Soup",27,"Soup","Fall 2024","Carbon Label","Soup","Main","Satellite","Lunch",NA,NA,NA,NA,NA,NA
"613","31-Oct","Soup 12 oz",21,"Soup","Fall 2024","Carbon Label","Soup","Main","Satellite","Lunch",NA,NA,NA,NA,NA,NA
"614","31-Oct","Side Potato Tots",22,"Grab N Go","Fall 2024","Carbon Label","Grab N Go","Side","Satellite","Lunch",NA,NA,NA,NA,NA,NA
"615","1-Nov","Quesadilla Deluxe Trillium",118,"Grill","Fall 2024","Carbon Label","Quesadilla","Main","Satellite","Lunch",NA,NA,NA,NA,NA,NA
"616","1-Nov","Grilled Hamburger",66,"Grill","Fall 2024","Carbon Label","Grill","Main","Treatment","Lunch",3.88121217461521,88.8793607464882,8.99,256.160003524604,5866.03780926822,593.34
"617","1-Nov","Fried Chicken Tenders",71,"Grab N Go","Fall 2024","Carbon Label","Grab N Go","Side","Satellite","Lunch",NA,NA,NA,NA,NA,NA
"618","1-Nov","Burrito Una Mano Trillium BYO",48,"Grill","Fall 2024","Carbon Label","Quesadilla","Main","Satellite","Lunch",NA,NA,NA,NA,NA,NA
"619","1-Nov","French Fries",95,"Grill","Fall 2024","Carbon Label","Grill","Side","Treatment","Lunch",0.040840402892853,2.72997334161235,2.99,3.87983827482103,259.347467453173,284.05
"620","1-Nov","Quesadilla Cheese",15,"Grill","Fall 2024","Carbon Label","Quesadilla","Main","Satellite","Lunch",NA,NA,NA,NA,NA,NA
"621","1-Nov","Grilled Chicken Breast Sandwich",12,"Grill","Fall 2024","Carbon Label","Grill","Main","Treatment","Lunch",0.301553745597932,69.470648861248,8.49,3.61864494717518,833.647786334976,101.88
"622","1-Nov","Trillium Grill Impossible Burger",9,"Grill","Fall 2024","Carbon Label","Grill","Main","Treatment","Lunch",0.210911088099112,23.2535935181063,10.49,1.89819979289201,209.282341662957,94.41
"623","1-Nov","Seared Salmon Burger",4,"Grill","Fall 2024","Carbon Label","Grill","Main","Treatment","Lunch",0.447926073918026,44.697222176261,8.49,1.7917042956721,178.788888705044,33.96
"624","1-Nov","Black Bean Burger",3,"Grill","Fall 2024","Carbon Label","Grill","Main","Treatment","Lunch",0.110944712328442,54.9888227801748,8.69,0.332834136985325,164.966468340524,26.07
"625","1-Nov","+ Beef Patty",8,"Grill","Fall 2024","Carbon Label","Grill","Modification","Treatment","Lunch",3.806907508554,79.8564119237622,2.99,30.455260068432,638.851295390098,23.92
"626","1-Nov","Sweet Potato Fries",4,"Grill","Fall 2024","Carbon Label","Grill","Side","Treatment","Lunch",0.0422551714366103,3.97622481710592,2.99,0.169020685746441,15.9048992684237,11.96
"627","1-Nov","ADD Chicken Breast",1,"Grill","Fall 2024","Carbon Label","Grill","Modification","Treatment","Lunch",0.227249079536725,60.447700038522,2.99,0.227249079536725,60.447700038522,2.99
"628","1-Nov","Add Sausage 2 Patty",1,"Grill","Fall 2024","Carbon Label","Grill","Modification","Treatment","Lunch",0.168918026814813,34.6406776822533,1.99,0.168918026814813,34.6406776822533,1.99
"629","1-Nov","Add Egg .99",1,"Grill","Fall 2024","Carbon Label","Grill","Modification","Treatment","Lunch",0.0903881853779601,25.3348662383603,0.99,0.0903881853779601,25.3348662383603,0.99
"630","1-Nov","1 Entree + 1 Side",117,"Asian","Fall 2024","Carbon Label","Wok","Main","Satellite","Lunch",NA,NA,NA,NA,NA,NA
"631","1-Nov","1 Entree + 2 Side",51,"Asian","Fall 2024","Carbon Label","Wok","Main","Satellite","Lunch",NA,NA,NA,NA,NA,NA
"632","1-Nov","Bowl Ramen Chicken",34,"Asian","Fall 2024","Carbon Label","Ramen","Main","Treatment","Lunch",0.379685915053077,104.607642341871,9.49,12.9093211118046,3556.65983962363,322.66
"633","1-Nov","2 Entrees + 2 Sides",12,"Asian","Fall 2024","Carbon Label","Wok","Main","Satellite","Lunch",NA,NA,NA,NA,NA,NA
"634","1-Nov","Bowl Ramen Tofu",13,"Asian","Fall 2024","Carbon Label","Ramen","Main","Treatment","Lunch",0.306509419979168,91.9886822989085,9.49,3.98462245972918,1195.85286988581,123.37
"635","1-Nov","Side Vegetarian Lo Mein",8,"Asian","Fall 2024","Carbon Label","Wok","Side","Satellite","Lunch",NA,NA,NA,NA,NA,NA
"636","1-Nov","1 Wok Entree",4,"Asian","Fall 2024","Carbon Label","Wok","Main","Satellite","Lunch",NA,NA,NA,NA,NA,NA
"637","1-Nov","Side Vegetables",3,"Asian","Fall 2024","Carbon Label","Wok","Side","Satellite","Lunch",NA,NA,NA,NA,NA,NA
"638","1-Nov","Side White or Brown Rice",5,"Asian","Fall 2024","Carbon Label","Wok","Side","Satellite","Lunch",NA,NA,NA,NA,NA,NA
"639","1-Nov","Side Vegetable Spring Rolls",2,"Asian","Fall 2024","Carbon Label","Wok","Side","Satellite","Lunch",NA,NA,NA,NA,NA,NA
"640","1-Nov","Side Vegetarian Fried Rice with",1,"Asian","Fall 2024","Carbon Label","Wok","Side","Satellite","Lunch",NA,NA,NA,NA,NA,NA
"641","1-Nov","Burrito Breakfast",57,"Breakfast","Fall 2024","Carbon Label","Breakfast","Main","Satellite","Breakfast",NA,NA,NA,NA,NA,NA
"642","1-Nov","Grand Slam Breakfast",28,"Breakfast","Fall 2024","Carbon Label","Breakfast","Main","Satellite","Breakfast",NA,NA,NA,NA,NA,NA
"643","1-Nov","Small French Omelet",25,"Breakfast","Fall 2024","Carbon Label","Breakfast","Side","Satellite","Breakfast",NA,NA,NA,NA,NA,NA
"644","1-Nov","Egg Cheese Bacon Breakfast Sandw",24,"Breakfast","Fall 2024","Carbon Label","Breakfast","Main","Satellite","Breakfast",NA,NA,NA,NA,NA,NA
"645","1-Nov","Egg Cheese Sausage Breakfast San",21,"Breakfast","Fall 2024","Carbon Label","Breakfast","Main","Satellite","Breakfast",NA,NA,NA,NA,NA,NA
"646","1-Nov","Add Bacon",18,"Breakfast","Fall 2024","Carbon Label","Breakfast","Modification","Satellite","Breakfast",NA,NA,NA,NA,NA,NA
"647","1-Nov","Two Eggs",10,"Breakfast","Fall 2024","Carbon Label","Breakfast","Side","Satellite","Breakfast",NA,NA,NA,NA,NA,NA
"648","1-Nov","Trillium Home Fries",4,"Breakfast","Fall 2024","Carbon Label","Breakfast","Side","Satellite","Breakfast",NA,NA,NA,NA,NA,NA
"649","1-Nov","Pancake Single",4,"Breakfast","Fall 2024","Carbon Label","Breakfast","Side","Satellite","Breakfast",NA,NA,NA,NA,NA,NA
"650","1-Nov","Create Your Pasta Bowl MEAT",87,"Italian","Fall 2024","Carbon Label","Pasta","Main","Satellite","Lunch",0.625595496853921,47.8385188473692,8.99,54.4268082262912,4161.95113972112,782.13
"651","1-Nov","Pizza with Toppings",17,"Italian","Fall 2024","Carbon Label","Pizza","Main","Satellite","Lunch",NA,NA,NA,NA,NA,NA
"652","1-Nov","Create Your Pasta Bowl VEG",8,"Italian","Fall 2024","Carbon Label","Pasta","Main","Satellite","Lunch",0.140294556536554,10.5521527214029,8.49,1.12235645229243,84.4172217712228,67.92
"653","1-Nov","Pizza Cheese",13,"Italian","Fall 2024","Carbon Label","Pizza","Main","Satellite","Lunch",NA,NA,NA,NA,NA,NA
"654","1-Nov","Add Extra Meat",7,"Italian","Fall 2024","Carbon Label","Pasta","Modification","Satellite","Lunch",NA,NA,NA,NA,NA,NA
"655","1-Nov","Burrito Bowl BYO",59,"Mexican","Fall 2024","Carbon Label","Wrap","Main","Satellite","Lunch",NA,NA,NA,NA,NA,NA
"656","1-Nov","Single Taco",6,"Mexican","Fall 2024","Carbon Label","Wrap","Main","Satellite","Lunch",NA,NA,NA,NA,NA,NA
"657","1-Nov","Side Guacamole",2,"Mexican","Fall 2024","Carbon Label","Wrap","Side","Satellite","Lunch",NA,NA,NA,NA,NA,NA
"658","1-Nov","Salad by the Pound",45,"Salad Bar","Fall 2024","Carbon Label","Salad Bar","Main","Satellite","Lunch",NA,NA,NA,NA,NA,NA
"659","1-Nov","Add Extra Protein 2.99",2,"Salad Bar","Fall 2024","Carbon Label","Salad Bar","Modification","Satellite","Lunch",NA,NA,NA,NA,NA,NA
"660","1-Nov","8 oz Soup",40,"Soup","Fall 2024","Carbon Label","Soup","Main","Satellite","Lunch",NA,NA,NA,NA,NA,NA
"661","1-Nov","Soup 12 oz",21,"Soup","Fall 2024","Carbon Label","Soup","Main","Satellite","Lunch",NA,NA,NA,NA,NA,NA
"662","1-Nov","Side Potato Tots",12,"Grab N Go","Fall 2024","Carbon Label","Grab N Go","Side","Satellite","Lunch",NA,NA,NA,NA,NA,NA
"663","4-Nov","Quesadilla Deluxe Trillium",170,"Grill","Fall 2024","Carbon Label","Quesadilla","Main","Satellite","Lunch",NA,NA,NA,NA,NA,NA
"664","4-Nov","Grilled Hamburger",80,"Grill","Fall 2024","Carbon Label","Grill","Main","Treatment","Lunch",3.88121217461521,88.8793607464882,8.99,310.496973969217,7110.34885971905,719.2
"665","4-Nov","Fried Chicken Tenders",95,"Grab N Go","Fall 2024","Carbon Label","Grab N Go","Side","Satellite","Lunch",NA,NA,NA,NA,NA,NA
"666","4-Nov","Burrito Una Mano Trillium BYO",71,"Grill","Fall 2024","Carbon Label","Quesadilla","Main","Satellite","Lunch",NA,NA,NA,NA,NA,NA
"667","4-Nov","French Fries",176,"Grill","Fall 2024","Carbon Label","Grill","Side","Treatment","Lunch",0.040840402892853,2.72997334161235,2.99,7.18791090914213,480.475308123774,526.24
"668","4-Nov","Quesadilla Cheese",15,"Grill","Fall 2024","Carbon Label","Quesadilla","Main","Satellite","Lunch",NA,NA,NA,NA,NA,NA
"669","4-Nov","Grilled Chicken Breast Sandwich",12,"Grill","Fall 2024","Carbon Label","Grill","Main","Treatment","Lunch",0.301553745597932,69.470648861248,8.49,3.61864494717518,833.647786334976,101.88
"670","4-Nov","Seared Salmon Burger",11,"Grill","Fall 2024","Carbon Label","Grill","Main","Treatment","Lunch",0.447926073918026,44.697222176261,8.49,4.92718681309828,491.66944393887,93.39
"671","4-Nov","Trillium Grill Impossible Burger",7,"Grill","Fall 2024","Carbon Label","Grill","Main","Treatment","Lunch",0.210911088099112,23.2535935181063,10.49,1.47637761669378,162.775154626744,73.43
"672","4-Nov","+ Beef Patty",13,"Grill","Fall 2024","Carbon Label","Grill","Modification","Treatment","Lunch",3.806907508554,79.8564119237622,2.99,49.489797611202,1038.13335500891,38.87
"673","4-Nov","Black Bean Burger",4,"Grill","Fall 2024","Carbon Label","Grill","Main","Treatment","Lunch",0.110944712328442,54.9888227801748,8.69,0.443778849313767,219.955291120699,34.76
"674","4-Nov","ADD Chicken Breast",3,"Grill","Fall 2024","Carbon Label","Grill","Modification","Treatment","Lunch",0.227249079536725,60.447700038522,2.99,0.681747238610175,181.343100115566,8.97
"675","4-Nov","ADD Cheese",5,"Grill","Fall 2024","Carbon Label","Grill","Modification","Treatment","Lunch",0.183611306606629,3.19881943989712,1.99,0.918056533033145,15.9940971994856,9.95
"676","4-Nov","Add Sausage 2 Patty",1,"Grill","Fall 2024","Carbon Label","Grill","Modification","Treatment","Lunch",0.168918026814813,34.6406776822533,1.99,0.168918026814813,34.6406776822533,1.99
"677","4-Nov","Add Egg .99",1,"Grill","Fall 2024","Carbon Label","Grill","Modification","Treatment","Lunch",0.0903881853779601,25.3348662383603,0.99,0.0903881853779601,25.3348662383603,0.99
"678","4-Nov","1 Entree + 1 Side",171,"Asian","Fall 2024","Carbon Label","Wok","Main","Satellite","Lunch",NA,NA,NA,NA,NA,NA
"679","4-Nov","1 Entree + 2 Side",84,"Asian","Fall 2024","Carbon Label","Wok","Main","Satellite","Lunch",NA,NA,NA,NA,NA,NA
"680","4-Nov","Bowl Ramen Chicken",65,"Asian","Fall 2024","Carbon Label","Ramen","Main","Treatment","Lunch",0.379685915053077,104.607642341871,9.49,24.67958447845,6799.49675222165,616.85
"681","4-Nov","2 Entrees + 2 Sides",26,"Asian","Fall 2024","Carbon Label","Wok","Main","Satellite","Lunch",NA,NA,NA,NA,NA,NA
"682","4-Nov","Bowl Ramen Tofu",20,"Asian","Fall 2024","Carbon Label","Ramen","Main","Treatment","Lunch",0.306509419979168,91.9886822989085,9.49,6.13018839958336,1839.77364597817,189.8
"683","4-Nov","1 Wok Entree",7,"Asian","Fall 2024","Carbon Label","Wok","Main","Satellite","Lunch",NA,NA,NA,NA,NA,NA
"684","4-Nov","Side Vegetarian Lo Mein",11,"Asian","Fall 2024","Carbon Label","Wok","Side","Satellite","Lunch",NA,NA,NA,NA,NA,NA
"685","4-Nov","Side Vegetarian Fried Rice with",5,"Asian","Fall 2024","Carbon Label","Wok","Side","Satellite","Lunch",NA,NA,NA,NA,NA,NA
"686","4-Nov","Side Vegetables",3,"Asian","Fall 2024","Carbon Label","Wok","Side","Satellite","Lunch",NA,NA,NA,NA,NA,NA
"687","4-Nov","Side White or Brown Rice",1,"Asian","Fall 2024","Carbon Label","Wok","Side","Satellite","Lunch",NA,NA,NA,NA,NA,NA
"688","4-Nov","Burrito Breakfast",97,"Breakfast","Fall 2024","Carbon Label","Breakfast","Main","Satellite","Breakfast",NA,NA,NA,NA,NA,NA
"689","4-Nov","Small French Omelet",51,"Breakfast","Fall 2024","Carbon Label","Breakfast","Side","Satellite","Breakfast",NA,NA,NA,NA,NA,NA
"690","4-Nov","Egg Cheese Sausage Breakfast San",45,"Breakfast","Fall 2024","Carbon Label","Breakfast","Main","Satellite","Breakfast",NA,NA,NA,NA,NA,NA
"691","4-Nov","Egg Cheese Bacon Breakfast Sandw",42,"Breakfast","Fall 2024","Carbon Label","Breakfast","Main","Satellite","Breakfast",NA,NA,NA,NA,NA,NA
"692","4-Nov","Grand Slam Breakfast",17,"Breakfast","Fall 2024","Carbon Label","Breakfast","Main","Satellite","Breakfast",NA,NA,NA,NA,NA,NA
"693","4-Nov","Add Bacon",28,"Breakfast","Fall 2024","Carbon Label","Breakfast","Modification","Satellite","Breakfast",NA,NA,NA,NA,NA,NA
"694","4-Nov","Two Eggs",10,"Breakfast","Fall 2024","Carbon Label","Breakfast","Side","Satellite","Breakfast",NA,NA,NA,NA,NA,NA
"695","4-Nov","Trillium Home Fries",3,"Breakfast","Fall 2024","Carbon Label","Breakfast","Side","Satellite","Breakfast",NA,NA,NA,NA,NA,NA
"696","4-Nov","Pancake Single",3,"Breakfast","Fall 2024","Carbon Label","Breakfast","Side","Satellite","Breakfast",NA,NA,NA,NA,NA,NA
"697","4-Nov","2 Slices Toast",2,"Breakfast","Fall 2024","Carbon Label","Breakfast","Side","Satellite","Breakfast",NA,NA,NA,NA,NA,NA
"698","4-Nov","Toast",1,"Breakfast","Fall 2024","Carbon Label","Breakfast","Side","Satellite","Breakfast",NA,NA,NA,NA,NA,NA
"699","4-Nov","Create Your Pasta Bowl MEAT",118,"Italian","Fall 2024","Carbon Label","Pasta","Main","Satellite","Lunch",0.625595496853921,47.8385188473692,8.99,73.8202686287627,5644.94522398956,1060.82
"700","4-Nov","Create Your Pasta Bowl VEG",34,"Italian","Fall 2024","Carbon Label","Pasta","Main","Satellite","Lunch",0.140294556536554,10.5521527214029,8.49,4.77001492224284,358.773192527697,288.66
"701","4-Nov","Pizza with Toppings",27,"Italian","Fall 2024","Carbon Label","Pizza","Main","Satellite","Lunch",NA,NA,NA,NA,NA,NA
"702","4-Nov","Pizza Cheese",17,"Italian","Fall 2024","Carbon Label","Pizza","Main","Satellite","Lunch",NA,NA,NA,NA,NA,NA
"703","4-Nov","Add Extra Meat",27,"Italian","Fall 2024","Carbon Label","Pasta","Modification","Satellite","Lunch",NA,NA,NA,NA,NA,NA
"704","4-Nov","Side Bread Pasta Station",1,"Italian","Fall 2024","Carbon Label","Pasta","Side","Satellite","Lunch",NA,NA,NA,NA,NA,NA
"705","4-Nov","Burrito Bowl BYO",91,"Mexican","Fall 2024","Carbon Label","Wrap","Main","Satellite","Lunch",NA,NA,NA,NA,NA,NA
"706","4-Nov","Single Taco",11,"Mexican","Fall 2024","Carbon Label","Wrap","Main","Satellite","Lunch",NA,NA,NA,NA,NA,NA
"707","4-Nov","Side Guacamole",2,"Mexican","Fall 2024","Carbon Label","Wrap","Side","Satellite","Lunch",NA,NA,NA,NA,NA,NA
"708","4-Nov","Add Extra Toppings Una Mano",4,"Mexican","Fall 2024","Carbon Label","Wrap","Modification","Satellite","Lunch",NA,NA,NA,NA,NA,NA
"709","4-Nov","Salad by the Pound",46,"Salad Bar","Fall 2024","Carbon Label","Salad Bar","Main","Satellite","Lunch",NA,NA,NA,NA,NA,NA
"710","4-Nov","Soup 12 oz",44,"Soup","Fall 2024","Carbon Label","Soup","Main","Satellite","Lunch",NA,NA,NA,NA,NA,NA
"711","4-Nov","8 oz Soup",32,"Soup","Fall 2024","Carbon Label","Soup","Main","Satellite","Lunch",NA,NA,NA,NA,NA,NA
"712","4-Nov","Side Potato Tots",9,"Grab N Go","Fall 2024","Carbon Label","Grab N Go","Side","Satellite","Lunch",NA,NA,NA,NA,NA,NA
"713","5-Nov","Quesadilla Deluxe Trillium",165,"Grill","Fall 2024","Carbon Label","Quesadilla","Main","Satellite","Lunch",NA,NA,NA,NA,NA,NA
"714","5-Nov","Grilled Hamburger",107,"Grill","Fall 2024","Carbon Label","Grill","Main","Treatment","Lunch",3.88121217461521,88.8793607464882,8.99,415.289702683827,9510.09159987423,961.93
"715","5-Nov","Fried Chicken Tenders",105,"Grab N Go","Fall 2024","Carbon Label","Grab N Go","Side","Satellite","Lunch",NA,NA,NA,NA,NA,NA
"716","5-Nov","Burrito Una Mano Trillium BYO",63,"Grill","Fall 2024","Carbon Label","Quesadilla","Main","Satellite","Lunch",NA,NA,NA,NA,NA,NA
"717","5-Nov","French Fries",136,"Grill","Fall 2024","Carbon Label","Grill","Side","Treatment","Lunch",0.040840402892853,2.72997334161235,2.99,5.55429479342801,371.27637445928,406.64
"718","5-Nov","Trillium Grill Impossible Burger",14,"Grill","Fall 2024","Carbon Label","Grill","Main","Treatment","Lunch",0.210911088099112,23.2535935181063,10.49,2.95275523338757,325.550309253488,146.86
"719","5-Nov","Grilled Chicken Breast Sandwich",11,"Grill","Fall 2024","Carbon Label","Grill","Main","Treatment","Lunch",0.301553745597932,69.470648861248,8.49,3.31709120157725,764.177137473728,93.39
"720","5-Nov","Quesadilla Cheese",8,"Grill","Fall 2024","Carbon Label","Quesadilla","Main","Satellite","Lunch",NA,NA,NA,NA,NA,NA
"721","5-Nov","Seared Salmon Burger",4,"Grill","Fall 2024","Carbon Label","Grill","Main","Treatment","Lunch",0.447926073918026,44.697222176261,8.49,1.7917042956721,178.788888705044,33.96
"722","5-Nov","Sweet Potato Fries",11,"Grill","Fall 2024","Carbon Label","Grill","Side","Treatment","Lunch",0.0422551714366103,3.97622481710592,2.99,0.464806885802713,43.7384729881651,32.89
"723","5-Nov","+ Beef Patty",9,"Grill","Fall 2024","Carbon Label","Grill","Modification","Treatment","Lunch",3.806907508554,79.8564119237622,2.99,34.262167576986,718.70770731386,26.91
"724","5-Nov","Black Bean Burger",2,"Grill","Fall 2024","Carbon Label","Grill","Main","Treatment","Lunch",0.110944712328442,54.9888227801748,8.69,0.221889424656883,109.97764556035,17.38
"725","5-Nov","ADD Chicken Breast",4,"Grill","Fall 2024","Carbon Label","Grill","Modification","Treatment","Lunch",0.227249079536725,60.447700038522,2.99,0.9089963181469,241.790800154088,11.96
"726","5-Nov","Add Sausage 2 Patty",3,"Grill","Fall 2024","Carbon Label","Grill","Modification","Treatment","Lunch",0.168918026814813,34.6406776822533,1.99,0.506754080444439,103.92203304676,5.97
"727","5-Nov","ADD Cheese",2,"Grill","Fall 2024","Carbon Label","Grill","Modification","Treatment","Lunch",0.183611306606629,3.19881943989712,1.99,0.367222613213258,6.39763887979424,3.98
"728","5-Nov","Add Egg .99",1,"Grill","Fall 2024","Carbon Label","Grill","Modification","Treatment","Lunch",0.0903881853779601,25.3348662383603,0.99,0.0903881853779601,25.3348662383603,0.99
"729","5-Nov","1 Entree + 1 Side",212,"Asian","Fall 2024","Carbon Label","Wok","Main","Satellite","Lunch",NA,NA,NA,NA,NA,NA
"730","5-Nov","1 Entree + 2 Side",79,"Asian","Fall 2024","Carbon Label","Wok","Main","Satellite","Lunch",NA,NA,NA,NA,NA,NA
"731","5-Nov","Bowl Ramen Chicken",73,"Asian","Fall 2024","Carbon Label","Ramen","Main","Treatment","Lunch",0.379685915053077,104.607642341871,9.49,27.7170717988746,7636.35789095662,692.77
"732","5-Nov","2 Entrees + 2 Sides",27,"Asian","Fall 2024","Carbon Label","Wok","Main","Satellite","Lunch",NA,NA,NA,NA,NA,NA
"733","5-Nov","Bowl Ramen Tofu",11,"Asian","Fall 2024","Carbon Label","Ramen","Main","Treatment","Lunch",0.306509419979168,91.9886822989085,9.49,3.37160361977085,1011.87550528799,104.39
"734","5-Nov","Side Vegetarian Lo Mein",10,"Asian","Fall 2024","Carbon Label","Wok","Side","Satellite","Lunch",NA,NA,NA,NA,NA,NA
"735","5-Nov","1 Wok Entree",5,"Asian","Fall 2024","Carbon Label","Wok","Main","Satellite","Lunch",NA,NA,NA,NA,NA,NA
"736","5-Nov","Side Vegetables",1,"Asian","Fall 2024","Carbon Label","Wok","Side","Satellite","Lunch",NA,NA,NA,NA,NA,NA
"737","5-Nov","Burrito Breakfast",83,"Breakfast","Fall 2024","Carbon Label","Breakfast","Main","Satellite","Breakfast",NA,NA,NA,NA,NA,NA
"738","5-Nov","Small French Omelet",52,"Breakfast","Fall 2024","Carbon Label","Breakfast","Side","Satellite","Breakfast",NA,NA,NA,NA,NA,NA
"739","5-Nov","Egg Cheese Bacon Breakfast Sandw",37,"Breakfast","Fall 2024","Carbon Label","Breakfast","Main","Satellite","Breakfast",NA,NA,NA,NA,NA,NA
"740","5-Nov","Egg Cheese Sausage Breakfast San",33,"Breakfast","Fall 2024","Carbon Label","Breakfast","Main","Satellite","Breakfast",NA,NA,NA,NA,NA,NA
"741","5-Nov","Grand Slam Breakfast",15,"Breakfast","Fall 2024","Carbon Label","Breakfast","Main","Satellite","Breakfast",NA,NA,NA,NA,NA,NA
"742","5-Nov","Add Bacon",29,"Breakfast","Fall 2024","Carbon Label","Breakfast","Modification","Satellite","Breakfast",NA,NA,NA,NA,NA,NA
"743","5-Nov","Two Eggs",18,"Breakfast","Fall 2024","Carbon Label","Breakfast","Side","Satellite","Breakfast",NA,NA,NA,NA,NA,NA
"744","5-Nov","Pancake Single",5,"Breakfast","Fall 2024","Carbon Label","Breakfast","Side","Satellite","Breakfast",NA,NA,NA,NA,NA,NA
"745","5-Nov","2 Slices Toast",3,"Breakfast","Fall 2024","Carbon Label","Breakfast","Side","Satellite","Breakfast",NA,NA,NA,NA,NA,NA
"746","5-Nov","Toast",1,"Breakfast","Fall 2024","Carbon Label","Breakfast","Side","Satellite","Breakfast",NA,NA,NA,NA,NA,NA
"747","5-Nov","Create Your Pasta Bowl MEAT",103,"Italian","Fall 2024","Carbon Label","Pasta","Main","Satellite","Lunch",0.625595496853921,47.8385188473692,8.99,64.4363361759539,4927.36744127903,925.97
"748","5-Nov","Pizza with Toppings",38,"Italian","Fall 2024","Carbon Label","Pizza","Main","Satellite","Lunch",NA,NA,NA,NA,NA,NA
"749","5-Nov","Create Your Pasta Bowl VEG",20,"Italian","Fall 2024","Carbon Label","Pasta","Main","Satellite","Lunch",0.140294556536554,10.5521527214029,8.49,2.80589113073108,211.043054428057,169.8
"750","5-Nov","Pizza Cheese",20,"Italian","Fall 2024","Carbon Label","Pizza","Main","Satellite","Lunch",NA,NA,NA,NA,NA,NA
"751","5-Nov","Add Extra Meat",6,"Italian","Fall 2024","Carbon Label","Pasta","Modification","Satellite","Lunch",NA,NA,NA,NA,NA,NA
"752","5-Nov","Side Bread Pasta Station",1,"Italian","Fall 2024","Carbon Label","Pasta","Side","Satellite","Lunch",NA,NA,NA,NA,NA,NA
"753","5-Nov","Burrito Bowl BYO",109,"Mexican","Fall 2024","Carbon Label","Wrap","Main","Satellite","Lunch",NA,NA,NA,NA,NA,NA
"754","5-Nov","Single Taco",4,"Mexican","Fall 2024","Carbon Label","Wrap","Main","Satellite","Lunch",NA,NA,NA,NA,NA,NA
"755","5-Nov","Add Extra Toppings Una Mano",6,"Mexican","Fall 2024","Carbon Label","Wrap","Modification","Satellite","Lunch",NA,NA,NA,NA,NA,NA
"756","5-Nov","Side Guacamole",1,"Mexican","Fall 2024","Carbon Label","Wrap","Side","Satellite","Lunch",NA,NA,NA,NA,NA,NA
"757","5-Nov","Side Salsa",1,"Mexican","Fall 2024","Carbon Label","Wrap","Side","Satellite","Lunch",NA,NA,NA,NA,NA,NA
"758","5-Nov","Salad by the Pound",55,"Salad Bar","Fall 2024","Carbon Label","Salad Bar","Main","Satellite","Lunch",NA,NA,NA,NA,NA,NA
"759","5-Nov","Add Extra Protein 2.99",2,"Salad Bar","Fall 2024","Carbon Label","Salad Bar","Modification","Satellite","Lunch",NA,NA,NA,NA,NA,NA
"760","5-Nov","Soup 12 oz",37,"Soup","Fall 2024","Carbon Label","Soup","Main","Satellite","Lunch",NA,NA,NA,NA,NA,NA
"761","5-Nov","8 oz Soup",30,"Soup","Fall 2024","Carbon Label","Soup","Main","Satellite","Lunch",NA,NA,NA,NA,NA,NA
"762","5-Nov","Side Potato Tots",22,"Grab N Go","Fall 2024","Carbon Label","Grab N Go","Side","Satellite","Lunch",NA,NA,NA,NA,NA,NA
"763","6-Nov","Quesadilla Deluxe Trillium",130,"Grill","Fall 2024","Carbon Label","Quesadilla","Main","Satellite","Lunch",NA,NA,NA,NA,NA,NA
"764","6-Nov","Grilled Hamburger",104,"Grill","Fall 2024","Carbon Label","Grill","Main","Treatment","Lunch",3.88121217461521,88.8793607464882,8.99,403.646066159982,9243.45351763477,934.96
"765","6-Nov","Fried Chicken Tenders",94,"Grab N Go","Fall 2024","Carbon Label","Grab N Go","Side","Satellite","Lunch",NA,NA,NA,NA,NA,NA
"766","6-Nov","Burrito Una Mano Trillium BYO",59,"Grill","Fall 2024","Carbon Label","Quesadilla","Main","Satellite","Lunch",NA,NA,NA,NA,NA,NA
"767","6-Nov","French Fries",148,"Grill","Fall 2024","Carbon Label","Grill","Side","Treatment","Lunch",0.040840402892853,2.72997334161235,2.99,6.04437962814224,404.036054558628,442.52
"768","6-Nov","Grilled Chicken Breast Sandwich",16,"Grill","Fall 2024","Carbon Label","Grill","Main","Treatment","Lunch",0.301553745597932,69.470648861248,8.49,4.8248599295669,1111.53038177997,135.84
"769","6-Nov","Sweet Potato Fries",37,"Grill","Fall 2024","Carbon Label","Grill","Side","Treatment","Lunch",0.0422551714366103,3.97622481710592,2.99,1.56344134315458,147.120318232919,110.63
"770","6-Nov","Trillium Grill Impossible Burger",9,"Grill","Fall 2024","Carbon Label","Grill","Main","Treatment","Lunch",0.210911088099112,23.2535935181063,10.49,1.89819979289201,209.282341662957,94.41
"771","6-Nov","Quesadilla Cheese",11,"Grill","Fall 2024","Carbon Label","Quesadilla","Main","Satellite","Lunch",NA,NA,NA,NA,NA,NA
"772","6-Nov","Seared Salmon Burger",6,"Grill","Fall 2024","Carbon Label","Grill","Main","Treatment","Lunch",0.447926073918026,44.697222176261,8.49,2.68755644350815,268.183333057566,50.94
"773","6-Nov","ADD Chicken Breast",8,"Grill","Fall 2024","Carbon Label","Grill","Modification","Treatment","Lunch",0.227249079536725,60.447700038522,2.99,1.8179926362938,483.581600308176,23.92
"774","6-Nov","+ Beef Patty",7,"Grill","Fall 2024","Carbon Label","Grill","Modification","Treatment","Lunch",3.806907508554,79.8564119237622,2.99,26.648352559878,558.994883466335,20.93
"775","6-Nov","Black Bean Burger",2,"Grill","Fall 2024","Carbon Label","Grill","Main","Treatment","Lunch",0.110944712328442,54.9888227801748,8.69,0.221889424656883,109.97764556035,17.38
"776","6-Nov","Add Sausage 2 Patty",6,"Grill","Fall 2024","Carbon Label","Grill","Modification","Treatment","Lunch",0.168918026814813,34.6406776822533,1.99,1.01350816088888,207.84406609352,11.94
"777","6-Nov","ADD Cheese",7,"Grill","Fall 2024","Carbon Label","Grill","Modification","Treatment","Lunch",0.183611306606629,3.19881943989712,1.99,1.2852791462464,22.3917360792799,13.93
"778","6-Nov","Add Egg .99",3,"Grill","Fall 2024","Carbon Label","Grill","Modification","Treatment","Lunch",0.0903881853779601,25.3348662383603,0.99,0.27116455613388,76.0045987150809,2.97
"779","6-Nov","1 Entree + 1 Side",209,"Asian","Fall 2024","Carbon Label","Wok","Main","Satellite","Lunch",NA,NA,NA,NA,NA,NA
"780","6-Nov","Bowl Ramen Chicken",90,"Asian","Fall 2024","Carbon Label","Ramen","Main","Treatment","Lunch",0.379685915053077,104.607642341871,9.49,34.1717323547769,9414.68781076844,854.1
"781","6-Nov","1 Entree + 2 Side",54,"Asian","Fall 2024","Carbon Label","Wok","Main","Satellite","Lunch",NA,NA,NA,NA,NA,NA
"782","6-Nov","2 Entrees + 2 Sides",27,"Asian","Fall 2024","Carbon Label","Wok","Main","Satellite","Lunch",NA,NA,NA,NA,NA,NA
"783","6-Nov","Bowl Ramen Tofu",17,"Asian","Fall 2024","Carbon Label","Ramen","Main","Treatment","Lunch",0.306509419979168,91.9886822989085,9.49,5.21066013964585,1563.80759908145,161.33
"784","6-Nov","1 Wok Entree",14,"Asian","Fall 2024","Carbon Label","Wok","Main","Satellite","Lunch",NA,NA,NA,NA,NA,NA
"785","6-Nov","Side Vegetarian Lo Mein",9,"Asian","Fall 2024","Carbon Label","Wok","Side","Satellite","Lunch",NA,NA,NA,NA,NA,NA
"786","6-Nov","Side Vegetarian Fried Rice with",7,"Asian","Fall 2024","Carbon Label","Wok","Side","Satellite","Lunch",NA,NA,NA,NA,NA,NA
"787","6-Nov","Side White or Brown Rice",13,"Asian","Fall 2024","Carbon Label","Wok","Side","Satellite","Lunch",NA,NA,NA,NA,NA,NA
"788","6-Nov","Side Vegetables",2,"Asian","Fall 2024","Carbon Label","Wok","Side","Satellite","Lunch",NA,NA,NA,NA,NA,NA
"789","6-Nov","Create Your Pasta Bowl MEAT",136,"Italian","Fall 2024","Carbon Label","Pasta","Main","Satellite","Lunch",0.625595496853921,47.8385188473692,8.99,85.0809875721333,6506.03856324221,1222.64
"790","6-Nov","Create Your Pasta Bowl VEG",30,"Italian","Fall 2024","Carbon Label","Pasta","Main","Satellite","Lunch",0.140294556536554,10.5521527214029,8.49,4.20883669609662,316.564581642086,254.7
"791","6-Nov","Pizza with Toppings",38,"Italian","Fall 2024","Carbon Label","Pizza","Main","Satellite","Lunch",NA,NA,NA,NA,NA,NA
"792","6-Nov","Pizza Cheese",20,"Italian","Fall 2024","Carbon Label","Pizza","Main","Satellite","Lunch",NA,NA,NA,NA,NA,NA
"793","6-Nov","Add Extra Meat",27,"Italian","Fall 2024","Carbon Label","Pasta","Modification","Satellite","Lunch",NA,NA,NA,NA,NA,NA
"794","6-Nov","Burrito Breakfast",94,"Breakfast","Fall 2024","Carbon Label","Breakfast","Main","Satellite","Breakfast",NA,NA,NA,NA,NA,NA
"795","6-Nov","Small French Omelet",64,"Breakfast","Fall 2024","Carbon Label","Breakfast","Side","Satellite","Breakfast",NA,NA,NA,NA,NA,NA
"796","6-Nov","Grand Slam Breakfast",17,"Breakfast","Fall 2024","Carbon Label","Breakfast","Main","Satellite","Breakfast",NA,NA,NA,NA,NA,NA
"797","6-Nov","Egg Cheese Bacon Breakfast Sandw",24,"Breakfast","Fall 2024","Carbon Label","Breakfast","Main","Satellite","Breakfast",NA,NA,NA,NA,NA,NA
"798","6-Nov","Egg Cheese Sausage Breakfast San",23,"Breakfast","Fall 2024","Carbon Label","Breakfast","Main","Satellite","Breakfast",NA,NA,NA,NA,NA,NA
"799","6-Nov","Add Bacon",27,"Breakfast","Fall 2024","Carbon Label","Breakfast","Modification","Satellite","Breakfast",NA,NA,NA,NA,NA,NA
"800","6-Nov","Two Eggs",19,"Breakfast","Fall 2024","Carbon Label","Breakfast","Side","Satellite","Breakfast",NA,NA,NA,NA,NA,NA
"801","6-Nov","Trillium Home Fries",7,"Breakfast","Fall 2024","Carbon Label","Breakfast","Side","Satellite","Breakfast",NA,NA,NA,NA,NA,NA
"802","6-Nov","Pancake Single",6,"Breakfast","Fall 2024","Carbon Label","Breakfast","Side","Satellite","Breakfast",NA,NA,NA,NA,NA,NA
"803","6-Nov","Toast",3,"Breakfast","Fall 2024","Carbon Label","Breakfast","Side","Satellite","Breakfast",NA,NA,NA,NA,NA,NA
"804","6-Nov","PC Peanut Butter",2,"Breakfast","Fall 2024","Carbon Label","Breakfast","Side","Satellite","Breakfast",NA,NA,NA,NA,NA,NA
"805","6-Nov","2 Slices Toast",1,"Breakfast","Fall 2024","Carbon Label","Breakfast","Side","Satellite","Breakfast",NA,NA,NA,NA,NA,NA
"806","6-Nov","Burrito Bowl BYO",109,"Mexican","Fall 2024","Carbon Label","Wrap","Main","Satellite","Lunch",NA,NA,NA,NA,NA,NA
"807","6-Nov","Single Taco",5,"Mexican","Fall 2024","Carbon Label","Wrap","Main","Satellite","Lunch",NA,NA,NA,NA,NA,NA
"808","6-Nov","Side Sour Cream",1,"Mexican","Fall 2024","Carbon Label","Wrap","Side","Satellite","Lunch",NA,NA,NA,NA,NA,NA
"809","6-Nov","Salad by the Pound",59,"Salad Bar","Fall 2024","Carbon Label","Salad Bar","Main","Satellite","Lunch",NA,NA,NA,NA,NA,NA
"810","6-Nov","Add Extra Protein 2.99",1,"Salad Bar","Fall 2024","Carbon Label","Salad Bar","Modification","Satellite","Lunch",NA,NA,NA,NA,NA,NA
"811","6-Nov","8 oz Soup",54,"Soup","Fall 2024","Carbon Label","Soup","Main","Satellite","Lunch",NA,NA,NA,NA,NA,NA
"812","6-Nov","Soup 12 oz",40,"Soup","Fall 2024","Carbon Label","Soup","Main","Satellite","Lunch",NA,NA,NA,NA,NA,NA
"813","6-Nov","Side Potato Tots",19,"Grab N Go","Fall 2024","Carbon Label","Grab N Go","Side","Satellite","Lunch",NA,NA,NA,NA,NA,NA
"814","7-Nov","Quesadilla Deluxe Trillium",160,"Grill","Fall 2024","Carbon Label","Quesadilla","Main","Satellite","Lunch",NA,NA,NA,NA,NA,NA
"815","7-Nov","Grilled Hamburger",98,"Grill","Fall 2024","Carbon Label","Grill","Main","Treatment","Lunch",3.88121217461521,88.8793607464882,8.99,380.35879311229,8710.17735315584,881.02
"816","7-Nov","Fried Chicken Tenders",105,"Grab N Go","Fall 2024","Carbon Label","Grab N Go","Side","Satellite","Lunch",NA,NA,NA,NA,NA,NA
"817","7-Nov","Burrito Una Mano Trillium BYO",64,"Grill","Fall 2024","Carbon Label","Quesadilla","Main","Satellite","Lunch",NA,NA,NA,NA,NA,NA
"818","7-Nov","French Fries",141,"Grill","Fall 2024","Carbon Label","Grill","Side","Treatment","Lunch",0.040840402892853,2.72997334161235,2.99,5.75849680789227,384.926241167341,421.59
"819","7-Nov","Grilled Chicken Breast Sandwich",19,"Grill","Fall 2024","Carbon Label","Grill","Main","Treatment","Lunch",0.301553745597932,69.470648861248,8.49,5.7295211663607,1319.94232836371,161.31
"820","7-Nov","Seared Salmon Burger",14,"Grill","Fall 2024","Carbon Label","Grill","Main","Treatment","Lunch",0.447926073918026,44.697222176261,8.49,6.27096503485236,625.761110467653,118.86
"821","7-Nov","Sweet Potato Fries",33,"Grill","Fall 2024","Carbon Label","Grill","Side","Treatment","Lunch",0.0422551714366103,3.97622481710592,2.99,1.39442065740814,131.215418964495,98.67
"822","7-Nov","Trillium Grill Impossible Burger",7,"Grill","Fall 2024","Carbon Label","Grill","Main","Treatment","Lunch",0.210911088099112,23.2535935181063,10.49,1.47637761669378,162.775154626744,73.43
"823","7-Nov","Quesadilla Cheese",9,"Grill","Fall 2024","Carbon Label","Quesadilla","Main","Satellite","Lunch",NA,NA,NA,NA,NA,NA
"824","7-Nov","+ Beef Patty",12,"Grill","Fall 2024","Carbon Label","Grill","Modification","Treatment","Lunch",3.806907508554,79.8564119237622,2.99,45.682890102648,958.276943085146,35.88
"825","7-Nov","Black Bean Burger",4,"Grill","Fall 2024","Carbon Label","Grill","Main","Treatment","Lunch",0.110944712328442,54.9888227801748,8.69,0.443778849313767,219.955291120699,34.76
"826","7-Nov","ADD Chicken Breast",9,"Grill","Fall 2024","Carbon Label","Grill","Modification","Treatment","Lunch",0.227249079536725,60.447700038522,2.99,2.04524171583052,544.029300346698,26.91
"827","7-Nov","Add Sausage 2 Patty",2,"Grill","Fall 2024","Carbon Label","Grill","Modification","Treatment","Lunch",0.168918026814813,34.6406776822533,1.99,0.337836053629626,69.2813553645066,3.98
"828","7-Nov","Add Egg .99",3,"Grill","Fall 2024","Carbon Label","Grill","Modification","Treatment","Lunch",0.0903881853779601,25.3348662383603,0.99,0.27116455613388,76.0045987150809,2.97
"829","7-Nov","ADD Cheese",3,"Grill","Fall 2024","Carbon Label","Grill","Modification","Treatment","Lunch",0.183611306606629,3.19881943989712,1.99,0.550833919819887,9.59645831969137,5.97
"830","7-Nov","1 Entree + 1 Side",193,"Asian","Fall 2024","Carbon Label","Wok","Main","Satellite","Lunch",NA,NA,NA,NA,NA,NA
"831","7-Nov","1 Entree + 2 Side",94,"Asian","Fall 2024","Carbon Label","Wok","Main","Satellite","Lunch",NA,NA,NA,NA,NA,NA
"832","7-Nov","Bowl Ramen Chicken",82,"Asian","Fall 2024","Carbon Label","Ramen","Main","Treatment","Lunch",0.379685915053077,104.607642341871,9.49,31.1342450343523,8577.82667203346,778.18
"833","7-Nov","2 Entrees + 2 Sides",30,"Asian","Fall 2024","Carbon Label","Wok","Main","Satellite","Lunch",NA,NA,NA,NA,NA,NA
"834","7-Nov","Bowl Ramen Tofu",14,"Asian","Fall 2024","Carbon Label","Ramen","Main","Treatment","Lunch",0.306509419979168,91.9886822989085,9.49,4.29113187970835,1287.84155218472,132.86
"835","7-Nov","Side Vegetarian Lo Mein",12,"Asian","Fall 2024","Carbon Label","Wok","Side","Satellite","Lunch",NA,NA,NA,NA,NA,NA
"836","7-Nov","1 Wok Entree",5,"Asian","Fall 2024","Carbon Label","Wok","Main","Satellite","Lunch",NA,NA,NA,NA,NA,NA
"837","7-Nov","Side White or Brown Rice",5,"Asian","Fall 2024","Carbon Label","Wok","Side","Satellite","Lunch",NA,NA,NA,NA,NA,NA
"838","7-Nov","Bowl Ramen Chicken",1,"Asian","Fall 2024","Carbon Label","Ramen","Main","Treatment","Lunch",0.379685915053077,104.607642341871,9.49,0.379685915053077,104.607642341871,9.49
"839","7-Nov","Side Vegetable Spring Rolls",2,"Asian","Fall 2024","Carbon Label","Wok","Side","Satellite","Lunch",NA,NA,NA,NA,NA,NA
"840","7-Nov","Create Your Pasta Bowl MEAT",132,"Italian","Fall 2024","Carbon Label","Pasta","Main","Satellite","Lunch",0.625595496853921,47.8385188473692,8.99,82.5786055847176,6314.68448785273,1186.68
"841","7-Nov","Create Your Pasta Bowl VEG",28,"Italian","Fall 2024","Carbon Label","Pasta","Main","Satellite","Lunch",0.140294556536554,10.5521527214029,8.49,3.92824758302351,295.46027619928,237.72
"842","7-Nov","Pizza with Toppings",38,"Italian","Fall 2024","Carbon Label","Pizza","Main","Satellite","Lunch",NA,NA,NA,NA,NA,NA
"843","7-Nov","Pizza Cheese",21,"Italian","Fall 2024","Carbon Label","Pizza","Main","Satellite","Lunch",NA,NA,NA,NA,NA,NA
"844","7-Nov","Add Extra Meat",18,"Italian","Fall 2024","Carbon Label","Pasta","Modification","Satellite","Lunch",NA,NA,NA,NA,NA,NA
"845","7-Nov","Side Bread Pasta Station",1,"Italian","Fall 2024","Carbon Label","Pasta","Side","Satellite","Lunch",NA,NA,NA,NA,NA,NA
"846","7-Nov","Burrito Breakfast",90,"Breakfast","Fall 2024","Carbon Label","Breakfast","Main","Satellite","Breakfast",NA,NA,NA,NA,NA,NA
"847","7-Nov","Small French Omelet",60,"Breakfast","Fall 2024","Carbon Label","Breakfast","Side","Satellite","Breakfast",NA,NA,NA,NA,NA,NA
"848","7-Nov","Grand Slam Breakfast",17,"Breakfast","Fall 2024","Carbon Label","Breakfast","Main","Satellite","Breakfast",NA,NA,NA,NA,NA,NA
"849","7-Nov","Egg Cheese Sausage Breakfast San",24,"Breakfast","Fall 2024","Carbon Label","Breakfast","Main","Satellite","Breakfast",NA,NA,NA,NA,NA,NA
"850","7-Nov","Egg Cheese Bacon Breakfast Sandw",22,"Breakfast","Fall 2024","Carbon Label","Breakfast","Main","Satellite","Breakfast",NA,NA,NA,NA,NA,NA
"851","7-Nov","Add Bacon",24,"Breakfast","Fall 2024","Carbon Label","Breakfast","Modification","Satellite","Breakfast",NA,NA,NA,NA,NA,NA
"852","7-Nov","Two Eggs",19,"Breakfast","Fall 2024","Carbon Label","Breakfast","Side","Satellite","Breakfast",NA,NA,NA,NA,NA,NA
"853","7-Nov","Trillium Home Fries",3,"Breakfast","Fall 2024","Carbon Label","Breakfast","Side","Satellite","Breakfast",NA,NA,NA,NA,NA,NA
"854","7-Nov","Pancake Single",2,"Breakfast","Fall 2024","Carbon Label","Breakfast","Side","Satellite","Breakfast",NA,NA,NA,NA,NA,NA
"855","7-Nov","PC Peanut Butter",2,"Breakfast","Fall 2024","Carbon Label","Breakfast","Side","Satellite","Breakfast",NA,NA,NA,NA,NA,NA
"856","7-Nov","Toast",1,"Breakfast","Fall 2024","Carbon Label","Breakfast","Side","Satellite","Breakfast",NA,NA,NA,NA,NA,NA
"857","7-Nov","Burrito Bowl BYO",98,"Mexican","Fall 2024","Carbon Label","Wrap","Main","Satellite","Lunch",NA,NA,NA,NA,NA,NA
"858","7-Nov","Single Taco",6,"Mexican","Fall 2024","Carbon Label","Wrap","Main","Satellite","Lunch",NA,NA,NA,NA,NA,NA
"859","7-Nov","Side Guacamole",5,"Mexican","Fall 2024","Carbon Label","Wrap","Side","Satellite","Lunch",NA,NA,NA,NA,NA,NA
"860","7-Nov","Add Extra Toppings Una Mano",2,"Mexican","Fall 2024","Carbon Label","Wrap","Modification","Satellite","Lunch",NA,NA,NA,NA,NA,NA
"861","7-Nov","Side Salsa",1,"Mexican","Fall 2024","Carbon Label","Wrap","Side","Satellite","Lunch",NA,NA,NA,NA,NA,NA
"862","7-Nov","Salad by the Pound",69,"Salad Bar","Fall 2024","Carbon Label","Salad Bar","Main","Satellite","Lunch",NA,NA,NA,NA,NA,NA
"863","7-Nov","8 oz Soup",41,"Soup","Fall 2024","Carbon Label","Soup","Main","Satellite","Lunch",NA,NA,NA,NA,NA,NA
"864","7-Nov","Soup 12 oz",34,"Soup","Fall 2024","Carbon Label","Soup","Main","Satellite","Lunch",NA,NA,NA,NA,NA,NA
"865","7-Nov","Side Potato Tots",25,"Grab N Go","Fall 2024","Carbon Label","Grab N Go","Side","Satellite","Lunch",NA,NA,NA,NA,NA,NA
"866","8-Nov","Quesadilla Deluxe Trillium",116,"Grill","Fall 2024","Carbon Label","Quesadilla","Main","Satellite","Lunch",NA,NA,NA,NA,NA,NA
"867","8-Nov","Grilled Hamburger",80,"Grill","Fall 2024","Carbon Label","Grill","Main","Treatment","Lunch",3.88121217461521,88.8793607464882,8.99,310.496973969217,7110.34885971905,719.2
"868","8-Nov","Burrito Una Mano Trillium BYO",45,"Grill","Fall 2024","Carbon Label","Quesadilla","Main","Satellite","Lunch",NA,NA,NA,NA,NA,NA
"869","8-Nov","Fried Chicken Tenders",55,"Grab N Go","Fall 2024","Carbon Label","Grab N Go","Side","Satellite","Lunch",NA,NA,NA,NA,NA,NA
"870","8-Nov","French Fries",97,"Grill","Fall 2024","Carbon Label","Grill","Side","Treatment","Lunch",0.040840402892853,2.72997334161235,2.99,3.96151908060674,264.807414136398,290.03
"871","8-Nov","Grilled Chicken Breast Sandwich",12,"Grill","Fall 2024","Carbon Label","Grill","Main","Treatment","Lunch",0.301553745597932,69.470648861248,8.49,3.61864494717518,833.647786334976,101.88
"872","8-Nov","Quesadilla Cheese",12,"Grill","Fall 2024","Carbon Label","Quesadilla","Main","Satellite","Lunch",NA,NA,NA,NA,NA,NA
"873","8-Nov","Sweet Potato Fries",32,"Grill","Fall 2024","Carbon Label","Grill","Side","Treatment","Lunch",0.0422551714366103,3.97622481710592,2.99,1.35216548597153,127.239194147389,95.68
"874","8-Nov","Trillium Grill Impossible Burger",7,"Grill","Fall 2024","Carbon Label","Grill","Main","Treatment","Lunch",0.210911088099112,23.2535935181063,10.49,1.47637761669378,162.775154626744,73.43
"875","8-Nov","Seared Salmon Burger",7,"Grill","Fall 2024","Carbon Label","Grill","Main","Treatment","Lunch",0.447926073918026,44.697222176261,8.49,3.13548251742618,312.880555233827,59.43
"876","8-Nov","+ Beef Patty",5,"Grill","Fall 2024","Carbon Label","Grill","Modification","Treatment","Lunch",3.806907508554,79.8564119237622,2.99,19.03453754277,399.282059618811,14.95
"877","8-Nov","Add Sausage 2 Patty",4,"Grill","Fall 2024","Carbon Label","Grill","Modification","Treatment","Lunch",0.168918026814813,34.6406776822533,1.99,0.675672107259252,138.562710729013,7.96
"878","8-Nov","Black Bean Burger",1,"Grill","Fall 2024","Carbon Label","Grill","Main","Treatment","Lunch",0.110944712328442,54.9888227801748,8.69,0.110944712328442,54.9888227801748,8.69
"879","8-Nov","ADD Chicken Breast",2,"Grill","Fall 2024","Carbon Label","Grill","Modification","Treatment","Lunch",0.227249079536725,60.447700038522,2.99,0.45449815907345,120.895400077044,5.98
"880","8-Nov","ADD Cheese",6,"Grill","Fall 2024","Carbon Label","Grill","Modification","Treatment","Lunch",0.183611306606629,3.19881943989712,1.99,1.10166783963977,19.1929166393827,11.94
"881","8-Nov","Add Egg .99",2,"Grill","Fall 2024","Carbon Label","Grill","Modification","Treatment","Lunch",0.0903881853779601,25.3348662383603,0.99,0.18077637075592,50.6697324767206,1.98
"882","8-Nov","1 Entree + 1 Side",126,"Asian","Fall 2024","Carbon Label","Wok","Main","Satellite","Lunch",NA,NA,NA,NA,NA,NA
"883","8-Nov","Bowl Ramen Chicken",59,"Asian","Fall 2024","Carbon Label","Ramen","Main","Treatment","Lunch",0.379685915053077,104.607642341871,9.49,22.4014689881315,6171.85089817042,559.91
"884","8-Nov","1 Entree + 2 Side",53,"Asian","Fall 2024","Carbon Label","Wok","Main","Satellite","Lunch",NA,NA,NA,NA,NA,NA
"885","8-Nov","2 Entrees + 2 Sides",20,"Asian","Fall 2024","Carbon Label","Wok","Main","Satellite","Lunch",NA,NA,NA,NA,NA,NA
"886","8-Nov","Bowl Ramen Tofu",14,"Asian","Fall 2024","Carbon Label","Ramen","Main","Treatment","Lunch",0.306509419979168,91.9886822989085,9.49,4.29113187970835,1287.84155218472,132.86
"887","8-Nov","Side Vegetarian Lo Mein",8,"Asian","Fall 2024","Carbon Label","Wok","Side","Satellite","Lunch",NA,NA,NA,NA,NA,NA
"888","8-Nov","1 Wok Entree",2,"Asian","Fall 2024","Carbon Label","Wok","Main","Satellite","Lunch",NA,NA,NA,NA,NA,NA
"889","8-Nov","Side Vegetarian Fried Rice with",3,"Asian","Fall 2024","Carbon Label","Wok","Side","Satellite","Lunch",NA,NA,NA,NA,NA,NA
"890","8-Nov","Burrito Breakfast",97,"Breakfast","Fall 2024","Carbon Label","Breakfast","Main","Satellite","Breakfast",NA,NA,NA,NA,NA,NA
"891","8-Nov","Small French Omelet",57,"Breakfast","Fall 2024","Carbon Label","Breakfast","Side","Satellite","Breakfast",NA,NA,NA,NA,NA,NA
"892","8-Nov","Grand Slam Breakfast",18,"Breakfast","Fall 2024","Carbon Label","Breakfast","Main","Satellite","Breakfast",NA,NA,NA,NA,NA,NA
"893","8-Nov","Egg Cheese Bacon Breakfast Sandw",25,"Breakfast","Fall 2024","Carbon Label","Breakfast","Main","Satellite","Breakfast",NA,NA,NA,NA,NA,NA
"894","8-Nov","Egg Cheese Sausage Breakfast San",23,"Breakfast","Fall 2024","Carbon Label","Breakfast","Main","Satellite","Breakfast",NA,NA,NA,NA,NA,NA
"895","8-Nov","Two Eggs",24,"Breakfast","Fall 2024","Carbon Label","Breakfast","Side","Satellite","Breakfast",NA,NA,NA,NA,NA,NA
"896","8-Nov","Add Bacon",23,"Breakfast","Fall 2024","Carbon Label","Breakfast","Modification","Satellite","Breakfast",NA,NA,NA,NA,NA,NA
"897","8-Nov","Pancake Single",5,"Breakfast","Fall 2024","Carbon Label","Breakfast","Side","Satellite","Breakfast",NA,NA,NA,NA,NA,NA
"898","8-Nov","Trillium Home Fries",4,"Breakfast","Fall 2024","Carbon Label","Breakfast","Side","Satellite","Breakfast",NA,NA,NA,NA,NA,NA
"899","8-Nov","2 Slices Toast",1,"Breakfast","Fall 2024","Carbon Label","Breakfast","Side","Satellite","Breakfast",NA,NA,NA,NA,NA,NA
"900","8-Nov","PC Peanut Butter",1,"Breakfast","Fall 2024","Carbon Label","Breakfast","Side","Satellite","Breakfast",NA,NA,NA,NA,NA,NA
"901","8-Nov","Create Your Pasta Bowl MEAT",92,"Italian","Fall 2024","Carbon Label","Pasta","Main","Satellite","Lunch",0.625595496853921,47.8385188473692,8.99,57.5547857105608,4401.14373395797,827.08
"902","8-Nov","Create Your Pasta Bowl VEG",16,"Italian","Fall 2024","Carbon Label","Pasta","Main","Satellite","Lunch",0.140294556536554,10.5521527214029,8.49,2.24471290458486,168.834443542446,135.84
"903","8-Nov","Pizza with Toppings",22,"Italian","Fall 2024","Carbon Label","Pizza","Main","Satellite","Lunch",NA,NA,NA,NA,NA,NA
"904","8-Nov","Pizza Cheese",12,"Italian","Fall 2024","Carbon Label","Pizza","Main","Satellite","Lunch",NA,NA,NA,NA,NA,NA
"905","8-Nov","Add Extra Meat",12,"Italian","Fall 2024","Carbon Label","Pasta","Modification","Satellite","Lunch",NA,NA,NA,NA,NA,NA
"906","8-Nov","Side Bread Pasta Station",1,"Italian","Fall 2024","Carbon Label","Pasta","Side","Satellite","Lunch",NA,NA,NA,NA,NA,NA
"907","8-Nov","Burrito Bowl BYO",71,"Mexican","Fall 2024","Carbon Label","Wrap","Main","Satellite","Lunch",NA,NA,NA,NA,NA,NA
"908","8-Nov","Side Guacamole",3,"Mexican","Fall 2024","Carbon Label","Wrap","Side","Satellite","Lunch",NA,NA,NA,NA,NA,NA
"909","8-Nov","Single Taco",1,"Mexican","Fall 2024","Carbon Label","Wrap","Main","Satellite","Lunch",NA,NA,NA,NA,NA,NA
"910","8-Nov","Salad by the Pound",41,"Salad Bar","Fall 2024","Carbon Label","Salad Bar","Main","Satellite","Lunch",NA,NA,NA,NA,NA,NA
"911","8-Nov","Add Extra Protein 2.99",1,"Salad Bar","Fall 2024","Carbon Label","Salad Bar","Modification","Satellite","Lunch",NA,NA,NA,NA,NA,NA
"912","8-Nov","Soup 12 oz",33,"Soup","Fall 2024","Carbon Label","Soup","Main","Satellite","Lunch",NA,NA,NA,NA,NA,NA
"913","8-Nov","8 oz Soup",29,"Soup","Fall 2024","Carbon Label","Soup","Main","Satellite","Lunch",NA,NA,NA,NA,NA,NA
"914","8-Nov","Side Potato Tots",20,"Grab N Go","Fall 2024","Carbon Label","Grab N Go","Side","Satellite","Lunch",NA,NA,NA,NA,NA,NA
"915","11-Nov","Quesadilla Deluxe Trillium",162,"Grill","Fall 2024","Default","Quesadilla","Main","Satellite","Lunch",NA,NA,NA,NA,NA,NA
"916","11-Nov","Grilled Hamburger",81,"Grill","Fall 2024","Default","Grill","Main","Treatment","Lunch",3.88121217461521,88.8793607464882,8.99,314.378186143832,7199.22822046554,728.19
"917","11-Nov","Fried Chicken Tenders",86,"Grab N Go","Fall 2024","Default","Grab N Go","Side","Satellite","Lunch",NA,NA,NA,NA,NA,NA
"918","11-Nov","Burrito Una Mano Trillium BYO",51,"Grill","Fall 2024","Default","Quesadilla","Main","Satellite","Lunch",NA,NA,NA,NA,NA,NA
"919","11-Nov","French Fries",104,"Grill","Fall 2024","Default","Grill","Side","Treatment","Lunch",0.040840402892853,2.72997334161235,2.99,4.24740190085671,283.917227527684,310.96
"920","11-Nov","Grilled Chicken Breast Sandwich",16,"Grill","Fall 2024","Default","Grill","Main","Treatment","Lunch",0.301553745597932,69.470648861248,8.49,4.8248599295669,1111.53038177997,135.84
"921","11-Nov","Quesadilla Cheese",12,"Grill","Fall 2024","Default","Quesadilla","Main","Satellite","Lunch",NA,NA,NA,NA,NA,NA
"922","11-Nov","Sweet Potato Fries",32,"Grill","Fall 2024","Default","Grill","Side","Treatment","Lunch",0.0422551714366103,3.97622481710592,2.99,1.35216548597153,127.239194147389,95.68
"923","11-Nov","Trillium Grill Impossible Burger",8,"Grill","Fall 2024","Default","Grill","Main","Treatment","Lunch",0.210911088099112,23.2535935181063,10.49,1.68728870479289,186.02874814485,83.92
"924","11-Nov","Seared Salmon Burger",4,"Grill","Fall 2024","Default","Grill","Main","Treatment","Lunch",0.447926073918026,44.697222176261,8.49,1.7917042956721,178.788888705044,33.96
"925","11-Nov","ADD Chicken Breast",8,"Grill","Fall 2024","Default","Grill","Modification","Treatment","Lunch",0.227249079536725,60.447700038522,2.99,1.8179926362938,483.581600308176,23.92
"926","11-Nov","Black Bean Burger",3,"Grill","Fall 2024","Default","Grill","Main","Treatment","Lunch",0.110944712328442,54.9888227801748,8.69,0.332834136985325,164.966468340524,26.07
"927","11-Nov","+ Beef Patty",4,"Grill","Fall 2024","Default","Grill","Modification","Treatment","Lunch",3.806907508554,79.8564119237622,2.99,15.227630034216,319.425647695049,11.96
"928","11-Nov","Add Sausage 2 Patty",3,"Grill","Fall 2024","Default","Grill","Modification","Treatment","Lunch",0.168918026814813,34.6406776822533,1.99,0.506754080444439,103.92203304676,5.97
"929","11-Nov","Add Egg .99",2,"Grill","Fall 2024","Default","Grill","Modification","Treatment","Lunch",0.0903881853779601,25.3348662383603,0.99,0.18077637075592,50.6697324767206,1.98
"930","11-Nov","ADD Cheese",3,"Grill","Fall 2024","Default","Grill","Modification","Treatment","Lunch",0.183611306606629,3.19881943989712,1.99,0.550833919819887,9.59645831969137,5.97
"931","11-Nov","1 Entree + 1 Side",171,"Asian","Fall 2024","Default","Wok","Main","Satellite","Lunch",NA,NA,NA,NA,NA,NA
"932","11-Nov","1 Entree + 2 Side",79,"Asian","Fall 2024","Default","Wok","Main","Satellite","Lunch",NA,NA,NA,NA,NA,NA
"933","11-Nov","Bowl Ramen Chicken",69,"Asian","Fall 2024","Default","Ramen","Main","Treatment","Lunch",0.379685915053077,104.607642341871,9.49,26.1983281386623,7217.92732158913,654.81
"934","11-Nov","2 Entrees + 2 Sides",24,"Asian","Fall 2024","Default","Wok","Main","Satellite","Lunch",NA,NA,NA,NA,NA,NA
"935","11-Nov","Bowl Ramen Tofu",12,"Asian","Fall 2024","Default","Ramen","Main","Treatment","Lunch",0.306509419979168,91.9886822989085,9.49,3.67811303975002,1103.8641875869,113.88
"936","11-Nov","Side Vegetarian Lo Mein",13,"Asian","Fall 2024","Default","Wok","Side","Satellite","Lunch",NA,NA,NA,NA,NA,NA
"937","11-Nov","1 Wok Entree",2,"Asian","Fall 2024","Default","Wok","Main","Satellite","Lunch",NA,NA,NA,NA,NA,NA
"938","11-Nov","Side White or Brown Rice",2,"Asian","Fall 2024","Default","Wok","Side","Satellite","Lunch",NA,NA,NA,NA,NA,NA
"939","11-Nov","Side Vegetables",1,"Asian","Fall 2024","Default","Wok","Side","Satellite","Lunch",NA,NA,NA,NA,NA,NA
"940","11-Nov","Side Vegetable Spring Rolls",1,"Asian","Fall 2024","Default","Wok","Side","Satellite","Lunch",NA,NA,NA,NA,NA,NA
"941","11-Nov","Side Vegetarian Fried Rice with",1,"Asian","Fall 2024","Default","Wok","Side","Satellite","Lunch",NA,NA,NA,NA,NA,NA
"942","11-Nov","Create Your Pasta Bowl MEAT",119,"Italian","Fall 2024","Default","Pasta","Main","Satellite","Lunch",0.625595496853921,47.8385188473692,8.99,74.4458641256166,5692.78374283693,1069.81
"943","11-Nov","Create Your Pasta Bowl VEG",25,"Italian","Fall 2024","Default","Pasta","Main","Satellite","Lunch",0.140294556536554,10.5521527214029,8.49,3.50736391341385,263.803818035071,212.25
"944","11-Nov","Pizza with Toppings",34,"Italian","Fall 2024","Default","Pizza","Main","Satellite","Lunch",NA,NA,NA,NA,NA,NA
"945","11-Nov","Pizza Cheese",16,"Italian","Fall 2024","Default","Pizza","Main","Satellite","Lunch",NA,NA,NA,NA,NA,NA
"946","11-Nov","Add Extra Meat",26,"Italian","Fall 2024","Default","Pasta","Modification","Satellite","Lunch",NA,NA,NA,NA,NA,NA
"947","11-Nov","Side Bread Pasta Station",1,"Italian","Fall 2024","Default","Pasta","Side","Satellite","Lunch",NA,NA,NA,NA,NA,NA
"948","11-Nov","Burrito Breakfast",91,"Breakfast","Fall 2024","Default","Breakfast","Main","Satellite","Breakfast",NA,NA,NA,NA,NA,NA
"949","11-Nov","Small French Omelet",54,"Breakfast","Fall 2024","Default","Breakfast","Side","Satellite","Breakfast",NA,NA,NA,NA,NA,NA
"950","11-Nov","Grand Slam Breakfast",15,"Breakfast","Fall 2024","Default","Breakfast","Main","Satellite","Breakfast",NA,NA,NA,NA,NA,NA
"951","11-Nov","Egg Cheese Sausage Breakfast San",20,"Breakfast","Fall 2024","Default","Breakfast","Main","Satellite","Breakfast",NA,NA,NA,NA,NA,NA
"952","11-Nov","Egg Cheese Bacon Breakfast Sandw",19,"Breakfast","Fall 2024","Default","Breakfast","Main","Satellite","Breakfast",NA,NA,NA,NA,NA,NA
"953","11-Nov","Add Bacon",28,"Breakfast","Fall 2024","Default","Breakfast","Modification","Satellite","Breakfast",NA,NA,NA,NA,NA,NA
"954","11-Nov","Two Eggs",18,"Breakfast","Fall 2024","Default","Breakfast","Side","Satellite","Breakfast",NA,NA,NA,NA,NA,NA
"955","11-Nov","Trillium Home Fries",7,"Breakfast","Fall 2024","Default","Breakfast","Side","Satellite","Breakfast",NA,NA,NA,NA,NA,NA
"956","11-Nov","Pancake Single",3,"Breakfast","Fall 2024","Default","Breakfast","Side","Satellite","Breakfast",NA,NA,NA,NA,NA,NA
"957","11-Nov","2 Slices Toast",3,"Breakfast","Fall 2024","Default","Breakfast","Side","Satellite","Breakfast",NA,NA,NA,NA,NA,NA
"958","11-Nov","PC Peanut Butter",1,"Breakfast","Fall 2024","Default","Breakfast","Side","Satellite","Breakfast",NA,NA,NA,NA,NA,NA
"959","11-Nov","Burrito Bowl BYO",107,"Mexican","Fall 2024","Default","Wrap","Main","Satellite","Lunch",NA,NA,NA,NA,NA,NA
"960","11-Nov","Single Taco",3,"Mexican","Fall 2024","Default","Wrap","Main","Satellite","Lunch",NA,NA,NA,NA,NA,NA
"961","11-Nov","Salad by the Pound",60,"Salad Bar","Fall 2024","Default","Salad Bar","Main","Satellite","Lunch",NA,NA,NA,NA,NA,NA
"962","11-Nov","Soup 12 oz",49,"Soup","Fall 2024","Default","Soup","Main","Satellite","Lunch",NA,NA,NA,NA,NA,NA
"963","11-Nov","8 oz Soup",48,"Soup","Fall 2024","Default","Soup","Main","Satellite","Lunch",NA,NA,NA,NA,NA,NA
"964","11-Nov","Side Potato Tots",22,"Grab N Go","Fall 2024","Default","Grab N Go","Side","Satellite","Lunch",NA,NA,NA,NA,NA,NA
"965","12-Nov","Quesadilla Deluxe Trillium",166,"Grill","Fall 2024","Default","Quesadilla","Main","Satellite","Lunch",NA,NA,NA,NA,NA,NA
"966","12-Nov","Grilled Hamburger",89,"Grill","Fall 2024","Default","Grill","Main","Treatment","Lunch",3.88121217461521,88.8793607464882,8.99,345.427883540753,7910.26310643745,800.11
"967","12-Nov","Fried Chicken Tenders",96,"Grab N Go","Fall 2024","Default","Grab N Go","Side","Satellite","Lunch",NA,NA,NA,NA,NA,NA
"968","12-Nov","Burrito Una Mano Trillium BYO",61,"Grill","Fall 2024","Default","Quesadilla","Main","Satellite","Lunch",NA,NA,NA,NA,NA,NA
"969","12-Nov","French Fries",162,"Grill","Fall 2024","Default","Grill","Side","Treatment","Lunch",0.040840402892853,2.72997334161235,2.99,6.61614526864219,442.255681341201,484.38
"970","12-Nov","Grilled Chicken Breast Sandwich",27,"Grill","Fall 2024","Default","Grill","Main","Treatment","Lunch",0.301553745597932,69.470648861248,8.49,8.14195113114415,1875.7075192537,229.23
"971","12-Nov","Quesadilla Cheese",11,"Grill","Fall 2024","Default","Quesadilla","Main","Satellite","Lunch",NA,NA,NA,NA,NA,NA
"972","12-Nov","Trillium Grill Impossible Burger",8,"Grill","Fall 2024","Default","Grill","Main","Treatment","Lunch",0.210911088099112,23.2535935181063,10.49,1.68728870479289,186.02874814485,83.92
"973","12-Nov","Seared Salmon Burger",7,"Grill","Fall 2024","Default","Grill","Main","Treatment","Lunch",0.447926073918026,44.697222176261,8.49,3.13548251742618,312.880555233827,59.43
"974","12-Nov","+ Beef Patty",17,"Grill","Fall 2024","Default","Grill","Modification","Treatment","Lunch",3.806907508554,79.8564119237622,2.99,64.717427645418,1357.55900270396,50.83
"975","12-Nov","Black Bean Burger",3,"Grill","Fall 2024","Default","Grill","Main","Treatment","Lunch",0.110944712328442,54.9888227801748,8.69,0.332834136985325,164.966468340524,26.07
"976","12-Nov","ADD Chicken Breast",5,"Grill","Fall 2024","Default","Grill","Modification","Treatment","Lunch",0.227249079536725,60.447700038522,2.99,1.13624539768362,302.23850019261,14.95
"977","12-Nov","ADD Cheese",12,"Grill","Fall 2024","Default","Grill","Modification","Treatment","Lunch",0.183611306606629,3.19881943989712,1.99,2.20333567927955,38.3858332787655,23.88
"978","12-Nov","Add Sausage 2 Patty",3,"Grill","Fall 2024","Default","Grill","Modification","Treatment","Lunch",0.168918026814813,34.6406776822533,1.99,0.506754080444439,103.92203304676,5.97
"979","12-Nov","Add Egg .99",4,"Grill","Fall 2024","Default","Grill","Modification","Treatment","Lunch",0.0903881853779601,25.3348662383603,0.99,0.36155274151184,101.339464953441,3.96
"980","12-Nov","1 Entree + 1 Side",186,"Asian","Fall 2024","Default","Wok","Main","Satellite","Lunch",NA,NA,NA,NA,NA,NA
"981","12-Nov","1 Entree + 2 Side",85,"Asian","Fall 2024","Default","Wok","Main","Satellite","Lunch",NA,NA,NA,NA,NA,NA
"982","12-Nov","Bowl Ramen Chicken",75,"Asian","Fall 2024","Default","Ramen","Main","Treatment","Lunch",0.379685915053077,104.607642341871,9.49,28.4764436289808,7845.57317564036,711.75
"983","12-Nov","2 Entrees + 2 Sides",32,"Asian","Fall 2024","Default","Wok","Main","Satellite","Lunch",NA,NA,NA,NA,NA,NA
"984","12-Nov","Bowl Ramen Tofu",19,"Asian","Fall 2024","Default","Ramen","Main","Treatment","Lunch",0.306509419979168,91.9886822989085,9.49,5.82367897960419,1747.78496367926,180.31
"985","12-Nov","1 Wok Entree",10,"Asian","Fall 2024","Default","Wok","Main","Satellite","Lunch",NA,NA,NA,NA,NA,NA
"986","12-Nov","Side Vegetarian Lo Mein",15,"Asian","Fall 2024","Default","Wok","Side","Satellite","Lunch",NA,NA,NA,NA,NA,NA
"987","12-Nov","Side White or Brown Rice",14,"Asian","Fall 2024","Default","Wok","Side","Satellite","Lunch",NA,NA,NA,NA,NA,NA
"988","12-Nov","Bowl Ramen Chicken",1,"Asian","Fall 2024","Default","Ramen","Main","Treatment","Lunch",0.379685915053077,104.607642341871,9.49,0.379685915053077,104.607642341871,9.49
"989","12-Nov","Side Vegetables",2,"Asian","Fall 2024","Default","Wok","Side","Satellite","Lunch",NA,NA,NA,NA,NA,NA
"990","12-Nov","Side Vegetable Spring Rolls",2,"Asian","Fall 2024","Default","Wok","Side","Satellite","Lunch",NA,NA,NA,NA,NA,NA
"991","12-Nov","Burrito Breakfast",84,"Breakfast","Fall 2024","Default","Breakfast","Main","Satellite","Breakfast",NA,NA,NA,NA,NA,NA
"992","12-Nov","Small French Omelet",55,"Breakfast","Fall 2024","Default","Breakfast","Side","Satellite","Breakfast",NA,NA,NA,NA,NA,NA
"993","12-Nov","Grand Slam Breakfast",23,"Breakfast","Fall 2024","Default","Breakfast","Main","Satellite","Breakfast",NA,NA,NA,NA,NA,NA
"994","12-Nov","Egg Cheese Sausage Breakfast San",36,"Breakfast","Fall 2024","Default","Breakfast","Main","Satellite","Breakfast",NA,NA,NA,NA,NA,NA
"995","12-Nov","Egg Cheese Bacon Breakfast Sandw",27,"Breakfast","Fall 2024","Default","Breakfast","Main","Satellite","Breakfast",NA,NA,NA,NA,NA,NA
"996","12-Nov","Add Bacon",26,"Breakfast","Fall 2024","Default","Breakfast","Modification","Satellite","Breakfast",NA,NA,NA,NA,NA,NA
"997","12-Nov","Two Eggs",26,"Breakfast","Fall 2024","Default","Breakfast","Side","Satellite","Breakfast",NA,NA,NA,NA,NA,NA
"998","12-Nov","Trillium Home Fries",7,"Breakfast","Fall 2024","Default","Breakfast","Side","Satellite","Breakfast",NA,NA,NA,NA,NA,NA
"999","12-Nov","Pancake Single",4,"Breakfast","Fall 2024","Default","Breakfast","Side","Satellite","Breakfast",NA,NA,NA,NA,NA,NA
"1000","12-Nov","Toast",3,"Breakfast","Fall 2024","Default","Breakfast","Side","Satellite","Breakfast",NA,NA,NA,NA,NA,NA
"1001","12-Nov","Create Your Pasta Bowl MEAT",112,"Italian","Fall 2024","Default","Pasta","Main","Satellite","Lunch",0.625595496853921,47.8385188473692,8.99,70.0666956476392,5357.91411090535,1006.88
"1002","12-Nov","Pizza with Toppings",33,"Italian","Fall 2024","Default","Pizza","Main","Satellite","Lunch",NA,NA,NA,NA,NA,NA
"1003","12-Nov","Create Your Pasta Bowl VEG",20,"Italian","Fall 2024","Default","Pasta","Main","Satellite","Lunch",0.140294556536554,10.5521527214029,8.49,2.80589113073108,211.043054428057,169.8
"1004","12-Nov","Pizza Cheese",19,"Italian","Fall 2024","Default","Pizza","Main","Satellite","Lunch",NA,NA,NA,NA,NA,NA
"1005","12-Nov","Add Extra Meat",14,"Italian","Fall 2024","Default","Pasta","Modification","Satellite","Lunch",NA,NA,NA,NA,NA,NA
"1006","12-Nov","Burrito Bowl BYO",93,"Mexican","Fall 2024","Default","Wrap","Main","Satellite","Lunch",NA,NA,NA,NA,NA,NA
"1007","12-Nov","Single Taco",6,"Mexican","Fall 2024","Default","Wrap","Main","Satellite","Lunch",NA,NA,NA,NA,NA,NA
"1008","12-Nov","Side Guacamole",1,"Mexican","Fall 2024","Default","Wrap","Side","Satellite","Lunch",NA,NA,NA,NA,NA,NA
"1009","12-Nov","Add Extra Toppings Una Mano",1,"Mexican","Fall 2024","Default","Wrap","Modification","Satellite","Lunch",NA,NA,NA,NA,NA,NA
"1010","12-Nov","Salad by the Pound",56,"Salad Bar","Fall 2024","Default","Salad Bar","Main","Satellite","Lunch",NA,NA,NA,NA,NA,NA
"1011","12-Nov","Add Extra Protein 2.99",3,"Salad Bar","Fall 2024","Default","Salad Bar","Modification","Satellite","Lunch",NA,NA,NA,NA,NA,NA
"1012","12-Nov","8 oz Soup",59,"Soup","Fall 2024","Default","Soup","Main","Satellite","Lunch",NA,NA,NA,NA,NA,NA
"1013","12-Nov","Soup 12 oz",40,"Soup","Fall 2024","Default","Soup","Main","Satellite","Lunch",NA,NA,NA,NA,NA,NA
"1014","12-Nov","Side Potato Tots",23,"Grab N Go","Fall 2024","Default","Grab N Go","Side","Satellite","Lunch",NA,NA,NA,NA,NA,NA
"1015","13-Nov","Quesadilla Deluxe Trillium",155,"Grill","Fall 2024","Default","Quesadilla","Main","Satellite","Lunch",NA,NA,NA,NA,NA,NA
"1016","13-Nov","Grilled Hamburger",107,"Grill","Fall 2024","Default","Grill","Main","Treatment","Lunch",3.88121217461521,88.8793607464882,8.99,415.289702683827,9510.09159987423,961.93
"1017","13-Nov","Fried Chicken Tenders",101,"Grab N Go","Fall 2024","Default","Grab N Go","Side","Satellite","Lunch",NA,NA,NA,NA,NA,NA
"1018","13-Nov","Burrito Una Mano Trillium BYO",66,"Grill","Fall 2024","Default","Quesadilla","Main","Satellite","Lunch",NA,NA,NA,NA,NA,NA
"1019","13-Nov","French Fries",169,"Grill","Fall 2024","Default","Grill","Side","Treatment","Lunch",0.040840402892853,2.72997334161235,2.99,6.90202808889216,461.365494732487,505.31
"1020","13-Nov","Grilled Chicken Breast Sandwich",15,"Grill","Fall 2024","Default","Grill","Main","Treatment","Lunch",0.301553745597932,69.470648861248,8.49,4.52330618396897,1042.05973291872,127.35
"1021","13-Nov","Quesadilla Cheese",13,"Grill","Fall 2024","Default","Quesadilla","Main","Satellite","Lunch",NA,NA,NA,NA,NA,NA
"1022","13-Nov","Seared Salmon Burger",9,"Grill","Fall 2024","Default","Grill","Main","Treatment","Lunch",0.447926073918026,44.697222176261,8.49,4.03133466526223,402.274999586349,76.41
"1023","13-Nov","Trillium Grill Impossible Burger",6,"Grill","Fall 2024","Default","Grill","Main","Treatment","Lunch",0.210911088099112,23.2535935181063,10.49,1.26546652859467,139.521561108638,62.94
"1024","13-Nov","+ Beef Patty",13,"Grill","Fall 2024","Default","Grill","Modification","Treatment","Lunch",3.806907508554,79.8564119237622,2.99,49.489797611202,1038.13335500891,38.87
"1025","13-Nov","ADD Chicken Breast",7,"Grill","Fall 2024","Default","Grill","Modification","Treatment","Lunch",0.227249079536725,60.447700038522,2.99,1.59074355675707,423.133900269654,20.93
"1026","13-Nov","Black Bean Burger",2,"Grill","Fall 2024","Default","Grill","Main","Treatment","Lunch",0.110944712328442,54.9888227801748,8.69,0.221889424656883,109.97764556035,17.38
"1027","13-Nov","ADD Cheese",4,"Grill","Fall 2024","Default","Grill","Modification","Treatment","Lunch",0.183611306606629,3.19881943989712,1.99,0.734445226426516,12.7952777595885,7.96
"1028","13-Nov","Add Sausage 2 Patty",1,"Grill","Fall 2024","Default","Grill","Modification","Treatment","Lunch",0.168918026814813,34.6406776822533,1.99,0.168918026814813,34.6406776822533,1.99
"1029","13-Nov","Add Egg .99",2,"Grill","Fall 2024","Default","Grill","Modification","Treatment","Lunch",0.0903881853779601,25.3348662383603,0.99,0.18077637075592,50.6697324767206,1.98
"1030","13-Nov","1 Entree + 1 Side",201,"Asian","Fall 2024","Default","Wok","Main","Satellite","Lunch",NA,NA,NA,NA,NA,NA
"1031","13-Nov","1 Entree + 2 Side",89,"Asian","Fall 2024","Default","Wok","Main","Satellite","Lunch",NA,NA,NA,NA,NA,NA
"1032","13-Nov","Bowl Ramen Chicken",74,"Asian","Fall 2024","Default","Ramen","Main","Treatment","Lunch",0.379685915053077,104.607642341871,9.49,28.0967577139277,7740.96553329849,702.26
"1033","13-Nov","2 Entrees + 2 Sides",18,"Asian","Fall 2024","Default","Wok","Main","Satellite","Lunch",NA,NA,NA,NA,NA,NA
"1034","13-Nov","Bowl Ramen Tofu",17,"Asian","Fall 2024","Default","Ramen","Main","Treatment","Lunch",0.306509419979168,91.9886822989085,9.49,5.21066013964585,1563.80759908145,161.33
"1035","13-Nov","1 Wok Entree",5,"Asian","Fall 2024","Default","Wok","Main","Satellite","Lunch",NA,NA,NA,NA,NA,NA
"1036","13-Nov","Side Vegetarian Lo Mein",7,"Asian","Fall 2024","Default","Wok","Side","Satellite","Lunch",NA,NA,NA,NA,NA,NA
"1037","13-Nov","Side Vegetables",2,"Asian","Fall 2024","Default","Wok","Side","Satellite","Lunch",NA,NA,NA,NA,NA,NA
"1038","13-Nov","Side Vegetable Spring Rolls",2,"Asian","Fall 2024","Default","Wok","Side","Satellite","Lunch",NA,NA,NA,NA,NA,NA
"1039","13-Nov","Side White or Brown Rice",3,"Asian","Fall 2024","Default","Wok","Side","Satellite","Lunch",NA,NA,NA,NA,NA,NA
"1040","13-Nov","Side Fried Spring Roll",1,"Asian","Fall 2024","Default","Wok","Side","Satellite","Lunch",NA,NA,NA,NA,NA,NA
"1041","13-Nov","Create Your Pasta Bowl MEAT",113,"Italian","Fall 2024","Default","Pasta","Main","Satellite","Lunch",0.625595496853921,47.8385188473692,8.99,70.6922911444931,5405.75262975272,1015.87
"1042","13-Nov","Create Your Pasta Bowl VEG",26,"Italian","Fall 2024","Default","Pasta","Main","Satellite","Lunch",0.140294556536554,10.5521527214029,8.49,3.6476584699504,274.355970756474,220.74
"1043","13-Nov","Pizza with Toppings",38,"Italian","Fall 2024","Default","Pizza","Main","Satellite","Lunch",NA,NA,NA,NA,NA,NA
"1044","13-Nov","Pizza Cheese",19,"Italian","Fall 2024","Default","Pizza","Main","Satellite","Lunch",NA,NA,NA,NA,NA,NA
"1045","13-Nov","Add Extra Meat",22,"Italian","Fall 2024","Default","Pasta","Modification","Satellite","Lunch",NA,NA,NA,NA,NA,NA
"1046","13-Nov","Side Bread Pasta Station",2,"Italian","Fall 2024","Default","Pasta","Side","Satellite","Lunch",NA,NA,NA,NA,NA,NA
"1047","13-Nov","Burrito Breakfast",79,"Breakfast","Fall 2024","Default","Breakfast","Main","Satellite","Breakfast",NA,NA,NA,NA,NA,NA
"1048","13-Nov","Small French Omelet",54,"Breakfast","Fall 2024","Default","Breakfast","Side","Satellite","Breakfast",NA,NA,NA,NA,NA,NA
"1049","13-Nov","Grand Slam Breakfast",23,"Breakfast","Fall 2024","Default","Breakfast","Main","Satellite","Breakfast",NA,NA,NA,NA,NA,NA
"1050","13-Nov","Egg Cheese Sausage Breakfast San",31,"Breakfast","Fall 2024","Default","Breakfast","Main","Satellite","Breakfast",NA,NA,NA,NA,NA,NA
"1051","13-Nov","Egg Cheese Bacon Breakfast Sandw",23,"Breakfast","Fall 2024","Default","Breakfast","Main","Satellite","Breakfast",NA,NA,NA,NA,NA,NA
"1052","13-Nov","Add Bacon",26,"Breakfast","Fall 2024","Default","Breakfast","Modification","Satellite","Breakfast",NA,NA,NA,NA,NA,NA
"1053","13-Nov","Two Eggs",9,"Breakfast","Fall 2024","Default","Breakfast","Side","Satellite","Breakfast",NA,NA,NA,NA,NA,NA
"1054","13-Nov","Trillium Home Fries",1,"Breakfast","Fall 2024","Default","Breakfast","Side","Satellite","Breakfast",NA,NA,NA,NA,NA,NA
"1055","13-Nov","2 Slices Toast",2,"Breakfast","Fall 2024","Default","Breakfast","Side","Satellite","Breakfast",NA,NA,NA,NA,NA,NA
"1056","13-Nov","Toast",2,"Breakfast","Fall 2024","Default","Breakfast","Side","Satellite","Breakfast",NA,NA,NA,NA,NA,NA
"1057","13-Nov","Burrito Bowl BYO",106,"Mexican","Fall 2024","Default","Wrap","Main","Satellite","Lunch",NA,NA,NA,NA,NA,NA
"1058","13-Nov","Single Taco",13,"Mexican","Fall 2024","Default","Wrap","Main","Satellite","Lunch",NA,NA,NA,NA,NA,NA
"1059","13-Nov","Salad by the Pound",69,"Salad Bar","Fall 2024","Default","Salad Bar","Main","Satellite","Lunch",NA,NA,NA,NA,NA,NA
"1060","13-Nov","Add Extra Protein 2.99",1,"Salad Bar","Fall 2024","Default","Salad Bar","Modification","Satellite","Lunch",NA,NA,NA,NA,NA,NA
"1061","13-Nov","Soup 12 oz",45,"Soup","Fall 2024","Default","Soup","Main","Satellite","Lunch",NA,NA,NA,NA,NA,NA
"1062","13-Nov","8 oz Soup",43,"Soup","Fall 2024","Default","Soup","Main","Satellite","Lunch",NA,NA,NA,NA,NA,NA
"1063","13-Nov","Side Potato Tots",17,"Grab N Go","Fall 2024","Default","Grab N Go","Side","Satellite","Lunch",NA,NA,NA,NA,NA,NA
"1064","14-Nov","Quesadilla Deluxe Trillium",178,"Grill","Fall 2024","Default","Quesadilla","Main","Satellite","Lunch",NA,NA,NA,NA,NA,NA
"1065","14-Nov","Grilled Hamburger",99,"Grill","Fall 2024","Default","Grill","Main","Treatment","Lunch",3.88121217461521,88.8793607464882,8.99,384.240005286906,8799.05671390233,890.01
"1066","14-Nov","Fried Chicken Tenders",108,"Grab N Go","Fall 2024","Default","Grab N Go","Side","Satellite","Lunch",NA,NA,NA,NA,NA,NA
"1067","14-Nov","Burrito Una Mano Trillium BYO",59,"Grill","Fall 2024","Default","Quesadilla","Main","Satellite","Lunch",NA,NA,NA,NA,NA,NA
"1068","14-Nov","French Fries",175,"Grill","Fall 2024","Default","Grill","Side","Treatment","Lunch",0.040840402892853,2.72997334161235,2.99,7.14707050624927,477.745334782161,523.25
"1069","14-Nov","Grilled Chicken Breast Sandwich",20,"Grill","Fall 2024","Default","Grill","Main","Treatment","Lunch",0.301553745597932,69.470648861248,8.49,6.03107491195863,1389.41297722496,169.8
"1070","14-Nov","Trillium Grill Impossible Burger",15,"Grill","Fall 2024","Default","Grill","Main","Treatment","Lunch",0.210911088099112,23.2535935181063,10.49,3.16366632148668,348.803902771595,157.35
"1071","14-Nov","Quesadilla Cheese",12,"Grill","Fall 2024","Default","Quesadilla","Main","Satellite","Lunch",NA,NA,NA,NA,NA,NA
"1072","14-Nov","Seared Salmon Burger",8,"Grill","Fall 2024","Default","Grill","Main","Treatment","Lunch",0.447926073918026,44.697222176261,8.49,3.5834085913442,357.577777410088,67.92
"1073","14-Nov","+ Beef Patty",10,"Grill","Fall 2024","Default","Grill","Modification","Treatment","Lunch",3.806907508554,79.8564119237622,2.99,38.06907508554,798.564119237622,29.9
"1074","14-Nov","Black Bean Burger",3,"Grill","Fall 2024","Default","Grill","Main","Treatment","Lunch",0.110944712328442,54.9888227801748,8.69,0.332834136985325,164.966468340524,26.07
"1075","14-Nov","ADD Chicken Breast",5,"Grill","Fall 2024","Default","Grill","Modification","Treatment","Lunch",0.227249079536725,60.447700038522,2.99,1.13624539768362,302.23850019261,14.95
"1076","14-Nov","ADD Cheese",12,"Grill","Fall 2024","Default","Grill","Modification","Treatment","Lunch",0.183611306606629,3.19881943989712,1.99,2.20333567927955,38.3858332787655,23.88
"1077","14-Nov","Sweet Potato Fries",1,"Grill","Fall 2024","Default","Grill","Side","Treatment","Lunch",0.0422551714366103,3.97622481710592,2.99,0.0422551714366103,3.97622481710592,2.99
"1078","14-Nov","Add Egg .99",1,"Grill","Fall 2024","Default","Grill","Modification","Treatment","Lunch",0.0903881853779601,25.3348662383603,0.99,0.0903881853779601,25.3348662383603,0.99
"1079","14-Nov","1 Entree + 1 Side",175,"Asian","Fall 2024","Default","Wok","Main","Satellite","Lunch",NA,NA,NA,NA,NA,NA
"1080","14-Nov","1 Entree + 2 Side",84,"Asian","Fall 2024","Default","Wok","Main","Satellite","Lunch",NA,NA,NA,NA,NA,NA
"1081","14-Nov","Bowl Ramen Chicken",78,"Asian","Fall 2024","Default","Ramen","Main","Treatment","Lunch",0.379685915053077,104.607642341871,9.49,29.61550137414,8159.39610266598,740.22
"1082","14-Nov","2 Entrees + 2 Sides",33,"Asian","Fall 2024","Default","Wok","Main","Satellite","Lunch",NA,NA,NA,NA,NA,NA
"1083","14-Nov","Bowl Ramen Tofu",21,"Asian","Fall 2024","Default","Ramen","Main","Treatment","Lunch",0.306509419979168,91.9886822989085,9.49,6.43669781956253,1931.76232827708,199.29
"1084","14-Nov","Side Vegetarian Lo Mein",11,"Asian","Fall 2024","Default","Wok","Side","Satellite","Lunch",NA,NA,NA,NA,NA,NA
"1085","14-Nov","1 Wok Entree",4,"Asian","Fall 2024","Default","Wok","Main","Satellite","Lunch",NA,NA,NA,NA,NA,NA
"1086","14-Nov","Side White or Brown Rice",8,"Asian","Fall 2024","Default","Wok","Side","Satellite","Lunch",NA,NA,NA,NA,NA,NA
"1087","14-Nov","Side Fried Spring Roll",2,"Asian","Fall 2024","Default","Wok","Side","Satellite","Lunch",NA,NA,NA,NA,NA,NA
"1088","14-Nov","Side Vegetarian Fried Rice with",1,"Asian","Fall 2024","Default","Wok","Side","Satellite","Lunch",NA,NA,NA,NA,NA,NA
"1089","14-Nov","Burrito Breakfast",82,"Breakfast","Fall 2024","Default","Breakfast","Main","Satellite","Breakfast",NA,NA,NA,NA,NA,NA
"1090","14-Nov","Small French Omelet",56,"Breakfast","Fall 2024","Default","Breakfast","Side","Satellite","Breakfast",NA,NA,NA,NA,NA,NA
"1091","14-Nov","Grand Slam Breakfast",18,"Breakfast","Fall 2024","Default","Breakfast","Main","Satellite","Breakfast",NA,NA,NA,NA,NA,NA
"1092","14-Nov","Egg Cheese Sausage Breakfast San",26,"Breakfast","Fall 2024","Default","Breakfast","Main","Satellite","Breakfast",NA,NA,NA,NA,NA,NA
"1093","14-Nov","Egg Cheese Bacon Breakfast Sandw",19,"Breakfast","Fall 2024","Default","Breakfast","Main","Satellite","Breakfast",NA,NA,NA,NA,NA,NA
"1094","14-Nov","Add Bacon",33,"Breakfast","Fall 2024","Default","Breakfast","Modification","Satellite","Breakfast",NA,NA,NA,NA,NA,NA
"1095","14-Nov","Two Eggs",18,"Breakfast","Fall 2024","Default","Breakfast","Side","Satellite","Breakfast",NA,NA,NA,NA,NA,NA
"1096","14-Nov","Pancake Single",5,"Breakfast","Fall 2024","Default","Breakfast","Side","Satellite","Breakfast",NA,NA,NA,NA,NA,NA
"1097","14-Nov","Trillium Home Fries",4,"Breakfast","Fall 2024","Default","Breakfast","Side","Satellite","Breakfast",NA,NA,NA,NA,NA,NA
"1098","14-Nov","2 Slices Toast",3,"Breakfast","Fall 2024","Default","Breakfast","Side","Satellite","Breakfast",NA,NA,NA,NA,NA,NA
"1099","14-Nov","Create Your Pasta Bowl MEAT",103,"Italian","Fall 2024","Default","Pasta","Main","Satellite","Lunch",0.625595496853921,47.8385188473692,8.99,64.4363361759539,4927.36744127903,925.97
"1100","14-Nov","Create Your Pasta Bowl VEG",31,"Italian","Fall 2024","Default","Pasta","Main","Satellite","Lunch",0.140294556536554,10.5521527214029,8.49,4.34913125263317,327.116734363488,263.19
"1101","14-Nov","Pizza with Toppings",38,"Italian","Fall 2024","Default","Pizza","Main","Satellite","Lunch",NA,NA,NA,NA,NA,NA
"1102","14-Nov","Pizza Cheese",22,"Italian","Fall 2024","Default","Pizza","Main","Satellite","Lunch",NA,NA,NA,NA,NA,NA
"1103","14-Nov","Add Extra Meat",16,"Italian","Fall 2024","Default","Pasta","Modification","Satellite","Lunch",NA,NA,NA,NA,NA,NA
"1104","14-Nov","Burrito Bowl BYO",86,"Mexican","Fall 2024","Default","Wrap","Main","Satellite","Lunch",NA,NA,NA,NA,NA,NA
"1105","14-Nov","Single Taco",5,"Mexican","Fall 2024","Default","Wrap","Main","Satellite","Lunch",NA,NA,NA,NA,NA,NA
"1106","14-Nov","Side Guacamole",3,"Mexican","Fall 2024","Default","Wrap","Side","Satellite","Lunch",NA,NA,NA,NA,NA,NA
"1107","14-Nov","Side Salsa",1,"Mexican","Fall 2024","Default","Wrap","Side","Satellite","Lunch",NA,NA,NA,NA,NA,NA
"1108","14-Nov","Salad by the Pound",63,"Salad Bar","Fall 2024","Default","Salad Bar","Main","Satellite","Lunch",NA,NA,NA,NA,NA,NA
"1109","14-Nov","Add Extra Protein 2.99",4,"Salad Bar","Fall 2024","Default","Salad Bar","Modification","Satellite","Lunch",NA,NA,NA,NA,NA,NA
"1110","14-Nov","8 oz Soup",43,"Soup","Fall 2024","Default","Soup","Main","Satellite","Lunch",NA,NA,NA,NA,NA,NA
"1111","14-Nov","Soup 12 oz",37,"Soup","Fall 2024","Default","Soup","Main","Satellite","Lunch",NA,NA,NA,NA,NA,NA
"1112","14-Nov","Side Potato Tots",23,"Grab N Go","Fall 2024","Default","Grab N Go","Side","Satellite","Lunch",NA,NA,NA,NA,NA,NA
"1113","15-Nov","Quesadilla Deluxe Trillium",125,"Grill","Fall 2024","Default","Quesadilla","Main","Satellite","Lunch",NA,NA,NA,NA,NA,NA
"1114","15-Nov","Grilled Hamburger",72,"Grill","Fall 2024","Default","Grill","Main","Treatment","Lunch",3.88121217461521,88.8793607464882,8.99,279.447276572295,6399.31397374715,647.28
"1115","15-Nov","Burrito Una Mano Trillium BYO",43,"Grill","Fall 2024","Default","Quesadilla","Main","Satellite","Lunch",NA,NA,NA,NA,NA,NA
"1116","15-Nov","Fried Chicken Tenders",47,"Grab N Go","Fall 2024","Default","Grab N Go","Side","Satellite","Lunch",NA,NA,NA,NA,NA,NA
"1117","15-Nov","French Fries",92,"Grill","Fall 2024","Default","Grill","Side","Treatment","Lunch",0.040840402892853,2.72997334161235,2.99,3.75731706614248,251.157547428336,275.08
"1118","15-Nov","Quesadilla Cheese",11,"Grill","Fall 2024","Default","Quesadilla","Main","Satellite","Lunch",NA,NA,NA,NA,NA,NA
"1119","15-Nov","Trillium Grill Impossible Burger",7,"Grill","Fall 2024","Default","Grill","Main","Treatment","Lunch",0.210911088099112,23.2535935181063,10.49,1.47637761669378,162.775154626744,73.43
"1120","15-Nov","Grilled Chicken Breast Sandwich",7,"Grill","Fall 2024","Default","Grill","Main","Treatment","Lunch",0.301553745597932,69.470648861248,8.49,2.11087621918552,486.294542028736,59.43
"1121","15-Nov","Black Bean Burger",4,"Grill","Fall 2024","Default","Grill","Main","Treatment","Lunch",0.110944712328442,54.9888227801748,8.69,0.443778849313767,219.955291120699,34.76
"1122","15-Nov","Seared Salmon Burger",4,"Grill","Fall 2024","Default","Grill","Main","Treatment","Lunch",0.447926073918026,44.697222176261,8.49,1.7917042956721,178.788888705044,33.96
"1123","15-Nov","+ Beef Patty",8,"Grill","Fall 2024","Default","Grill","Modification","Treatment","Lunch",3.806907508554,79.8564119237622,2.99,30.455260068432,638.851295390098,23.92
"1124","15-Nov","ADD Chicken Breast",4,"Grill","Fall 2024","Default","Grill","Modification","Treatment","Lunch",0.227249079536725,60.447700038522,2.99,0.9089963181469,241.790800154088,11.96
"1125","15-Nov","ADD Burger Salmon Grilled",3,"Grill","Fall 2024","Default","Grill","Modification","Treatment","Lunch",0.373621407856819,35.674273353535,2.99,1.12086422357046,107.022820060605,8.97
"1126","15-Nov","ADD Cheese",6,"Grill","Fall 2024","Default","Grill","Modification","Treatment","Lunch",0.183611306606629,3.19881943989712,1.99,1.10166783963977,19.1929166393827,11.94
"1127","15-Nov","Add Egg .99",2,"Grill","Fall 2024","Default","Grill","Modification","Treatment","Lunch",0.0903881853779601,25.3348662383603,0.99,0.18077637075592,50.6697324767206,1.98
"1128","15-Nov","1 Entree + 1 Side",94,"Asian","Fall 2024","Default","Wok","Main","Satellite","Lunch",NA,NA,NA,NA,NA,NA
"1129","15-Nov","1 Entree + 2 Side",64,"Asian","Fall 2024","Default","Wok","Main","Satellite","Lunch",NA,NA,NA,NA,NA,NA
"1130","15-Nov","Bowl Ramen Chicken",59,"Asian","Fall 2024","Default","Ramen","Main","Treatment","Lunch",0.379685915053077,104.607642341871,9.49,22.4014689881315,6171.85089817042,559.91
"1131","15-Nov","2 Entrees + 2 Sides",18,"Asian","Fall 2024","Default","Wok","Main","Satellite","Lunch",NA,NA,NA,NA,NA,NA
"1132","15-Nov","Bowl Ramen Tofu",17,"Asian","Fall 2024","Default","Ramen","Main","Treatment","Lunch",0.306509419979168,91.9886822989085,9.49,5.21066013964585,1563.80759908145,161.33
"1133","15-Nov","Side Vegetarian Lo Mein",6,"Asian","Fall 2024","Default","Wok","Side","Satellite","Lunch",NA,NA,NA,NA,NA,NA
"1134","15-Nov","1 Wok Entree",3,"Asian","Fall 2024","Default","Wok","Main","Satellite","Lunch",NA,NA,NA,NA,NA,NA
"1135","15-Nov","Side Vegetarian Fried Rice with",4,"Asian","Fall 2024","Default","Wok","Side","Satellite","Lunch",NA,NA,NA,NA,NA,NA
"1136","15-Nov","Side White or Brown Rice",6,"Asian","Fall 2024","Default","Wok","Side","Satellite","Lunch",NA,NA,NA,NA,NA,NA
"1137","15-Nov","Side Vegetables",3,"Asian","Fall 2024","Default","Wok","Side","Satellite","Lunch",NA,NA,NA,NA,NA,NA
"1138","15-Nov","Side Vegetable Spring Rolls",2,"Asian","Fall 2024","Default","Wok","Side","Satellite","Lunch",NA,NA,NA,NA,NA,NA
"1139","15-Nov","Burrito Breakfast",81,"Breakfast","Fall 2024","Default","Breakfast","Main","Satellite","Breakfast",NA,NA,NA,NA,NA,NA
"1140","15-Nov","Small French Omelet",39,"Breakfast","Fall 2024","Default","Breakfast","Side","Satellite","Breakfast",NA,NA,NA,NA,NA,NA
"1141","15-Nov","Grand Slam Breakfast",20,"Breakfast","Fall 2024","Default","Breakfast","Main","Satellite","Breakfast",NA,NA,NA,NA,NA,NA
"1142","15-Nov","Egg Cheese Sausage Breakfast San",28,"Breakfast","Fall 2024","Default","Breakfast","Main","Satellite","Breakfast",NA,NA,NA,NA,NA,NA
"1143","15-Nov","Egg Cheese Bacon Breakfast Sandw",19,"Breakfast","Fall 2024","Default","Breakfast","Main","Satellite","Breakfast",NA,NA,NA,NA,NA,NA
"1144","15-Nov","Add Bacon",17,"Breakfast","Fall 2024","Default","Breakfast","Modification","Satellite","Breakfast",NA,NA,NA,NA,NA,NA
"1145","15-Nov","Two Eggs",7,"Breakfast","Fall 2024","Default","Breakfast","Side","Satellite","Breakfast",NA,NA,NA,NA,NA,NA
"1146","15-Nov","Trillium Home Fries",4,"Breakfast","Fall 2024","Default","Breakfast","Side","Satellite","Breakfast",NA,NA,NA,NA,NA,NA
"1147","15-Nov","Toast",1,"Breakfast","Fall 2024","Default","Breakfast","Side","Satellite","Breakfast",NA,NA,NA,NA,NA,NA
"1148","15-Nov","PC Peanut Butter",1,"Breakfast","Fall 2024","Default","Breakfast","Side","Satellite","Breakfast",NA,NA,NA,NA,NA,NA
"1149","15-Nov","Create Your Pasta Bowl MEAT",79,"Italian","Fall 2024","Default","Pasta","Main","Satellite","Lunch",0.625595496853921,47.8385188473692,8.99,49.4220442514598,3779.24298894217,710.21
"1150","15-Nov","Pizza with Toppings",23,"Italian","Fall 2024","Default","Pizza","Main","Satellite","Lunch",NA,NA,NA,NA,NA,NA
"1151","15-Nov","Create Your Pasta Bowl VEG",15,"Italian","Fall 2024","Default","Pasta","Main","Satellite","Lunch",0.140294556536554,10.5521527214029,8.49,2.10441834804831,158.282290821043,127.35
"1152","15-Nov","Pizza Cheese",12,"Italian","Fall 2024","Default","Pizza","Main","Satellite","Lunch",NA,NA,NA,NA,NA,NA
"1153","15-Nov","Add Extra Meat",19,"Italian","Fall 2024","Default","Pasta","Modification","Satellite","Lunch",NA,NA,NA,NA,NA,NA
"1154","15-Nov","Side Bread Pasta Station",1,"Italian","Fall 2024","Default","Pasta","Side","Satellite","Lunch",NA,NA,NA,NA,NA,NA
"1155","15-Nov","Burrito Bowl BYO",56,"Mexican","Fall 2024","Default","Wrap","Main","Satellite","Lunch",NA,NA,NA,NA,NA,NA
"1156","15-Nov","Single Taco",7,"Mexican","Fall 2024","Default","Wrap","Main","Satellite","Lunch",NA,NA,NA,NA,NA,NA
"1157","15-Nov","Side Sour Cream",1,"Mexican","Fall 2024","Default","Wrap","Side","Satellite","Lunch",NA,NA,NA,NA,NA,NA
"1158","15-Nov","Salad by the Pound",39,"Salad Bar","Fall 2024","Default","Salad Bar","Main","Satellite","Lunch",NA,NA,NA,NA,NA,NA
"1159","15-Nov","Soup 12 oz",27,"Soup","Fall 2024","Default","Soup","Main","Satellite","Lunch",NA,NA,NA,NA,NA,NA
"1160","15-Nov","8 oz Soup",28,"Soup","Fall 2024","Default","Soup","Main","Satellite","Lunch",NA,NA,NA,NA,NA,NA
"1161","15-Nov","Side Potato Tots",23,"Grab N Go","Fall 2024","Default","Grab N Go","Side","Satellite","Lunch",NA,NA,NA,NA,NA,NA
"1162","18-Nov","Quesadilla Deluxe Trillium",155,"Grill","Fall 2024","Default","Quesadilla","Main","Satellite","Lunch",NA,NA,NA,NA,NA,NA
"1163","18-Nov","Grilled Hamburger",82,"Grill","Fall 2024","Default","Grill","Main","Treatment","Lunch",3.88121217461521,88.8793607464882,8.99,318.259398318447,7288.10758121203,737.18
"1164","18-Nov","Fried Chicken Tenders",84,"Grab N Go","Fall 2024","Default","Grab N Go","Side","Satellite","Lunch",NA,NA,NA,NA,NA,NA
"1165","18-Nov","Burrito Una Mano Trillium BYO",54,"Grill","Fall 2024","Default","Quesadilla","Main","Satellite","Lunch",NA,NA,NA,NA,NA,NA
"1166","18-Nov","French Fries",135,"Grill","Fall 2024","Default","Grill","Side","Treatment","Lunch",0.040840402892853,2.72997334161235,2.99,5.51345439053515,368.546401117667,403.65
"1167","18-Nov","Grilled Chicken Breast Sandwich",15,"Grill","Fall 2024","Default","Grill","Main","Treatment","Lunch",0.301553745597932,69.470648861248,8.49,4.52330618396897,1042.05973291872,127.35
"1168","18-Nov","Trillium Grill Impossible Burger",12,"Grill","Fall 2024","Default","Grill","Main","Treatment","Lunch",0.210911088099112,23.2535935181063,10.49,2.53093305718934,279.043122217276,125.88
"1169","18-Nov","Seared Salmon Burger",14,"Grill","Fall 2024","Default","Grill","Main","Treatment","Lunch",0.447926073918026,44.697222176261,8.49,6.27096503485236,625.761110467653,118.86
"1170","18-Nov","Black Bean Burger",7,"Grill","Fall 2024","Default","Grill","Main","Treatment","Lunch",0.110944712328442,54.9888227801748,8.69,0.776612986299092,384.921759461223,60.83
"1171","18-Nov","+ Beef Patty",16,"Grill","Fall 2024","Default","Grill","Modification","Treatment","Lunch",3.806907508554,79.8564119237622,2.99,60.910520136864,1277.7025907802,47.84
"1172","18-Nov","Quesadilla Cheese",5,"Grill","Fall 2024","Default","Quesadilla","Main","Satellite","Lunch",NA,NA,NA,NA,NA,NA
"1173","18-Nov","ADD Chicken Breast",6,"Grill","Fall 2024","Default","Grill","Modification","Treatment","Lunch",0.227249079536725,60.447700038522,2.99,1.36349447722035,362.686200231132,17.94
"1174","18-Nov","Add Sausage 2 Patty",4,"Grill","Fall 2024","Default","Grill","Modification","Treatment","Lunch",0.168918026814813,34.6406776822533,1.99,0.675672107259252,138.562710729013,7.96
"1175","18-Nov","ADD Cheese",11,"Grill","Fall 2024","Default","Grill","Modification","Treatment","Lunch",0.183611306606629,3.19881943989712,1.99,2.01972437267292,35.1870138388683,21.89
"1176","18-Nov","Add Egg .99",2,"Grill","Fall 2024","Default","Grill","Modification","Treatment","Lunch",0.0903881853779601,25.3348662383603,0.99,0.18077637075592,50.6697324767206,1.98
"1177","18-Nov","1 Entree + 1 Side",168,"Asian","Fall 2024","Default","Wok","Main","Satellite","Lunch",NA,NA,NA,NA,NA,NA
"1178","18-Nov","1 Entree + 2 Side",76,"Asian","Fall 2024","Default","Wok","Main","Satellite","Lunch",NA,NA,NA,NA,NA,NA
"1179","18-Nov","Bowl Ramen Chicken",66,"Asian","Fall 2024","Default","Ramen","Main","Treatment","Lunch",0.379685915053077,104.607642341871,9.49,25.0592703935031,6904.10439456352,626.34
"1180","18-Nov","2 Entrees + 2 Sides",22,"Asian","Fall 2024","Default","Wok","Main","Satellite","Lunch",NA,NA,NA,NA,NA,NA
"1181","18-Nov","Bowl Ramen Tofu",11,"Asian","Fall 2024","Default","Ramen","Main","Treatment","Lunch",0.306509419979168,91.9886822989085,9.49,3.37160361977085,1011.87550528799,104.39
"1182","18-Nov","1 Wok Entree",5,"Asian","Fall 2024","Default","Wok","Main","Satellite","Lunch",NA,NA,NA,NA,NA,NA
"1183","18-Nov","Side Vegetarian Lo Mein",6,"Asian","Fall 2024","Default","Wok","Side","Satellite","Lunch",NA,NA,NA,NA,NA,NA
"1184","18-Nov","Side White or Brown Rice",4,"Asian","Fall 2024","Default","Wok","Side","Satellite","Lunch",NA,NA,NA,NA,NA,NA
"1185","18-Nov","Side Vegetable Spring Rolls",2,"Asian","Fall 2024","Default","Wok","Side","Satellite","Lunch",NA,NA,NA,NA,NA,NA
"1186","18-Nov","Side Vegetarian Fried Rice with",2,"Asian","Fall 2024","Default","Wok","Side","Satellite","Lunch",NA,NA,NA,NA,NA,NA
"1187","18-Nov","Create Your Pasta Bowl MEAT",116,"Italian","Fall 2024","Default","Pasta","Main","Satellite","Lunch",0.625595496853921,47.8385188473692,8.99,72.5690776350549,5549.26818629483,1042.84
"1188","18-Nov","Create Your Pasta Bowl VEG",30,"Italian","Fall 2024","Default","Pasta","Main","Satellite","Lunch",0.140294556536554,10.5521527214029,8.49,4.20883669609662,316.564581642086,254.7
"1189","18-Nov","Pizza with Toppings",35,"Italian","Fall 2024","Default","Pizza","Main","Satellite","Lunch",NA,NA,NA,NA,NA,NA
"1190","18-Nov","Pizza Cheese",21,"Italian","Fall 2024","Default","Pizza","Main","Satellite","Lunch",NA,NA,NA,NA,NA,NA
"1191","18-Nov","Add Extra Meat",18,"Italian","Fall 2024","Default","Pasta","Modification","Satellite","Lunch",NA,NA,NA,NA,NA,NA
"1192","18-Nov","Burrito Breakfast",99,"Breakfast","Fall 2024","Default","Breakfast","Main","Satellite","Breakfast",NA,NA,NA,NA,NA,NA
"1193","18-Nov","Small French Omelet",62,"Breakfast","Fall 2024","Default","Breakfast","Side","Satellite","Breakfast",NA,NA,NA,NA,NA,NA
"1194","18-Nov","Egg Cheese Sausage Breakfast San",25,"Breakfast","Fall 2024","Default","Breakfast","Main","Satellite","Breakfast",NA,NA,NA,NA,NA,NA
"1195","18-Nov","Egg Cheese Bacon Breakfast Sandw",19,"Breakfast","Fall 2024","Default","Breakfast","Main","Satellite","Breakfast",NA,NA,NA,NA,NA,NA
"1196","18-Nov","Grand Slam Breakfast",10,"Breakfast","Fall 2024","Default","Breakfast","Main","Satellite","Breakfast",NA,NA,NA,NA,NA,NA
"1197","18-Nov","Add Bacon",28,"Breakfast","Fall 2024","Default","Breakfast","Modification","Satellite","Breakfast",NA,NA,NA,NA,NA,NA
"1198","18-Nov","Two Eggs",14,"Breakfast","Fall 2024","Default","Breakfast","Side","Satellite","Breakfast",NA,NA,NA,NA,NA,NA
"1199","18-Nov","Trillium Home Fries",3,"Breakfast","Fall 2024","Default","Breakfast","Side","Satellite","Breakfast",NA,NA,NA,NA,NA,NA
"1200","18-Nov","Pancake Single",3,"Breakfast","Fall 2024","Default","Breakfast","Side","Satellite","Breakfast",NA,NA,NA,NA,NA,NA
"1201","18-Nov","2 Slices Toast",1,"Breakfast","Fall 2024","Default","Breakfast","Side","Satellite","Breakfast",NA,NA,NA,NA,NA,NA
"1202","18-Nov","Toast",1,"Breakfast","Fall 2024","Default","Breakfast","Side","Satellite","Breakfast",NA,NA,NA,NA,NA,NA
"1203","18-Nov","PC Peanut Butter",1,"Breakfast","Fall 2024","Default","Breakfast","Side","Satellite","Breakfast",NA,NA,NA,NA,NA,NA
"1204","18-Nov","Burrito Bowl BYO",109,"Mexican","Fall 2024","Default","Wrap","Main","Satellite","Lunch",NA,NA,NA,NA,NA,NA
"1205","18-Nov","Single Taco",6,"Mexican","Fall 2024","Default","Wrap","Main","Satellite","Lunch",NA,NA,NA,NA,NA,NA
"1206","18-Nov","Side Guacamole",1,"Mexican","Fall 2024","Default","Wrap","Side","Satellite","Lunch",NA,NA,NA,NA,NA,NA
"1207","18-Nov","Side Sour Cream",1,"Mexican","Fall 2024","Default","Wrap","Side","Satellite","Lunch",NA,NA,NA,NA,NA,NA
"1208","18-Nov","Salad by the Pound",55,"Salad Bar","Fall 2024","Default","Salad Bar","Main","Satellite","Lunch",NA,NA,NA,NA,NA,NA
"1209","18-Nov","Soup 12 oz",49,"Soup","Fall 2024","Default","Soup","Main","Satellite","Lunch",NA,NA,NA,NA,NA,NA
"1210","18-Nov","8 oz Soup",39,"Soup","Fall 2024","Default","Soup","Main","Satellite","Lunch",NA,NA,NA,NA,NA,NA
"1211","18-Nov","Side Potato Tots",16,"Grab N Go","Fall 2024","Default","Grab N Go","Side","Satellite","Lunch",NA,NA,NA,NA,NA,NA
"1212","19-Nov","Quesadilla Deluxe Trillium",189,"Grill","Fall 2024","Default","Quesadilla","Main","Satellite","Lunch",NA,NA,NA,NA,NA,NA
"1213","19-Nov","Grilled Hamburger",122,"Grill","Fall 2024","Default","Grill","Main","Treatment","Lunch",3.88121217461521,88.8793607464882,8.99,473.507885303055,10843.2820110716,1096.78
"1214","19-Nov","Fried Chicken Tenders",99,"Grab N Go","Fall 2024","Default","Grab N Go","Side","Satellite","Lunch",NA,NA,NA,NA,NA,NA
"1215","19-Nov","Burrito Una Mano Trillium BYO",69,"Grill","Fall 2024","Default","Quesadilla","Main","Satellite","Lunch",NA,NA,NA,NA,NA,NA
"1216","19-Nov","French Fries",143,"Grill","Fall 2024","Default","Grill","Side","Treatment","Lunch",0.040840402892853,2.72997334161235,2.99,5.84017761367798,390.386187850566,427.57
"1217","19-Nov","Grilled Chicken Breast Sandwich",26,"Grill","Fall 2024","Default","Grill","Main","Treatment","Lunch",0.301553745597932,69.470648861248,8.49,7.84039738554622,1806.23687039245,220.74
"1218","19-Nov","Quesadilla Cheese",22,"Grill","Fall 2024","Default","Quesadilla","Main","Satellite","Lunch",NA,NA,NA,NA,NA,NA
"1219","19-Nov","Trillium Grill Impossible Burger",10,"Grill","Fall 2024","Default","Grill","Main","Treatment","Lunch",0.210911088099112,23.2535935181063,10.49,2.10911088099112,232.535935181063,104.9
"1220","19-Nov","Sweet Potato Fries",31,"Grill","Fall 2024","Default","Grill","Side","Treatment","Lunch",0.0422551714366103,3.97622481710592,2.99,1.30991031453492,123.262969330284,92.69
"1221","19-Nov","Seared Salmon Burger",6,"Grill","Fall 2024","Default","Grill","Main","Treatment","Lunch",0.447926073918026,44.697222176261,8.49,2.68755644350815,268.183333057566,50.94
"1222","19-Nov","Black Bean Burger",3,"Grill","Fall 2024","Default","Grill","Main","Treatment","Lunch",0.110944712328442,54.9888227801748,8.69,0.332834136985325,164.966468340524,26.07
"1223","19-Nov","ADD Chicken Breast",7,"Grill","Fall 2024","Default","Grill","Modification","Treatment","Lunch",0.227249079536725,60.447700038522,2.99,1.59074355675707,423.133900269654,20.93
"1224","19-Nov","+ Beef Patty",7,"Grill","Fall 2024","Default","Grill","Modification","Treatment","Lunch",3.806907508554,79.8564119237622,2.99,26.648352559878,558.994883466335,20.93
"1225","19-Nov","Add Egg .99",5,"Grill","Fall 2024","Default","Grill","Modification","Treatment","Lunch",0.0903881853779601,25.3348662383603,0.99,0.451940926889801,126.674331191801,4.95
"1226","19-Nov","ADD Burger Salmon Grilled",1,"Grill","Fall 2024","Default","Grill","Modification","Treatment","Lunch",0.373621407856819,35.674273353535,2.99,0.373621407856819,35.674273353535,2.99
"1227","19-Nov","ADD Cheese",5,"Grill","Fall 2024","Default","Grill","Modification","Treatment","Lunch",0.183611306606629,3.19881943989712,1.99,0.918056533033145,15.9940971994856,9.95
"1228","19-Nov","1 Entree + 1 Side",185,"Asian","Fall 2024","Default","Wok","Main","Satellite","Lunch",NA,NA,NA,NA,NA,NA
"1229","19-Nov","1 Entree + 2 Side",92,"Asian","Fall 2024","Default","Wok","Main","Satellite","Lunch",NA,NA,NA,NA,NA,NA
"1230","19-Nov","Bowl Ramen Chicken",70,"Asian","Fall 2024","Default","Ramen","Main","Treatment","Lunch",0.379685915053077,104.607642341871,9.49,26.5780140537154,7322.534963931,664.3
"1231","19-Nov","2 Entrees + 2 Sides",33,"Asian","Fall 2024","Default","Wok","Main","Satellite","Lunch",NA,NA,NA,NA,NA,NA
"1232","19-Nov","Bowl Ramen Tofu",28,"Asian","Fall 2024","Default","Ramen","Main","Treatment","Lunch",0.306509419979168,91.9886822989085,9.49,8.5822637594167,2575.68310436944,265.72
"1233","19-Nov","Side Vegetarian Lo Mein",16,"Asian","Fall 2024","Default","Wok","Side","Satellite","Lunch",NA,NA,NA,NA,NA,NA
"1234","19-Nov","1 Wok Entree",7,"Asian","Fall 2024","Default","Wok","Main","Satellite","Lunch",NA,NA,NA,NA,NA,NA
"1235","19-Nov","Side White or Brown Rice",12,"Asian","Fall 2024","Default","Wok","Side","Satellite","Lunch",NA,NA,NA,NA,NA,NA
"1236","19-Nov","Side Vegetable Spring Rolls",2,"Asian","Fall 2024","Default","Wok","Side","Satellite","Lunch",NA,NA,NA,NA,NA,NA
"1237","19-Nov","Side Vegetarian Fried Rice with",2,"Asian","Fall 2024","Default","Wok","Side","Satellite","Lunch",NA,NA,NA,NA,NA,NA
"1238","19-Nov","Create Your Pasta Bowl MEAT",115,"Italian","Fall 2024","Default","Pasta","Main","Satellite","Lunch",0.625595496853921,47.8385188473692,8.99,71.943482138201,5501.42966744746,1033.85
"1239","19-Nov","Create Your Pasta Bowl VEG",28,"Italian","Fall 2024","Default","Pasta","Main","Satellite","Lunch",0.140294556536554,10.5521527214029,8.49,3.92824758302351,295.46027619928,237.72
"1240","19-Nov","Pizza with Toppings",38,"Italian","Fall 2024","Default","Pizza","Main","Satellite","Lunch",NA,NA,NA,NA,NA,NA
"1241","19-Nov","Pizza Cheese",22,"Italian","Fall 2024","Default","Pizza","Main","Satellite","Lunch",NA,NA,NA,NA,NA,NA
"1242","19-Nov","Add Extra Meat",18,"Italian","Fall 2024","Default","Pasta","Modification","Satellite","Lunch",NA,NA,NA,NA,NA,NA
"1243","19-Nov","Burrito Breakfast",95,"Breakfast","Fall 2024","Default","Breakfast","Main","Satellite","Breakfast",NA,NA,NA,NA,NA,NA
"1244","19-Nov","Small French Omelet",47,"Breakfast","Fall 2024","Default","Breakfast","Side","Satellite","Breakfast",NA,NA,NA,NA,NA,NA
"1245","19-Nov","Egg Cheese Sausage Breakfast San",30,"Breakfast","Fall 2024","Default","Breakfast","Main","Satellite","Breakfast",NA,NA,NA,NA,NA,NA
"1246","19-Nov","Egg Cheese Bacon Breakfast Sandw",23,"Breakfast","Fall 2024","Default","Breakfast","Main","Satellite","Breakfast",NA,NA,NA,NA,NA,NA
"1247","19-Nov","Grand Slam Breakfast",12,"Breakfast","Fall 2024","Default","Breakfast","Main","Satellite","Breakfast",NA,NA,NA,NA,NA,NA
"1248","19-Nov","Add Bacon",28,"Breakfast","Fall 2024","Default","Breakfast","Modification","Satellite","Breakfast",NA,NA,NA,NA,NA,NA
"1249","19-Nov","Two Eggs",14,"Breakfast","Fall 2024","Default","Breakfast","Side","Satellite","Breakfast",NA,NA,NA,NA,NA,NA
"1250","19-Nov","Pancake Single",8,"Breakfast","Fall 2024","Default","Breakfast","Side","Satellite","Breakfast",NA,NA,NA,NA,NA,NA
"1251","19-Nov","Trillium Home Fries",2,"Breakfast","Fall 2024","Default","Breakfast","Side","Satellite","Breakfast",NA,NA,NA,NA,NA,NA
"1252","19-Nov","2 Slices Toast",3,"Breakfast","Fall 2024","Default","Breakfast","Side","Satellite","Breakfast",NA,NA,NA,NA,NA,NA
"1253","19-Nov","Burrito Bowl BYO",110,"Mexican","Fall 2024","Default","Wrap","Main","Satellite","Lunch",NA,NA,NA,NA,NA,NA
"1254","19-Nov","Single Taco",11,"Mexican","Fall 2024","Default","Wrap","Main","Satellite","Lunch",NA,NA,NA,NA,NA,NA
"1255","19-Nov","Side Guacamole",3,"Mexican","Fall 2024","Default","Wrap","Side","Satellite","Lunch",NA,NA,NA,NA,NA,NA
"1256","19-Nov","Add Extra Toppings Una Mano",3,"Mexican","Fall 2024","Default","Wrap","Modification","Satellite","Lunch",NA,NA,NA,NA,NA,NA
"1257","19-Nov","Salad by the Pound",75,"Salad Bar","Fall 2024","Default","Salad Bar","Main","Satellite","Lunch",NA,NA,NA,NA,NA,NA
"1258","19-Nov","Add Extra Protein 2.99",1,"Salad Bar","Fall 2024","Default","Salad Bar","Modification","Satellite","Lunch",NA,NA,NA,NA,NA,NA
"1259","19-Nov","Soup 12 oz",52,"Soup","Fall 2024","Default","Soup","Main","Satellite","Lunch",NA,NA,NA,NA,NA,NA
"1260","19-Nov","8 oz Soup",55,"Soup","Fall 2024","Default","Soup","Main","Satellite","Lunch",NA,NA,NA,NA,NA,NA
"1261","19-Nov","Side Potato Tots",21,"Grab N Go","Fall 2024","Default","Grab N Go","Side","Satellite","Lunch",NA,NA,NA,NA,NA,NA
"1262","20-Nov","Quesadilla Deluxe Trillium",162,"Grill","Fall 2024","Default","Quesadilla","Main","Satellite","Lunch",NA,NA,NA,NA,NA,NA
"1263","20-Nov","Grilled Hamburger",92,"Grill","Fall 2024","Default","Grill","Main","Treatment","Lunch",3.88121217461521,88.8793607464882,8.99,357.071520064599,8176.90118867691,827.08
"1264","20-Nov","Fried Chicken Tenders",93,"Grab N Go","Fall 2024","Default","Grab N Go","Side","Satellite","Lunch",NA,NA,NA,NA,NA,NA
"1265","20-Nov","Burrito Una Mano Trillium BYO",72,"Grill","Fall 2024","Default","Quesadilla","Main","Satellite","Lunch",NA,NA,NA,NA,NA,NA
"1266","20-Nov","French Fries",124,"Grill","Fall 2024","Default","Grill","Side","Treatment","Lunch",0.040840402892853,2.72997334161235,2.99,5.06420995871377,338.516694359931,370.76
"1267","20-Nov","Seared Salmon Burger",14,"Grill","Fall 2024","Default","Grill","Main","Treatment","Lunch",0.447926073918026,44.697222176261,8.49,6.27096503485236,625.761110467653,118.86
"1268","20-Nov","Grilled Chicken Breast Sandwich",13,"Grill","Fall 2024","Default","Grill","Main","Treatment","Lunch",0.301553745597932,69.470648861248,8.49,3.92019869277311,903.118435196224,110.37
"1269","20-Nov","Quesadilla Cheese",12,"Grill","Fall 2024","Default","Quesadilla","Main","Satellite","Lunch",NA,NA,NA,NA,NA,NA
"1270","20-Nov","Trillium Grill Impossible Burger",7,"Grill","Fall 2024","Default","Grill","Main","Treatment","Lunch",0.210911088099112,23.2535935181063,10.49,1.47637761669378,162.775154626744,73.43
"1271","20-Nov","Sweet Potato Fries",24,"Grill","Fall 2024","Default","Grill","Side","Treatment","Lunch",0.0422551714366103,3.97622481710592,2.99,1.01412411447865,95.4293956105421,71.76
"1272","20-Nov","ADD Chicken Breast",9,"Grill","Fall 2024","Default","Grill","Modification","Treatment","Lunch",0.227249079536725,60.447700038522,2.99,2.04524171583052,544.029300346698,26.91
"1273","20-Nov","Black Bean Burger",3,"Grill","Fall 2024","Default","Grill","Main","Treatment","Lunch",0.110944712328442,54.9888227801748,8.69,0.332834136985325,164.966468340524,26.07
"1274","20-Nov","+ Beef Patty",5,"Grill","Fall 2024","Default","Grill","Modification","Treatment","Lunch",3.806907508554,79.8564119237622,2.99,19.03453754277,399.282059618811,14.95
"1275","20-Nov","ADD Cheese",6,"Grill","Fall 2024","Default","Grill","Modification","Treatment","Lunch",0.183611306606629,3.19881943989712,1.99,1.10166783963977,19.1929166393827,11.94
"1276","20-Nov","Add Sausage 2 Patty",1,"Grill","Fall 2024","Default","Grill","Modification","Treatment","Lunch",0.168918026814813,34.6406776822533,1.99,0.168918026814813,34.6406776822533,1.99
"1277","20-Nov","Add Egg .99",2,"Grill","Fall 2024","Default","Grill","Modification","Treatment","Lunch",0.0903881853779601,25.3348662383603,0.99,0.18077637075592,50.6697324767206,1.98
"1278","20-Nov","1 Entree + 1 Side",176,"Asian","Fall 2024","Default","Wok","Main","Satellite","Lunch",NA,NA,NA,NA,NA,NA
"1279","20-Nov","1 Entree + 2 Side",97,"Asian","Fall 2024","Default","Wok","Main","Satellite","Lunch",NA,NA,NA,NA,NA,NA
"1280","20-Nov","Bowl Ramen Chicken",80,"Asian","Fall 2024","Default","Ramen","Main","Treatment","Lunch",0.379685915053077,104.607642341871,9.49,30.3748732042462,8368.61138734972,759.2
"1281","20-Nov","2 Entrees + 2 Sides",21,"Asian","Fall 2024","Default","Wok","Main","Satellite","Lunch",NA,NA,NA,NA,NA,NA
"1282","20-Nov","Bowl Ramen Tofu",19,"Asian","Fall 2024","Default","Ramen","Main","Treatment","Lunch",0.306509419979168,91.9886822989085,9.49,5.82367897960419,1747.78496367926,180.31
"1283","20-Nov","Side Vegetarian Lo Mein",13,"Asian","Fall 2024","Default","Wok","Side","Satellite","Lunch",NA,NA,NA,NA,NA,NA
"1284","20-Nov","Side White or Brown Rice",7,"Asian","Fall 2024","Default","Wok","Side","Satellite","Lunch",NA,NA,NA,NA,NA,NA
"1285","20-Nov","1 Wok Entree",2,"Asian","Fall 2024","Default","Wok","Main","Satellite","Lunch",NA,NA,NA,NA,NA,NA
"1286","20-Nov","Side Vegetables",2,"Asian","Fall 2024","Default","Wok","Side","Satellite","Lunch",NA,NA,NA,NA,NA,NA
"1287","20-Nov","Side Vegetable Spring Rolls",1,"Asian","Fall 2024","Default","Wok","Side","Satellite","Lunch",NA,NA,NA,NA,NA,NA
"1288","20-Nov","Side Vegetarian Fried Rice with",1,"Asian","Fall 2024","Default","Wok","Side","Satellite","Lunch",NA,NA,NA,NA,NA,NA
"1289","20-Nov","Create Your Pasta Bowl MEAT",143,"Italian","Fall 2024","Default","Pasta","Main","Satellite","Lunch",0.625595496853921,47.8385188473692,8.99,89.4601560501108,6840.9081951738,1285.57
"1290","20-Nov","Create Your Pasta Bowl VEG",32,"Italian","Fall 2024","Default","Pasta","Main","Satellite","Lunch",0.140294556536554,10.5521527214029,8.49,4.48942580916973,337.668887084891,271.68
"1291","20-Nov","Add Extra Meat",20,"Italian","Fall 2024","Default","Pasta","Modification","Satellite","Lunch",NA,NA,NA,NA,NA,NA
"1292","20-Nov","Pizza Cheese",10,"Italian","Fall 2024","Default","Pizza","Main","Satellite","Lunch",NA,NA,NA,NA,NA,NA
"1293","20-Nov","Pizza with Toppings",8,"Italian","Fall 2024","Default","Pizza","Main","Satellite","Lunch",NA,NA,NA,NA,NA,NA
"1294","20-Nov","Side Bread Pasta Station",2,"Italian","Fall 2024","Default","Pasta","Side","Satellite","Lunch",NA,NA,NA,NA,NA,NA
"1295","20-Nov","Burrito Breakfast",91,"Breakfast","Fall 2024","Default","Breakfast","Main","Satellite","Breakfast",NA,NA,NA,NA,NA,NA
"1296","20-Nov","Small French Omelet",55,"Breakfast","Fall 2024","Default","Breakfast","Side","Satellite","Breakfast",NA,NA,NA,NA,NA,NA
"1297","20-Nov","Grand Slam Breakfast",16,"Breakfast","Fall 2024","Default","Breakfast","Main","Satellite","Breakfast",NA,NA,NA,NA,NA,NA
"1298","20-Nov","Egg Cheese Sausage Breakfast San",24,"Breakfast","Fall 2024","Default","Breakfast","Main","Satellite","Breakfast",NA,NA,NA,NA,NA,NA
"1299","20-Nov","Egg Cheese Bacon Breakfast Sandw",20,"Breakfast","Fall 2024","Default","Breakfast","Main","Satellite","Breakfast",NA,NA,NA,NA,NA,NA
"1300","20-Nov","Add Bacon",22,"Breakfast","Fall 2024","Default","Breakfast","Modification","Satellite","Breakfast",NA,NA,NA,NA,NA,NA
"1301","20-Nov","Two Eggs",7,"Breakfast","Fall 2024","Default","Breakfast","Side","Satellite","Breakfast",NA,NA,NA,NA,NA,NA
"1302","20-Nov","Pancake Single",4,"Breakfast","Fall 2024","Default","Breakfast","Side","Satellite","Breakfast",NA,NA,NA,NA,NA,NA
"1303","20-Nov","Trillium Home Fries",1,"Breakfast","Fall 2024","Default","Breakfast","Side","Satellite","Breakfast",NA,NA,NA,NA,NA,NA
"1304","20-Nov","2 Slices Toast",1,"Breakfast","Fall 2024","Default","Breakfast","Side","Satellite","Breakfast",NA,NA,NA,NA,NA,NA
"1305","20-Nov","Toast",1,"Breakfast","Fall 2024","Default","Breakfast","Side","Satellite","Breakfast",NA,NA,NA,NA,NA,NA
"1306","20-Nov","PC Peanut Butter",1,"Breakfast","Fall 2024","Default","Breakfast","Side","Satellite","Breakfast",NA,NA,NA,NA,NA,NA
"1307","20-Nov","Burrito Bowl BYO",88,"Mexican","Fall 2024","Default","Wrap","Main","Satellite","Lunch",NA,NA,NA,NA,NA,NA
"1308","20-Nov","Single Taco",5,"Mexican","Fall 2024","Default","Wrap","Main","Satellite","Lunch",NA,NA,NA,NA,NA,NA
"1309","20-Nov","Add Extra Toppings Una Mano",2,"Mexican","Fall 2024","Default","Wrap","Modification","Satellite","Lunch",NA,NA,NA,NA,NA,NA
"1310","20-Nov","Salad by the Pound",71,"Salad Bar","Fall 2024","Default","Salad Bar","Main","Satellite","Lunch",NA,NA,NA,NA,NA,NA
"1311","20-Nov","Soup 12 oz",56,"Soup","Fall 2024","Default","Soup","Main","Satellite","Lunch",NA,NA,NA,NA,NA,NA
"1312","20-Nov","8 oz Soup",35,"Soup","Fall 2024","Default","Soup","Main","Satellite","Lunch",NA,NA,NA,NA,NA,NA
"1313","20-Nov","Side Potato Tots",11,"Grab N Go","Fall 2024","Default","Grab N Go","Side","Satellite","Lunch",NA,NA,NA,NA,NA,NA
"1314","21-Nov","Quesadilla Deluxe Trillium",197,"Grill","Fall 2024","Default","Quesadilla","Main","Satellite","Lunch",NA,NA,NA,NA,NA,NA
"1315","21-Nov","Grilled Hamburger",109,"Grill","Fall 2024","Default","Grill","Main","Treatment","Lunch",3.88121217461521,88.8793607464882,8.99,423.052127033058,9687.85032136721,979.91
"1316","21-Nov","Fried Chicken Tenders",93,"Grab N Go","Fall 2024","Default","Grab N Go","Side","Satellite","Lunch",NA,NA,NA,NA,NA,NA
"1317","21-Nov","Burrito Una Mano Trillium BYO",66,"Grill","Fall 2024","Default","Quesadilla","Main","Satellite","Lunch",NA,NA,NA,NA,NA,NA
"1318","21-Nov","French Fries",113,"Grill","Fall 2024","Default","Grill","Side","Treatment","Lunch",0.040840402892853,2.72997334161235,2.99,4.61496552689239,308.486987602196,337.87
"1319","21-Nov","Grilled Chicken Breast Sandwich",13,"Grill","Fall 2024","Default","Grill","Main","Treatment","Lunch",0.301553745597932,69.470648861248,8.49,3.92019869277311,903.118435196224,110.37
"1320","21-Nov","Sweet Potato Fries",32,"Grill","Fall 2024","Default","Grill","Side","Treatment","Lunch",0.0422551714366103,3.97622481710592,2.99,1.35216548597153,127.239194147389,95.68
"1321","21-Nov","Trillium Grill Impossible Burger",9,"Grill","Fall 2024","Default","Grill","Main","Treatment","Lunch",0.210911088099112,23.2535935181063,10.49,1.89819979289201,209.282341662957,94.41
"1322","21-Nov","Quesadilla Cheese",11,"Grill","Fall 2024","Default","Quesadilla","Main","Satellite","Lunch",NA,NA,NA,NA,NA,NA
"1323","21-Nov","Seared Salmon Burger",9,"Grill","Fall 2024","Default","Grill","Main","Treatment","Lunch",0.447926073918026,44.697222176261,8.49,4.03133466526223,402.274999586349,76.41
"1324","21-Nov","Black Bean Burger",4,"Grill","Fall 2024","Default","Grill","Main","Treatment","Lunch",0.110944712328442,54.9888227801748,8.69,0.443778849313767,219.955291120699,34.76
"1325","21-Nov","+ Beef Patty",6,"Grill","Fall 2024","Default","Grill","Modification","Treatment","Lunch",3.806907508554,79.8564119237622,2.99,22.841445051324,479.138471542573,17.94
"1326","21-Nov","ADD Chicken Breast",5,"Grill","Fall 2024","Default","Grill","Modification","Treatment","Lunch",0.227249079536725,60.447700038522,2.99,1.13624539768362,302.23850019261,14.95
"1327","21-Nov","Add Sausage 2 Patty",4,"Grill","Fall 2024","Default","Grill","Modification","Treatment","Lunch",0.168918026814813,34.6406776822533,1.99,0.675672107259252,138.562710729013,7.96
"1328","21-Nov","ADD Burger Salmon Grilled",1,"Grill","Fall 2024","Default","Grill","Modification","Treatment","Lunch",0.373621407856819,35.674273353535,2.99,0.373621407856819,35.674273353535,2.99
"1329","21-Nov","ADD Cheese",6,"Grill","Fall 2024","Default","Grill","Modification","Treatment","Lunch",0.183611306606629,3.19881943989712,1.99,1.10166783963977,19.1929166393827,11.94
"1330","21-Nov","Add Egg .99",3,"Grill","Fall 2024","Default","Grill","Modification","Treatment","Lunch",0.0903881853779601,25.3348662383603,0.99,0.27116455613388,76.0045987150809,2.97
"1331","21-Nov","1 Entree + 1 Side",209,"Asian","Fall 2024","Default","Wok","Main","Satellite","Lunch",NA,NA,NA,NA,NA,NA
"1332","21-Nov","1 Entree + 2 Side",85,"Asian","Fall 2024","Default","Wok","Main","Satellite","Lunch",NA,NA,NA,NA,NA,NA
"1333","21-Nov","Bowl Ramen Chicken",77,"Asian","Fall 2024","Default","Ramen","Main","Treatment","Lunch",0.379685915053077,104.607642341871,9.49,29.2358154590869,8054.7884603241,730.73
"1334","21-Nov","2 Entrees + 2 Sides",25,"Asian","Fall 2024","Default","Wok","Main","Satellite","Lunch",NA,NA,NA,NA,NA,NA
"1335","21-Nov","Bowl Ramen Tofu",20,"Asian","Fall 2024","Default","Ramen","Main","Treatment","Lunch",0.306509419979168,91.9886822989085,9.49,6.13018839958336,1839.77364597817,189.8
"1336","21-Nov","Side Vegetarian Lo Mein",12,"Asian","Fall 2024","Default","Wok","Side","Satellite","Lunch",NA,NA,NA,NA,NA,NA
"1337","21-Nov","1 Wok Entree",3,"Asian","Fall 2024","Default","Wok","Main","Satellite","Lunch",NA,NA,NA,NA,NA,NA
"1338","21-Nov","Side White or Brown Rice",5,"Asian","Fall 2024","Default","Wok","Side","Satellite","Lunch",NA,NA,NA,NA,NA,NA
"1339","21-Nov","Side Vegetarian Fried Rice with",2,"Asian","Fall 2024","Default","Wok","Side","Satellite","Lunch",NA,NA,NA,NA,NA,NA
"1340","21-Nov","Create Your Pasta Bowl MEAT",131,"Italian","Fall 2024","Default","Pasta","Main","Satellite","Lunch",0.625595496853921,47.8385188473692,8.99,81.9530100878637,6266.84596900536,1177.69
"1341","21-Nov","Pizza with Toppings",38,"Italian","Fall 2024","Default","Pizza","Main","Satellite","Lunch",NA,NA,NA,NA,NA,NA
"1342","21-Nov","Create Your Pasta Bowl VEG",24,"Italian","Fall 2024","Default","Pasta","Main","Satellite","Lunch",0.140294556536554,10.5521527214029,8.49,3.3670693568773,253.251665313668,203.76
"1343","21-Nov","Pizza Cheese",22,"Italian","Fall 2024","Default","Pizza","Main","Satellite","Lunch",NA,NA,NA,NA,NA,NA
"1344","21-Nov","Add Extra Meat",15,"Italian","Fall 2024","Default","Pasta","Modification","Satellite","Lunch",NA,NA,NA,NA,NA,NA
"1345","21-Nov","Burrito Breakfast",75,"Breakfast","Fall 2024","Default","Breakfast","Main","Satellite","Breakfast",NA,NA,NA,NA,NA,NA
"1346","21-Nov","Small French Omelet",40,"Breakfast","Fall 2024","Default","Breakfast","Side","Satellite","Breakfast",NA,NA,NA,NA,NA,NA
"1347","21-Nov","Grand Slam Breakfast",14,"Breakfast","Fall 2024","Default","Breakfast","Main","Satellite","Breakfast",NA,NA,NA,NA,NA,NA
"1348","21-Nov","Egg Cheese Bacon Breakfast Sandw",23,"Breakfast","Fall 2024","Default","Breakfast","Main","Satellite","Breakfast",NA,NA,NA,NA,NA,NA
"1349","21-Nov","Egg Cheese Sausage Breakfast San",21,"Breakfast","Fall 2024","Default","Breakfast","Main","Satellite","Breakfast",NA,NA,NA,NA,NA,NA
"1350","21-Nov","Add Bacon",33,"Breakfast","Fall 2024","Default","Breakfast","Modification","Satellite","Breakfast",NA,NA,NA,NA,NA,NA
"1351","21-Nov","Two Eggs",23,"Breakfast","Fall 2024","Default","Breakfast","Side","Satellite","Breakfast",NA,NA,NA,NA,NA,NA
"1352","21-Nov","Trillium Home Fries",4,"Breakfast","Fall 2024","Default","Breakfast","Side","Satellite","Breakfast",NA,NA,NA,NA,NA,NA
"1353","21-Nov","Pancake Single",2,"Breakfast","Fall 2024","Default","Breakfast","Side","Satellite","Breakfast",NA,NA,NA,NA,NA,NA
"1354","21-Nov","2 Slices Toast",5,"Breakfast","Fall 2024","Default","Breakfast","Side","Satellite","Breakfast",NA,NA,NA,NA,NA,NA
"1355","21-Nov","Toast",2,"Breakfast","Fall 2024","Default","Breakfast","Side","Satellite","Breakfast",NA,NA,NA,NA,NA,NA
"1356","21-Nov","Burrito Bowl BYO",92,"Mexican","Fall 2024","Default","Wrap","Main","Satellite","Lunch",NA,NA,NA,NA,NA,NA
"1357","21-Nov","Single Taco",4,"Mexican","Fall 2024","Default","Wrap","Main","Satellite","Lunch",NA,NA,NA,NA,NA,NA
"1358","21-Nov","Side Guacamole",2,"Mexican","Fall 2024","Default","Wrap","Side","Satellite","Lunch",NA,NA,NA,NA,NA,NA
"1359","21-Nov","Add Extra Toppings Una Mano",1,"Mexican","Fall 2024","Default","Wrap","Modification","Satellite","Lunch",NA,NA,NA,NA,NA,NA
"1360","21-Nov","Soup 12 oz",45,"Soup","Fall 2024","Default","Soup","Main","Satellite","Lunch",NA,NA,NA,NA,NA,NA
"1361","21-Nov","8 oz Soup",36,"Soup","Fall 2024","Default","Soup","Main","Satellite","Lunch",NA,NA,NA,NA,NA,NA
"1362","21-Nov","Salad by the Pound",39,"Salad Bar","Fall 2024","Default","Salad Bar","Main","Satellite","Lunch",NA,NA,NA,NA,NA,NA
"1363","21-Nov","Add Extra Protein 2.99",1,"Salad Bar","Fall 2024","Default","Salad Bar","Modification","Satellite","Lunch",NA,NA,NA,NA,NA,NA
"1364","21-Nov","Side Potato Tots",35,"Grab N Go","Fall 2024","Default","Grab N Go","Side","Satellite","Lunch",NA,NA,NA,NA,NA,NA
"1365","22-Nov","Quesadilla Deluxe Trillium",103,"Grill","Fall 2024","Default","Quesadilla","Main","Satellite","Lunch",NA,NA,NA,NA,NA,NA
"1366","22-Nov","Grilled Hamburger",51,"Grill","Fall 2024","Default","Grill","Main","Treatment","Lunch",3.88121217461521,88.8793607464882,8.99,197.941820905376,4532.8473980709,458.49
"1367","22-Nov","Fried Chicken Tenders",48,"Grab N Go","Fall 2024","Default","Grab N Go","Side","Satellite","Lunch",NA,NA,NA,NA,NA,NA
"1368","22-Nov","Burrito Una Mano Trillium BYO",36,"Grill","Fall 2024","Default","Quesadilla","Main","Satellite","Lunch",NA,NA,NA,NA,NA,NA
"1369","22-Nov","French Fries",81,"Grill","Fall 2024","Default","Grill","Side","Treatment","Lunch",0.040840402892853,2.72997334161235,2.99,3.30807263432109,221.1278406706,242.19
"1370","22-Nov","Grilled Chicken Breast Sandwich",15,"Grill","Fall 2024","Default","Grill","Main","Treatment","Lunch",0.301553745597932,69.470648861248,8.49,4.52330618396897,1042.05973291872,127.35
"1371","22-Nov","Trillium Grill Impossible Burger",8,"Grill","Fall 2024","Default","Grill","Main","Treatment","Lunch",0.210911088099112,23.2535935181063,10.49,1.68728870479289,186.02874814485,83.92
"1372","22-Nov","Quesadilla Cheese",5,"Grill","Fall 2024","Default","Quesadilla","Main","Satellite","Lunch",NA,NA,NA,NA,NA,NA
"1373","22-Nov","Sweet Potato Fries",13,"Grill","Fall 2024","Default","Grill","Side","Treatment","Lunch",0.0422551714366103,3.97622481710592,2.99,0.549317228675934,51.690922622377,38.87
"1374","22-Nov","+ Beef Patty",7,"Grill","Fall 2024","Default","Grill","Modification","Treatment","Lunch",3.806907508554,79.8564119237622,2.99,26.648352559878,558.994883466335,20.93
"1375","22-Nov","Add Sausage 2 Patty",5,"Grill","Fall 2024","Default","Grill","Modification","Treatment","Lunch",0.168918026814813,34.6406776822533,1.99,0.844590134074065,173.203388411266,9.95
"1376","22-Nov","Black Bean Burger",1,"Grill","Fall 2024","Default","Grill","Main","Treatment","Lunch",0.110944712328442,54.9888227801748,8.69,0.110944712328442,54.9888227801748,8.69
"1377","22-Nov","Seared Salmon Burger",1,"Grill","Fall 2024","Default","Grill","Main","Treatment","Lunch",0.447926073918026,44.697222176261,8.49,0.447926073918026,44.697222176261,8.49
"1378","22-Nov","ADD Cheese",6,"Grill","Fall 2024","Default","Grill","Modification","Treatment","Lunch",0.183611306606629,3.19881943989712,1.99,1.10166783963977,19.1929166393827,11.94
"1379","22-Nov","Add Egg .99",2,"Grill","Fall 2024","Default","Grill","Modification","Treatment","Lunch",0.0903881853779601,25.3348662383603,0.99,0.18077637075592,50.6697324767206,1.98
"1380","22-Nov","1 Entree + 1 Side",90,"Asian","Fall 2024","Default","Wok","Main","Satellite","Lunch",NA,NA,NA,NA,NA,NA
"1381","22-Nov","1 Entree + 2 Side",45,"Asian","Fall 2024","Default","Wok","Main","Satellite","Lunch",NA,NA,NA,NA,NA,NA
"1382","22-Nov","Bowl Ramen Chicken",49,"Asian","Fall 2024","Default","Ramen","Main","Treatment","Lunch",0.379685915053077,104.607642341871,9.49,18.6046098376008,5125.7744747517,465.01
"1383","22-Nov","2 Entrees + 2 Sides",10,"Asian","Fall 2024","Default","Wok","Main","Satellite","Lunch",NA,NA,NA,NA,NA,NA
"1384","22-Nov","Bowl Ramen Tofu",8,"Asian","Fall 2024","Default","Ramen","Main","Treatment","Lunch",0.306509419979168,91.9886822989085,9.49,2.45207535983334,735.909458391268,75.92
"1385","22-Nov","Side Vegetarian Lo Mein",11,"Asian","Fall 2024","Default","Wok","Side","Satellite","Lunch",NA,NA,NA,NA,NA,NA
"1386","22-Nov","Side White or Brown Rice",10,"Asian","Fall 2024","Default","Wok","Side","Satellite","Lunch",NA,NA,NA,NA,NA,NA
"1387","22-Nov","1 Wok Entree",2,"Asian","Fall 2024","Default","Wok","Main","Satellite","Lunch",NA,NA,NA,NA,NA,NA
"1388","22-Nov","Side Vegetable Spring Rolls",3,"Asian","Fall 2024","Default","Wok","Side","Satellite","Lunch",NA,NA,NA,NA,NA,NA
"1389","22-Nov","Side Vegetables",2,"Asian","Fall 2024","Default","Wok","Side","Satellite","Lunch",NA,NA,NA,NA,NA,NA
"1390","22-Nov","Side Vegetarian Fried Rice with",1,"Asian","Fall 2024","Default","Wok","Side","Satellite","Lunch",NA,NA,NA,NA,NA,NA
"1391","22-Nov","Burrito Breakfast",66,"Breakfast","Fall 2024","Default","Breakfast","Main","Satellite","Breakfast",NA,NA,NA,NA,NA,NA
"1392","22-Nov","Small French Omelet",27,"Breakfast","Fall 2024","Default","Breakfast","Side","Satellite","Breakfast",NA,NA,NA,NA,NA,NA
"1393","22-Nov","Egg Cheese Bacon Breakfast Sandw",25,"Breakfast","Fall 2024","Default","Breakfast","Main","Satellite","Breakfast",NA,NA,NA,NA,NA,NA
"1394","22-Nov","Grand Slam Breakfast",13,"Breakfast","Fall 2024","Default","Breakfast","Main","Satellite","Breakfast",NA,NA,NA,NA,NA,NA
"1395","22-Nov","Egg Cheese Sausage Breakfast San",22,"Breakfast","Fall 2024","Default","Breakfast","Main","Satellite","Breakfast",NA,NA,NA,NA,NA,NA
"1396","22-Nov","Two Eggs",15,"Breakfast","Fall 2024","Default","Breakfast","Side","Satellite","Breakfast",NA,NA,NA,NA,NA,NA
"1397","22-Nov","Add Bacon",14,"Breakfast","Fall 2024","Default","Breakfast","Modification","Satellite","Breakfast",NA,NA,NA,NA,NA,NA
"1398","22-Nov","Pancake Single",5,"Breakfast","Fall 2024","Default","Breakfast","Side","Satellite","Breakfast",NA,NA,NA,NA,NA,NA
"1399","22-Nov","2 Slices Toast",5,"Breakfast","Fall 2024","Default","Breakfast","Side","Satellite","Breakfast",NA,NA,NA,NA,NA,NA
"1400","22-Nov","Trillium Home Fries",1,"Breakfast","Fall 2024","Default","Breakfast","Side","Satellite","Breakfast",NA,NA,NA,NA,NA,NA
"1401","22-Nov","PC Jelly",2,"Breakfast","Fall 2024","Default","Breakfast","Side","Satellite","Breakfast",NA,NA,NA,NA,NA,NA
"1402","22-Nov","PC Peanut Butter",1,"Breakfast","Fall 2024","Default","Breakfast","Side","Satellite","Breakfast",NA,NA,NA,NA,NA,NA
"1403","22-Nov","Create Your Pasta Bowl MEAT",70,"Italian","Fall 2024","Default","Pasta","Main","Satellite","Lunch",0.625595496853921,47.8385188473692,8.99,43.7916847797745,3348.69631931584,629.3
"1404","22-Nov","Pizza with Toppings",21,"Italian","Fall 2024","Default","Pizza","Main","Satellite","Lunch",NA,NA,NA,NA,NA,NA
"1405","22-Nov","Pizza Cheese",18,"Italian","Fall 2024","Default","Pizza","Main","Satellite","Lunch",NA,NA,NA,NA,NA,NA
"1406","22-Nov","Create Your Pasta Bowl VEG",9,"Italian","Fall 2024","Default","Pasta","Main","Satellite","Lunch",0.140294556536554,10.5521527214029,8.49,1.26265100882899,94.9693744926257,76.41
"1407","22-Nov","Add Extra Meat",11,"Italian","Fall 2024","Default","Pasta","Modification","Satellite","Lunch",NA,NA,NA,NA,NA,NA
"1408","22-Nov","Burrito Bowl BYO",51,"Mexican","Fall 2024","Default","Wrap","Main","Satellite","Lunch",NA,NA,NA,NA,NA,NA
"1409","22-Nov","Single Taco",6,"Mexican","Fall 2024","Default","Wrap","Main","Satellite","Lunch",NA,NA,NA,NA,NA,NA
"1410","22-Nov","Soup 12 oz",41,"Soup","Fall 2024","Default","Soup","Main","Satellite","Lunch",NA,NA,NA,NA,NA,NA
"1411","22-Nov","8 oz Soup",32,"Soup","Fall 2024","Default","Soup","Main","Satellite","Lunch",NA,NA,NA,NA,NA,NA
"1412","22-Nov","Salad by the Pound",30,"Salad Bar","Fall 2024","Default","Salad Bar","Main","Satellite","Lunch",NA,NA,NA,NA,NA,NA
"1413","22-Nov","Side Potato Tots",19,"Grab N Go","Fall 2024","Default","Grab N Go","Side","Satellite","Lunch",NA,NA,NA,NA,NA,NA
"1414","25-Nov","Quesadilla Deluxe Trillium",120,"Grill","Fall 2024","Multimodal","Quesadilla","Main","Satellite","Lunch",NA,NA,NA,NA,NA,NA
"1415","25-Nov","Grilled Hamburger",67,"Grill","Fall 2024","Multimodal","Grill","Main","Treatment","Lunch",3.88121217461521,88.8793607464882,8.99,260.041215699219,5954.91717001471,602.33
"1416","25-Nov","Burrito Una Mano Trillium BYO",45,"Grill","Fall 2024","Multimodal","Quesadilla","Main","Satellite","Lunch",NA,NA,NA,NA,NA,NA
"1417","25-Nov","Fried Chicken Tenders",45,"Grab N Go","Fall 2024","Multimodal","Grab N Go","Side","Satellite","Lunch",NA,NA,NA,NA,NA,NA
"1418","25-Nov","French Fries",77,"Grill","Fall 2024","Multimodal","Grill","Side","Treatment","Lunch",0.040840402892853,2.72997334161235,2.99,3.14471102274968,210.207947304151,230.23
"1419","25-Nov","Grilled Chicken Breast Sandwich",14,"Grill","Fall 2024","Multimodal","Grill","Main","Treatment","Lunch",0.301553745597932,69.470648861248,8.49,4.22175243837104,972.589084057471,118.86
"1420","25-Nov","Quesadilla Cheese",12,"Grill","Fall 2024","Multimodal","Quesadilla","Main","Satellite","Lunch",NA,NA,NA,NA,NA,NA
"1421","25-Nov","Seared Salmon Burger",9,"Grill","Fall 2024","Multimodal","Grill","Main","Treatment","Lunch",0.447926073918026,44.697222176261,8.49,4.03133466526223,402.274999586349,76.41
"1422","25-Nov","Sweet Potato Fries",22,"Grill","Fall 2024","Multimodal","Grill","Side","Treatment","Lunch",0.0422551714366103,3.97622481710592,2.99,0.929613771605427,87.4769459763302,65.78
"1423","25-Nov","Trillium Grill Impossible Burger",6,"Grill","Fall 2024","Multimodal","Grill","Main","Treatment","Lunch",0.210911088099112,23.2535935181063,10.49,1.26546652859467,139.521561108638,62.94
"1424","25-Nov","+ Beef Patty",9,"Grill","Fall 2024","Multimodal","Grill","Modification","Treatment","Lunch",3.806907508554,79.8564119237622,2.99,34.262167576986,718.70770731386,26.91
"1425","25-Nov","ADD Chicken Breast",7,"Grill","Fall 2024","Multimodal","Grill","Modification","Treatment","Lunch",0.227249079536725,60.447700038522,2.99,1.59074355675707,423.133900269654,20.93
"1426","25-Nov","Black Bean Burger",2,"Grill","Fall 2024","Multimodal","Grill","Main","Treatment","Lunch",0.110944712328442,54.9888227801748,8.69,0.221889424656883,109.97764556035,17.38
"1427","25-Nov","ADD Burger Salmon Grilled",2,"Grill","Fall 2024","Multimodal","Grill","Modification","Treatment","Lunch",0.373621407856819,35.674273353535,2.99,0.747242815713638,71.34854670707,5.98
"1428","25-Nov","Add Sausage 2 Patty",2,"Grill","Fall 2024","Multimodal","Grill","Modification","Treatment","Lunch",0.168918026814813,34.6406776822533,1.99,0.337836053629626,69.2813553645066,3.98
"1429","25-Nov","ADD Cheese",5,"Grill","Fall 2024","Multimodal","Grill","Modification","Treatment","Lunch",0.183611306606629,3.19881943989712,1.99,0.918056533033145,15.9940971994856,9.95
"1430","25-Nov","Add Egg .99",3,"Grill","Fall 2024","Multimodal","Grill","Modification","Treatment","Lunch",0.0903881853779601,25.3348662383603,0.99,0.27116455613388,76.0045987150809,2.97
"1431","25-Nov","Add Impossible Burger Patty",0,"Grill","Fall 2024","Multimodal","Grill","Modification","Treatment","Lunch",0.151541244844319,13.0180456460107,2.99,0,0,0
"1432","25-Nov","1 Entree + 1 Side",104,"Asian","Fall 2024","Multimodal","Wok","Main","Satellite","Lunch",NA,NA,NA,NA,NA,NA
"1433","25-Nov","Bowl Ramen Chicken",56,"Asian","Fall 2024","Multimodal","Ramen","Main","Treatment","Lunch",0.379685915053077,104.607642341871,9.49,21.2624112429723,5858.0279711448,531.44
"1434","25-Nov","1 Entree + 2 Side",47,"Asian","Fall 2024","Multimodal","Wok","Main","Satellite","Lunch",NA,NA,NA,NA,NA,NA
"1435","25-Nov","2 Entrees + 2 Sides",10,"Asian","Fall 2024","Multimodal","Wok","Main","Satellite","Lunch",NA,NA,NA,NA,NA,NA
"1436","25-Nov","Bowl Ramen Tofu",10,"Asian","Fall 2024","Multimodal","Ramen","Main","Treatment","Lunch",0.306509419979168,91.9886822989085,9.49,3.06509419979168,919.886822989085,94.9
"1437","25-Nov","Side Vegetarian Lo Mein",8,"Asian","Fall 2024","Multimodal","Wok","Side","Satellite","Lunch",NA,NA,NA,NA,NA,NA
"1438","25-Nov","Side White or Brown Rice",6,"Asian","Fall 2024","Multimodal","Wok","Side","Satellite","Lunch",NA,NA,NA,NA,NA,NA
"1439","25-Nov","Side Vegetables",3,"Asian","Fall 2024","Multimodal","Wok","Side","Satellite","Lunch",NA,NA,NA,NA,NA,NA
"1440","25-Nov","1 Wok Entree",1,"Asian","Fall 2024","Multimodal","Wok","Main","Satellite","Lunch",NA,NA,NA,NA,NA,NA
"1441","25-Nov","Side Vegetarian Fried Rice with",1,"Asian","Fall 2024","Multimodal","Wok","Side","Satellite","Lunch",NA,NA,NA,NA,NA,NA
"1442","25-Nov","Create Your Pasta Bowl MEAT",55,"Italian","Fall 2024","Multimodal","Pasta","Main","Satellite","Lunch",0.625595496853921,47.8385188473692,8.99,34.4077523269657,2631.11853660531,494.45
"1443","25-Nov","Create Your Pasta Bowl VEG",20,"Italian","Fall 2024","Multimodal","Pasta","Main","Satellite","Lunch",0.140294556536554,10.5521527214029,8.49,2.80589113073108,211.043054428057,169.8
"1444","25-Nov","Pizza with Toppings",23,"Italian","Fall 2024","Multimodal","Pizza","Main","Satellite","Lunch",NA,NA,NA,NA,NA,NA
"1445","25-Nov","Pizza Cheese",11,"Italian","Fall 2024","Multimodal","Pizza","Main","Satellite","Lunch",NA,NA,NA,NA,NA,NA
"1446","25-Nov","Add Extra Meat",10,"Italian","Fall 2024","Multimodal","Pasta","Modification","Satellite","Lunch",NA,NA,NA,NA,NA,NA
"1447","25-Nov","Burrito Breakfast",31,"Breakfast","Fall 2024","Multimodal","Breakfast","Main","Satellite","Breakfast",NA,NA,NA,NA,NA,NA
"1448","25-Nov","Small French Omelet",27,"Breakfast","Fall 2024","Multimodal","Breakfast","Side","Satellite","Breakfast",NA,NA,NA,NA,NA,NA
"1449","25-Nov","Egg Cheese Sausage Breakfast San",17,"Breakfast","Fall 2024","Multimodal","Breakfast","Main","Satellite","Breakfast",NA,NA,NA,NA,NA,NA
"1450","25-Nov","Grand Slam Breakfast",9,"Breakfast","Fall 2024","Multimodal","Breakfast","Main","Satellite","Breakfast",NA,NA,NA,NA,NA,NA
"1451","25-Nov","Egg Cheese Bacon Breakfast Sandw",10,"Breakfast","Fall 2024","Multimodal","Breakfast","Main","Satellite","Breakfast",NA,NA,NA,NA,NA,NA
"1452","25-Nov","Add Bacon",17,"Breakfast","Fall 2024","Multimodal","Breakfast","Modification","Satellite","Breakfast",NA,NA,NA,NA,NA,NA
"1453","25-Nov","Two Eggs",4,"Breakfast","Fall 2024","Multimodal","Breakfast","Side","Satellite","Breakfast",NA,NA,NA,NA,NA,NA
"1454","25-Nov","Pancake Single",3,"Breakfast","Fall 2024","Multimodal","Breakfast","Side","Satellite","Breakfast",NA,NA,NA,NA,NA,NA
"1455","25-Nov","Trillium Home Fries",1,"Breakfast","Fall 2024","Multimodal","Breakfast","Side","Satellite","Breakfast",NA,NA,NA,NA,NA,NA
"1456","25-Nov","2 Slices Toast",3,"Breakfast","Fall 2024","Multimodal","Breakfast","Side","Satellite","Breakfast",NA,NA,NA,NA,NA,NA
"1457","25-Nov","Burrito Bowl BYO",43,"Mexican","Fall 2024","Multimodal","Wrap","Main","Satellite","Lunch",NA,NA,NA,NA,NA,NA
"1458","25-Nov","Single Taco",6,"Mexican","Fall 2024","Multimodal","Wrap","Main","Satellite","Lunch",NA,NA,NA,NA,NA,NA
"1459","25-Nov","Add Extra Toppings Una Mano",1,"Mexican","Fall 2024","Multimodal","Wrap","Modification","Satellite","Lunch",NA,NA,NA,NA,NA,NA
"1460","25-Nov","Salad by the Pound",46,"Salad Bar","Fall 2024","Multimodal","Salad Bar","Main","Satellite","Lunch",NA,NA,NA,NA,NA,NA
"1461","25-Nov","Soup 12 oz",24,"Soup","Fall 2024","Multimodal","Soup","Main","Satellite","Lunch",NA,NA,NA,NA,NA,NA
"1462","25-Nov","8 oz Soup",14,"Soup","Fall 2024","Multimodal","Soup","Main","Satellite","Lunch",NA,NA,NA,NA,NA,NA
"1463","25-Nov","Side Potato Tots",4,"Grab N Go","Fall 2024","Multimodal","Grab N Go","Side","Satellite","Lunch",NA,NA,NA,NA,NA,NA
"1464","26-Nov","Quesadilla Deluxe Trillium",121,"Grill","Fall 2024","Multimodal","Quesadilla","Main","Satellite","Lunch",NA,NA,NA,NA,NA,NA
"1465","26-Nov","Grilled Hamburger",52,"Grill","Fall 2024","Multimodal","Grill","Main","Treatment","Lunch",3.88121217461521,88.8793607464882,8.99,201.823033079991,4621.72675881738,467.48
"1466","26-Nov","Fried Chicken Tenders",42,"Grab N Go","Fall 2024","Multimodal","Grab N Go","Side","Satellite","Lunch",NA,NA,NA,NA,NA,NA
"1467","26-Nov","Burrito Una Mano Trillium BYO",31,"Grill","Fall 2024","Multimodal","Quesadilla","Main","Satellite","Lunch",NA,NA,NA,NA,NA,NA
"1468","26-Nov","French Fries",71,"Grill","Fall 2024","Multimodal","Grill","Side","Treatment","Lunch",0.040840402892853,2.72997334161235,2.99,2.89966860539256,193.828107254477,212.29
"1469","26-Nov","Seared Salmon Burger",12,"Grill","Fall 2024","Multimodal","Grill","Main","Treatment","Lunch",0.447926073918026,44.697222176261,8.49,5.37511288701631,536.366666115131,101.88
"1470","26-Nov","Quesadilla Cheese",8,"Grill","Fall 2024","Multimodal","Quesadilla","Main","Satellite","Lunch",NA,NA,NA,NA,NA,NA
"1471","26-Nov","Sweet Potato Fries",20,"Grill","Fall 2024","Multimodal","Grill","Side","Treatment","Lunch",0.0422551714366103,3.97622481710592,2.99,0.845103428732206,79.5244963421184,59.8
"1472","26-Nov","Trillium Grill Impossible Burger",4,"Grill","Fall 2024","Multimodal","Grill","Main","Treatment","Lunch",0.210911088099112,23.2535935181063,10.49,0.843644352396447,93.0143740724252,41.96
"1473","26-Nov","Grilled Chicken Breast Sandwich",4,"Grill","Fall 2024","Multimodal","Grill","Main","Treatment","Lunch",0.301553745597932,69.470648861248,8.49,1.20621498239173,277.882595444992,33.96
"1474","26-Nov","Black Bean Burger",3,"Grill","Fall 2024","Multimodal","Grill","Main","Treatment","Lunch",0.110944712328442,54.9888227801748,8.69,0.332834136985325,164.966468340524,26.07
"1475","26-Nov","ADD Chicken Breast",2,"Grill","Fall 2024","Multimodal","Grill","Modification","Treatment","Lunch",0.227249079536725,60.447700038522,2.99,0.45449815907345,120.895400077044,5.98
"1476","26-Nov","+ Beef Patty",2,"Grill","Fall 2024","Multimodal","Grill","Modification","Treatment","Lunch",3.806907508554,79.8564119237622,2.99,7.613815017108,159.712823847524,5.98
"1477","26-Nov","ADD Cheese",5,"Grill","Fall 2024","Multimodal","Grill","Modification","Treatment","Lunch",0.183611306606629,3.19881943989712,1.99,0.918056533033145,15.9940971994856,9.95
"1478","26-Nov","1 Entree + 1 Side",77,"Asian","Fall 2024","Multimodal","Wok","Main","Satellite","Lunch",NA,NA,NA,NA,NA,NA
"1479","26-Nov","1 Entree + 2 Side",46,"Asian","Fall 2024","Multimodal","Wok","Main","Satellite","Lunch",NA,NA,NA,NA,NA,NA
"1480","26-Nov","Bowl Ramen Chicken",45,"Asian","Fall 2024","Multimodal","Ramen","Main","Treatment","Lunch",0.379685915053077,104.607642341871,9.49,17.0858661773885,4707.34390538422,427.05
"1481","26-Nov","2 Entrees + 2 Sides",17,"Asian","Fall 2024","Multimodal","Wok","Main","Satellite","Lunch",NA,NA,NA,NA,NA,NA
"1482","26-Nov","Bowl Ramen Tofu",6,"Asian","Fall 2024","Multimodal","Ramen","Main","Treatment","Lunch",0.306509419979168,91.9886822989085,9.49,1.83905651987501,551.932093793451,56.94
"1483","26-Nov","Side Vegetarian Lo Mein",3,"Asian","Fall 2024","Multimodal","Wok","Side","Satellite","Lunch",NA,NA,NA,NA,NA,NA
"1484","26-Nov","1 Wok Entree",1,"Asian","Fall 2024","Multimodal","Wok","Main","Satellite","Lunch",NA,NA,NA,NA,NA,NA
"1485","26-Nov","Side White or Brown Rice",3,"Asian","Fall 2024","Multimodal","Wok","Side","Satellite","Lunch",NA,NA,NA,NA,NA,NA
"1486","26-Nov","Side Vegetables",1,"Asian","Fall 2024","Multimodal","Wok","Side","Satellite","Lunch",NA,NA,NA,NA,NA,NA
"1487","26-Nov","Burrito Breakfast",41,"Breakfast","Fall 2024","Multimodal","Breakfast","Main","Satellite","Breakfast",NA,NA,NA,NA,NA,NA
"1488","26-Nov","Small French Omelet",15,"Breakfast","Fall 2024","Multimodal","Breakfast","Side","Satellite","Breakfast",NA,NA,NA,NA,NA,NA
"1489","26-Nov","Grand Slam Breakfast",7,"Breakfast","Fall 2024","Multimodal","Breakfast","Main","Satellite","Breakfast",NA,NA,NA,NA,NA,NA
"1490","26-Nov","Add Bacon",12,"Breakfast","Fall 2024","Multimodal","Breakfast","Modification","Satellite","Breakfast",NA,NA,NA,NA,NA,NA
"1491","26-Nov","Egg Cheese Sausage Breakfast San",4,"Breakfast","Fall 2024","Multimodal","Breakfast","Main","Satellite","Breakfast",NA,NA,NA,NA,NA,NA
"1492","26-Nov","Two Eggs",5,"Breakfast","Fall 2024","Multimodal","Breakfast","Side","Satellite","Breakfast",NA,NA,NA,NA,NA,NA
"1493","26-Nov","Pancake Single",1,"Breakfast","Fall 2024","Multimodal","Breakfast","Side","Satellite","Breakfast",NA,NA,NA,NA,NA,NA
"1494","26-Nov","2 Slices Toast",1,"Breakfast","Fall 2024","Multimodal","Breakfast","Side","Satellite","Breakfast",NA,NA,NA,NA,NA,NA
"1495","26-Nov","Toast",1,"Breakfast","Fall 2024","Multimodal","Breakfast","Side","Satellite","Breakfast",NA,NA,NA,NA,NA,NA
"1496","26-Nov","Create Your Pasta Bowl MEAT",29,"Italian","Fall 2024","Multimodal","Pasta","Main","Satellite","Lunch",0.625595496853921,47.8385188473692,8.99,18.1422694087637,1387.31704657371,260.71
"1497","26-Nov","Pizza with Toppings",14,"Italian","Fall 2024","Multimodal","Pizza","Main","Satellite","Lunch",NA,NA,NA,NA,NA,NA
"1498","26-Nov","Create Your Pasta Bowl VEG",6,"Italian","Fall 2024","Multimodal","Pasta","Main","Satellite","Lunch",0.140294556536554,10.5521527214029,8.49,0.841767339219324,63.3129163284171,50.94
"1499","26-Nov","Pizza Cheese",6,"Italian","Fall 2024","Multimodal","Pizza","Main","Satellite","Lunch",NA,NA,NA,NA,NA,NA
"1500","26-Nov","Add Extra Meat",2,"Italian","Fall 2024","Multimodal","Pasta","Modification","Satellite","Lunch",NA,NA,NA,NA,NA,NA
"1501","26-Nov","Burrito Bowl BYO",42,"Mexican","Fall 2024","Multimodal","Wrap","Main","Satellite","Lunch",NA,NA,NA,NA,NA,NA
"1502","26-Nov","Single Taco",3,"Mexican","Fall 2024","Multimodal","Wrap","Main","Satellite","Lunch",NA,NA,NA,NA,NA,NA
"1503","26-Nov","Add Extra Toppings Una Mano",2,"Mexican","Fall 2024","Multimodal","Wrap","Modification","Satellite","Lunch",NA,NA,NA,NA,NA,NA
"1504","26-Nov","Salad by the Pound",31,"Salad Bar","Fall 2024","Multimodal","Salad Bar","Main","Satellite","Lunch",NA,NA,NA,NA,NA,NA
"1505","26-Nov","Add Extra Protein 2.99",2,"Salad Bar","Fall 2024","Multimodal","Salad Bar","Modification","Satellite","Lunch",NA,NA,NA,NA,NA,NA
"1506","26-Nov","Soup 12 oz",25,"Soup","Fall 2024","Multimodal","Soup","Main","Satellite","Lunch",NA,NA,NA,NA,NA,NA
"1507","26-Nov","8 oz Soup",24,"Soup","Fall 2024","Multimodal","Soup","Main","Satellite","Lunch",NA,NA,NA,NA,NA,NA
"1508","26-Nov","Side Potato Tots",12,"Grab N Go","Fall 2024","Multimodal","Grab N Go","Side","Satellite","Lunch",NA,NA,NA,NA,NA,NA
"1509","2-Dec","Quesadilla Deluxe Trillium",144,"Grill","Fall 2024","Multimodal","Quesadilla","Main","Satellite","Lunch",NA,NA,NA,NA,NA,NA
"1510","2-Dec","Grilled Hamburger",97,"Grill","Fall 2024","Multimodal","Grill","Main","Treatment","Lunch",3.88121217461521,88.8793607464882,8.99,376.477580937675,8621.29799240935,872.03
"1511","2-Dec","Burrito Una Mano Trillium BYO",48,"Grill","Fall 2024","Multimodal","Quesadilla","Main","Satellite","Lunch",NA,NA,NA,NA,NA,NA
"1512","2-Dec","Fried Chicken Tenders",60,"Grab N Go","Fall 2024","Multimodal","Grab N Go","Side","Satellite","Lunch",NA,NA,NA,NA,NA,NA
"1513","2-Dec","French Fries",101,"Grill","Fall 2024","Multimodal","Grill","Side","Treatment","Lunch",0.040840402892853,2.72997334161235,2.99,4.12488069217815,275.727307502847,301.99
"1514","2-Dec","Quesadilla Cheese",16,"Grill","Fall 2024","Multimodal","Quesadilla","Main","Satellite","Lunch",NA,NA,NA,NA,NA,NA
"1515","2-Dec","Seared Salmon Burger",9,"Grill","Fall 2024","Multimodal","Grill","Main","Treatment","Lunch",0.447926073918026,44.697222176261,8.49,4.03133466526223,402.274999586349,76.41
"1516","2-Dec","Sweet Potato Fries",23,"Grill","Fall 2024","Multimodal","Grill","Side","Treatment","Lunch",0.0422551714366103,3.97622481710592,2.99,0.971868943042037,91.4531707934362,68.77
"1517","2-Dec","+ Beef Patty",19,"Grill","Fall 2024","Multimodal","Grill","Modification","Treatment","Lunch",3.806907508554,79.8564119237622,2.99,72.331242662526,1517.27182655148,56.81
"1518","2-Dec","Black Bean Burger",6,"Grill","Fall 2024","Multimodal","Grill","Main","Treatment","Lunch",0.110944712328442,54.9888227801748,8.69,0.66566827397065,329.932936681049,52.14
"1519","2-Dec","Grilled Chicken Breast Sandwich",6,"Grill","Fall 2024","Multimodal","Grill","Main","Treatment","Lunch",0.301553745597932,69.470648861248,8.49,1.80932247358759,416.823893167488,50.94
"1520","2-Dec","ADD Chicken Breast",8,"Grill","Fall 2024","Multimodal","Grill","Modification","Treatment","Lunch",0.227249079536725,60.447700038522,2.99,1.8179926362938,483.581600308176,23.92
"1521","2-Dec","ADD Cheese",10,"Grill","Fall 2024","Multimodal","Grill","Modification","Treatment","Lunch",0.183611306606629,3.19881943989712,1.99,1.83611306606629,31.9881943989712,19.9
"1522","2-Dec","Add Sausage 2 Patty",2,"Grill","Fall 2024","Multimodal","Grill","Modification","Treatment","Lunch",0.168918026814813,34.6406776822533,1.99,0.337836053629626,69.2813553645066,3.98
"1523","2-Dec","1 Entree + 1 Side",169,"Asian","Fall 2024","Multimodal","Wok","Main","Satellite","Lunch",NA,NA,NA,NA,NA,NA
"1524","2-Dec","Bowl Ramen Chicken",89,"Asian","Fall 2024","Multimodal","Ramen","Main","Treatment","Lunch",0.379685915053077,104.607642341871,9.49,33.7920464397238,9310.08016842656,844.61
"1525","2-Dec","1 Entree + 2 Side",69,"Asian","Fall 2024","Multimodal","Wok","Main","Satellite","Lunch",NA,NA,NA,NA,NA,NA
"1526","2-Dec","2 Entrees + 2 Sides",16,"Asian","Fall 2024","Multimodal","Wok","Main","Satellite","Lunch",NA,NA,NA,NA,NA,NA
"1527","2-Dec","Bowl Ramen Tofu",19,"Asian","Fall 2024","Multimodal","Ramen","Main","Treatment","Lunch",0.306509419979168,91.9886822989085,9.49,5.82367897960419,1747.78496367926,180.31
"1528","2-Dec","1 Wok Entree",9,"Asian","Fall 2024","Multimodal","Wok","Main","Satellite","Lunch",NA,NA,NA,NA,NA,NA
"1529","2-Dec","Bowl Ramen Chicken",5,"Asian","Fall 2024","Multimodal","Ramen","Main","Treatment","Lunch",0.379685915053077,104.607642341871,9.49,1.89842957526538,523.038211709357,47.45
"1530","2-Dec","Side Vegetarian Lo Mein",9,"Asian","Fall 2024","Multimodal","Wok","Side","Satellite","Lunch",NA,NA,NA,NA,NA,NA
"1531","2-Dec","Side White or Brown Rice",9,"Asian","Fall 2024","Multimodal","Wok","Side","Satellite","Lunch",NA,NA,NA,NA,NA,NA
"1532","2-Dec","Side Vegetables",1,"Asian","Fall 2024","Multimodal","Wok","Side","Satellite","Lunch",NA,NA,NA,NA,NA,NA
"1533","2-Dec","Create Your Pasta Bowl MEAT",128,"Italian","Fall 2024","Multimodal","Pasta","Main","Satellite","Lunch",0.625595496853921,47.8385188473692,8.99,80.0762235973019,6123.33041246326,1150.72
"1534","2-Dec","Create Your Pasta Bowl VEG",24,"Italian","Fall 2024","Multimodal","Pasta","Main","Satellite","Lunch",0.140294556536554,10.5521527214029,8.49,3.3670693568773,253.251665313668,203.76
"1535","2-Dec","Pizza Cheese",32,"Italian","Fall 2024","Multimodal","Pizza","Main","Satellite","Lunch",NA,NA,NA,NA,NA,NA
"1536","2-Dec","Pizza with Toppings",22,"Italian","Fall 2024","Multimodal","Pizza","Main","Satellite","Lunch",NA,NA,NA,NA,NA,NA
"1537","2-Dec","Add Extra Meat",21,"Italian","Fall 2024","Multimodal","Pasta","Modification","Satellite","Lunch",NA,NA,NA,NA,NA,NA
"1538","2-Dec","Side Bread Pasta Station",1,"Italian","Fall 2024","Multimodal","Pasta","Side","Satellite","Lunch",NA,NA,NA,NA,NA,NA
"1539","2-Dec","Burrito Breakfast",79,"Breakfast","Fall 2024","Multimodal","Breakfast","Main","Satellite","Breakfast",NA,NA,NA,NA,NA,NA
"1540","2-Dec","Small French Omelet",44,"Breakfast","Fall 2024","Multimodal","Breakfast","Side","Satellite","Breakfast",NA,NA,NA,NA,NA,NA
"1541","2-Dec","Grand Slam Breakfast",10,"Breakfast","Fall 2024","Multimodal","Breakfast","Main","Satellite","Breakfast",NA,NA,NA,NA,NA,NA
"1542","2-Dec","Egg Cheese Sausage Breakfast San",13,"Breakfast","Fall 2024","Multimodal","Breakfast","Main","Satellite","Breakfast",NA,NA,NA,NA,NA,NA
"1543","2-Dec","Egg Cheese Bacon Breakfast Sandw",11,"Breakfast","Fall 2024","Multimodal","Breakfast","Main","Satellite","Breakfast",NA,NA,NA,NA,NA,NA
"1544","2-Dec","Add Bacon",15,"Breakfast","Fall 2024","Multimodal","Breakfast","Modification","Satellite","Breakfast",NA,NA,NA,NA,NA,NA
"1545","2-Dec","Two Eggs",13,"Breakfast","Fall 2024","Multimodal","Breakfast","Side","Satellite","Breakfast",NA,NA,NA,NA,NA,NA
"1546","2-Dec","Trillium Home Fries",3,"Breakfast","Fall 2024","Multimodal","Breakfast","Side","Satellite","Breakfast",NA,NA,NA,NA,NA,NA
"1547","2-Dec","Pancake Single",3,"Breakfast","Fall 2024","Multimodal","Breakfast","Side","Satellite","Breakfast",NA,NA,NA,NA,NA,NA
"1548","2-Dec","2 Slices Toast",3,"Breakfast","Fall 2024","Multimodal","Breakfast","Side","Satellite","Breakfast",NA,NA,NA,NA,NA,NA
"1549","2-Dec","PC Peanut Butter",1,"Breakfast","Fall 2024","Multimodal","Breakfast","Side","Satellite","Breakfast",NA,NA,NA,NA,NA,NA
"1550","2-Dec","Burrito Bowl BYO",87,"Mexican","Fall 2024","Multimodal","Wrap","Main","Satellite","Lunch",NA,NA,NA,NA,NA,NA
"1551","2-Dec","Single Taco",4,"Mexican","Fall 2024","Multimodal","Wrap","Main","Satellite","Lunch",NA,NA,NA,NA,NA,NA
"1552","2-Dec","Side Guacamole",1,"Mexican","Fall 2024","Multimodal","Wrap","Side","Satellite","Lunch",NA,NA,NA,NA,NA,NA
"1553","2-Dec","Soup 12 oz",56,"Soup","Fall 2024","Multimodal","Soup","Main","Satellite","Lunch",NA,NA,NA,NA,NA,NA
"1554","2-Dec","8 oz Soup",40,"Soup","Fall 2024","Multimodal","Soup","Main","Satellite","Lunch",NA,NA,NA,NA,NA,NA
"1555","2-Dec","Salad by the Pound",51,"Salad Bar","Fall 2024","Multimodal","Salad Bar","Main","Satellite","Lunch",NA,NA,NA,NA,NA,NA
"1556","2-Dec","Add Extra Protein 2.99",1,"Salad Bar","Fall 2024","Multimodal","Salad Bar","Modification","Satellite","Lunch",NA,NA,NA,NA,NA,NA
"1557","2-Dec","Side Potato Tots",13,"Grab N Go","Fall 2024","Multimodal","Grab N Go","Side","Satellite","Lunch",NA,NA,NA,NA,NA,NA
"1558","3-Dec","Quesadilla Deluxe Trillium",184,"Grill","Fall 2024","Multimodal","Quesadilla","Main","Satellite","Lunch",NA,NA,NA,NA,NA,NA
"1559","3-Dec","Grilled Hamburger",97,"Grill","Fall 2024","Multimodal","Grill","Main","Treatment","Lunch",3.88121217461521,88.8793607464882,8.99,376.477580937675,8621.29799240935,872.03
"1560","3-Dec","Fried Chicken Tenders",97,"Grab N Go","Fall 2024","Multimodal","Grab N Go","Side","Satellite","Lunch",NA,NA,NA,NA,NA,NA
"1561","3-Dec","Burrito Una Mano Trillium BYO",64,"Grill","Fall 2024","Multimodal","Quesadilla","Main","Satellite","Lunch",NA,NA,NA,NA,NA,NA
"1562","3-Dec","French Fries",134,"Grill","Fall 2024","Multimodal","Grill","Side","Treatment","Lunch",0.040840402892853,2.72997334161235,2.99,5.4726139876423,365.816427776055,400.66
"1563","3-Dec","Quesadilla Cheese",17,"Grill","Fall 2024","Multimodal","Quesadilla","Main","Satellite","Lunch",NA,NA,NA,NA,NA,NA
"1564","3-Dec","Grilled Chicken Breast Sandwich",14,"Grill","Fall 2024","Multimodal","Grill","Main","Treatment","Lunch",0.301553745597932,69.470648861248,8.49,4.22175243837104,972.589084057471,118.86
"1565","3-Dec","Trillium Grill Impossible Burger",9,"Grill","Fall 2024","Multimodal","Grill","Main","Treatment","Lunch",0.210911088099112,23.2535935181063,10.49,1.89819979289201,209.282341662957,94.41
"1566","3-Dec","Sweet Potato Fries",26,"Grill","Fall 2024","Multimodal","Grill","Side","Treatment","Lunch",0.0422551714366103,3.97622481710592,2.99,1.09863445735187,103.381845244754,77.74
"1567","3-Dec","Seared Salmon Burger",7,"Grill","Fall 2024","Multimodal","Grill","Main","Treatment","Lunch",0.447926073918026,44.697222176261,8.49,3.13548251742618,312.880555233827,59.43
"1568","3-Dec","+ Beef Patty",15,"Grill","Fall 2024","Multimodal","Grill","Modification","Treatment","Lunch",3.806907508554,79.8564119237622,2.99,57.10361262831,1197.84617885643,44.85
"1569","3-Dec","Black Bean Burger",4,"Grill","Fall 2024","Multimodal","Grill","Main","Treatment","Lunch",0.110944712328442,54.9888227801748,8.69,0.443778849313767,219.955291120699,34.76
"1570","3-Dec","ADD Chicken Breast",9,"Grill","Fall 2024","Multimodal","Grill","Modification","Treatment","Lunch",0.227249079536725,60.447700038522,2.99,2.04524171583052,544.029300346698,26.91
"1571","3-Dec","ADD Burger Salmon Grilled",2,"Grill","Fall 2024","Multimodal","Grill","Modification","Treatment","Lunch",0.373621407856819,35.674273353535,2.99,0.747242815713638,71.34854670707,5.98
"1572","3-Dec","ADD Cheese",13,"Grill","Fall 2024","Multimodal","Grill","Modification","Treatment","Lunch",0.183611306606629,3.19881943989712,1.99,2.38694698588618,41.5846527186626,25.87
"1573","3-Dec","Add Egg .99",4,"Grill","Fall 2024","Multimodal","Grill","Modification","Treatment","Lunch",0.0903881853779601,25.3348662383603,0.99,0.36155274151184,101.339464953441,3.96
"1574","3-Dec","1 Entree + 1 Side",199,"Asian","Fall 2024","Multimodal","Wok","Main","Satellite","Lunch",NA,NA,NA,NA,NA,NA
"1575","3-Dec","1 Entree + 2 Side",81,"Asian","Fall 2024","Multimodal","Wok","Main","Satellite","Lunch",NA,NA,NA,NA,NA,NA
"1576","3-Dec","Bowl Ramen Chicken",76,"Asian","Fall 2024","Multimodal","Ramen","Main","Treatment","Lunch",0.379685915053077,104.607642341871,9.49,28.8561295440338,7950.18081798223,721.24
"1577","3-Dec","2 Entrees + 2 Sides",22,"Asian","Fall 2024","Multimodal","Wok","Main","Satellite","Lunch",NA,NA,NA,NA,NA,NA
"1578","3-Dec","Bowl Ramen Tofu",21,"Asian","Fall 2024","Multimodal","Ramen","Main","Treatment","Lunch",0.306509419979168,91.9886822989085,9.49,6.43669781956253,1931.76232827708,199.29
"1579","3-Dec","Side Vegetarian Lo Mein",8,"Asian","Fall 2024","Multimodal","Wok","Side","Satellite","Lunch",NA,NA,NA,NA,NA,NA
"1580","3-Dec","Side Vegetable Spring Rolls",4,"Asian","Fall 2024","Multimodal","Wok","Side","Satellite","Lunch",NA,NA,NA,NA,NA,NA
"1581","3-Dec","Side White or Brown Rice",6,"Asian","Fall 2024","Multimodal","Wok","Side","Satellite","Lunch",NA,NA,NA,NA,NA,NA
"1582","3-Dec","Side Vegetarian Fried Rice with",3,"Asian","Fall 2024","Multimodal","Wok","Side","Satellite","Lunch",NA,NA,NA,NA,NA,NA
"1583","3-Dec","Side Fried Spring Roll",1,"Asian","Fall 2024","Multimodal","Wok","Side","Satellite","Lunch",NA,NA,NA,NA,NA,NA
"1584","3-Dec","Side Vegetables",1,"Asian","Fall 2024","Multimodal","Wok","Side","Satellite","Lunch",NA,NA,NA,NA,NA,NA
"1585","3-Dec","Add Extra Toppings",1,"Asian","Fall 2024","Multimodal","Ramen","Modification","Treatment","Lunch",0.0010464372365658,0.0220745767324265,0.99,0.0010464372365658,0.0220745767324265,0.99
"1586","3-Dec","Create Your Pasta Bowl MEAT",116,"Italian","Fall 2024","Multimodal","Pasta","Main","Satellite","Lunch",0.625595496853921,47.8385188473692,8.99,72.5690776350549,5549.26818629483,1042.84
"1587","3-Dec","Create Your Pasta Bowl VEG",28,"Italian","Fall 2024","Multimodal","Pasta","Main","Satellite","Lunch",0.140294556536554,10.5521527214029,8.49,3.92824758302351,295.46027619928,237.72
"1588","3-Dec","Pizza with Toppings",39,"Italian","Fall 2024","Multimodal","Pizza","Main","Satellite","Lunch",NA,NA,NA,NA,NA,NA
"1589","3-Dec","Pizza Cheese",20,"Italian","Fall 2024","Multimodal","Pizza","Main","Satellite","Lunch",NA,NA,NA,NA,NA,NA
"1590","3-Dec","Add Extra Meat",21,"Italian","Fall 2024","Multimodal","Pasta","Modification","Satellite","Lunch",NA,NA,NA,NA,NA,NA
"1591","3-Dec","Burrito Breakfast",72,"Breakfast","Fall 2024","Multimodal","Breakfast","Main","Satellite","Breakfast",NA,NA,NA,NA,NA,NA
"1592","3-Dec","Small French Omelet",57,"Breakfast","Fall 2024","Multimodal","Breakfast","Side","Satellite","Breakfast",NA,NA,NA,NA,NA,NA
"1593","3-Dec","Egg Cheese Sausage Breakfast San",36,"Breakfast","Fall 2024","Multimodal","Breakfast","Main","Satellite","Breakfast",NA,NA,NA,NA,NA,NA
"1594","3-Dec","Egg Cheese Bacon Breakfast Sandw",33,"Breakfast","Fall 2024","Multimodal","Breakfast","Main","Satellite","Breakfast",NA,NA,NA,NA,NA,NA
"1595","3-Dec","Grand Slam Breakfast",13,"Breakfast","Fall 2024","Multimodal","Breakfast","Main","Satellite","Breakfast",NA,NA,NA,NA,NA,NA
"1596","3-Dec","Add Bacon",22,"Breakfast","Fall 2024","Multimodal","Breakfast","Modification","Satellite","Breakfast",NA,NA,NA,NA,NA,NA
"1597","3-Dec","Two Eggs",11,"Breakfast","Fall 2024","Multimodal","Breakfast","Side","Satellite","Breakfast",NA,NA,NA,NA,NA,NA
"1598","3-Dec","Trillium Home Fries",2,"Breakfast","Fall 2024","Multimodal","Breakfast","Side","Satellite","Breakfast",NA,NA,NA,NA,NA,NA
"1599","3-Dec","Pancake Single",2,"Breakfast","Fall 2024","Multimodal","Breakfast","Side","Satellite","Breakfast",NA,NA,NA,NA,NA,NA
"1600","3-Dec","2 Slices Toast",2,"Breakfast","Fall 2024","Multimodal","Breakfast","Side","Satellite","Breakfast",NA,NA,NA,NA,NA,NA
"1601","3-Dec","Toast",1,"Breakfast","Fall 2024","Multimodal","Breakfast","Side","Satellite","Breakfast",NA,NA,NA,NA,NA,NA
"1602","3-Dec","PC Jelly",1,"Breakfast","Fall 2024","Multimodal","Breakfast","Side","Satellite","Breakfast",NA,NA,NA,NA,NA,NA
"1603","3-Dec","Burrito Bowl BYO",115,"Mexican","Fall 2024","Multimodal","Wrap","Main","Satellite","Lunch",NA,NA,NA,NA,NA,NA
"1604","3-Dec","Single Taco",4,"Mexican","Fall 2024","Multimodal","Wrap","Main","Satellite","Lunch",NA,NA,NA,NA,NA,NA
"1605","3-Dec","Side Guacamole",6,"Mexican","Fall 2024","Multimodal","Wrap","Side","Satellite","Lunch",NA,NA,NA,NA,NA,NA
"1606","3-Dec","Add Extra Toppings Una Mano",3,"Mexican","Fall 2024","Multimodal","Wrap","Modification","Satellite","Lunch",NA,NA,NA,NA,NA,NA
"1607","3-Dec","Side Salsa",1,"Mexican","Fall 2024","Multimodal","Wrap","Side","Satellite","Lunch",NA,NA,NA,NA,NA,NA
"1608","3-Dec","Soup 12 oz",53,"Soup","Fall 2024","Multimodal","Soup","Main","Satellite","Lunch",NA,NA,NA,NA,NA,NA
"1609","3-Dec","8 oz Soup",51,"Soup","Fall 2024","Multimodal","Soup","Main","Satellite","Lunch",NA,NA,NA,NA,NA,NA
"1610","3-Dec","Salad by the Pound",55,"Salad Bar","Fall 2024","Multimodal","Salad Bar","Main","Satellite","Lunch",NA,NA,NA,NA,NA,NA
"1611","3-Dec","Add Extra Protein 2.99",1,"Salad Bar","Fall 2024","Multimodal","Salad Bar","Modification","Satellite","Lunch",NA,NA,NA,NA,NA,NA
"1612","3-Dec","Side Potato Tots",17,"Grab N Go","Fall 2024","Multimodal","Grab N Go","Side","Satellite","Lunch",NA,NA,NA,NA,NA,NA
"1613","4-Dec","Quesadilla Deluxe Trillium",168,"Grill","Fall 2024","Multimodal","Quesadilla","Main","Satellite","Lunch",NA,NA,NA,NA,NA,NA
"1614","4-Dec","Grilled Hamburger",117,"Grill","Fall 2024","Multimodal","Grill","Main","Treatment","Lunch",3.88121217461521,88.8793607464882,8.99,454.101824429979,10398.8852073391,1051.83
"1615","4-Dec","Fried Chicken Tenders",83,"Grab N Go","Fall 2024","Multimodal","Grab N Go","Side","Satellite","Lunch",NA,NA,NA,NA,NA,NA
"1616","4-Dec","Burrito Una Mano Trillium BYO",60,"Grill","Fall 2024","Multimodal","Quesadilla","Main","Satellite","Lunch",NA,NA,NA,NA,NA,NA
"1617","4-Dec","French Fries",126,"Grill","Fall 2024","Multimodal","Grill","Side","Treatment","Lunch",0.040840402892853,2.72997334161235,2.99,5.14589076449948,343.976641043156,376.74
"1618","4-Dec","Grilled Chicken Breast Sandwich",16,"Grill","Fall 2024","Multimodal","Grill","Main","Treatment","Lunch",0.301553745597932,69.470648861248,8.49,4.8248599295669,1111.53038177997,135.84
"1619","4-Dec","Quesadilla Cheese",17,"Grill","Fall 2024","Multimodal","Quesadilla","Main","Satellite","Lunch",NA,NA,NA,NA,NA,NA
"1620","4-Dec","Sweet Potato Fries",28,"Grill","Fall 2024","Multimodal","Grill","Side","Treatment","Lunch",0.0422551714366103,3.97622481710592,2.99,1.18314480022509,111.334294878966,83.72
"1621","4-Dec","Trillium Grill Impossible Burger",7,"Grill","Fall 2024","Multimodal","Grill","Main","Treatment","Lunch",0.210911088099112,23.2535935181063,10.49,1.47637761669378,162.775154626744,73.43
"1622","4-Dec","Seared Salmon Burger",5,"Grill","Fall 2024","Multimodal","Grill","Main","Treatment","Lunch",0.447926073918026,44.697222176261,8.49,2.23963036959013,223.486110881305,42.45
"1623","4-Dec","ADD Chicken Breast",10,"Grill","Fall 2024","Multimodal","Grill","Modification","Treatment","Lunch",0.227249079536725,60.447700038522,2.99,2.27249079536725,604.47700038522,29.9
"1624","4-Dec","+ Beef Patty",7,"Grill","Fall 2024","Multimodal","Grill","Modification","Treatment","Lunch",3.806907508554,79.8564119237622,2.99,26.648352559878,558.994883466335,20.93
"1625","4-Dec","Add Sausage 2 Patty",4,"Grill","Fall 2024","Multimodal","Grill","Modification","Treatment","Lunch",0.168918026814813,34.6406776822533,1.99,0.675672107259252,138.562710729013,7.96
"1626","4-Dec","Black Bean Burger",1,"Grill","Fall 2024","Multimodal","Grill","Main","Treatment","Lunch",0.110944712328442,54.9888227801748,8.69,0.110944712328442,54.9888227801748,8.69
"1627","4-Dec","ADD Cheese",5,"Grill","Fall 2024","Multimodal","Grill","Modification","Treatment","Lunch",0.183611306606629,3.19881943989712,1.99,0.918056533033145,15.9940971994856,9.95
"1628","4-Dec","Add Egg .99",3,"Grill","Fall 2024","Multimodal","Grill","Modification","Treatment","Lunch",0.0903881853779601,25.3348662383603,0.99,0.27116455613388,76.0045987150809,2.97
"1629","4-Dec","1 Entree + 1 Side",202,"Asian","Fall 2024","Multimodal","Wok","Main","Satellite","Lunch",NA,NA,NA,NA,NA,NA
"1630","4-Dec","1 Entree + 2 Side",85,"Asian","Fall 2024","Multimodal","Wok","Main","Satellite","Lunch",NA,NA,NA,NA,NA,NA
"1631","4-Dec","Bowl Ramen Chicken",84,"Asian","Fall 2024","Multimodal","Ramen","Main","Treatment","Lunch",0.379685915053077,104.607642341871,9.49,31.8936168644585,8787.04195671721,797.16
"1632","4-Dec","2 Entrees + 2 Sides",35,"Asian","Fall 2024","Multimodal","Wok","Main","Satellite","Lunch",NA,NA,NA,NA,NA,NA
"1633","4-Dec","Bowl Ramen Tofu",13,"Asian","Fall 2024","Multimodal","Ramen","Main","Treatment","Lunch",0.306509419979168,91.9886822989085,9.49,3.98462245972918,1195.85286988581,123.37
"1634","4-Dec","Side Vegetarian Lo Mein",16,"Asian","Fall 2024","Multimodal","Wok","Side","Satellite","Lunch",NA,NA,NA,NA,NA,NA
"1635","4-Dec","1 Wok Entree",5,"Asian","Fall 2024","Multimodal","Wok","Main","Satellite","Lunch",NA,NA,NA,NA,NA,NA
"1636","4-Dec","Side White or Brown Rice",9,"Asian","Fall 2024","Multimodal","Wok","Side","Satellite","Lunch",NA,NA,NA,NA,NA,NA
"1637","4-Dec","Side Vegetables",2,"Asian","Fall 2024","Multimodal","Wok","Side","Satellite","Lunch",NA,NA,NA,NA,NA,NA
"1638","4-Dec","Side Fried Spring Roll",1,"Asian","Fall 2024","Multimodal","Wok","Side","Satellite","Lunch",NA,NA,NA,NA,NA,NA
"1639","4-Dec","Side Vegetarian Fried Rice with",1,"Asian","Fall 2024","Multimodal","Wok","Side","Satellite","Lunch",NA,NA,NA,NA,NA,NA
"1640","4-Dec","Create Your Pasta Bowl MEAT",142,"Italian","Fall 2024","Multimodal","Pasta","Main","Satellite","Lunch",0.625595496853921,47.8385188473692,8.99,88.8345605532568,6793.06967632643,1276.58
"1641","4-Dec","Create Your Pasta Bowl VEG",27,"Italian","Fall 2024","Multimodal","Pasta","Main","Satellite","Lunch",0.140294556536554,10.5521527214029,8.49,3.78795302648696,284.908123477877,229.23
"1642","4-Dec","Pizza with Toppings",22,"Italian","Fall 2024","Multimodal","Pizza","Main","Satellite","Lunch",NA,NA,NA,NA,NA,NA
"1643","4-Dec","Pizza Cheese",22,"Italian","Fall 2024","Multimodal","Pizza","Main","Satellite","Lunch",NA,NA,NA,NA,NA,NA
"1644","4-Dec","Add Extra Meat",36,"Italian","Fall 2024","Multimodal","Pasta","Modification","Satellite","Lunch",NA,NA,NA,NA,NA,NA
"1645","4-Dec","Side Bread Pasta Station",2,"Italian","Fall 2024","Multimodal","Pasta","Side","Satellite","Lunch",NA,NA,NA,NA,NA,NA
"1646","4-Dec","Burrito Breakfast",91,"Breakfast","Fall 2024","Multimodal","Breakfast","Main","Satellite","Breakfast",NA,NA,NA,NA,NA,NA
"1647","4-Dec","Small French Omelet",58,"Breakfast","Fall 2024","Multimodal","Breakfast","Side","Satellite","Breakfast",NA,NA,NA,NA,NA,NA
"1648","4-Dec","Grand Slam Breakfast",19,"Breakfast","Fall 2024","Multimodal","Breakfast","Main","Satellite","Breakfast",NA,NA,NA,NA,NA,NA
"1649","4-Dec","Egg Cheese Sausage Breakfast San",30,"Breakfast","Fall 2024","Multimodal","Breakfast","Main","Satellite","Breakfast",NA,NA,NA,NA,NA,NA
"1650","4-Dec","Egg Cheese Bacon Breakfast Sandw",28,"Breakfast","Fall 2024","Multimodal","Breakfast","Main","Satellite","Breakfast",NA,NA,NA,NA,NA,NA
"1651","4-Dec","Add Bacon",34,"Breakfast","Fall 2024","Multimodal","Breakfast","Modification","Satellite","Breakfast",NA,NA,NA,NA,NA,NA
"1652","4-Dec","Two Eggs",18,"Breakfast","Fall 2024","Multimodal","Breakfast","Side","Satellite","Breakfast",NA,NA,NA,NA,NA,NA
"1653","4-Dec","Trillium Home Fries",5,"Breakfast","Fall 2024","Multimodal","Breakfast","Side","Satellite","Breakfast",NA,NA,NA,NA,NA,NA
"1654","4-Dec","Pancake Single",2,"Breakfast","Fall 2024","Multimodal","Breakfast","Side","Satellite","Breakfast",NA,NA,NA,NA,NA,NA
"1655","4-Dec","2 Slices Toast",4,"Breakfast","Fall 2024","Multimodal","Breakfast","Side","Satellite","Breakfast",NA,NA,NA,NA,NA,NA
"1656","4-Dec","Toast",1,"Breakfast","Fall 2024","Multimodal","Breakfast","Side","Satellite","Breakfast",NA,NA,NA,NA,NA,NA
"1657","4-Dec","Burrito Bowl BYO",84,"Mexican","Fall 2024","Multimodal","Wrap","Main","Satellite","Lunch",NA,NA,NA,NA,NA,NA
"1658","4-Dec","Single Taco",10,"Mexican","Fall 2024","Multimodal","Wrap","Main","Satellite","Lunch",NA,NA,NA,NA,NA,NA
"1659","4-Dec","Side Guacamole",2,"Mexican","Fall 2024","Multimodal","Wrap","Side","Satellite","Lunch",NA,NA,NA,NA,NA,NA
"1660","4-Dec","Add Extra Toppings Una Mano",2,"Mexican","Fall 2024","Multimodal","Wrap","Modification","Satellite","Lunch",NA,NA,NA,NA,NA,NA
"1661","4-Dec","Soup 12 oz",58,"Soup","Fall 2024","Multimodal","Soup","Main","Satellite","Lunch",NA,NA,NA,NA,NA,NA
"1662","4-Dec","8 oz Soup",59,"Soup","Fall 2024","Multimodal","Soup","Main","Satellite","Lunch",NA,NA,NA,NA,NA,NA
"1663","4-Dec","Salad by the Pound",61,"Salad Bar","Fall 2024","Multimodal","Salad Bar","Main","Satellite","Lunch",NA,NA,NA,NA,NA,NA
"1664","4-Dec","Add Extra Protein 2.99",2,"Salad Bar","Fall 2024","Multimodal","Salad Bar","Modification","Satellite","Lunch",NA,NA,NA,NA,NA,NA
"1665","4-Dec","Side Potato Tots",11,"Grab N Go","Fall 2024","Multimodal","Grab N Go","Side","Satellite","Lunch",NA,NA,NA,NA,NA,NA
"1666","5-Dec","Quesadilla Deluxe Trillium",163,"Grill","Fall 2024","Multimodal","Quesadilla","Main","Satellite","Lunch",NA,NA,NA,NA,NA,NA
"1667","5-Dec","Grilled Hamburger",118,"Grill","Fall 2024","Multimodal","Grill","Main","Treatment","Lunch",3.88121217461521,88.8793607464882,8.99,457.983036604594,10487.7645680856,1060.82
"1668","5-Dec","Fried Chicken Tenders",116,"Grab N Go","Fall 2024","Multimodal","Grab N Go","Side","Satellite","Lunch",NA,NA,NA,NA,NA,NA
"1669","5-Dec","Burrito Una Mano Trillium BYO",82,"Grill","Fall 2024","Multimodal","Quesadilla","Main","Satellite","Lunch",NA,NA,NA,NA,NA,NA
"1670","5-Dec","French Fries",179,"Grill","Fall 2024","Multimodal","Grill","Side","Treatment","Lunch",0.040840402892853,2.72997334161235,2.99,7.31043211782069,488.665228148611,535.21
"1671","5-Dec","Grilled Chicken Breast Sandwich",22,"Grill","Fall 2024","Multimodal","Grill","Main","Treatment","Lunch",0.301553745597932,69.470648861248,8.49,6.6341824031545,1528.35427494746,186.78
"1672","5-Dec","Trillium Grill Impossible Burger",16,"Grill","Fall 2024","Multimodal","Grill","Main","Treatment","Lunch",0.210911088099112,23.2535935181063,10.49,3.37457740958579,372.057496289701,167.84
"1673","5-Dec","Quesadilla Cheese",20,"Grill","Fall 2024","Multimodal","Quesadilla","Main","Satellite","Lunch",NA,NA,NA,NA,NA,NA
"1674","5-Dec","Sweet Potato Fries",42,"Grill","Fall 2024","Multimodal","Grill","Side","Treatment","Lunch",0.0422551714366103,3.97622481710592,2.99,1.77471720033763,167.001442318449,125.58
"1675","5-Dec","Seared Salmon Burger",11,"Grill","Fall 2024","Multimodal","Grill","Main","Treatment","Lunch",0.447926073918026,44.697222176261,8.49,4.92718681309828,491.66944393887,93.39
"1676","5-Dec","Black Bean Burger",6,"Grill","Fall 2024","Multimodal","Grill","Main","Treatment","Lunch",0.110944712328442,54.9888227801748,8.69,0.66566827397065,329.932936681049,52.14
"1677","5-Dec","+ Beef Patty",15,"Grill","Fall 2024","Multimodal","Grill","Modification","Treatment","Lunch",3.806907508554,79.8564119237622,2.99,57.10361262831,1197.84617885643,44.85
"1678","5-Dec","ADD Chicken Breast",4,"Grill","Fall 2024","Multimodal","Grill","Modification","Treatment","Lunch",0.227249079536725,60.447700038522,2.99,0.9089963181469,241.790800154088,11.96
"1679","5-Dec","Add Sausage 2 Patty",3,"Grill","Fall 2024","Multimodal","Grill","Modification","Treatment","Lunch",0.168918026814813,34.6406776822533,1.99,0.506754080444439,103.92203304676,5.97
"1680","5-Dec","ADD Cheese",9,"Grill","Fall 2024","Multimodal","Grill","Modification","Treatment","Lunch",0.183611306606629,3.19881943989712,1.99,1.65250175945966,28.7893749590741,17.91
"1681","5-Dec","Add Egg .99",3,"Grill","Fall 2024","Multimodal","Grill","Modification","Treatment","Lunch",0.0903881853779601,25.3348662383603,0.99,0.27116455613388,76.0045987150809,2.97
"1682","5-Dec","1 Entree + 1 Side",212,"Asian","Fall 2024","Multimodal","Wok","Main","Satellite","Lunch",NA,NA,NA,NA,NA,NA
"1683","5-Dec","1 Entree + 2 Side",85,"Asian","Fall 2024","Multimodal","Wok","Main","Satellite","Lunch",NA,NA,NA,NA,NA,NA
"1684","5-Dec","Bowl Ramen Chicken",70,"Asian","Fall 2024","Multimodal","Ramen","Main","Treatment","Lunch",0.379685915053077,104.607642341871,9.49,26.5780140537154,7322.534963931,664.3
"1685","5-Dec","2 Entrees + 2 Sides",41,"Asian","Fall 2024","Multimodal","Wok","Main","Satellite","Lunch",NA,NA,NA,NA,NA,NA
"1686","5-Dec","Bowl Ramen Tofu",22,"Asian","Fall 2024","Multimodal","Ramen","Main","Treatment","Lunch",0.306509419979168,91.9886822989085,9.49,6.74320723954169,2023.75101057599,208.78
"1687","5-Dec","Side Vegetarian Lo Mein",14,"Asian","Fall 2024","Multimodal","Wok","Side","Satellite","Lunch",NA,NA,NA,NA,NA,NA
"1688","5-Dec","1 Wok Entree",8,"Asian","Fall 2024","Multimodal","Wok","Main","Satellite","Lunch",NA,NA,NA,NA,NA,NA
"1689","5-Dec","Side White or Brown Rice",10,"Asian","Fall 2024","Multimodal","Wok","Side","Satellite","Lunch",NA,NA,NA,NA,NA,NA
"1690","5-Dec","Side Fried Spring Roll",2,"Asian","Fall 2024","Multimodal","Wok","Side","Satellite","Lunch",NA,NA,NA,NA,NA,NA
"1691","5-Dec","Side Vegetables",2,"Asian","Fall 2024","Multimodal","Wok","Side","Satellite","Lunch",NA,NA,NA,NA,NA,NA
"1692","5-Dec","Side Vegetable Spring Rolls",1,"Asian","Fall 2024","Multimodal","Wok","Side","Satellite","Lunch",NA,NA,NA,NA,NA,NA
"1693","5-Dec","Create Your Pasta Bowl MEAT",113,"Italian","Fall 2024","Multimodal","Pasta","Main","Satellite","Lunch",0.625595496853921,47.8385188473692,8.99,70.6922911444931,5405.75262975272,1015.87
"1694","5-Dec","Create Your Pasta Bowl VEG",32,"Italian","Fall 2024","Multimodal","Pasta","Main","Satellite","Lunch",0.140294556536554,10.5521527214029,8.49,4.48942580916973,337.668887084891,271.68
"1695","5-Dec","Pizza with Toppings",37,"Italian","Fall 2024","Multimodal","Pizza","Main","Satellite","Lunch",NA,NA,NA,NA,NA,NA
"1696","5-Dec","Pizza Cheese",23,"Italian","Fall 2024","Multimodal","Pizza","Main","Satellite","Lunch",NA,NA,NA,NA,NA,NA
"1697","5-Dec","Add Extra Meat",23,"Italian","Fall 2024","Multimodal","Pasta","Modification","Satellite","Lunch",NA,NA,NA,NA,NA,NA
"1698","5-Dec","Side Bread Pasta Station",1,"Italian","Fall 2024","Multimodal","Pasta","Side","Satellite","Lunch",NA,NA,NA,NA,NA,NA
"1699","5-Dec","Burrito Breakfast",69,"Breakfast","Fall 2024","Multimodal","Breakfast","Main","Satellite","Breakfast",NA,NA,NA,NA,NA,NA
"1700","5-Dec","Small French Omelet",36,"Breakfast","Fall 2024","Multimodal","Breakfast","Side","Satellite","Breakfast",NA,NA,NA,NA,NA,NA
"1701","5-Dec","Grand Slam Breakfast",18,"Breakfast","Fall 2024","Multimodal","Breakfast","Main","Satellite","Breakfast",NA,NA,NA,NA,NA,NA
"1702","5-Dec","Egg Cheese Sausage Breakfast San",24,"Breakfast","Fall 2024","Multimodal","Breakfast","Main","Satellite","Breakfast",NA,NA,NA,NA,NA,NA
"1703","5-Dec","Egg Cheese Bacon Breakfast Sandw",20,"Breakfast","Fall 2024","Multimodal","Breakfast","Main","Satellite","Breakfast",NA,NA,NA,NA,NA,NA
"1704","5-Dec","Add Bacon",28,"Breakfast","Fall 2024","Multimodal","Breakfast","Modification","Satellite","Breakfast",NA,NA,NA,NA,NA,NA
"1705","5-Dec","Two Eggs",15,"Breakfast","Fall 2024","Multimodal","Breakfast","Side","Satellite","Breakfast",NA,NA,NA,NA,NA,NA
"1706","5-Dec","Trillium Home Fries",2,"Breakfast","Fall 2024","Multimodal","Breakfast","Side","Satellite","Breakfast",NA,NA,NA,NA,NA,NA
"1707","5-Dec","2 Slices Toast",2,"Breakfast","Fall 2024","Multimodal","Breakfast","Side","Satellite","Breakfast",NA,NA,NA,NA,NA,NA
"1708","5-Dec","Toast",1,"Breakfast","Fall 2024","Multimodal","Breakfast","Side","Satellite","Breakfast",NA,NA,NA,NA,NA,NA
"1709","5-Dec","Burrito Bowl BYO",93,"Mexican","Fall 2024","Multimodal","Wrap","Main","Satellite","Lunch",NA,NA,NA,NA,NA,NA
"1710","5-Dec","Single Taco",4,"Mexican","Fall 2024","Multimodal","Wrap","Main","Satellite","Lunch",NA,NA,NA,NA,NA,NA
"1711","5-Dec","Side Guacamole",2,"Mexican","Fall 2024","Multimodal","Wrap","Side","Satellite","Lunch",NA,NA,NA,NA,NA,NA
"1712","5-Dec","Add Extra Toppings Una Mano",2,"Mexican","Fall 2024","Multimodal","Wrap","Modification","Satellite","Lunch",NA,NA,NA,NA,NA,NA
"1713","5-Dec","8 oz Soup",66,"Soup","Fall 2024","Multimodal","Soup","Main","Satellite","Lunch",NA,NA,NA,NA,NA,NA
"1714","5-Dec","Soup 12 oz",36,"Soup","Fall 2024","Multimodal","Soup","Main","Satellite","Lunch",NA,NA,NA,NA,NA,NA
"1715","5-Dec","Salad by the Pound",47,"Salad Bar","Fall 2024","Multimodal","Salad Bar","Main","Satellite","Lunch",NA,NA,NA,NA,NA,NA
"1716","5-Dec","Add Extra Protein 2.99",2,"Salad Bar","Fall 2024","Multimodal","Salad Bar","Modification","Satellite","Lunch",NA,NA,NA,NA,NA,NA
"1717","5-Dec","Side Potato Tots",11,"Grab N Go","Fall 2024","Multimodal","Grab N Go","Side","Satellite","Lunch",NA,NA,NA,NA,NA,NA
"1718","6-Dec","Quesadilla Deluxe Trillium",114,"Grill","Fall 2024","Multimodal","Quesadilla","Main","Satellite","Lunch",NA,NA,NA,NA,NA,NA
"1719","6-Dec","Grilled Hamburger",76,"Grill","Fall 2024","Multimodal","Grill","Main","Treatment","Lunch",3.88121217461521,88.8793607464882,8.99,294.972125270756,6754.8314167331,683.24
"1720","6-Dec","Burrito Una Mano Trillium BYO",50,"Grill","Fall 2024","Multimodal","Quesadilla","Main","Satellite","Lunch",NA,NA,NA,NA,NA,NA
"1721","6-Dec","Fried Chicken Tenders",63,"Grab N Go","Fall 2024","Multimodal","Grab N Go","Side","Satellite","Lunch",NA,NA,NA,NA,NA,NA
"1722","6-Dec","French Fries",113,"Grill","Fall 2024","Multimodal","Grill","Side","Treatment","Lunch",0.040840402892853,2.72997334161235,2.99,4.61496552689239,308.486987602196,337.87
"1723","6-Dec","Quesadilla Cheese",12,"Grill","Fall 2024","Multimodal","Quesadilla","Main","Satellite","Lunch",NA,NA,NA,NA,NA,NA
"1724","6-Dec","Trillium Grill Impossible Burger",8,"Grill","Fall 2024","Multimodal","Grill","Main","Treatment","Lunch",0.210911088099112,23.2535935181063,10.49,1.68728870479289,186.02874814485,83.92
"1725","6-Dec","Grilled Chicken Breast Sandwich",8,"Grill","Fall 2024","Multimodal","Grill","Main","Treatment","Lunch",0.301553745597932,69.470648861248,8.49,2.41242996478345,555.765190889984,67.92
"1726","6-Dec","Seared Salmon Burger",6,"Grill","Fall 2024","Multimodal","Grill","Main","Treatment","Lunch",0.447926073918026,44.697222176261,8.49,2.68755644350815,268.183333057566,50.94
"1727","6-Dec","Black Bean Burger",5,"Grill","Fall 2024","Multimodal","Grill","Main","Treatment","Lunch",0.110944712328442,54.9888227801748,8.69,0.554723561642208,274.944113900874,43.45
"1728","6-Dec","Sweet Potato Fries",7,"Grill","Fall 2024","Multimodal","Grill","Side","Treatment","Lunch",0.0422551714366103,3.97622481710592,2.99,0.295786200056272,27.8335737197414,20.93
"1729","6-Dec","Add Sausage 2 Patty",4,"Grill","Fall 2024","Multimodal","Grill","Modification","Treatment","Lunch",0.168918026814813,34.6406776822533,1.99,0.675672107259252,138.562710729013,7.96
"1730","6-Dec","+ Beef Patty",2,"Grill","Fall 2024","Multimodal","Grill","Modification","Treatment","Lunch",3.806907508554,79.8564119237622,2.99,7.613815017108,159.712823847524,5.98
"1731","6-Dec","ADD Cheese",5,"Grill","Fall 2024","Multimodal","Grill","Modification","Treatment","Lunch",0.183611306606629,3.19881943989712,1.99,0.918056533033145,15.9940971994856,9.95
"1732","6-Dec","Add Egg .99",2,"Grill","Fall 2024","Multimodal","Grill","Modification","Treatment","Lunch",0.0903881853779601,25.3348662383603,0.99,0.18077637075592,50.6697324767206,1.98
"1733","6-Dec","1 Entree + 1 Side",137,"Asian","Fall 2024","Multimodal","Wok","Main","Satellite","Lunch",NA,NA,NA,NA,NA,NA
"1734","6-Dec","1 Entree + 2 Side",61,"Asian","Fall 2024","Multimodal","Wok","Main","Satellite","Lunch",NA,NA,NA,NA,NA,NA
"1735","6-Dec","Bowl Ramen Chicken",58,"Asian","Fall 2024","Multimodal","Ramen","Main","Treatment","Lunch",0.379685915053077,104.607642341871,9.49,22.0217830730785,6067.24325582855,550.42
"1736","6-Dec","2 Entrees + 2 Sides",23,"Asian","Fall 2024","Multimodal","Wok","Main","Satellite","Lunch",NA,NA,NA,NA,NA,NA
"1737","6-Dec","Bowl Ramen Tofu",18,"Asian","Fall 2024","Multimodal","Ramen","Main","Treatment","Lunch",0.306509419979168,91.9886822989085,9.49,5.51716955962502,1655.79628138035,170.82
"1738","6-Dec","1 Wok Entree",5,"Asian","Fall 2024","Multimodal","Wok","Main","Satellite","Lunch",NA,NA,NA,NA,NA,NA
"1739","6-Dec","Side Vegetarian Lo Mein",5,"Asian","Fall 2024","Multimodal","Wok","Side","Satellite","Lunch",NA,NA,NA,NA,NA,NA
"1740","6-Dec","Side Vegetables",1,"Asian","Fall 2024","Multimodal","Wok","Side","Satellite","Lunch",NA,NA,NA,NA,NA,NA
"1741","6-Dec","Side Vegetable Spring Rolls",1,"Asian","Fall 2024","Multimodal","Wok","Side","Satellite","Lunch",NA,NA,NA,NA,NA,NA
"1742","6-Dec","Side Vegetarian Fried Rice with",1,"Asian","Fall 2024","Multimodal","Wok","Side","Satellite","Lunch",NA,NA,NA,NA,NA,NA
"1743","6-Dec","Side White or Brown Rice",1,"Asian","Fall 2024","Multimodal","Wok","Side","Satellite","Lunch",NA,NA,NA,NA,NA,NA
"1744","6-Dec","Burrito Breakfast",72,"Breakfast","Fall 2024","Multimodal","Breakfast","Main","Satellite","Breakfast",NA,NA,NA,NA,NA,NA
"1745","6-Dec","Small French Omelet",49,"Breakfast","Fall 2024","Multimodal","Breakfast","Side","Satellite","Breakfast",NA,NA,NA,NA,NA,NA
"1746","6-Dec","Grand Slam Breakfast",15,"Breakfast","Fall 2024","Multimodal","Breakfast","Main","Satellite","Breakfast",NA,NA,NA,NA,NA,NA
"1747","6-Dec","Egg Cheese Sausage Breakfast San",26,"Breakfast","Fall 2024","Multimodal","Breakfast","Main","Satellite","Breakfast",NA,NA,NA,NA,NA,NA
"1748","6-Dec","Egg Cheese Bacon Breakfast Sandw",20,"Breakfast","Fall 2024","Multimodal","Breakfast","Main","Satellite","Breakfast",NA,NA,NA,NA,NA,NA
"1749","6-Dec","Add Bacon",27,"Breakfast","Fall 2024","Multimodal","Breakfast","Modification","Satellite","Breakfast",NA,NA,NA,NA,NA,NA
"1750","6-Dec","Two Eggs",18,"Breakfast","Fall 2024","Multimodal","Breakfast","Side","Satellite","Breakfast",NA,NA,NA,NA,NA,NA
"1751","6-Dec","Pancake Single",4,"Breakfast","Fall 2024","Multimodal","Breakfast","Side","Satellite","Breakfast",NA,NA,NA,NA,NA,NA
"1752","6-Dec","Trillium Home Fries",3,"Breakfast","Fall 2024","Multimodal","Breakfast","Side","Satellite","Breakfast",NA,NA,NA,NA,NA,NA
"1753","6-Dec","2 Slices Toast",5,"Breakfast","Fall 2024","Multimodal","Breakfast","Side","Satellite","Breakfast",NA,NA,NA,NA,NA,NA
"1754","6-Dec","Toast",1,"Breakfast","Fall 2024","Multimodal","Breakfast","Side","Satellite","Breakfast",NA,NA,NA,NA,NA,NA
"1755","6-Dec","PC Peanut Butter",1,"Breakfast","Fall 2024","Multimodal","Breakfast","Side","Satellite","Breakfast",NA,NA,NA,NA,NA,NA
"1756","6-Dec","Create Your Pasta Bowl MEAT",83,"Italian","Fall 2024","Multimodal","Pasta","Main","Satellite","Lunch",0.625595496853921,47.8385188473692,8.99,51.9244262388755,3970.59706433164,746.17
"1757","6-Dec","Pizza with Toppings",28,"Italian","Fall 2024","Multimodal","Pizza","Main","Satellite","Lunch",NA,NA,NA,NA,NA,NA
"1758","6-Dec","Create Your Pasta Bowl VEG",12,"Italian","Fall 2024","Multimodal","Pasta","Main","Satellite","Lunch",0.140294556536554,10.5521527214029,8.49,1.68353467843865,126.625832656834,101.88
"1759","6-Dec","Pizza Cheese",19,"Italian","Fall 2024","Multimodal","Pizza","Main","Satellite","Lunch",NA,NA,NA,NA,NA,NA
"1760","6-Dec","Add Extra Meat",26,"Italian","Fall 2024","Multimodal","Pasta","Modification","Satellite","Lunch",NA,NA,NA,NA,NA,NA
"1761","6-Dec","Burrito Bowl BYO",66,"Mexican","Fall 2024","Multimodal","Wrap","Main","Satellite","Lunch",NA,NA,NA,NA,NA,NA
"1762","6-Dec","Single Taco",6,"Mexican","Fall 2024","Multimodal","Wrap","Main","Satellite","Lunch",NA,NA,NA,NA,NA,NA
"1763","6-Dec","Soup 12 oz",34,"Soup","Fall 2024","Multimodal","Soup","Main","Satellite","Lunch",NA,NA,NA,NA,NA,NA
"1764","6-Dec","8 oz Soup",30,"Soup","Fall 2024","Multimodal","Soup","Main","Satellite","Lunch",NA,NA,NA,NA,NA,NA
"1765","6-Dec","Salad by the Pound",34,"Salad Bar","Fall 2024","Multimodal","Salad Bar","Main","Satellite","Lunch",NA,NA,NA,NA,NA,NA
"1766","6-Dec","Side Potato Tots",21,"Grab N Go","Fall 2024","Multimodal","Grab N Go","Side","Satellite","Lunch",NA,NA,NA,NA,NA,NA
"1767","9-Dec","Quesadilla Deluxe Trillium",170,"Grill","Fall 2024","Multimodal","Quesadilla","Main","Satellite","Lunch",NA,NA,NA,NA,NA,NA
"1768","9-Dec","Grilled Hamburger",96,"Grill","Fall 2024","Multimodal","Grill","Main","Treatment","Lunch",3.88121217461521,88.8793607464882,8.99,372.59636876306,8532.41863166286,863.04
"1769","9-Dec","Fried Chicken Tenders",78,"Grab N Go","Fall 2024","Multimodal","Grab N Go","Side","Satellite","Lunch",NA,NA,NA,NA,NA,NA
"1770","9-Dec","Burrito Una Mano Trillium BYO",54,"Grill","Fall 2024","Multimodal","Quesadilla","Main","Satellite","Lunch",NA,NA,NA,NA,NA,NA
"1771","9-Dec","French Fries",116,"Grill","Fall 2024","Multimodal","Grill","Side","Treatment","Lunch",0.040840402892853,2.72997334161235,2.99,4.73748673557095,316.676907627033,346.84
"1772","9-Dec","Seared Salmon Burger",12,"Grill","Fall 2024","Multimodal","Grill","Main","Treatment","Lunch",0.447926073918026,44.697222176261,8.49,5.37511288701631,536.366666115131,101.88
"1773","9-Dec","Trillium Grill Impossible Burger",9,"Grill","Fall 2024","Multimodal","Grill","Main","Treatment","Lunch",0.210911088099112,23.2535935181063,10.49,1.89819979289201,209.282341662957,94.41
"1774","9-Dec","Grilled Chicken Breast Sandwich",8,"Grill","Fall 2024","Multimodal","Grill","Main","Treatment","Lunch",0.301553745597932,69.470648861248,8.49,2.41242996478345,555.765190889984,67.92
"1775","9-Dec","Sweet Potato Fries",22,"Grill","Fall 2024","Multimodal","Grill","Side","Treatment","Lunch",0.0422551714366103,3.97622481710592,2.99,0.929613771605427,87.4769459763302,65.78
"1776","9-Dec","Quesadilla Cheese",8,"Grill","Fall 2024","Multimodal","Quesadilla","Main","Satellite","Lunch",NA,NA,NA,NA,NA,NA
"1777","9-Dec","Black Bean Burger",4,"Grill","Fall 2024","Multimodal","Grill","Main","Treatment","Lunch",0.110944712328442,54.9888227801748,8.69,0.443778849313767,219.955291120699,34.76
"1778","9-Dec","+ Beef Patty",8,"Grill","Fall 2024","Multimodal","Grill","Modification","Treatment","Lunch",3.806907508554,79.8564119237622,2.99,30.455260068432,638.851295390098,23.92
"1779","9-Dec","ADD Chicken Breast",6,"Grill","Fall 2024","Multimodal","Grill","Modification","Treatment","Lunch",0.227249079536725,60.447700038522,2.99,1.36349447722035,362.686200231132,17.94
"1780","9-Dec","ADD Cheese",9,"Grill","Fall 2024","Multimodal","Grill","Modification","Treatment","Lunch",0.183611306606629,3.19881943989712,1.99,1.65250175945966,28.7893749590741,17.91
"1781","9-Dec","Add Egg .99",4,"Grill","Fall 2024","Multimodal","Grill","Modification","Treatment","Lunch",0.0903881853779601,25.3348662383603,0.99,0.36155274151184,101.339464953441,3.96
"1782","9-Dec","Add Sausage 2 Patty",1,"Grill","Fall 2024","Multimodal","Grill","Modification","Treatment","Lunch",0.168918026814813,34.6406776822533,1.99,0.168918026814813,34.6406776822533,1.99
"1783","9-Dec","1 Entree + 1 Side",165,"Asian","Fall 2024","Multimodal","Wok","Main","Satellite","Lunch",NA,NA,NA,NA,NA,NA
"1784","9-Dec","1 Entree + 2 Side",59,"Asian","Fall 2024","Multimodal","Wok","Main","Satellite","Lunch",NA,NA,NA,NA,NA,NA
"1785","9-Dec","Bowl Ramen Chicken",57,"Asian","Fall 2024","Multimodal","Ramen","Main","Treatment","Lunch",0.379685915053077,104.607642341871,9.49,21.6420971580254,5962.63561348668,540.93
"1786","9-Dec","2 Entrees + 2 Sides",17,"Asian","Fall 2024","Multimodal","Wok","Main","Satellite","Lunch",NA,NA,NA,NA,NA,NA
"1787","9-Dec","Bowl Ramen Tofu",20,"Asian","Fall 2024","Multimodal","Ramen","Main","Treatment","Lunch",0.306509419979168,91.9886822989085,9.49,6.13018839958336,1839.77364597817,189.8
"1788","9-Dec","Side Vegetarian Lo Mein",11,"Asian","Fall 2024","Multimodal","Wok","Side","Satellite","Lunch",NA,NA,NA,NA,NA,NA
"1789","9-Dec","1 Wok Entree",3,"Asian","Fall 2024","Multimodal","Wok","Main","Satellite","Lunch",NA,NA,NA,NA,NA,NA
"1790","9-Dec","Side White or Brown Rice",7,"Asian","Fall 2024","Multimodal","Wok","Side","Satellite","Lunch",NA,NA,NA,NA,NA,NA
"1791","9-Dec","Side Vegetable Spring Rolls",3,"Asian","Fall 2024","Multimodal","Wok","Side","Satellite","Lunch",NA,NA,NA,NA,NA,NA
"1792","9-Dec","Create Your Pasta Bowl MEAT",108,"Italian","Fall 2024","Multimodal","Pasta","Main","Satellite","Lunch",0.625595496853921,47.8385188473692,8.99,67.5643136602235,5166.56003551587,970.92
"1793","9-Dec","Create Your Pasta Bowl VEG",32,"Italian","Fall 2024","Multimodal","Pasta","Main","Satellite","Lunch",0.140294556536554,10.5521527214029,8.49,4.48942580916973,337.668887084891,271.68
"1794","9-Dec","Pizza with Toppings",28,"Italian","Fall 2024","Multimodal","Pizza","Main","Satellite","Lunch",NA,NA,NA,NA,NA,NA
"1795","9-Dec","Pizza Cheese",17,"Italian","Fall 2024","Multimodal","Pizza","Main","Satellite","Lunch",NA,NA,NA,NA,NA,NA
"1796","9-Dec","Add Extra Meat",28,"Italian","Fall 2024","Multimodal","Pasta","Modification","Satellite","Lunch",NA,NA,NA,NA,NA,NA
"1797","9-Dec","Burrito Breakfast",70,"Breakfast","Fall 2024","Multimodal","Breakfast","Main","Satellite","Breakfast",NA,NA,NA,NA,NA,NA
"1798","9-Dec","Small French Omelet",44,"Breakfast","Fall 2024","Multimodal","Breakfast","Side","Satellite","Breakfast",NA,NA,NA,NA,NA,NA
"1799","9-Dec","Egg Cheese Sausage Breakfast San",25,"Breakfast","Fall 2024","Multimodal","Breakfast","Main","Satellite","Breakfast",NA,NA,NA,NA,NA,NA
"1800","9-Dec","Grand Slam Breakfast",12,"Breakfast","Fall 2024","Multimodal","Breakfast","Main","Satellite","Breakfast",NA,NA,NA,NA,NA,NA
"1801","9-Dec","Egg Cheese Bacon Breakfast Sandw",21,"Breakfast","Fall 2024","Multimodal","Breakfast","Main","Satellite","Breakfast",NA,NA,NA,NA,NA,NA
"1802","9-Dec","Add Bacon",32,"Breakfast","Fall 2024","Multimodal","Breakfast","Modification","Satellite","Breakfast",NA,NA,NA,NA,NA,NA
"1803","9-Dec","Two Eggs",13,"Breakfast","Fall 2024","Multimodal","Breakfast","Side","Satellite","Breakfast",NA,NA,NA,NA,NA,NA
"1804","9-Dec","Pancake Single",6,"Breakfast","Fall 2024","Multimodal","Breakfast","Side","Satellite","Breakfast",NA,NA,NA,NA,NA,NA
"1805","9-Dec","Trillium Home Fries",1,"Breakfast","Fall 2024","Multimodal","Breakfast","Side","Satellite","Breakfast",NA,NA,NA,NA,NA,NA
"1806","9-Dec","2 Slices Toast",3,"Breakfast","Fall 2024","Multimodal","Breakfast","Side","Satellite","Breakfast",NA,NA,NA,NA,NA,NA
"1807","9-Dec","Toast",1,"Breakfast","Fall 2024","Multimodal","Breakfast","Side","Satellite","Breakfast",NA,NA,NA,NA,NA,NA
"1808","9-Dec","Burrito Bowl BYO",93,"Mexican","Fall 2024","Multimodal","Wrap","Main","Satellite","Lunch",NA,NA,NA,NA,NA,NA
"1809","9-Dec","Single Taco",6,"Mexican","Fall 2024","Multimodal","Wrap","Main","Satellite","Lunch",NA,NA,NA,NA,NA,NA
"1810","9-Dec","Soup 12 oz",47,"Soup","Fall 2024","Multimodal","Soup","Main","Satellite","Lunch",NA,NA,NA,NA,NA,NA
"1811","9-Dec","8 oz Soup",32,"Soup","Fall 2024","Multimodal","Soup","Main","Satellite","Lunch",NA,NA,NA,NA,NA,NA
"1812","9-Dec","Salad by the Pound",34,"Salad Bar","Fall 2024","Multimodal","Salad Bar","Main","Satellite","Lunch",NA,NA,NA,NA,NA,NA
"1813","9-Dec","Side Potato Tots",17,"Grab N Go","Fall 2024","Multimodal","Grab N Go","Side","Satellite","Lunch",NA,NA,NA,NA,NA,NA
"1814","10-Dec","Quesadilla Deluxe Trillium",133,"Grill","Fall 2024","Multimodal","Quesadilla","Main","Satellite","Lunch",NA,NA,NA,NA,NA,NA
"1815","10-Dec","Grilled Hamburger",52,"Grill","Fall 2024","Multimodal","Grill","Main","Treatment","Lunch",3.88121217461521,88.8793607464882,8.99,201.823033079991,4621.72675881738,467.48
"1816","10-Dec","Burrito Una Mano Trillium BYO",30,"Grill","Fall 2024","Multimodal","Quesadilla","Main","Satellite","Lunch",NA,NA,NA,NA,NA,NA
"1817","10-Dec","Fried Chicken Tenders",34,"Grab N Go","Fall 2024","Multimodal","Grab N Go","Side","Satellite","Lunch",NA,NA,NA,NA,NA,NA
"1818","10-Dec","French Fries",65,"Grill","Fall 2024","Multimodal","Grill","Side","Treatment","Lunch",0.040840402892853,2.72997334161235,2.99,2.65462618803544,177.448267204803,194.35
"1819","10-Dec","Trillium Grill Impossible Burger",8,"Grill","Fall 2024","Multimodal","Grill","Main","Treatment","Lunch",0.210911088099112,23.2535935181063,10.49,1.68728870479289,186.02874814485,83.92
"1820","10-Dec","Quesadilla Cheese",8,"Grill","Fall 2024","Multimodal","Quesadilla","Main","Satellite","Lunch",NA,NA,NA,NA,NA,NA
"1821","10-Dec","Grilled Chicken Breast Sandwich",6,"Grill","Fall 2024","Multimodal","Grill","Main","Treatment","Lunch",0.301553745597932,69.470648861248,8.49,1.80932247358759,416.823893167488,50.94
"1822","10-Dec","Seared Salmon Burger",6,"Grill","Fall 2024","Multimodal","Grill","Main","Treatment","Lunch",0.447926073918026,44.697222176261,8.49,2.68755644350815,268.183333057566,50.94
"1823","10-Dec","Sweet Potato Fries",12,"Grill","Fall 2024","Multimodal","Grill","Side","Treatment","Lunch",0.0422551714366103,3.97622481710592,2.99,0.507062057239324,47.714697805271,35.88
"1824","10-Dec","+ Beef Patty",4,"Grill","Fall 2024","Multimodal","Grill","Modification","Treatment","Lunch",3.806907508554,79.8564119237622,2.99,15.227630034216,319.425647695049,11.96
"1825","10-Dec","ADD Chicken Breast",1,"Grill","Fall 2024","Multimodal","Grill","Modification","Treatment","Lunch",0.227249079536725,60.447700038522,2.99,0.227249079536725,60.447700038522,2.99
"1826","10-Dec","Add Egg .99",1,"Grill","Fall 2024","Multimodal","Grill","Modification","Treatment","Lunch",0.0903881853779601,25.3348662383603,0.99,0.0903881853779601,25.3348662383603,0.99
"1827","10-Dec","ADD Cheese",1,"Grill","Fall 2024","Multimodal","Grill","Modification","Treatment","Lunch",0.183611306606629,3.19881943989712,1.99,0.183611306606629,3.19881943989712,1.99
"1828","10-Dec","1 Entree + 1 Side",76,"Asian","Fall 2024","Multimodal","Wok","Main","Satellite","Lunch",NA,NA,NA,NA,NA,NA
"1829","10-Dec","Bowl Ramen Chicken",37,"Asian","Fall 2024","Multimodal","Ramen","Main","Treatment","Lunch",0.379685915053077,104.607642341871,9.49,14.0483788569638,3870.48276664925,351.13
"1830","10-Dec","1 Entree + 2 Side",32,"Asian","Fall 2024","Multimodal","Wok","Main","Satellite","Lunch",NA,NA,NA,NA,NA,NA
"1831","10-Dec","2 Entrees + 2 Sides",15,"Asian","Fall 2024","Multimodal","Wok","Main","Satellite","Lunch",NA,NA,NA,NA,NA,NA
"1832","10-Dec","Bowl Ramen Tofu",4,"Asian","Fall 2024","Multimodal","Ramen","Main","Treatment","Lunch",0.306509419979168,91.9886822989085,9.49,1.22603767991667,367.954729195634,37.96
"1833","10-Dec","Side Vegetables",2,"Asian","Fall 2024","Multimodal","Wok","Side","Satellite","Lunch",NA,NA,NA,NA,NA,NA
"1834","10-Dec","Side Vegetable Spring Rolls",1,"Asian","Fall 2024","Multimodal","Wok","Side","Satellite","Lunch",NA,NA,NA,NA,NA,NA
"1835","10-Dec","Side Vegetarian Lo Mein",1,"Asian","Fall 2024","Multimodal","Wok","Side","Satellite","Lunch",NA,NA,NA,NA,NA,NA
"1836","10-Dec","Side White or Brown Rice",1,"Asian","Fall 2024","Multimodal","Wok","Side","Satellite","Lunch",NA,NA,NA,NA,NA,NA
"1837","10-Dec","Create Your Pasta Bowl MEAT",45,"Italian","Fall 2024","Multimodal","Pasta","Main","Satellite","Lunch",0.625595496853921,47.8385188473692,8.99,28.1517973584265,2152.73334813161,404.55
"1838","10-Dec","Pizza with Toppings",22,"Italian","Fall 2024","Multimodal","Pizza","Main","Satellite","Lunch",NA,NA,NA,NA,NA,NA
"1839","10-Dec","Create Your Pasta Bowl VEG",9,"Italian","Fall 2024","Multimodal","Pasta","Main","Satellite","Lunch",0.140294556536554,10.5521527214029,8.49,1.26265100882899,94.9693744926257,76.41
"1840","10-Dec","Pizza Cheese",11,"Italian","Fall 2024","Multimodal","Pizza","Main","Satellite","Lunch",NA,NA,NA,NA,NA,NA
"1841","10-Dec","Add Extra Meat",12,"Italian","Fall 2024","Multimodal","Pasta","Modification","Satellite","Lunch",NA,NA,NA,NA,NA,NA
"1842","10-Dec","Burrito Breakfast",36,"Breakfast","Fall 2024","Multimodal","Breakfast","Main","Satellite","Breakfast",NA,NA,NA,NA,NA,NA
"1843","10-Dec","Small French Omelet",22,"Breakfast","Fall 2024","Multimodal","Breakfast","Side","Satellite","Breakfast",NA,NA,NA,NA,NA,NA
"1844","10-Dec","Grand Slam Breakfast",8,"Breakfast","Fall 2024","Multimodal","Breakfast","Main","Satellite","Breakfast",NA,NA,NA,NA,NA,NA
"1845","10-Dec","Add Bacon",13,"Breakfast","Fall 2024","Multimodal","Breakfast","Modification","Satellite","Breakfast",NA,NA,NA,NA,NA,NA
"1846","10-Dec","Pancake Single",3,"Breakfast","Fall 2024","Multimodal","Breakfast","Side","Satellite","Breakfast",NA,NA,NA,NA,NA,NA
"1847","10-Dec","Egg Cheese Sausage Breakfast San",1,"Breakfast","Fall 2024","Multimodal","Breakfast","Main","Satellite","Breakfast",NA,NA,NA,NA,NA,NA
"1848","10-Dec","Two Eggs",2,"Breakfast","Fall 2024","Multimodal","Breakfast","Side","Satellite","Breakfast",NA,NA,NA,NA,NA,NA
"1849","10-Dec","2 Slices Toast",2,"Breakfast","Fall 2024","Multimodal","Breakfast","Side","Satellite","Breakfast",NA,NA,NA,NA,NA,NA
"1850","10-Dec","Burrito Bowl BYO",40,"Mexican","Fall 2024","Multimodal","Wrap","Main","Satellite","Lunch",NA,NA,NA,NA,NA,NA
"1851","10-Dec","Single Taco",8,"Mexican","Fall 2024","Multimodal","Wrap","Main","Satellite","Lunch",NA,NA,NA,NA,NA,NA
"1852","10-Dec","Side Guacamole",1,"Mexican","Fall 2024","Multimodal","Wrap","Side","Satellite","Lunch",NA,NA,NA,NA,NA,NA
"1853","10-Dec","Add Extra Toppings Una Mano",1,"Mexican","Fall 2024","Multimodal","Wrap","Modification","Satellite","Lunch",NA,NA,NA,NA,NA,NA
"1854","10-Dec","Salad by the Pound",32,"Salad Bar","Fall 2024","Multimodal","Salad Bar","Main","Satellite","Lunch",NA,NA,NA,NA,NA,NA
"1855","10-Dec","8 oz Soup",24,"Soup","Fall 2024","Multimodal","Soup","Main","Satellite","Lunch",NA,NA,NA,NA,NA,NA
"1856","10-Dec","Soup 12 oz",18,"Soup","Fall 2024","Multimodal","Soup","Main","Satellite","Lunch",NA,NA,NA,NA,NA,NA
"1857","10-Dec","Side Potato Tots",6,"Grab N Go","Fall 2024","Multimodal","Grab N Go","Side","Satellite","Lunch",NA,NA,NA,NA,NA,NA
"1858","11-Dec","Quesadilla Deluxe Trillium",111,"Grill","Fall 2024","Multimodal","Quesadilla","Main","Satellite","Lunch",NA,NA,NA,NA,NA,NA
"1859","11-Dec","Grilled Hamburger",47,"Grill","Fall 2024","Multimodal","Grill","Main","Treatment","Lunch",3.88121217461521,88.8793607464882,8.99,182.416972206915,4177.32995508494,422.53
"1860","11-Dec","Burrito Una Mano Trillium BYO",38,"Grill","Fall 2024","Multimodal","Quesadilla","Main","Satellite","Lunch",NA,NA,NA,NA,NA,NA
"1861","11-Dec","French Fries",71,"Grill","Fall 2024","Multimodal","Grill","Side","Treatment","Lunch",0.040840402892853,2.72997334161235,2.99,2.89966860539256,193.828107254477,212.29
"1862","11-Dec","Fried Chicken Tenders",28,"Grab N Go","Fall 2024","Multimodal","Grab N Go","Side","Satellite","Lunch",NA,NA,NA,NA,NA,NA
"1863","11-Dec","Quesadilla Cheese",11,"Grill","Fall 2024","Multimodal","Quesadilla","Main","Satellite","Lunch",NA,NA,NA,NA,NA,NA
"1864","11-Dec","Grilled Chicken Breast Sandwich",8,"Grill","Fall 2024","Multimodal","Grill","Main","Treatment","Lunch",0.301553745597932,69.470648861248,8.49,2.41242996478345,555.765190889984,67.92
"1865","11-Dec","Trillium Grill Impossible Burger",5,"Grill","Fall 2024","Multimodal","Grill","Main","Treatment","Lunch",0.210911088099112,23.2535935181063,10.49,1.05455544049556,116.267967590532,52.45
"1866","11-Dec","Seared Salmon Burger",6,"Grill","Fall 2024","Multimodal","Grill","Main","Treatment","Lunch",0.447926073918026,44.697222176261,8.49,2.68755644350815,268.183333057566,50.94
"1867","11-Dec","Black Bean Burger",2,"Grill","Fall 2024","Multimodal","Grill","Main","Treatment","Lunch",0.110944712328442,54.9888227801748,8.69,0.221889424656883,109.97764556035,17.38
"1868","11-Dec","+ Beef Patty",4,"Grill","Fall 2024","Multimodal","Grill","Modification","Treatment","Lunch",3.806907508554,79.8564119237622,2.99,15.227630034216,319.425647695049,11.96
"1869","11-Dec","ADD Burger Salmon Grilled",2,"Grill","Fall 2024","Multimodal","Grill","Modification","Treatment","Lunch",0.373621407856819,35.674273353535,2.99,0.747242815713638,71.34854670707,5.98
"1870","11-Dec","Add Egg .99",4,"Grill","Fall 2024","Multimodal","Grill","Modification","Treatment","Lunch",0.0903881853779601,25.3348662383603,0.99,0.36155274151184,101.339464953441,3.96
"1871","11-Dec","Add Sausage 2 Patty",1,"Grill","Fall 2024","Multimodal","Grill","Modification","Treatment","Lunch",0.168918026814813,34.6406776822533,1.99,0.168918026814813,34.6406776822533,1.99
"1872","11-Dec","ADD Cheese",3,"Grill","Fall 2024","Multimodal","Grill","Modification","Treatment","Lunch",0.183611306606629,3.19881943989712,1.99,0.550833919819887,9.59645831969137,5.97
"1873","11-Dec","1 Entree + 1 Side",70,"Asian","Fall 2024","Multimodal","Wok","Main","Satellite","Lunch",NA,NA,NA,NA,NA,NA
"1874","11-Dec","Bowl Ramen Chicken",42,"Asian","Fall 2024","Multimodal","Ramen","Main","Treatment","Lunch",0.379685915053077,104.607642341871,9.49,15.9468084322292,4393.5209783586,398.58
"1875","11-Dec","1 Entree + 2 Side",31,"Asian","Fall 2024","Multimodal","Wok","Main","Satellite","Lunch",NA,NA,NA,NA,NA,NA
"1876","11-Dec","2 Entrees + 2 Sides",15,"Asian","Fall 2024","Multimodal","Wok","Main","Satellite","Lunch",NA,NA,NA,NA,NA,NA
"1877","11-Dec","Bowl Ramen Tofu",7,"Asian","Fall 2024","Multimodal","Ramen","Main","Treatment","Lunch",0.306509419979168,91.9886822989085,9.49,2.14556593985418,643.92077609236,66.43
"1878","11-Dec","1 Wok Entree",4,"Asian","Fall 2024","Multimodal","Wok","Main","Satellite","Lunch",NA,NA,NA,NA,NA,NA
"1879","11-Dec","Side Vegetables",5,"Asian","Fall 2024","Multimodal","Wok","Side","Satellite","Lunch",NA,NA,NA,NA,NA,NA
"1880","11-Dec","Side Vegetarian Lo Mein",3,"Asian","Fall 2024","Multimodal","Wok","Side","Satellite","Lunch",NA,NA,NA,NA,NA,NA
"1881","11-Dec","Side White or Brown Rice",5,"Asian","Fall 2024","Multimodal","Wok","Side","Satellite","Lunch",NA,NA,NA,NA,NA,NA
"1882","11-Dec","Side Vegetarian Fried Rice with",2,"Asian","Fall 2024","Multimodal","Wok","Side","Satellite","Lunch",NA,NA,NA,NA,NA,NA
"1883","11-Dec","Side Vegetable Spring Rolls",1,"Asian","Fall 2024","Multimodal","Wok","Side","Satellite","Lunch",NA,NA,NA,NA,NA,NA
"1884","11-Dec","Create Your Pasta Bowl MEAT",41,"Italian","Fall 2024","Multimodal","Pasta","Main","Satellite","Lunch",0.625595496853921,47.8385188473692,8.99,25.6494153710108,1961.37927274214,368.59
"1885","11-Dec","Create Your Pasta Bowl VEG",15,"Italian","Fall 2024","Multimodal","Pasta","Main","Satellite","Lunch",0.140294556536554,10.5521527214029,8.49,2.10441834804831,158.282290821043,127.35
"1886","11-Dec","Pizza with Toppings",17,"Italian","Fall 2024","Multimodal","Pizza","Main","Satellite","Lunch",NA,NA,NA,NA,NA,NA
"1887","11-Dec","Pizza Cheese",6,"Italian","Fall 2024","Multimodal","Pizza","Main","Satellite","Lunch",NA,NA,NA,NA,NA,NA
"1888","11-Dec","Add Extra Meat",5,"Italian","Fall 2024","Multimodal","Pasta","Modification","Satellite","Lunch",NA,NA,NA,NA,NA,NA
"1889","11-Dec","Burrito Breakfast",37,"Breakfast","Fall 2024","Multimodal","Breakfast","Main","Satellite","Breakfast",NA,NA,NA,NA,NA,NA
"1890","11-Dec","Small French Omelet",24,"Breakfast","Fall 2024","Multimodal","Breakfast","Side","Satellite","Breakfast",NA,NA,NA,NA,NA,NA
"1891","11-Dec","Egg Cheese Sausage Breakfast San",9,"Breakfast","Fall 2024","Multimodal","Breakfast","Main","Satellite","Breakfast",NA,NA,NA,NA,NA,NA
"1892","11-Dec","Grand Slam Breakfast",4,"Breakfast","Fall 2024","Multimodal","Breakfast","Main","Satellite","Breakfast",NA,NA,NA,NA,NA,NA
"1893","11-Dec","Add Bacon",6,"Breakfast","Fall 2024","Multimodal","Breakfast","Modification","Satellite","Breakfast",NA,NA,NA,NA,NA,NA
"1894","11-Dec","Egg Cheese Bacon Breakfast Sandw",2,"Breakfast","Fall 2024","Multimodal","Breakfast","Main","Satellite","Breakfast",NA,NA,NA,NA,NA,NA
"1895","11-Dec","Pancake Single",4,"Breakfast","Fall 2024","Multimodal","Breakfast","Side","Satellite","Breakfast",NA,NA,NA,NA,NA,NA
"1896","11-Dec","Two Eggs",3,"Breakfast","Fall 2024","Multimodal","Breakfast","Side","Satellite","Breakfast",NA,NA,NA,NA,NA,NA
"1897","11-Dec","Trillium Home Fries",1,"Breakfast","Fall 2024","Multimodal","Breakfast","Side","Satellite","Breakfast",NA,NA,NA,NA,NA,NA
"1898","11-Dec","Burrito Bowl BYO",49,"Mexican","Fall 2024","Multimodal","Wrap","Main","Satellite","Lunch",NA,NA,NA,NA,NA,NA
"1899","11-Dec","Single Taco",2,"Mexican","Fall 2024","Multimodal","Wrap","Main","Satellite","Lunch",NA,NA,NA,NA,NA,NA
"1900","11-Dec","Side Guacamole",1,"Mexican","Fall 2024","Multimodal","Wrap","Side","Satellite","Lunch",NA,NA,NA,NA,NA,NA
"1901","11-Dec","Salad by the Pound",30,"Salad Bar","Fall 2024","Multimodal","Salad Bar","Main","Satellite","Lunch",NA,NA,NA,NA,NA,NA
"1902","11-Dec","Soup 12 oz",20,"Soup","Fall 2024","Multimodal","Soup","Main","Satellite","Lunch",NA,NA,NA,NA,NA,NA
"1903","11-Dec","8 oz Soup",18,"Soup","Fall 2024","Multimodal","Soup","Main","Satellite","Lunch",NA,NA,NA,NA,NA,NA
"1904","11-Dec","Side Potato Tots",11,"Grab N Go","Fall 2024","Multimodal","Grab N Go","Side","Satellite","Lunch",NA,NA,NA,NA,NA,NA
"1905","12-Dec","Quesadilla Deluxe Trillium",144,"Grill","Fall 2024","Multimodal","Quesadilla","Main","Satellite","Lunch",NA,NA,NA,NA,NA,NA
"1906","12-Dec","Grilled Hamburger",69,"Grill","Fall 2024","Multimodal","Grill","Main","Treatment","Lunch",3.88121217461521,88.8793607464882,8.99,267.803640048449,6132.67589150768,620.31
"1907","12-Dec","Burrito Una Mano Trillium BYO",33,"Grill","Fall 2024","Multimodal","Quesadilla","Main","Satellite","Lunch",NA,NA,NA,NA,NA,NA
"1908","12-Dec","Fried Chicken Tenders",39,"Grab N Go","Fall 2024","Multimodal","Grab N Go","Side","Satellite","Lunch",NA,NA,NA,NA,NA,NA
"1909","12-Dec","French Fries",73,"Grill","Fall 2024","Multimodal","Grill","Side","Treatment","Lunch",0.040840402892853,2.72997334161235,2.99,2.98134941117827,199.288053937702,218.27
"1910","12-Dec","Grilled Chicken Breast Sandwich",13,"Grill","Fall 2024","Multimodal","Grill","Main","Treatment","Lunch",0.301553745597932,69.470648861248,8.49,3.92019869277311,903.118435196224,110.37
"1911","12-Dec","Trillium Grill Impossible Burger",8,"Grill","Fall 2024","Multimodal","Grill","Main","Treatment","Lunch",0.210911088099112,23.2535935181063,10.49,1.68728870479289,186.02874814485,83.92
"1912","12-Dec","Seared Salmon Burger",8,"Grill","Fall 2024","Multimodal","Grill","Main","Treatment","Lunch",0.447926073918026,44.697222176261,8.49,3.5834085913442,357.577777410088,67.92
"1913","12-Dec","Quesadilla Cheese",8,"Grill","Fall 2024","Multimodal","Quesadilla","Main","Satellite","Lunch",NA,NA,NA,NA,NA,NA
"1914","12-Dec","Sweet Potato Fries",15,"Grill","Fall 2024","Multimodal","Grill","Side","Treatment","Lunch",0.0422551714366103,3.97622481710592,2.99,0.633827571549154,59.6433722565888,44.85
"1915","12-Dec","+ Beef Patty",12,"Grill","Fall 2024","Multimodal","Grill","Modification","Treatment","Lunch",3.806907508554,79.8564119237622,2.99,45.682890102648,958.276943085146,35.88
"1916","12-Dec","ADD Chicken Breast",5,"Grill","Fall 2024","Multimodal","Grill","Modification","Treatment","Lunch",0.227249079536725,60.447700038522,2.99,1.13624539768362,302.23850019261,14.95
"1917","12-Dec","Black Bean Burger",1,"Grill","Fall 2024","Multimodal","Grill","Main","Treatment","Lunch",0.110944712328442,54.9888227801748,8.69,0.110944712328442,54.9888227801748,8.69
"1918","12-Dec","ADD Cheese",10,"Grill","Fall 2024","Multimodal","Grill","Modification","Treatment","Lunch",0.183611306606629,3.19881943989712,1.99,1.83611306606629,31.9881943989712,19.9
"1919","12-Dec","ADD Burger Salmon Grilled",1,"Grill","Fall 2024","Multimodal","Grill","Modification","Treatment","Lunch",0.373621407856819,35.674273353535,2.99,0.373621407856819,35.674273353535,2.99
"1920","12-Dec","Add Egg .99",2,"Grill","Fall 2024","Multimodal","Grill","Modification","Treatment","Lunch",0.0903881853779601,25.3348662383603,0.99,0.18077637075592,50.6697324767206,1.98
"1921","12-Dec","1 Entree + 1 Side",83,"Asian","Fall 2024","Multimodal","Wok","Main","Satellite","Lunch",NA,NA,NA,NA,NA,NA
"1922","12-Dec","1 Entree + 2 Side",44,"Asian","Fall 2024","Multimodal","Wok","Main","Satellite","Lunch",NA,NA,NA,NA,NA,NA
"1923","12-Dec","Bowl Ramen Chicken",46,"Asian","Fall 2024","Multimodal","Ramen","Main","Treatment","Lunch",0.379685915053077,104.607642341871,9.49,17.4655520924415,4811.95154772609,436.54
"1924","12-Dec","2 Entrees + 2 Sides",9,"Asian","Fall 2024","Multimodal","Wok","Main","Satellite","Lunch",NA,NA,NA,NA,NA,NA
"1925","12-Dec","Bowl Ramen Tofu",9,"Asian","Fall 2024","Multimodal","Ramen","Main","Treatment","Lunch",0.306509419979168,91.9886822989085,9.49,2.75858477981251,827.898140690177,85.41
"1926","12-Dec","Side Vegetarian Lo Mein",7,"Asian","Fall 2024","Multimodal","Wok","Side","Satellite","Lunch",NA,NA,NA,NA,NA,NA
"1927","12-Dec","1 Wok Entree",4,"Asian","Fall 2024","Multimodal","Wok","Main","Satellite","Lunch",NA,NA,NA,NA,NA,NA
"1928","12-Dec","Side White or Brown Rice",6,"Asian","Fall 2024","Multimodal","Wok","Side","Satellite","Lunch",NA,NA,NA,NA,NA,NA
"1929","12-Dec","Side Vegetarian Fried Rice with",2,"Asian","Fall 2024","Multimodal","Wok","Side","Satellite","Lunch",NA,NA,NA,NA,NA,NA
"1930","12-Dec","Side Fried Spring Roll",1,"Asian","Fall 2024","Multimodal","Wok","Side","Satellite","Lunch",NA,NA,NA,NA,NA,NA
"1931","12-Dec","Side Vegetables",1,"Asian","Fall 2024","Multimodal","Wok","Side","Satellite","Lunch",NA,NA,NA,NA,NA,NA
"1932","12-Dec","Side Vegetable Spring Rolls",1,"Asian","Fall 2024","Multimodal","Wok","Side","Satellite","Lunch",NA,NA,NA,NA,NA,NA
"1933","12-Dec","Small French Omelet",34,"Breakfast","Fall 2024","Multimodal","Breakfast","Side","Satellite","Breakfast",NA,NA,NA,NA,NA,NA
"1934","12-Dec","Burrito Breakfast",36,"Breakfast","Fall 2024","Multimodal","Breakfast","Main","Satellite","Breakfast",NA,NA,NA,NA,NA,NA
"1935","12-Dec","Grand Slam Breakfast",7,"Breakfast","Fall 2024","Multimodal","Breakfast","Main","Satellite","Breakfast",NA,NA,NA,NA,NA,NA
"1936","12-Dec","Egg Cheese Sausage Breakfast San",11,"Breakfast","Fall 2024","Multimodal","Breakfast","Main","Satellite","Breakfast",NA,NA,NA,NA,NA,NA
"1937","12-Dec","Add Bacon",24,"Breakfast","Fall 2024","Multimodal","Breakfast","Modification","Satellite","Breakfast",NA,NA,NA,NA,NA,NA
"1938","12-Dec","Egg Cheese Bacon Breakfast Sandw",8,"Breakfast","Fall 2024","Multimodal","Breakfast","Main","Satellite","Breakfast",NA,NA,NA,NA,NA,NA
"1939","12-Dec","Two Eggs",6,"Breakfast","Fall 2024","Multimodal","Breakfast","Side","Satellite","Breakfast",NA,NA,NA,NA,NA,NA
"1940","12-Dec","Trillium Home Fries",1,"Breakfast","Fall 2024","Multimodal","Breakfast","Side","Satellite","Breakfast",NA,NA,NA,NA,NA,NA
"1941","12-Dec","Pancake Single",1,"Breakfast","Fall 2024","Multimodal","Breakfast","Side","Satellite","Breakfast",NA,NA,NA,NA,NA,NA
"1942","12-Dec","Toast",1,"Breakfast","Fall 2024","Multimodal","Breakfast","Side","Satellite","Breakfast",NA,NA,NA,NA,NA,NA
"1943","12-Dec","PC Jelly",1,"Breakfast","Fall 2024","Multimodal","Breakfast","Side","Satellite","Breakfast",NA,NA,NA,NA,NA,NA
"1944","12-Dec","Create Your Pasta Bowl MEAT",34,"Italian","Fall 2024","Multimodal","Pasta","Main","Satellite","Lunch",0.625595496853921,47.8385188473692,8.99,21.2702468930333,1626.50964081055,305.66
"1945","12-Dec","Create Your Pasta Bowl VEG",14,"Italian","Fall 2024","Multimodal","Pasta","Main","Satellite","Lunch",0.140294556536554,10.5521527214029,8.49,1.96412379151176,147.73013809964,118.86
"1946","12-Dec","Pizza with Toppings",19,"Italian","Fall 2024","Multimodal","Pizza","Main","Satellite","Lunch",NA,NA,NA,NA,NA,NA
"1947","12-Dec","Pizza Cheese",9,"Italian","Fall 2024","Multimodal","Pizza","Main","Satellite","Lunch",NA,NA,NA,NA,NA,NA
"1948","12-Dec","Add Extra Meat",9,"Italian","Fall 2024","Multimodal","Pasta","Modification","Satellite","Lunch",NA,NA,NA,NA,NA,NA
"1949","12-Dec","Burrito Bowl BYO",55,"Mexican","Fall 2024","Multimodal","Wrap","Main","Satellite","Lunch",NA,NA,NA,NA,NA,NA
"1950","12-Dec","Single Taco",11,"Mexican","Fall 2024","Multimodal","Wrap","Main","Satellite","Lunch",NA,NA,NA,NA,NA,NA
"1951","12-Dec","Side Guacamole",3,"Mexican","Fall 2024","Multimodal","Wrap","Side","Satellite","Lunch",NA,NA,NA,NA,NA,NA
"1952","12-Dec","Add Extra Toppings Una Mano",2,"Mexican","Fall 2024","Multimodal","Wrap","Modification","Satellite","Lunch",NA,NA,NA,NA,NA,NA
"1953","12-Dec","Salad by the Pound",38,"Salad Bar","Fall 2024","Multimodal","Salad Bar","Main","Satellite","Lunch",NA,NA,NA,NA,NA,NA
"1954","12-Dec","8 oz Soup",30,"Soup","Fall 2024","Multimodal","Soup","Main","Satellite","Lunch",NA,NA,NA,NA,NA,NA
"1955","12-Dec","Soup 12 oz",18,"Soup","Fall 2024","Multimodal","Soup","Main","Satellite","Lunch",NA,NA,NA,NA,NA,NA
"1956","12-Dec","Side Potato Tots",7,"Grab N Go","Fall 2024","Multimodal","Grab N Go","Side","Satellite","Lunch",NA,NA,NA,NA,NA,NA
"1957","13-Dec","Quesadilla Deluxe Trillium",118,"Grill","Fall 2024","Multimodal","Quesadilla","Main","Satellite","Lunch",NA,NA,NA,NA,NA,NA
"1958","13-Dec","Grilled Hamburger",49,"Grill","Fall 2024","Multimodal","Grill","Main","Treatment","Lunch",3.88121217461521,88.8793607464882,8.99,190.179396556145,4355.08867657792,440.51
"1959","13-Dec","Burrito Una Mano Trillium BYO",43,"Grill","Fall 2024","Multimodal","Quesadilla","Main","Satellite","Lunch",NA,NA,NA,NA,NA,NA
"1960","13-Dec","Fried Chicken Tenders",34,"Grab N Go","Fall 2024","Multimodal","Grab N Go","Side","Satellite","Lunch",NA,NA,NA,NA,NA,NA
"1961","13-Dec","French Fries",84,"Grill","Fall 2024","Multimodal","Grill","Side","Treatment","Lunch",0.040840402892853,2.72997334161235,2.99,3.43059384299965,229.317760695437,251.16
"1962","13-Dec","Grilled Chicken Breast Sandwich",13,"Grill","Fall 2024","Multimodal","Grill","Main","Treatment","Lunch",0.301553745597932,69.470648861248,8.49,3.92019869277311,903.118435196224,110.37
"1963","13-Dec","Quesadilla Cheese",12,"Grill","Fall 2024","Multimodal","Quesadilla","Main","Satellite","Lunch",NA,NA,NA,NA,NA,NA
"1964","13-Dec","+ Beef Patty",9,"Grill","Fall 2024","Multimodal","Grill","Modification","Treatment","Lunch",3.806907508554,79.8564119237622,2.99,34.262167576986,718.70770731386,26.91
"1965","13-Dec","Seared Salmon Burger",2,"Grill","Fall 2024","Multimodal","Grill","Main","Treatment","Lunch",0.447926073918026,44.697222176261,8.49,0.895852147836051,89.3944443525219,16.98
"1966","13-Dec","Trillium Grill Impossible Burger",1,"Grill","Fall 2024","Multimodal","Grill","Main","Treatment","Lunch",0.210911088099112,23.2535935181063,10.49,0.210911088099112,23.2535935181063,10.49
"1967","13-Dec","ADD Chicken Breast",3,"Grill","Fall 2024","Multimodal","Grill","Modification","Treatment","Lunch",0.227249079536725,60.447700038522,2.99,0.681747238610175,181.343100115566,8.97
"1968","13-Dec","Black Bean Burger",1,"Grill","Fall 2024","Multimodal","Grill","Main","Treatment","Lunch",0.110944712328442,54.9888227801748,8.69,0.110944712328442,54.9888227801748,8.69
"1969","13-Dec","Add Sausage 2 Patty",2,"Grill","Fall 2024","Multimodal","Grill","Modification","Treatment","Lunch",0.168918026814813,34.6406776822533,1.99,0.337836053629626,69.2813553645066,3.98
"1970","13-Dec","ADD Cheese",5,"Grill","Fall 2024","Multimodal","Grill","Modification","Treatment","Lunch",0.183611306606629,3.19881943989712,1.99,0.918056533033145,15.9940971994856,9.95
"1971","13-Dec","Add Egg .99",3,"Grill","Fall 2024","Multimodal","Grill","Modification","Treatment","Lunch",0.0903881853779601,25.3348662383603,0.99,0.27116455613388,76.0045987150809,2.97
"1972","13-Dec","1 Entree + 1 Side",87,"Asian","Fall 2024","Multimodal","Wok","Main","Satellite","Lunch",NA,NA,NA,NA,NA,NA
"1973","13-Dec","Bowl Ramen Chicken",50,"Asian","Fall 2024","Multimodal","Ramen","Main","Treatment","Lunch",0.379685915053077,104.607642341871,9.49,18.9842957526538,5230.38211709358,474.5
"1974","13-Dec","1 Entree + 2 Side",44,"Asian","Fall 2024","Multimodal","Wok","Main","Satellite","Lunch",NA,NA,NA,NA,NA,NA
"1975","13-Dec","2 Entrees + 2 Sides",9,"Asian","Fall 2024","Multimodal","Wok","Main","Satellite","Lunch",NA,NA,NA,NA,NA,NA
"1976","13-Dec","Bowl Ramen Tofu",7,"Asian","Fall 2024","Multimodal","Ramen","Main","Treatment","Lunch",0.306509419979168,91.9886822989085,9.49,2.14556593985418,643.92077609236,66.43
"1977","13-Dec","Side Vegetarian Lo Mein",5,"Asian","Fall 2024","Multimodal","Wok","Side","Satellite","Lunch",NA,NA,NA,NA,NA,NA
"1978","13-Dec","Side White or Brown Rice",6,"Asian","Fall 2024","Multimodal","Wok","Side","Satellite","Lunch",NA,NA,NA,NA,NA,NA
"1979","13-Dec","Side Vegetarian Fried Rice with",2,"Asian","Fall 2024","Multimodal","Wok","Side","Satellite","Lunch",NA,NA,NA,NA,NA,NA
"1980","13-Dec","1 Wok Entree",1,"Asian","Fall 2024","Multimodal","Wok","Main","Satellite","Lunch",NA,NA,NA,NA,NA,NA
"1981","13-Dec","Side Vegetables",1,"Asian","Fall 2024","Multimodal","Wok","Side","Satellite","Lunch",NA,NA,NA,NA,NA,NA
"1982","13-Dec","Side Vegetable Spring Rolls",1,"Asian","Fall 2024","Multimodal","Wok","Side","Satellite","Lunch",NA,NA,NA,NA,NA,NA
"1983","13-Dec","Burrito Breakfast",44,"Breakfast","Fall 2024","Multimodal","Breakfast","Main","Satellite","Breakfast",NA,NA,NA,NA,NA,NA
"1984","13-Dec","Small French Omelet",32,"Breakfast","Fall 2024","Multimodal","Breakfast","Side","Satellite","Breakfast",NA,NA,NA,NA,NA,NA
"1985","13-Dec","Grand Slam Breakfast",7,"Breakfast","Fall 2024","Multimodal","Breakfast","Main","Satellite","Breakfast",NA,NA,NA,NA,NA,NA
"1986","13-Dec","Add Bacon",17,"Breakfast","Fall 2024","Multimodal","Breakfast","Modification","Satellite","Breakfast",NA,NA,NA,NA,NA,NA
"1987","13-Dec","Two Eggs",6,"Breakfast","Fall 2024","Multimodal","Breakfast","Side","Satellite","Breakfast",NA,NA,NA,NA,NA,NA
"1988","13-Dec","Pancake Single",3,"Breakfast","Fall 2024","Multimodal","Breakfast","Side","Satellite","Breakfast",NA,NA,NA,NA,NA,NA
"1989","13-Dec","Trillium Home Fries",1,"Breakfast","Fall 2024","Multimodal","Breakfast","Side","Satellite","Breakfast",NA,NA,NA,NA,NA,NA
"1990","13-Dec","2 Slices Toast",1,"Breakfast","Fall 2024","Multimodal","Breakfast","Side","Satellite","Breakfast",NA,NA,NA,NA,NA,NA
"1991","13-Dec","Create Your Pasta Bowl MEAT",45,"Italian","Fall 2024","Multimodal","Pasta","Main","Satellite","Lunch",0.625595496853921,47.8385188473692,8.99,28.1517973584265,2152.73334813161,404.55
"1992","13-Dec","Pizza with Toppings",13,"Italian","Fall 2024","Multimodal","Pizza","Main","Satellite","Lunch",NA,NA,NA,NA,NA,NA
"1993","13-Dec","Pizza Cheese",10,"Italian","Fall 2024","Multimodal","Pizza","Main","Satellite","Lunch",NA,NA,NA,NA,NA,NA
"1994","13-Dec","Create Your Pasta Bowl VEG",5,"Italian","Fall 2024","Multimodal","Pasta","Main","Satellite","Lunch",0.140294556536554,10.5521527214029,8.49,0.70147278268277,52.7607636070143,42.45
"1995","13-Dec","Add Extra Meat",5,"Italian","Fall 2024","Multimodal","Pasta","Modification","Satellite","Lunch",NA,NA,NA,NA,NA,NA
"1996","13-Dec","Burrito Bowl BYO",32,"Mexican","Fall 2024","Multimodal","Wrap","Main","Satellite","Lunch",NA,NA,NA,NA,NA,NA
"1997","13-Dec","Single Taco",3,"Mexican","Fall 2024","Multimodal","Wrap","Main","Satellite","Lunch",NA,NA,NA,NA,NA,NA
"1998","13-Dec","Side Guacamole",1,"Mexican","Fall 2024","Multimodal","Wrap","Side","Satellite","Lunch",NA,NA,NA,NA,NA,NA
"1999","13-Dec","Add Extra Toppings Una Mano",2,"Mexican","Fall 2024","Multimodal","Wrap","Modification","Satellite","Lunch",NA,NA,NA,NA,NA,NA
"2000","13-Dec","8 oz Soup",28,"Soup","Fall 2024","Multimodal","Soup","Main","Satellite","Lunch",NA,NA,NA,NA,NA,NA
"2001","13-Dec","Soup 12 oz",22,"Soup","Fall 2024","Multimodal","Soup","Main","Satellite","Lunch",NA,NA,NA,NA,NA,NA
"2002","13-Dec","Salad by the Pound",25,"Salad Bar","Fall 2024","Multimodal","Salad Bar","Main","Satellite","Lunch",NA,NA,NA,NA,NA,NA
"2003","13-Dec","Side Potato Tots",3,"Grab N Go","Fall 2024","Multimodal","Grab N Go","Side","Satellite","Lunch",NA,NA,NA,NA,NA,NA
"2004","16-Dec","Quesadilla Deluxe Trillium",114,"Grill","Fall 2024","Multimodal","Quesadilla","Main","Satellite","Lunch",NA,NA,NA,NA,NA,NA
"2005","16-Dec","Grilled Hamburger",55,"Grill","Fall 2024","Multimodal","Grill","Main","Treatment","Lunch",3.88121217461521,88.8793607464882,8.99,213.466669603836,4888.36484105685,494.45
"2006","16-Dec","Fried Chicken Tenders",41,"Grab N Go","Fall 2024","Multimodal","Grab N Go","Side","Satellite","Lunch",NA,NA,NA,NA,NA,NA
"2007","16-Dec","Burrito Una Mano Trillium BYO",26,"Grill","Fall 2024","Multimodal","Quesadilla","Main","Satellite","Lunch",NA,NA,NA,NA,NA,NA
"2008","16-Dec","French Fries",71,"Grill","Fall 2024","Multimodal","Grill","Side","Treatment","Lunch",0.040840402892853,2.72997334161235,2.99,2.89966860539256,193.828107254477,212.29
"2009","16-Dec","Quesadilla Cheese",14,"Grill","Fall 2024","Multimodal","Quesadilla","Main","Satellite","Lunch",NA,NA,NA,NA,NA,NA
"2010","16-Dec","Seared Salmon Burger",6,"Grill","Fall 2024","Multimodal","Grill","Main","Treatment","Lunch",0.447926073918026,44.697222176261,8.49,2.68755644350815,268.183333057566,50.94
"2011","16-Dec","Trillium Grill Impossible Burger",4,"Grill","Fall 2024","Multimodal","Grill","Main","Treatment","Lunch",0.210911088099112,23.2535935181063,10.49,0.843644352396447,93.0143740724252,41.96
"2012","16-Dec","Grilled Chicken Breast Sandwich",4,"Grill","Fall 2024","Multimodal","Grill","Main","Treatment","Lunch",0.301553745597932,69.470648861248,8.49,1.20621498239173,277.882595444992,33.96
"2013","16-Dec","Sweet Potato Fries",10,"Grill","Fall 2024","Multimodal","Grill","Side","Treatment","Lunch",0.0422551714366103,3.97622481710592,2.99,0.422551714366103,39.7622481710592,29.9
"2014","16-Dec","+ Beef Patty",6,"Grill","Fall 2024","Multimodal","Grill","Modification","Treatment","Lunch",3.806907508554,79.8564119237622,2.99,22.841445051324,479.138471542573,17.94
"2015","16-Dec","ADD Chicken Breast",3,"Grill","Fall 2024","Multimodal","Grill","Modification","Treatment","Lunch",0.227249079536725,60.447700038522,2.99,0.681747238610175,181.343100115566,8.97
"2016","16-Dec","Black Bean Burger",1,"Grill","Fall 2024","Multimodal","Grill","Main","Treatment","Lunch",0.110944712328442,54.9888227801748,8.69,0.110944712328442,54.9888227801748,8.69
"2017","16-Dec","Add Sausage 2 Patty",2,"Grill","Fall 2024","Multimodal","Grill","Modification","Treatment","Lunch",0.168918026814813,34.6406776822533,1.99,0.337836053629626,69.2813553645066,3.98
"2018","16-Dec","ADD Burger Salmon Grilled",1,"Grill","Fall 2024","Multimodal","Grill","Modification","Treatment","Lunch",0.373621407856819,35.674273353535,2.99,0.373621407856819,35.674273353535,2.99
"2019","16-Dec","Add Egg .99",4,"Grill","Fall 2024","Multimodal","Grill","Modification","Treatment","Lunch",0.0903881853779601,25.3348662383603,0.99,0.36155274151184,101.339464953441,3.96
"2020","16-Dec","ADD Cheese",5,"Grill","Fall 2024","Multimodal","Grill","Modification","Treatment","Lunch",0.183611306606629,3.19881943989712,1.99,0.918056533033145,15.9940971994856,9.95
"2021","16-Dec","1 Entree + 1 Side",65,"Asian","Fall 2024","Multimodal","Wok","Main","Satellite","Lunch",NA,NA,NA,NA,NA,NA
"2022","16-Dec","Bowl Ramen Chicken",40,"Asian","Fall 2024","Multimodal","Ramen","Main","Treatment","Lunch",0.379685915053077,104.607642341871,9.49,15.1874366021231,4184.30569367486,379.6
"2023","16-Dec","1 Entree + 2 Side",33,"Asian","Fall 2024","Multimodal","Wok","Main","Satellite","Lunch",NA,NA,NA,NA,NA,NA
"2024","16-Dec","2 Entrees + 2 Sides",9,"Asian","Fall 2024","Multimodal","Wok","Main","Satellite","Lunch",NA,NA,NA,NA,NA,NA
"2025","16-Dec","Bowl Ramen Tofu",7,"Asian","Fall 2024","Multimodal","Ramen","Main","Treatment","Lunch",0.306509419979168,91.9886822989085,9.49,2.14556593985418,643.92077609236,66.43
"2026","16-Dec","1 Wok Entree",5,"Asian","Fall 2024","Multimodal","Wok","Main","Satellite","Lunch",NA,NA,NA,NA,NA,NA
"2027","16-Dec","Side Vegetarian Lo Mein",6,"Asian","Fall 2024","Multimodal","Wok","Side","Satellite","Lunch",NA,NA,NA,NA,NA,NA
"2028","16-Dec","Side White or Brown Rice",8,"Asian","Fall 2024","Multimodal","Wok","Side","Satellite","Lunch",NA,NA,NA,NA,NA,NA
"2029","16-Dec","Side Vegetables",2,"Asian","Fall 2024","Multimodal","Wok","Side","Satellite","Lunch",NA,NA,NA,NA,NA,NA
"2030","16-Dec","Side Vegetarian Fried Rice with",1,"Asian","Fall 2024","Multimodal","Wok","Side","Satellite","Lunch",NA,NA,NA,NA,NA,NA
"2031","16-Dec","Burrito Breakfast",47,"Breakfast","Fall 2024","Multimodal","Breakfast","Main","Satellite","Breakfast",NA,NA,NA,NA,NA,NA
"2032","16-Dec","Small French Omelet",23,"Breakfast","Fall 2024","Multimodal","Breakfast","Side","Satellite","Breakfast",NA,NA,NA,NA,NA,NA
"2033","16-Dec","Grand Slam Breakfast",8,"Breakfast","Fall 2024","Multimodal","Breakfast","Main","Satellite","Breakfast",NA,NA,NA,NA,NA,NA
"2034","16-Dec","Add Bacon",18,"Breakfast","Fall 2024","Multimodal","Breakfast","Modification","Satellite","Breakfast",NA,NA,NA,NA,NA,NA
"2035","16-Dec","Two Eggs",11,"Breakfast","Fall 2024","Multimodal","Breakfast","Side","Satellite","Breakfast",NA,NA,NA,NA,NA,NA
"2036","16-Dec","Trillium Home Fries",1,"Breakfast","Fall 2024","Multimodal","Breakfast","Side","Satellite","Breakfast",NA,NA,NA,NA,NA,NA
"2037","16-Dec","2 Slices Toast",2,"Breakfast","Fall 2024","Multimodal","Breakfast","Side","Satellite","Breakfast",NA,NA,NA,NA,NA,NA
"2038","16-Dec","Create Your Pasta Bowl MEAT",46,"Italian","Fall 2024","Multimodal","Pasta","Main","Satellite","Lunch",0.625595496853921,47.8385188473692,8.99,28.7773928552804,2200.57186697898,413.54
"2039","16-Dec","Pizza with Toppings",16,"Italian","Fall 2024","Multimodal","Pizza","Main","Satellite","Lunch",NA,NA,NA,NA,NA,NA
"2040","16-Dec","Create Your Pasta Bowl VEG",7,"Italian","Fall 2024","Multimodal","Pasta","Main","Satellite","Lunch",0.140294556536554,10.5521527214029,8.49,0.982061895755878,73.86506904982,59.43
"2041","16-Dec","Pizza Cheese",8,"Italian","Fall 2024","Multimodal","Pizza","Main","Satellite","Lunch",NA,NA,NA,NA,NA,NA
"2042","16-Dec","Add Extra Meat",9,"Italian","Fall 2024","Multimodal","Pasta","Modification","Satellite","Lunch",NA,NA,NA,NA,NA,NA
"2043","16-Dec","Burrito Bowl BYO",32,"Mexican","Fall 2024","Multimodal","Wrap","Main","Satellite","Lunch",NA,NA,NA,NA,NA,NA
"2044","16-Dec","Salad by the Pound",26,"Salad Bar","Fall 2024","Multimodal","Salad Bar","Main","Satellite","Lunch",NA,NA,NA,NA,NA,NA
"2045","16-Dec","8 oz Soup",18,"Soup","Fall 2024","Multimodal","Soup","Main","Satellite","Lunch",NA,NA,NA,NA,NA,NA
"2046","16-Dec","Soup 12 oz",15,"Soup","Fall 2024","Multimodal","Soup","Main","Satellite","Lunch",NA,NA,NA,NA,NA,NA
"2047","16-Dec","Side Potato Tots",10,"Grab N Go","Fall 2024","Multimodal","Grab N Go","Side","Satellite","Lunch",NA,NA,NA,NA,NA,NA
"2048","17-Dec","Quesadilla Deluxe Trillium",104,"Grill","Fall 2024","Multimodal","Quesadilla","Main","Satellite","Lunch",NA,NA,NA,NA,NA,NA
"2049","17-Dec","Grilled Hamburger",61,"Grill","Fall 2024","Multimodal","Grill","Main","Treatment","Lunch",3.88121217461521,88.8793607464882,8.99,236.753942651528,5421.64100553578,548.39
"2050","17-Dec","Burrito Una Mano Trillium BYO",23,"Grill","Fall 2024","Multimodal","Quesadilla","Main","Satellite","Lunch",NA,NA,NA,NA,NA,NA
"2051","17-Dec","French Fries",64,"Grill","Fall 2024","Multimodal","Grill","Side","Treatment","Lunch",0.040840402892853,2.72997334161235,2.99,2.61378578514259,174.71829386319,191.36
"2052","17-Dec","Fried Chicken Tenders",25,"Grab N Go","Fall 2024","Multimodal","Grab N Go","Side","Satellite","Lunch",NA,NA,NA,NA,NA,NA
"2053","17-Dec","Quesadilla Cheese",12,"Grill","Fall 2024","Multimodal","Quesadilla","Main","Satellite","Lunch",NA,NA,NA,NA,NA,NA
"2054","17-Dec","Grilled Chicken Breast Sandwich",10,"Grill","Fall 2024","Multimodal","Grill","Main","Treatment","Lunch",0.301553745597932,69.470648861248,8.49,3.01553745597932,694.70648861248,84.9
"2055","17-Dec","Trillium Grill Impossible Burger",6,"Grill","Fall 2024","Multimodal","Grill","Main","Treatment","Lunch",0.210911088099112,23.2535935181063,10.49,1.26546652859467,139.521561108638,62.94
"2056","17-Dec","Seared Salmon Burger",7,"Grill","Fall 2024","Multimodal","Grill","Main","Treatment","Lunch",0.447926073918026,44.697222176261,8.49,3.13548251742618,312.880555233827,59.43
"2057","17-Dec","Sweet Potato Fries",13,"Grill","Fall 2024","Multimodal","Grill","Side","Treatment","Lunch",0.0422551714366103,3.97622481710592,2.99,0.549317228675934,51.690922622377,38.87
"2058","17-Dec","Black Bean Burger",3,"Grill","Fall 2024","Multimodal","Grill","Main","Treatment","Lunch",0.110944712328442,54.9888227801748,8.69,0.332834136985325,164.966468340524,26.07
"2059","17-Dec","+ Beef Patty",5,"Grill","Fall 2024","Multimodal","Grill","Modification","Treatment","Lunch",3.806907508554,79.8564119237622,2.99,19.03453754277,399.282059618811,14.95
"2060","17-Dec","ADD Chicken Breast",1,"Grill","Fall 2024","Multimodal","Grill","Modification","Treatment","Lunch",0.227249079536725,60.447700038522,2.99,0.227249079536725,60.447700038522,2.99
"2061","17-Dec","ADD Cheese",5,"Grill","Fall 2024","Multimodal","Grill","Modification","Treatment","Lunch",0.183611306606629,3.19881943989712,1.99,0.918056533033145,15.9940971994856,9.95
"2062","17-Dec","Add Sausage 2 Patty",1,"Grill","Fall 2024","Multimodal","Grill","Modification","Treatment","Lunch",0.168918026814813,34.6406776822533,1.99,0.168918026814813,34.6406776822533,1.99
"2063","17-Dec","1 Entree + 1 Side",62,"Asian","Fall 2024","Multimodal","Wok","Main","Satellite","Lunch",NA,NA,NA,NA,NA,NA
"2064","17-Dec","1 Entree + 2 Side",47,"Asian","Fall 2024","Multimodal","Wok","Main","Satellite","Lunch",NA,NA,NA,NA,NA,NA
"2065","17-Dec","Bowl Ramen Chicken",35,"Asian","Fall 2024","Multimodal","Ramen","Main","Treatment","Lunch",0.379685915053077,104.607642341871,9.49,13.2890070268577,3661.2674819655,332.15
"2066","17-Dec","2 Entrees + 2 Sides",10,"Asian","Fall 2024","Multimodal","Wok","Main","Satellite","Lunch",NA,NA,NA,NA,NA,NA
"2067","17-Dec","Bowl Ramen Tofu",6,"Asian","Fall 2024","Multimodal","Ramen","Main","Treatment","Lunch",0.306509419979168,91.9886822989085,9.49,1.83905651987501,551.932093793451,56.94
"2068","17-Dec","1 Wok Entree",7,"Asian","Fall 2024","Multimodal","Wok","Main","Satellite","Lunch",NA,NA,NA,NA,NA,NA
"2069","17-Dec","Side Vegetarian Lo Mein",3,"Asian","Fall 2024","Multimodal","Wok","Side","Satellite","Lunch",NA,NA,NA,NA,NA,NA
"2070","17-Dec","Side White or Brown Rice",5,"Asian","Fall 2024","Multimodal","Wok","Side","Satellite","Lunch",NA,NA,NA,NA,NA,NA
"2071","17-Dec","Side Vegetable Spring Rolls",2,"Asian","Fall 2024","Multimodal","Wok","Side","Satellite","Lunch",NA,NA,NA,NA,NA,NA
"2072","17-Dec","Burrito Breakfast",39,"Breakfast","Fall 2024","Multimodal","Breakfast","Main","Satellite","Breakfast",NA,NA,NA,NA,NA,NA
"2073","17-Dec","Small French Omelet",18,"Breakfast","Fall 2024","Multimodal","Breakfast","Side","Satellite","Breakfast",NA,NA,NA,NA,NA,NA
"2074","17-Dec","Grand Slam Breakfast",4,"Breakfast","Fall 2024","Multimodal","Breakfast","Main","Satellite","Breakfast",NA,NA,NA,NA,NA,NA
"2075","17-Dec","Add Bacon",15,"Breakfast","Fall 2024","Multimodal","Breakfast","Modification","Satellite","Breakfast",NA,NA,NA,NA,NA,NA
"2076","17-Dec","Two Eggs",6,"Breakfast","Fall 2024","Multimodal","Breakfast","Side","Satellite","Breakfast",NA,NA,NA,NA,NA,NA
"2077","17-Dec","2 Slices Toast",2,"Breakfast","Fall 2024","Multimodal","Breakfast","Side","Satellite","Breakfast",NA,NA,NA,NA,NA,NA
"2078","17-Dec","Create Your Pasta Bowl MEAT",30,"Italian","Fall 2024","Multimodal","Pasta","Main","Satellite","Lunch",0.625595496853921,47.8385188473692,8.99,18.7678649056176,1435.15556542108,269.7
"2079","17-Dec","Pizza with Toppings",16,"Italian","Fall 2024","Multimodal","Pizza","Main","Satellite","Lunch",NA,NA,NA,NA,NA,NA
"2080","17-Dec","Create Your Pasta Bowl VEG",10,"Italian","Fall 2024","Multimodal","Pasta","Main","Satellite","Lunch",0.140294556536554,10.5521527214029,8.49,1.40294556536554,105.521527214029,84.9
"2081","17-Dec","Pizza Cheese",12,"Italian","Fall 2024","Multimodal","Pizza","Main","Satellite","Lunch",NA,NA,NA,NA,NA,NA
"2082","17-Dec","Add Extra Meat",2,"Italian","Fall 2024","Multimodal","Pasta","Modification","Satellite","Lunch",NA,NA,NA,NA,NA,NA
"2083","17-Dec","Burrito Bowl BYO",45,"Mexican","Fall 2024","Multimodal","Wrap","Main","Satellite","Lunch",NA,NA,NA,NA,NA,NA
"2084","17-Dec","Side Guacamole",2,"Mexican","Fall 2024","Multimodal","Wrap","Side","Satellite","Lunch",NA,NA,NA,NA,NA,NA
"2085","17-Dec","Soup 12 oz",25,"Soup","Fall 2024","Multimodal","Soup","Main","Satellite","Lunch",NA,NA,NA,NA,NA,NA
"2086","17-Dec","8 oz Soup",18,"Soup","Fall 2024","Multimodal","Soup","Main","Satellite","Lunch",NA,NA,NA,NA,NA,NA
"2087","17-Dec","Salad by the Pound",24,"Salad Bar","Fall 2024","Multimodal","Salad Bar","Main","Satellite","Lunch",NA,NA,NA,NA,NA,NA
"2088","17-Dec","Side Potato Tots",4,"Grab N Go","Fall 2024","Multimodal","Grab N Go","Side","Satellite","Lunch",NA,NA,NA,NA,NA,NA
"2089","18-Dec","Quesadilla Deluxe Trillium",83,"Grill","Fall 2024","Multimodal","Quesadilla","Main","Satellite","Lunch",NA,NA,NA,NA,NA,NA
"2090","18-Dec","Grilled Hamburger",47,"Grill","Fall 2024","Multimodal","Grill","Main","Treatment","Lunch",3.88121217461521,88.8793607464882,8.99,182.416972206915,4177.32995508494,422.53
"2091","18-Dec","Burrito Una Mano Trillium BYO",21,"Grill","Fall 2024","Multimodal","Quesadilla","Main","Satellite","Lunch",NA,NA,NA,NA,NA,NA
"2092","18-Dec","Fried Chicken Tenders",25,"Grab N Go","Fall 2024","Multimodal","Grab N Go","Side","Satellite","Lunch",NA,NA,NA,NA,NA,NA
"2093","18-Dec","French Fries",61,"Grill","Fall 2024","Multimodal","Grill","Side","Treatment","Lunch",0.040840402892853,2.72997334161235,2.99,2.49126457646403,166.528373838353,182.39
"2094","18-Dec","Grilled Chicken Breast Sandwich",10,"Grill","Fall 2024","Multimodal","Grill","Main","Treatment","Lunch",0.301553745597932,69.470648861248,8.49,3.01553745597932,694.70648861248,84.9
"2095","18-Dec","Trillium Grill Impossible Burger",6,"Grill","Fall 2024","Multimodal","Grill","Main","Treatment","Lunch",0.210911088099112,23.2535935181063,10.49,1.26546652859467,139.521561108638,62.94
"2096","18-Dec","Seared Salmon Burger",7,"Grill","Fall 2024","Multimodal","Grill","Main","Treatment","Lunch",0.447926073918026,44.697222176261,8.49,3.13548251742618,312.880555233827,59.43
"2097","18-Dec","Quesadilla Cheese",7,"Grill","Fall 2024","Multimodal","Quesadilla","Main","Satellite","Lunch",NA,NA,NA,NA,NA,NA
"2098","18-Dec","Sweet Potato Fries",13,"Grill","Fall 2024","Multimodal","Grill","Side","Treatment","Lunch",0.0422551714366103,3.97622481710592,2.99,0.549317228675934,51.690922622377,38.87
"2099","18-Dec","Black Bean Burger",1,"Grill","Fall 2024","Multimodal","Grill","Main","Treatment","Lunch",0.110944712328442,54.9888227801748,8.69,0.110944712328442,54.9888227801748,8.69
"2100","18-Dec","ADD Chicken Breast",2,"Grill","Fall 2024","Multimodal","Grill","Modification","Treatment","Lunch",0.227249079536725,60.447700038522,2.99,0.45449815907345,120.895400077044,5.98
"2101","18-Dec","+ Beef Patty",2,"Grill","Fall 2024","Multimodal","Grill","Modification","Treatment","Lunch",3.806907508554,79.8564119237622,2.99,7.613815017108,159.712823847524,5.98
"2102","18-Dec","Add Egg .99",4,"Grill","Fall 2024","Multimodal","Grill","Modification","Treatment","Lunch",0.0903881853779601,25.3348662383603,0.99,0.36155274151184,101.339464953441,3.96
"2103","18-Dec","Add Sausage 2 Patty",1,"Grill","Fall 2024","Multimodal","Grill","Modification","Treatment","Lunch",0.168918026814813,34.6406776822533,1.99,0.168918026814813,34.6406776822533,1.99
"2104","18-Dec","ADD Cheese",2,"Grill","Fall 2024","Multimodal","Grill","Modification","Treatment","Lunch",0.183611306606629,3.19881943989712,1.99,0.367222613213258,6.39763887979424,3.98
"2105","18-Dec","1 Entree + 1 Side",57,"Asian","Fall 2024","Multimodal","Wok","Main","Satellite","Lunch",NA,NA,NA,NA,NA,NA
"2106","18-Dec","Bowl Ramen Chicken",38,"Asian","Fall 2024","Multimodal","Ramen","Main","Treatment","Lunch",0.379685915053077,104.607642341871,9.49,14.4280647720169,3975.09040899112,360.62
"2107","18-Dec","1 Entree + 2 Side",30,"Asian","Fall 2024","Multimodal","Wok","Main","Satellite","Lunch",NA,NA,NA,NA,NA,NA
"2108","18-Dec","2 Entrees + 2 Sides",9,"Asian","Fall 2024","Multimodal","Wok","Main","Satellite","Lunch",NA,NA,NA,NA,NA,NA
"2109","18-Dec","Bowl Ramen Tofu",7,"Asian","Fall 2024","Multimodal","Ramen","Main","Treatment","Lunch",0.306509419979168,91.9886822989085,9.49,2.14556593985418,643.92077609236,66.43
"2110","18-Dec","Side White or Brown Rice",5,"Asian","Fall 2024","Multimodal","Wok","Side","Satellite","Lunch",NA,NA,NA,NA,NA,NA
"2111","18-Dec","Bowl Ramen Chicken",1,"Asian","Fall 2024","Multimodal","Ramen","Main","Treatment","Lunch",0.379685915053077,104.607642341871,9.49,0.379685915053077,104.607642341871,9.49
"2112","18-Dec","Side Vegetarian Lo Mein",2,"Asian","Fall 2024","Multimodal","Wok","Side","Satellite","Lunch",NA,NA,NA,NA,NA,NA
"2113","18-Dec","Side Vegetarian Fried Rice with",1,"Asian","Fall 2024","Multimodal","Wok","Side","Satellite","Lunch",NA,NA,NA,NA,NA,NA
"2114","18-Dec","Burrito Breakfast",38,"Breakfast","Fall 2024","Multimodal","Breakfast","Main","Satellite","Breakfast",NA,NA,NA,NA,NA,NA
"2115","18-Dec","Small French Omelet",14,"Breakfast","Fall 2024","Multimodal","Breakfast","Side","Satellite","Breakfast",NA,NA,NA,NA,NA,NA
"2116","18-Dec","Grand Slam Breakfast",8,"Breakfast","Fall 2024","Multimodal","Breakfast","Main","Satellite","Breakfast",NA,NA,NA,NA,NA,NA
"2117","18-Dec","Add Bacon",13,"Breakfast","Fall 2024","Multimodal","Breakfast","Modification","Satellite","Breakfast",NA,NA,NA,NA,NA,NA
"2118","18-Dec","Two Eggs",6,"Breakfast","Fall 2024","Multimodal","Breakfast","Side","Satellite","Breakfast",NA,NA,NA,NA,NA,NA
"2119","18-Dec","Pancake Single",2,"Breakfast","Fall 2024","Multimodal","Breakfast","Side","Satellite","Breakfast",NA,NA,NA,NA,NA,NA
"2120","18-Dec","Trillium Home Fries",1,"Breakfast","Fall 2024","Multimodal","Breakfast","Side","Satellite","Breakfast",NA,NA,NA,NA,NA,NA
"2121","18-Dec","2 Slices Toast",1,"Breakfast","Fall 2024","Multimodal","Breakfast","Side","Satellite","Breakfast",NA,NA,NA,NA,NA,NA
"2122","18-Dec","Toast",1,"Breakfast","Fall 2024","Multimodal","Breakfast","Side","Satellite","Breakfast",NA,NA,NA,NA,NA,NA
"2123","18-Dec","Create Your Pasta Bowl MEAT",25,"Italian","Fall 2024","Multimodal","Pasta","Main","Satellite","Lunch",0.625595496853921,47.8385188473692,8.99,15.639887421348,1195.96297118423,224.75
"2124","18-Dec","Pizza with Toppings",19,"Italian","Fall 2024","Multimodal","Pizza","Main","Satellite","Lunch",NA,NA,NA,NA,NA,NA
"2125","18-Dec","Create Your Pasta Bowl VEG",11,"Italian","Fall 2024","Multimodal","Pasta","Main","Satellite","Lunch",0.140294556536554,10.5521527214029,8.49,1.54324012190209,116.073679935431,93.39
"2126","18-Dec","Pizza Cheese",10,"Italian","Fall 2024","Multimodal","Pizza","Main","Satellite","Lunch",NA,NA,NA,NA,NA,NA
"2127","18-Dec","Add Extra Meat",4,"Italian","Fall 2024","Multimodal","Pasta","Modification","Satellite","Lunch",NA,NA,NA,NA,NA,NA
"2128","18-Dec","Burrito Bowl BYO",27,"Mexican","Fall 2024","Multimodal","Wrap","Main","Satellite","Lunch",NA,NA,NA,NA,NA,NA
"2129","18-Dec","Single Taco",3,"Mexican","Fall 2024","Multimodal","Wrap","Main","Satellite","Lunch",NA,NA,NA,NA,NA,NA
"2130","18-Dec","Soup 12 oz",20,"Soup","Fall 2024","Multimodal","Soup","Main","Satellite","Lunch",NA,NA,NA,NA,NA,NA
"2131","18-Dec","8 oz Soup",16,"Soup","Fall 2024","Multimodal","Soup","Main","Satellite","Lunch",NA,NA,NA,NA,NA,NA
"2132","18-Dec","Salad by the Pound",14,"Salad Bar","Fall 2024","Multimodal","Salad Bar","Main","Satellite","Lunch",NA,NA,NA,NA,NA,NA
"2133","18-Dec","Side Potato Tots",7,"Grab N Go","Fall 2024","Multimodal","Grab N Go","Side","Satellite","Lunch",NA,NA,NA,NA,NA,NA
"2134","19-Dec","Quesadilla Deluxe Trillium",59,"Grill","Fall 2024","Multimodal","Quesadilla","Main","Satellite","Lunch",NA,NA,NA,NA,NA,NA
"2135","19-Dec","Grilled Hamburger",33,"Grill","Fall 2024","Multimodal","Grill","Main","Treatment","Lunch",3.88121217461521,88.8793607464882,8.99,128.080001762302,2933.01890463411,296.67
"2136","19-Dec","Burrito Una Mano Trillium BYO",17,"Grill","Fall 2024","Multimodal","Quesadilla","Main","Satellite","Lunch",NA,NA,NA,NA,NA,NA
"2137","19-Dec","French Fries",44,"Grill","Fall 2024","Multimodal","Grill","Side","Treatment","Lunch",0.040840402892853,2.72997334161235,2.99,1.79697772728553,120.118827030943,131.56
"2138","19-Dec","Fried Chicken Tenders",16,"Grab N Go","Fall 2024","Multimodal","Grab N Go","Side","Satellite","Lunch",NA,NA,NA,NA,NA,NA
"2139","19-Dec","Trillium Grill Impossible Burger",7,"Grill","Fall 2024","Multimodal","Grill","Main","Treatment","Lunch",0.210911088099112,23.2535935181063,10.49,1.47637761669378,162.775154626744,73.43
"2140","19-Dec","Grilled Chicken Breast Sandwich",6,"Grill","Fall 2024","Multimodal","Grill","Main","Treatment","Lunch",0.301553745597932,69.470648861248,8.49,1.80932247358759,416.823893167488,50.94
"2141","19-Dec","Quesadilla Cheese",6,"Grill","Fall 2024","Multimodal","Quesadilla","Main","Satellite","Lunch",NA,NA,NA,NA,NA,NA
"2142","19-Dec","Sweet Potato Fries",15,"Grill","Fall 2024","Multimodal","Grill","Side","Treatment","Lunch",0.0422551714366103,3.97622481710592,2.99,0.633827571549154,59.6433722565888,44.85
"2143","19-Dec","Seared Salmon Burger",4,"Grill","Fall 2024","Multimodal","Grill","Main","Treatment","Lunch",0.447926073918026,44.697222176261,8.49,1.7917042956721,178.788888705044,33.96
"2144","19-Dec","ADD Chicken Breast",1,"Grill","Fall 2024","Multimodal","Grill","Modification","Treatment","Lunch",0.227249079536725,60.447700038522,2.99,0.227249079536725,60.447700038522,2.99
"2145","19-Dec","+ Beef Patty",1,"Grill","Fall 2024","Multimodal","Grill","Modification","Treatment","Lunch",3.806907508554,79.8564119237622,2.99,3.806907508554,79.8564119237622,2.99
"2146","19-Dec","Add Egg .99",3,"Grill","Fall 2024","Multimodal","Grill","Modification","Treatment","Lunch",0.0903881853779601,25.3348662383603,0.99,0.27116455613388,76.0045987150809,2.97
"2147","19-Dec","ADD Cheese",2,"Grill","Fall 2024","Multimodal","Grill","Modification","Treatment","Lunch",0.183611306606629,3.19881943989712,1.99,0.367222613213258,6.39763887979424,3.98
"2148","19-Dec","1 Entree + 1 Side",40,"Asian","Fall 2024","Multimodal","Wok","Main","Satellite","Lunch",NA,NA,NA,NA,NA,NA
"2149","19-Dec","1 Entree + 2 Side",23,"Asian","Fall 2024","Multimodal","Wok","Main","Satellite","Lunch",NA,NA,NA,NA,NA,NA
"2150","19-Dec","2 Entrees + 2 Sides",7,"Asian","Fall 2024","Multimodal","Wok","Main","Satellite","Lunch",NA,NA,NA,NA,NA,NA
"2151","19-Dec","Bowl Ramen Chicken",10,"Asian","Fall 2024","Multimodal","Ramen","Main","Treatment","Lunch",0.379685915053077,104.607642341871,9.49,3.79685915053077,1046.07642341871,94.9
"2152","19-Dec","Bowl Ramen Tofu",4,"Asian","Fall 2024","Multimodal","Ramen","Main","Treatment","Lunch",0.306509419979168,91.9886822989085,9.49,1.22603767991667,367.954729195634,37.96
"2153","19-Dec","1 Wok Entree",1,"Asian","Fall 2024","Multimodal","Wok","Main","Satellite","Lunch",NA,NA,NA,NA,NA,NA
"2154","19-Dec","Side Vegetarian Lo Mein",1,"Asian","Fall 2024","Multimodal","Wok","Side","Satellite","Lunch",NA,NA,NA,NA,NA,NA
"2155","19-Dec","Side White or Brown Rice",1,"Asian","Fall 2024","Multimodal","Wok","Side","Satellite","Lunch",NA,NA,NA,NA,NA,NA
"2156","19-Dec","Burrito Breakfast",21,"Breakfast","Fall 2024","Multimodal","Breakfast","Main","Satellite","Breakfast",NA,NA,NA,NA,NA,NA
"2157","19-Dec","Small French Omelet",13,"Breakfast","Fall 2024","Multimodal","Breakfast","Side","Satellite","Breakfast",NA,NA,NA,NA,NA,NA
"2158","19-Dec","Grand Slam Breakfast",6,"Breakfast","Fall 2024","Multimodal","Breakfast","Main","Satellite","Breakfast",NA,NA,NA,NA,NA,NA
"2159","19-Dec","Add Bacon",8,"Breakfast","Fall 2024","Multimodal","Breakfast","Modification","Satellite","Breakfast",NA,NA,NA,NA,NA,NA
"2160","19-Dec","Egg Cheese Bacon Breakfast Sandw",2,"Breakfast","Fall 2024","Multimodal","Breakfast","Main","Satellite","Breakfast",NA,NA,NA,NA,NA,NA
"2161","19-Dec","Two Eggs",3,"Breakfast","Fall 2024","Multimodal","Breakfast","Side","Satellite","Breakfast",NA,NA,NA,NA,NA,NA
"2162","19-Dec","Trillium Home Fries",1,"Breakfast","Fall 2024","Multimodal","Breakfast","Side","Satellite","Breakfast",NA,NA,NA,NA,NA,NA
"2163","19-Dec","2 Slices Toast",1,"Breakfast","Fall 2024","Multimodal","Breakfast","Side","Satellite","Breakfast",NA,NA,NA,NA,NA,NA
"2164","19-Dec","Toast",1,"Breakfast","Fall 2024","Multimodal","Breakfast","Side","Satellite","Breakfast",NA,NA,NA,NA,NA,NA
"2165","19-Dec","Create Your Pasta Bowl MEAT",12,"Italian","Fall 2024","Multimodal","Pasta","Main","Satellite","Lunch",0.625595496853921,47.8385188473692,8.99,7.50714596224706,574.06222616843,107.88
"2166","19-Dec","Pizza with Toppings",13,"Italian","Fall 2024","Multimodal","Pizza","Main","Satellite","Lunch",NA,NA,NA,NA,NA,NA
"2167","19-Dec","Pizza Cheese",11,"Italian","Fall 2024","Multimodal","Pizza","Main","Satellite","Lunch",NA,NA,NA,NA,NA,NA
"2168","19-Dec","Create Your Pasta Bowl VEG",4,"Italian","Fall 2024","Multimodal","Pasta","Main","Satellite","Lunch",0.140294556536554,10.5521527214029,8.49,0.561178226146216,42.2086108856114,33.96
"2169","19-Dec","Add Extra Meat",4,"Italian","Fall 2024","Multimodal","Pasta","Modification","Satellite","Lunch",NA,NA,NA,NA,NA,NA
"2170","19-Dec","Burrito Bowl BYO",26,"Mexican","Fall 2024","Multimodal","Wrap","Main","Satellite","Lunch",NA,NA,NA,NA,NA,NA
"2171","19-Dec","Soup 12 oz",14,"Soup","Fall 2024","Multimodal","Soup","Main","Satellite","Lunch",NA,NA,NA,NA,NA,NA
"2172","19-Dec","8 oz Soup",8,"Soup","Fall 2024","Multimodal","Soup","Main","Satellite","Lunch",NA,NA,NA,NA,NA,NA
"2173","19-Dec","Salad by the Pound",10,"Salad Bar","Fall 2024","Multimodal","Salad Bar","Main","Satellite","Lunch",NA,NA,NA,NA,NA,NA
"2174","19-Dec","Side Potato Tots",3,"Grab N Go","Fall 2024","Multimodal","Grab N Go","Side","Satellite","Lunch",NA,NA,NA,NA,NA,NA
"2175","20-Dec","Quesadilla Deluxe Trillium",40,"Grill","Fall 2024","Multimodal","Quesadilla","Main","Satellite","Lunch",NA,NA,NA,NA,NA,NA
"2176","20-Dec","Grilled Hamburger",24,"Grill","Fall 2024","Multimodal","Grill","Main","Treatment","Lunch",3.88121217461521,88.8793607464882,8.99,93.149092190765,2133.10465791572,215.76
"2177","20-Dec","Burrito Una Mano Trillium BYO",15,"Grill","Fall 2024","Multimodal","Quesadilla","Main","Satellite","Lunch",NA,NA,NA,NA,NA,NA
"2178","20-Dec","French Fries",29,"Grill","Fall 2024","Multimodal","Grill","Side","Treatment","Lunch",0.040840402892853,2.72997334161235,2.99,1.18437168389274,79.1692269067582,86.71
"2179","20-Dec","Seared Salmon Burger",8,"Grill","Fall 2024","Multimodal","Grill","Main","Treatment","Lunch",0.447926073918026,44.697222176261,8.49,3.5834085913442,357.577777410088,67.92
"2180","20-Dec","Fried Chicken Tenders",9,"Grab N Go","Fall 2024","Multimodal","Grab N Go","Side","Satellite","Lunch",NA,NA,NA,NA,NA,NA
"2181","20-Dec","Quesadilla Cheese",6,"Grill","Fall 2024","Multimodal","Quesadilla","Main","Satellite","Lunch",NA,NA,NA,NA,NA,NA
"2182","20-Dec","Sweet Potato Fries",11,"Grill","Fall 2024","Multimodal","Grill","Side","Treatment","Lunch",0.0422551714366103,3.97622481710592,2.99,0.464806885802713,43.7384729881651,32.89
"2183","20-Dec","Trillium Grill Impossible Burger",3,"Grill","Fall 2024","Multimodal","Grill","Main","Treatment","Lunch",0.210911088099112,23.2535935181063,10.49,0.632733264297335,69.7607805543189,31.47
"2184","20-Dec","Grilled Chicken Breast Sandwich",3,"Grill","Fall 2024","Multimodal","Grill","Main","Treatment","Lunch",0.301553745597932,69.470648861248,8.49,0.904661236793795,208.411946583744,25.47
"2185","20-Dec","Black Bean Burger",1,"Grill","Fall 2024","Multimodal","Grill","Main","Treatment","Lunch",0.110944712328442,54.9888227801748,8.69,0.110944712328442,54.9888227801748,8.69
"2186","20-Dec","Add Sausage 2 Patty",3,"Grill","Fall 2024","Multimodal","Grill","Modification","Treatment","Lunch",0.168918026814813,34.6406776822533,1.99,0.506754080444439,103.92203304676,5.97
"2187","20-Dec","+ Beef Patty",2,"Grill","Fall 2024","Multimodal","Grill","Modification","Treatment","Lunch",3.806907508554,79.8564119237622,2.99,7.613815017108,159.712823847524,5.98
"2188","20-Dec","Add Egg .99",1,"Grill","Fall 2024","Multimodal","Grill","Modification","Treatment","Lunch",0.0903881853779601,25.3348662383603,0.99,0.0903881853779601,25.3348662383603,0.99
"2189","20-Dec","Bowl Ramen Chicken",20,"Asian","Fall 2024","Multimodal","Ramen","Main","Treatment","Lunch",0.379685915053077,104.607642341871,9.49,7.59371830106154,2092.15284683743,189.8
"2190","20-Dec","1 Entree + 1 Side",20,"Asian","Fall 2024","Multimodal","Wok","Main","Satellite","Lunch",NA,NA,NA,NA,NA,NA
"2191","20-Dec","1 Entree + 2 Side",15,"Asian","Fall 2024","Multimodal","Wok","Main","Satellite","Lunch",NA,NA,NA,NA,NA,NA
"2192","20-Dec","2 Entrees + 2 Sides",10,"Asian","Fall 2024","Multimodal","Wok","Main","Satellite","Lunch",NA,NA,NA,NA,NA,NA
"2193","20-Dec","Bowl Ramen Tofu",2,"Asian","Fall 2024","Multimodal","Ramen","Main","Treatment","Lunch",0.306509419979168,91.9886822989085,9.49,0.613018839958336,183.977364597817,18.98
"2194","20-Dec","Bowl Ramen Chicken",1,"Asian","Fall 2024","Multimodal","Ramen","Main","Treatment","Lunch",0.379685915053077,104.607642341871,9.49,0.379685915053077,104.607642341871,9.49
"2195","20-Dec","1 Wok Entree",1,"Asian","Fall 2024","Multimodal","Wok","Main","Satellite","Lunch",NA,NA,NA,NA,NA,NA
"2196","20-Dec","Burrito Breakfast",28,"Breakfast","Fall 2024","Multimodal","Breakfast","Main","Satellite","Breakfast",NA,NA,NA,NA,NA,NA
"2197","20-Dec","Grand Slam Breakfast",8,"Breakfast","Fall 2024","Multimodal","Breakfast","Main","Satellite","Breakfast",NA,NA,NA,NA,NA,NA
"2198","20-Dec","Small French Omelet",8,"Breakfast","Fall 2024","Multimodal","Breakfast","Side","Satellite","Breakfast",NA,NA,NA,NA,NA,NA
"2199","20-Dec","Add Bacon",7,"Breakfast","Fall 2024","Multimodal","Breakfast","Modification","Satellite","Breakfast",NA,NA,NA,NA,NA,NA
"2200","20-Dec","Two Eggs",4,"Breakfast","Fall 2024","Multimodal","Breakfast","Side","Satellite","Breakfast",NA,NA,NA,NA,NA,NA
"2201","20-Dec","2 Slices Toast",3,"Breakfast","Fall 2024","Multimodal","Breakfast","Side","Satellite","Breakfast",NA,NA,NA,NA,NA,NA
"2202","20-Dec","Create Your Pasta Bowl MEAT",16,"Italian","Fall 2024","Multimodal","Pasta","Main","Satellite","Lunch",0.625595496853921,47.8385188473692,8.99,10.0095279496627,765.416301557907,143.84
"2203","20-Dec","Create Your Pasta Bowl VEG",5,"Italian","Fall 2024","Multimodal","Pasta","Main","Satellite","Lunch",0.140294556536554,10.5521527214029,8.49,0.70147278268277,52.7607636070143,42.45
"2204","20-Dec","Pizza with Toppings",6,"Italian","Fall 2024","Multimodal","Pizza","Main","Satellite","Lunch",NA,NA,NA,NA,NA,NA
"2205","20-Dec","Pizza Cheese",5,"Italian","Fall 2024","Multimodal","Pizza","Main","Satellite","Lunch",NA,NA,NA,NA,NA,NA
"2206","20-Dec","Add Extra Meat",1,"Italian","Fall 2024","Multimodal","Pasta","Modification","Satellite","Lunch",NA,NA,NA,NA,NA,NA
"2207","20-Dec","Burrito Bowl BYO",14,"Mexican","Fall 2024","Multimodal","Wrap","Main","Satellite","Lunch",NA,NA,NA,NA,NA,NA
"2208","20-Dec","Single Taco",3,"Mexican","Fall 2024","Multimodal","Wrap","Main","Satellite","Lunch",NA,NA,NA,NA,NA,NA
"2209","20-Dec","Side Guacamole",1,"Mexican","Fall 2024","Multimodal","Wrap","Side","Satellite","Lunch",NA,NA,NA,NA,NA,NA
"2210","20-Dec","Add Extra Toppings Una Mano",1,"Mexican","Fall 2024","Multimodal","Wrap","Modification","Satellite","Lunch",NA,NA,NA,NA,NA,NA
"2211","20-Dec","Soup 12 oz",14,"Soup","Fall 2024","Multimodal","Soup","Main","Satellite","Lunch",NA,NA,NA,NA,NA,NA
"2212","20-Dec","8 oz Soup",15,"Soup","Fall 2024","Multimodal","Soup","Main","Satellite","Lunch",NA,NA,NA,NA,NA,NA
"2213","20-Dec","Salad by the Pound",10,"Salad Bar","Fall 2024","Multimodal","Salad Bar","Main","Satellite","Lunch",NA,NA,NA,NA,NA,NA
"2214","20-Dec","Side Potato Tots",7,"Grab N Go","Fall 2024","Multimodal","Grab N Go","Side","Satellite","Lunch",NA,NA,NA,NA,NA,NA
"2215","21-Jan","Quesadilla Deluxe Trillium",160,"Grill","Spring 2025","Control","Quesadilla","Main","Satellite","Lunch",NA,NA,NA,NA,NA,NA
"2216","21-Jan","Grilled Hamburger",94,"Grill","Spring 2025","Control","Grill","Main","Treatment","Lunch",3.88121217461521,88.8793607464882,8.99,364.833944413829,8354.65991016989,845.06
"2217","21-Jan","Fried Chicken Tenders",101,"Grab N Go","Spring 2025","Control","Grab N Go","Side","Satellite","Lunch",NA,NA,NA,NA,NA,NA
"2218","21-Jan","Burrito Una Mano Trillium BYO",66,"Grill","Spring 2025","Control","Quesadilla","Main","Satellite","Lunch",NA,NA,NA,NA,NA,NA
"2219","21-Jan","French Fries",142,"Grill","Spring 2025","Control","Grill","Side","Treatment","Lunch",0.040840402892853,2.72997334161235,2.99,5.79933721078513,387.656214508954,424.58
"2220","21-Jan","Grilled Chicken Breast Sandwich",17,"Grill","Spring 2025","Control","Grill","Main","Treatment","Lunch",0.301553745597932,69.470648861248,8.49,5.12641367516484,1181.00103064122,144.33
"2221","21-Jan","Quesadilla Cheese",13,"Grill","Spring 2025","Control","Quesadilla","Main","Satellite","Lunch",NA,NA,NA,NA,NA,NA
"2222","21-Jan","Sweet Potato Fries",30,"Grill","Spring 2025","Control","Grill","Side","Treatment","Lunch",0.0422551714366103,3.97622481710592,2.99,1.26765514309831,119.286744513178,89.7
"2223","21-Jan","Trillium Grill Impossible Burger",8,"Grill","Spring 2025","Control","Grill","Main","Treatment","Lunch",0.210911088099112,23.2535935181063,10.49,1.68728870479289,186.02874814485,83.92
"2224","21-Jan","+ Beef Patty",15,"Grill","Spring 2025","Control","Grill","Modification","Treatment","Lunch",3.806907508554,79.8564119237622,2.99,57.10361262831,1197.84617885643,44.85
"2225","21-Jan","Seared Salmon Burger",6,"Grill","Spring 2025","Control","Grill","Main","Treatment","Lunch",0.447926073918026,44.697222176261,8.49,2.68755644350815,268.183333057566,50.94
"2226","21-Jan","Side Potato Tots",15,"Grab N Go","Spring 2025","Control","Grab N Go","Side","Satellite","Lunch",NA,NA,NA,NA,NA,NA
"2227","21-Jan","ADD Chicken Breast",6,"Grill","Spring 2025","Control","Grill","Modification","Treatment","Lunch",0.227249079536725,60.447700038522,2.99,1.36349447722035,362.686200231132,17.94
"2228","21-Jan","Black Bean Burger",2,"Grill","Spring 2025","Control","Grill","Main","Treatment","Lunch",0.110944712328442,54.9888227801748,8.69,0.221889424656883,109.97764556035,17.38
"2229","21-Jan","Add Sausage 2 Patty",4,"Grill","Spring 2025","Control","Grill","Modification","Treatment","Lunch",0.168918026814813,34.6406776822533,1.99,0.675672107259252,138.562710729013,7.96
"2230","21-Jan","ADD Cheese",15,"Grill","Spring 2025","Control","Grill","Modification","Treatment","Lunch",0.183611306606629,3.19881943989712,1.99,2.75416959909943,47.9822915984568,29.85
"2231","21-Jan","Add Egg .99",4,"Grill","Spring 2025","Control","Grill","Modification","Treatment","Lunch",0.0903881853779601,25.3348662383603,0.99,0.36155274151184,101.339464953441,3.96
"2232","21-Jan","1 Entree + 1 Side",219,"Asian","Spring 2025","Control","Wok","Main","Satellite","Lunch",NA,NA,NA,NA,NA,NA
"2233","21-Jan","Bowl Ramen Chicken",83,"Asian","Spring 2025","Control","Ramen","Main","Treatment","Lunch",0.379685915053077,104.607642341871,9.49,31.5139309494054,8682.43431437533,787.67
"2234","21-Jan","1 Entree + 2 Side",75,"Asian","Spring 2025","Control","Wok","Main","Satellite","Lunch",NA,NA,NA,NA,NA,NA
"2235","21-Jan","2 Entrees + 2 Sides",30,"Asian","Spring 2025","Control","Wok","Main","Satellite","Lunch",NA,NA,NA,NA,NA,NA
"2236","21-Jan","Bowl Ramen Tofu",19,"Asian","Spring 2025","Control","Ramen","Main","Treatment","Lunch",0.306509419979168,91.9886822989085,9.49,5.82367897960419,1747.78496367926,180.31
"2237","21-Jan","1 Wok Entree",7,"Asian","Spring 2025","Control","Wok","Main","Satellite","Lunch",NA,NA,NA,NA,NA,NA
"2238","21-Jan","Side Vegetarian Lo Mein",10,"Asian","Spring 2025","Control","Wok","Side","Satellite","Lunch",NA,NA,NA,NA,NA,NA
"2239","21-Jan","Side Vegetarian Fried Rice with",4,"Asian","Spring 2025","Control","Wok","Side","Satellite","Lunch",NA,NA,NA,NA,NA,NA
"2240","21-Jan","Side White or Brown Rice",7,"Asian","Spring 2025","Control","Wok","Side","Satellite","Lunch",NA,NA,NA,NA,NA,NA
"2241","21-Jan","Side Vegetable Spring Rolls",2,"Asian","Spring 2025","Control","Wok","Side","Satellite","Lunch",NA,NA,NA,NA,NA,NA
"2242","21-Jan","Side Fried Spring Roll",1,"Asian","Spring 2025","Control","Wok","Side","Satellite","Lunch",NA,NA,NA,NA,NA,NA
"2243","21-Jan","Create Your Pasta Bowl MEAT",138,"Italian","Spring 2025","Control","Pasta","Main","Satellite","Lunch",0.625595496853921,47.8385188473692,8.99,86.3321785658411,6601.71560093695,1240.62
"2244","21-Jan","Create Your Pasta Bowl VEG",42,"Italian","Spring 2025","Control","Pasta","Main","Satellite","Lunch",0.140294556536554,10.5521527214029,8.49,5.89237137453527,443.19041429892,356.58
"2245","21-Jan","Pizza with Toppings",34,"Italian","Spring 2025","Control","Pizza","Main","Satellite","Lunch",NA,NA,NA,NA,NA,NA
"2246","21-Jan","Pizza Cheese",24,"Italian","Spring 2025","Control","Pizza","Main","Satellite","Lunch",NA,NA,NA,NA,NA,NA
"2247","21-Jan","Add Extra Meat",14,"Italian","Spring 2025","Control","Pasta","Modification","Satellite","Lunch",NA,NA,NA,NA,NA,NA
"2248","21-Jan","Burrito Breakfast",87,"Breakfast","Spring 2025","Control","Breakfast","Main","Satellite","Breakfast",NA,NA,NA,NA,NA,NA
"2249","21-Jan","Small French Omelet",46,"Breakfast","Spring 2025","Control","Breakfast","Side","Satellite","Breakfast",NA,NA,NA,NA,NA,NA
"2250","21-Jan","Egg Cheese Bacon Breakfast Sandw",22,"Breakfast","Spring 2025","Control","Breakfast","Main","Satellite","Breakfast",NA,NA,NA,NA,NA,NA
"2251","21-Jan","Grand Slam Breakfast",12,"Breakfast","Spring 2025","Control","Breakfast","Main","Satellite","Breakfast",NA,NA,NA,NA,NA,NA
"2252","21-Jan","Egg Cheese Sausage Breakfast San",21,"Breakfast","Spring 2025","Control","Breakfast","Main","Satellite","Breakfast",NA,NA,NA,NA,NA,NA
"2253","21-Jan","Add Bacon",23,"Breakfast","Spring 2025","Control","Breakfast","Modification","Satellite","Breakfast",NA,NA,NA,NA,NA,NA
"2254","21-Jan","Two Eggs",19,"Breakfast","Spring 2025","Control","Breakfast","Side","Satellite","Breakfast",NA,NA,NA,NA,NA,NA
"2255","21-Jan","Pancake Single",3,"Breakfast","Spring 2025","Control","Breakfast","Side","Satellite","Breakfast",NA,NA,NA,NA,NA,NA
"2256","21-Jan","Trillium Home Fries",2,"Breakfast","Spring 2025","Control","Breakfast","Side","Satellite","Breakfast",NA,NA,NA,NA,NA,NA
"2257","21-Jan","2 Slices Toast",1,"Breakfast","Spring 2025","Control","Breakfast","Side","Satellite","Breakfast",NA,NA,NA,NA,NA,NA
"2258","21-Jan","Toast",1,"Breakfast","Spring 2025","Control","Breakfast","Side","Satellite","Breakfast",NA,NA,NA,NA,NA,NA
"2259","21-Jan","PC Jelly",1,"Breakfast","Spring 2025","Control","Breakfast","Side","Satellite","Breakfast",NA,NA,NA,NA,NA,NA
"2260","21-Jan","Burrito Bowl BYO",148,"Mexican","Spring 2025","Control","Wrap","Main","Satellite","Lunch",NA,NA,NA,NA,NA,NA
"2261","21-Jan","Single Taco",4,"Mexican","Spring 2025","Control","Wrap","Main","Satellite","Lunch",NA,NA,NA,NA,NA,NA
"2262","21-Jan","Salad by the Pound",58,"Salad Bar","Spring 2025","Control","Salad Bar","Main","Satellite","Lunch",NA,NA,NA,NA,NA,NA
"2263","21-Jan","Soup 12 oz",43,"Soup","Spring 2025","Control","Soup","Main","Satellite","Lunch",NA,NA,NA,NA,NA,NA
"2264","21-Jan","8 oz Soup",41,"Soup","Spring 2025","Control","Soup","Main","Satellite","Lunch",NA,NA,NA,NA,NA,NA
"2265","22-Jan","Quesadilla Deluxe Trillium",157,"Grill","Spring 2025","Control","Quesadilla","Main","Satellite","Lunch",NA,NA,NA,NA,NA,NA
"2266","22-Jan","Grilled Hamburger",105,"Grill","Spring 2025","Control","Grill","Main","Treatment","Lunch",3.88121217461521,88.8793607464882,8.99,407.527278334597,9332.33287838126,943.95
"2267","22-Jan","Fried Chicken Tenders",87,"Grab N Go","Spring 2025","Control","Grab N Go","Side","Satellite","Lunch",NA,NA,NA,NA,NA,NA
"2268","22-Jan","Burrito Una Mano Trillium BYO",64,"Grill","Spring 2025","Control","Quesadilla","Main","Satellite","Lunch",NA,NA,NA,NA,NA,NA
"2269","22-Jan","French Fries",104,"Grill","Spring 2025","Control","Grill","Side","Treatment","Lunch",0.040840402892853,2.72997334161235,2.99,4.24740190085671,283.917227527684,310.96
"2270","22-Jan","Grilled Chicken Breast Sandwich",14,"Grill","Spring 2025","Control","Grill","Main","Treatment","Lunch",0.301553745597932,69.470648861248,8.49,4.22175243837104,972.589084057471,118.86
"2271","22-Jan","Trillium Grill Impossible Burger",11,"Grill","Spring 2025","Control","Grill","Main","Treatment","Lunch",0.210911088099112,23.2535935181063,10.49,2.32002196909023,255.789528699169,115.39
"2272","22-Jan","Quesadilla Cheese",13,"Grill","Spring 2025","Control","Quesadilla","Main","Satellite","Lunch",NA,NA,NA,NA,NA,NA
"2273","22-Jan","Sweet Potato Fries",33,"Grill","Spring 2025","Control","Grill","Side","Treatment","Lunch",0.0422551714366103,3.97622481710592,2.99,1.39442065740814,131.215418964495,98.67
"2274","22-Jan","+ Beef Patty",21,"Grill","Spring 2025","Control","Grill","Modification","Treatment","Lunch",3.806907508554,79.8564119237622,2.99,79.945057679634,1676.98465039901,62.79
"2275","22-Jan","Seared Salmon Burger",9,"Grill","Spring 2025","Control","Grill","Main","Treatment","Lunch",0.447926073918026,44.697222176261,8.49,4.03133466526223,402.274999586349,76.41
"2276","22-Jan","Side Potato Tots",13,"Grab N Go","Spring 2025","Control","Grab N Go","Side","Satellite","Lunch",NA,NA,NA,NA,NA,NA
"2277","22-Jan","Black Bean Burger",3,"Grill","Spring 2025","Control","Grill","Main","Treatment","Lunch",0.110944712328442,54.9888227801748,8.69,0.332834136985325,164.966468340524,26.07
"2278","22-Jan","ADD Chicken Breast",6,"Grill","Spring 2025","Control","Grill","Modification","Treatment","Lunch",0.227249079536725,60.447700038522,2.99,1.36349447722035,362.686200231132,17.94
"2279","22-Jan","Add Sausage 2 Patty",3,"Grill","Spring 2025","Control","Grill","Modification","Treatment","Lunch",0.168918026814813,34.6406776822533,1.99,0.506754080444439,103.92203304676,5.97
"2280","22-Jan","ADD Cheese",9,"Grill","Spring 2025","Control","Grill","Modification","Treatment","Lunch",0.183611306606629,3.19881943989712,1.99,1.65250175945966,28.7893749590741,17.91
"2281","22-Jan","Add Egg .99",3,"Grill","Spring 2025","Control","Grill","Modification","Treatment","Lunch",0.0903881853779601,25.3348662383603,0.99,0.27116455613388,76.0045987150809,2.97
"2282","22-Jan","1 Entree + 1 Side",229,"Asian","Spring 2025","Control","Wok","Main","Satellite","Lunch",NA,NA,NA,NA,NA,NA
"2283","22-Jan","Bowl Ramen Chicken",90,"Asian","Spring 2025","Control","Ramen","Main","Treatment","Lunch",0.379685915053077,104.607642341871,9.49,34.1717323547769,9414.68781076844,854.1
"2284","22-Jan","1 Entree + 2 Side",71,"Asian","Spring 2025","Control","Wok","Main","Satellite","Lunch",NA,NA,NA,NA,NA,NA
"2285","22-Jan","2 Entrees + 2 Sides",28,"Asian","Spring 2025","Control","Wok","Main","Satellite","Lunch",NA,NA,NA,NA,NA,NA
"2286","22-Jan","Bowl Ramen Tofu",12,"Asian","Spring 2025","Control","Ramen","Main","Treatment","Lunch",0.306509419979168,91.9886822989085,9.49,3.67811303975002,1103.8641875869,113.88
"2287","22-Jan","1 Wok Entree",9,"Asian","Spring 2025","Control","Wok","Main","Satellite","Lunch",NA,NA,NA,NA,NA,NA
"2288","22-Jan","Side Vegetarian Lo Mein",12,"Asian","Spring 2025","Control","Wok","Side","Satellite","Lunch",NA,NA,NA,NA,NA,NA
"2289","22-Jan","Side Vegetables",5,"Asian","Spring 2025","Control","Wok","Side","Satellite","Lunch",NA,NA,NA,NA,NA,NA
"2290","22-Jan","Side White or Brown Rice",7,"Asian","Spring 2025","Control","Wok","Side","Satellite","Lunch",NA,NA,NA,NA,NA,NA
"2291","22-Jan","Side Vegetarian Fried Rice with",3,"Asian","Spring 2025","Control","Wok","Side","Satellite","Lunch",NA,NA,NA,NA,NA,NA
"2292","22-Jan","Side Vegetable Spring Rolls",1,"Asian","Spring 2025","Control","Wok","Side","Satellite","Lunch",NA,NA,NA,NA,NA,NA
"2293","22-Jan","Create Your Pasta Bowl MEAT",175,"Italian","Spring 2025","Control","Pasta","Main","Satellite","Lunch",0.625595496853921,47.8385188473692,8.99,109.479211949436,8371.74079828961,1573.25
"2294","22-Jan","Create Your Pasta Bowl VEG",23,"Italian","Spring 2025","Control","Pasta","Main","Satellite","Lunch",0.140294556536554,10.5521527214029,8.49,3.22677480034074,242.699512592266,195.27
"2295","22-Jan","Pizza with Toppings",32,"Italian","Spring 2025","Control","Pizza","Main","Satellite","Lunch",NA,NA,NA,NA,NA,NA
"2296","22-Jan","Add Extra Meat",38,"Italian","Spring 2025","Control","Pasta","Modification","Satellite","Lunch",NA,NA,NA,NA,NA,NA
"2297","22-Jan","Pizza Cheese",22,"Italian","Spring 2025","Control","Pizza","Main","Satellite","Lunch",NA,NA,NA,NA,NA,NA
"2298","22-Jan","Burrito Breakfast",93,"Breakfast","Spring 2025","Control","Breakfast","Main","Satellite","Breakfast",NA,NA,NA,NA,NA,NA
"2299","22-Jan","Small French Omelet",53,"Breakfast","Spring 2025","Control","Breakfast","Side","Satellite","Breakfast",NA,NA,NA,NA,NA,NA
"2300","22-Jan","Grand Slam Breakfast",17,"Breakfast","Spring 2025","Control","Breakfast","Main","Satellite","Breakfast",NA,NA,NA,NA,NA,NA
"2301","22-Jan","Add Bacon",37,"Breakfast","Spring 2025","Control","Breakfast","Modification","Satellite","Breakfast",NA,NA,NA,NA,NA,NA
"2302","22-Jan","Two Eggs",16,"Breakfast","Spring 2025","Control","Breakfast","Side","Satellite","Breakfast",NA,NA,NA,NA,NA,NA
"2303","22-Jan","Trillium Home Fries",9,"Breakfast","Spring 2025","Control","Breakfast","Side","Satellite","Breakfast",NA,NA,NA,NA,NA,NA
"2304","22-Jan","Pancake Single",1,"Breakfast","Spring 2025","Control","Breakfast","Side","Satellite","Breakfast",NA,NA,NA,NA,NA,NA
"2305","22-Jan","Toast",2,"Breakfast","Spring 2025","Control","Breakfast","Side","Satellite","Breakfast",NA,NA,NA,NA,NA,NA
"2306","22-Jan","2 Slices Toast",1,"Breakfast","Spring 2025","Control","Breakfast","Side","Satellite","Breakfast",NA,NA,NA,NA,NA,NA
"2307","22-Jan","Burrito Bowl BYO",122,"Mexican","Spring 2025","Control","Wrap","Main","Satellite","Lunch",NA,NA,NA,NA,NA,NA
"2308","22-Jan","Side Guacamole",2,"Mexican","Spring 2025","Control","Wrap","Side","Satellite","Lunch",NA,NA,NA,NA,NA,NA
"2309","22-Jan","Salad by the Pound",68,"Salad Bar","Spring 2025","Control","Salad Bar","Main","Satellite","Lunch",NA,NA,NA,NA,NA,NA
"2310","22-Jan","Add Extra Protein 3.99",1,"Salad Bar","Spring 2025","Control","Salad Bar","Modification","Satellite","Lunch",NA,NA,NA,NA,NA,NA
"2311","22-Jan","Soup 12 oz",55,"Soup","Spring 2025","Control","Soup","Main","Satellite","Lunch",NA,NA,NA,NA,NA,NA
"2312","22-Jan","8 oz Soup",42,"Soup","Spring 2025","Control","Soup","Main","Satellite","Lunch",NA,NA,NA,NA,NA,NA
"2313","22-Jan","Egg Cheese Bacon Breakfast Sandwich",27,"Grab N Go","Spring 2025","Control","Grab N Go","Main","Satellite","Lunch",NA,NA,NA,NA,NA,NA
"2314","22-Jan","Egg Cheese Sausage Breakfast Sandwich",20,"Grab N Go","Spring 2025","Control","Grab N Go","Main","Satellite","Lunch",NA,NA,NA,NA,NA,NA
"2315","23-Jan","Quesadilla Deluxe Trillium",182,"Grill","Spring 2025","Control","Quesadilla","Main","Satellite","Lunch",NA,NA,NA,NA,NA,NA
"2316","23-Jan","Grilled Hamburger",94,"Grill","Spring 2025","Control","Grill","Main","Treatment","Lunch",3.88121217461521,88.8793607464882,8.99,364.833944413829,8354.65991016989,845.06
"2317","23-Jan","Burrito Una Mano Trillium BYO",72,"Grill","Spring 2025","Control","Quesadilla","Main","Satellite","Lunch",NA,NA,NA,NA,NA,NA
"2318","23-Jan","Fried Chicken Tenders",91,"Grab N Go","Spring 2025","Control","Grab N Go","Side","Satellite","Lunch",NA,NA,NA,NA,NA,NA
"2319","23-Jan","French Fries",143,"Grill","Spring 2025","Control","Grill","Side","Treatment","Lunch",0.040840402892853,2.72997334161235,2.99,5.84017761367798,390.386187850566,427.57
"2320","23-Jan","Grilled Chicken Breast Sandwich",15,"Grill","Spring 2025","Control","Grill","Main","Treatment","Lunch",0.301553745597932,69.470648861248,8.49,4.52330618396897,1042.05973291872,127.35
"2321","23-Jan","Quesadilla Cheese",12,"Grill","Spring 2025","Control","Quesadilla","Main","Satellite","Lunch",NA,NA,NA,NA,NA,NA
"2322","23-Jan","Trillium Grill Impossible Burger",9,"Grill","Spring 2025","Control","Grill","Main","Treatment","Lunch",0.210911088099112,23.2535935181063,10.49,1.89819979289201,209.282341662957,94.41
"2323","23-Jan","Seared Salmon Burger",11,"Grill","Spring 2025","Control","Grill","Main","Treatment","Lunch",0.447926073918026,44.697222176261,8.49,4.92718681309828,491.66944393887,93.39
"2324","23-Jan","Sweet Potato Fries",27,"Grill","Spring 2025","Control","Grill","Side","Treatment","Lunch",0.0422551714366103,3.97622481710592,2.99,1.14088962878848,107.35807006186,80.73
"2325","23-Jan","+ Beef Patty",19,"Grill","Spring 2025","Control","Grill","Modification","Treatment","Lunch",3.806907508554,79.8564119237622,2.99,72.331242662526,1517.27182655148,56.81
"2326","23-Jan","Side Potato Tots",16,"Grab N Go","Spring 2025","Control","Grab N Go","Side","Satellite","Lunch",NA,NA,NA,NA,NA,NA
"2327","23-Jan","ADD Chicken Breast",6,"Grill","Spring 2025","Control","Grill","Modification","Treatment","Lunch",0.227249079536725,60.447700038522,2.99,1.36349447722035,362.686200231132,17.94
"2328","23-Jan","Black Bean Burger",2,"Grill","Spring 2025","Control","Grill","Main","Treatment","Lunch",0.110944712328442,54.9888227801748,8.69,0.221889424656883,109.97764556035,17.38
"2329","23-Jan","Add Sausage 2 Patty",4,"Grill","Spring 2025","Control","Grill","Modification","Treatment","Lunch",0.168918026814813,34.6406776822533,1.99,0.675672107259252,138.562710729013,7.96
"2330","23-Jan","ADD Cheese",8,"Grill","Spring 2025","Control","Grill","Modification","Treatment","Lunch",0.183611306606629,3.19881943989712,1.99,1.46889045285303,25.590555519177,15.92
"2331","23-Jan","Add Egg .99",3,"Grill","Spring 2025","Control","Grill","Modification","Treatment","Lunch",0.0903881853779601,25.3348662383603,0.99,0.27116455613388,76.0045987150809,2.97
"2332","23-Jan","1 Entree + 1 Side",230,"Asian","Spring 2025","Control","Wok","Main","Satellite","Lunch",NA,NA,NA,NA,NA,NA
"2333","23-Jan","Bowl Ramen Chicken",92,"Asian","Spring 2025","Control","Ramen","Main","Treatment","Lunch",0.379685915053077,104.607642341871,9.49,34.9311041848831,9623.90309545218,873.08
"2334","23-Jan","1 Entree + 2 Side",75,"Asian","Spring 2025","Control","Wok","Main","Satellite","Lunch",NA,NA,NA,NA,NA,NA
"2335","23-Jan","2 Entrees + 2 Sides",32,"Asian","Spring 2025","Control","Wok","Main","Satellite","Lunch",NA,NA,NA,NA,NA,NA
"2336","23-Jan","Bowl Ramen Tofu",18,"Asian","Spring 2025","Control","Ramen","Main","Treatment","Lunch",0.306509419979168,91.9886822989085,9.49,5.51716955962502,1655.79628138035,170.82
"2337","23-Jan","Side Vegetarian Lo Mein",7,"Asian","Spring 2025","Control","Wok","Side","Satellite","Lunch",NA,NA,NA,NA,NA,NA
"2338","23-Jan","1 Wok Entree",3,"Asian","Spring 2025","Control","Wok","Main","Satellite","Lunch",NA,NA,NA,NA,NA,NA
"2339","23-Jan","Side White or Brown Rice",5,"Asian","Spring 2025","Control","Wok","Side","Satellite","Lunch",NA,NA,NA,NA,NA,NA
"2340","23-Jan","Side Vegetable Spring Rolls",2,"Asian","Spring 2025","Control","Wok","Side","Satellite","Lunch",NA,NA,NA,NA,NA,NA
"2341","23-Jan","Side Vegetarian Fried Rice with",1,"Asian","Spring 2025","Control","Wok","Side","Satellite","Lunch",NA,NA,NA,NA,NA,NA
"2342","23-Jan","Create Your Pasta Bowl MEAT",105,"Italian","Spring 2025","Control","Pasta","Main","Satellite","Lunch",0.625595496853921,47.8385188473692,8.99,65.6875271696617,5023.04447897377,943.95
"2343","23-Jan","Create Your Pasta Bowl VEG",27,"Italian","Spring 2025","Control","Pasta","Main","Satellite","Lunch",0.140294556536554,10.5521527214029,8.49,3.78795302648696,284.908123477877,229.23
"2344","23-Jan","Pizza with Toppings",28,"Italian","Spring 2025","Control","Pizza","Main","Satellite","Lunch",NA,NA,NA,NA,NA,NA
"2345","23-Jan","Pizza Cheese",18,"Italian","Spring 2025","Control","Pizza","Main","Satellite","Lunch",NA,NA,NA,NA,NA,NA
"2346","23-Jan","Add Extra Meat",21,"Italian","Spring 2025","Control","Pasta","Modification","Satellite","Lunch",NA,NA,NA,NA,NA,NA
"2347","23-Jan","Side Bread Pasta Station",1,"Italian","Spring 2025","Control","Pasta","Side","Satellite","Lunch",NA,NA,NA,NA,NA,NA
"2348","23-Jan","Burrito Breakfast",86,"Breakfast","Spring 2025","Control","Breakfast","Main","Satellite","Breakfast",NA,NA,NA,NA,NA,NA
"2349","23-Jan","Small French Omelet",41,"Breakfast","Spring 2025","Control","Breakfast","Side","Satellite","Breakfast",NA,NA,NA,NA,NA,NA
"2350","23-Jan","Grand Slam Breakfast",12,"Breakfast","Spring 2025","Control","Breakfast","Main","Satellite","Breakfast",NA,NA,NA,NA,NA,NA
"2351","23-Jan","Add Bacon",37,"Breakfast","Spring 2025","Control","Breakfast","Modification","Satellite","Breakfast",NA,NA,NA,NA,NA,NA
"2352","23-Jan","Two Eggs",17,"Breakfast","Spring 2025","Control","Breakfast","Side","Satellite","Breakfast",NA,NA,NA,NA,NA,NA
"2353","23-Jan","Pancake Single",4,"Breakfast","Spring 2025","Control","Breakfast","Side","Satellite","Breakfast",NA,NA,NA,NA,NA,NA
"2354","23-Jan","2 Slices Toast",1,"Breakfast","Spring 2025","Control","Breakfast","Side","Satellite","Breakfast",NA,NA,NA,NA,NA,NA
"2355","23-Jan","Toast",1,"Breakfast","Spring 2025","Control","Breakfast","Side","Satellite","Breakfast",NA,NA,NA,NA,NA,NA
"2356","23-Jan","PC Jelly",1,"Breakfast","Spring 2025","Control","Breakfast","Side","Satellite","Breakfast",NA,NA,NA,NA,NA,NA
"2357","23-Jan","Burrito Bowl BYO",122,"Mexican","Spring 2025","Control","Wrap","Main","Satellite","Lunch",NA,NA,NA,NA,NA,NA
"2358","23-Jan","Single Taco",9,"Mexican","Spring 2025","Control","Wrap","Main","Satellite","Lunch",NA,NA,NA,NA,NA,NA
"2359","23-Jan","Side Guacamole",3,"Mexican","Spring 2025","Control","Wrap","Side","Satellite","Lunch",NA,NA,NA,NA,NA,NA
"2360","23-Jan","Add Extra Toppings Una Mano",3,"Mexican","Spring 2025","Control","Wrap","Modification","Satellite","Lunch",NA,NA,NA,NA,NA,NA
"2361","23-Jan","Side Salsa",1,"Mexican","Spring 2025","Control","Wrap","Side","Satellite","Lunch",NA,NA,NA,NA,NA,NA
"2362","23-Jan","Salad by the Pound",51,"Salad Bar","Spring 2025","Control","Salad Bar","Main","Satellite","Lunch",NA,NA,NA,NA,NA,NA
"2363","23-Jan","Add Extra Protein 3.99",2,"Salad Bar","Spring 2025","Control","Salad Bar","Modification","Satellite","Lunch",NA,NA,NA,NA,NA,NA
"2364","23-Jan","Soup 12 oz",36,"Soup","Spring 2025","Control","Soup","Main","Satellite","Lunch",NA,NA,NA,NA,NA,NA
"2365","23-Jan","8 oz Soup",31,"Soup","Spring 2025","Control","Soup","Main","Satellite","Lunch",NA,NA,NA,NA,NA,NA
"2366","23-Jan","Egg Cheese Bacon Breakfast Sandwich",24,"Grab N Go","Spring 2025","Control","Grab N Go","Main","Satellite","Lunch",NA,NA,NA,NA,NA,NA
"2367","23-Jan","Egg Cheese Sausage Breakfast Sandwich",22,"Grab N Go","Spring 2025","Control","Grab N Go","Main","Satellite","Lunch",NA,NA,NA,NA,NA,NA
"2368","24-Jan","Quesadilla Deluxe Trillium",129,"Grill","Spring 2025","Control","Quesadilla","Main","Satellite","Lunch",NA,NA,NA,NA,NA,NA
"2369","24-Jan","Fried Chicken Tenders",79,"Grab N Go","Spring 2025","Control","Grab N Go","Side","Satellite","Lunch",NA,NA,NA,NA,NA,NA
"2370","24-Jan","Grilled Hamburger",63,"Grill","Spring 2025","Control","Grill","Main","Treatment","Lunch",3.88121217461521,88.8793607464882,8.99,244.516367000758,5599.39972702875,566.37
"2371","24-Jan","Burrito Una Mano Trillium BYO",53,"Grill","Spring 2025","Control","Quesadilla","Main","Satellite","Lunch",NA,NA,NA,NA,NA,NA
"2372","24-Jan","French Fries",102,"Grill","Spring 2025","Control","Grill","Side","Treatment","Lunch",0.040840402892853,2.72997334161235,2.99,4.16572109507101,278.45728084446,304.98
"2373","24-Jan","Grilled Chicken Breast Sandwich",13,"Grill","Spring 2025","Control","Grill","Main","Treatment","Lunch",0.301553745597932,69.470648861248,8.49,3.92019869277311,903.118435196224,110.37
"2374","24-Jan","Trillium Grill Impossible Burger",7,"Grill","Spring 2025","Control","Grill","Main","Treatment","Lunch",0.210911088099112,23.2535935181063,10.49,1.47637761669378,162.775154626744,73.43
"2375","24-Jan","Quesadilla Cheese",9,"Grill","Spring 2025","Control","Quesadilla","Main","Satellite","Lunch",NA,NA,NA,NA,NA,NA
"2376","24-Jan","Sweet Potato Fries",23,"Grill","Spring 2025","Control","Grill","Side","Treatment","Lunch",0.0422551714366103,3.97622481710592,2.99,0.971868943042037,91.4531707934362,68.77
"2377","24-Jan","+ Beef Patty",15,"Grill","Spring 2025","Control","Grill","Modification","Treatment","Lunch",3.806907508554,79.8564119237622,2.99,57.10361262831,1197.84617885643,44.85
"2378","24-Jan","Seared Salmon Burger",5,"Grill","Spring 2025","Control","Grill","Main","Treatment","Lunch",0.447926073918026,44.697222176261,8.49,2.23963036959013,223.486110881305,42.45
"2379","24-Jan","Side Potato Tots",7,"Grab N Go","Spring 2025","Control","Grab N Go","Side","Satellite","Lunch",NA,NA,NA,NA,NA,NA
"2380","24-Jan","ADD Chicken Breast",5,"Grill","Spring 2025","Control","Grill","Modification","Treatment","Lunch",0.227249079536725,60.447700038522,2.99,1.13624539768362,302.23850019261,14.95
"2381","24-Jan","Black Bean Burger",1,"Grill","Spring 2025","Control","Grill","Main","Treatment","Lunch",0.110944712328442,54.9888227801748,8.69,0.110944712328442,54.9888227801748,8.69
"2382","24-Jan","ADD Cheese",7,"Grill","Spring 2025","Control","Grill","Modification","Treatment","Lunch",0.183611306606629,3.19881943989712,1.99,1.2852791462464,22.3917360792799,13.93
"2383","24-Jan","Add Sausage 2 Patty",1,"Grill","Spring 2025","Control","Grill","Modification","Treatment","Lunch",0.168918026814813,34.6406776822533,1.99,0.168918026814813,34.6406776822533,1.99
"2384","24-Jan","Add Egg .99",2,"Grill","Spring 2025","Control","Grill","Modification","Treatment","Lunch",0.0903881853779601,25.3348662383603,0.99,0.18077637075592,50.6697324767206,1.98
"2385","24-Jan","1 Entree + 1 Side",122,"Asian","Spring 2025","Control","Wok","Main","Satellite","Lunch",NA,NA,NA,NA,NA,NA
"2386","24-Jan","1 Entree + 2 Side",65,"Asian","Spring 2025","Control","Wok","Main","Satellite","Lunch",NA,NA,NA,NA,NA,NA
"2387","24-Jan","Bowl Ramen Chicken",67,"Asian","Spring 2025","Control","Ramen","Main","Treatment","Lunch",0.379685915053077,104.607642341871,9.49,25.4389563085562,7008.71203690539,635.83
"2388","24-Jan","2 Entrees + 2 Sides",14,"Asian","Spring 2025","Control","Wok","Main","Satellite","Lunch",NA,NA,NA,NA,NA,NA
"2389","24-Jan","Bowl Ramen Tofu",11,"Asian","Spring 2025","Control","Ramen","Main","Treatment","Lunch",0.306509419979168,91.9886822989085,9.49,3.37160361977085,1011.87550528799,104.39
"2390","24-Jan","Side Vegetarian Lo Mein",9,"Asian","Spring 2025","Control","Wok","Side","Satellite","Lunch",NA,NA,NA,NA,NA,NA
"2391","24-Jan","1 Wok Entree",4,"Asian","Spring 2025","Control","Wok","Main","Satellite","Lunch",NA,NA,NA,NA,NA,NA
"2392","24-Jan","Side White or Brown Rice",7,"Asian","Spring 2025","Control","Wok","Side","Satellite","Lunch",NA,NA,NA,NA,NA,NA
"2393","24-Jan","Side Vegetables",3,"Asian","Spring 2025","Control","Wok","Side","Satellite","Lunch",NA,NA,NA,NA,NA,NA
"2394","24-Jan","Side Fried Spring Roll",1,"Asian","Spring 2025","Control","Wok","Side","Satellite","Lunch",NA,NA,NA,NA,NA,NA
"2395","24-Jan","Create Your Pasta Bowl MEAT",86,"Italian","Spring 2025","Control","Pasta","Main","Satellite","Lunch",0.625595496853921,47.8385188473692,8.99,53.8012127294372,4114.11262087375,773.14
"2396","24-Jan","Pizza with Toppings",26,"Italian","Spring 2025","Control","Pizza","Main","Satellite","Lunch",NA,NA,NA,NA,NA,NA
"2397","24-Jan","Create Your Pasta Bowl VEG",15,"Italian","Spring 2025","Control","Pasta","Main","Satellite","Lunch",0.140294556536554,10.5521527214029,8.49,2.10441834804831,158.282290821043,127.35
"2398","24-Jan","Pizza Cheese",14,"Italian","Spring 2025","Control","Pizza","Main","Satellite","Lunch",NA,NA,NA,NA,NA,NA
"2399","24-Jan","Add Extra Meat",19,"Italian","Spring 2025","Control","Pasta","Modification","Satellite","Lunch",NA,NA,NA,NA,NA,NA
"2400","24-Jan","Burrito Breakfast",70,"Breakfast","Spring 2025","Control","Breakfast","Main","Satellite","Breakfast",NA,NA,NA,NA,NA,NA
"2401","24-Jan","Small French Omelet",50,"Breakfast","Spring 2025","Control","Breakfast","Side","Satellite","Breakfast",NA,NA,NA,NA,NA,NA
"2402","24-Jan","Grand Slam Breakfast",10,"Breakfast","Spring 2025","Control","Breakfast","Main","Satellite","Breakfast",NA,NA,NA,NA,NA,NA
"2403","24-Jan","Add Bacon",19,"Breakfast","Spring 2025","Control","Breakfast","Modification","Satellite","Breakfast",NA,NA,NA,NA,NA,NA
"2404","24-Jan","Pancake Single",6,"Breakfast","Spring 2025","Control","Breakfast","Side","Satellite","Breakfast",NA,NA,NA,NA,NA,NA
"2405","24-Jan","Trillium Home Fries",2,"Breakfast","Spring 2025","Control","Breakfast","Side","Satellite","Breakfast",NA,NA,NA,NA,NA,NA
"2406","24-Jan","Two Eggs",3,"Breakfast","Spring 2025","Control","Breakfast","Side","Satellite","Breakfast",NA,NA,NA,NA,NA,NA
"2407","24-Jan","Burrito Bowl BYO",56,"Mexican","Spring 2025","Control","Wrap","Main","Satellite","Lunch",NA,NA,NA,NA,NA,NA
"2408","24-Jan","Side Guacamole",2,"Mexican","Spring 2025","Control","Wrap","Side","Satellite","Lunch",NA,NA,NA,NA,NA,NA
"2409","24-Jan","Side Salsa",1,"Mexican","Spring 2025","Control","Wrap","Side","Satellite","Lunch",NA,NA,NA,NA,NA,NA
"2410","24-Jan","Add Extra Toppings Una Mano",1,"Mexican","Spring 2025","Control","Wrap","Modification","Satellite","Lunch",NA,NA,NA,NA,NA,NA
"2411","24-Jan","Soup 12 oz",38,"Soup","Spring 2025","Control","Soup","Main","Satellite","Lunch",NA,NA,NA,NA,NA,NA
"2412","24-Jan","8 oz Soup",30,"Soup","Spring 2025","Control","Soup","Main","Satellite","Lunch",NA,NA,NA,NA,NA,NA
"2413","24-Jan","Salad by the Pound",38,"Salad Bar","Spring 2025","Control","Salad Bar","Main","Satellite","Lunch",NA,NA,NA,NA,NA,NA
"2414","24-Jan","Add Extra Protein 3.99",3,"Salad Bar","Spring 2025","Control","Salad Bar","Modification","Satellite","Lunch",NA,NA,NA,NA,NA,NA
"2415","24-Jan","Egg Cheese Sausage Breakfast Sandwich",23,"Grab N Go","Spring 2025","Control","Grab N Go","Main","Satellite","Lunch",NA,NA,NA,NA,NA,NA
"2416","24-Jan","Egg Cheese Bacon Breakfast Sandwich",17,"Grab N Go","Spring 2025","Control","Grab N Go","Main","Satellite","Lunch",NA,NA,NA,NA,NA,NA
"2417","27-Jan","Quesadilla Deluxe Trillium",176,"Grill","Spring 2025","Control","Quesadilla","Main","Satellite","Lunch",NA,NA,NA,NA,NA,NA
"2418","27-Jan","Grilled Hamburger",92,"Grill","Spring 2025","Control","Grill","Main","Treatment","Lunch",3.88121217461521,88.8793607464882,8.99,357.071520064599,8176.90118867691,827.08
"2419","27-Jan","Fried Chicken Tenders",90,"Grab N Go","Spring 2025","Control","Grab N Go","Side","Satellite","Lunch",NA,NA,NA,NA,NA,NA
"2420","27-Jan","Burrito Una Mano Trillium BYO",71,"Grill","Spring 2025","Control","Quesadilla","Main","Satellite","Lunch",NA,NA,NA,NA,NA,NA
"2421","27-Jan","French Fries",113,"Grill","Spring 2025","Control","Grill","Side","Treatment","Lunch",0.040840402892853,2.72997334161235,2.99,4.61496552689239,308.486987602196,337.87
"2422","27-Jan","Grilled Chicken Breast Sandwich",22,"Grill","Spring 2025","Control","Grill","Main","Treatment","Lunch",0.301553745597932,69.470648861248,8.49,6.6341824031545,1528.35427494746,186.78
"2423","27-Jan","Trillium Grill Impossible Burger",12,"Grill","Spring 2025","Control","Grill","Main","Treatment","Lunch",0.210911088099112,23.2535935181063,10.49,2.53093305718934,279.043122217276,125.88
"2424","27-Jan","Sweet Potato Fries",40,"Grill","Spring 2025","Control","Grill","Side","Treatment","Lunch",0.0422551714366103,3.97622481710592,2.99,1.69020685746441,159.048992684237,119.6
"2425","27-Jan","Seared Salmon Burger",10,"Grill","Spring 2025","Control","Grill","Main","Treatment","Lunch",0.447926073918026,44.697222176261,8.49,4.47926073918026,446.97222176261,84.9
"2426","27-Jan","+ Beef Patty",16,"Grill","Spring 2025","Control","Grill","Modification","Treatment","Lunch",3.806907508554,79.8564119237622,2.99,60.910520136864,1277.7025907802,47.84
"2427","27-Jan","Quesadilla Cheese",7,"Grill","Spring 2025","Control","Quesadilla","Main","Satellite","Lunch",NA,NA,NA,NA,NA,NA
"2428","27-Jan","Side Potato Tots",12,"Grab N Go","Spring 2025","Control","Grab N Go","Side","Satellite","Lunch",NA,NA,NA,NA,NA,NA
"2429","27-Jan","Black Bean Burger",4,"Grill","Spring 2025","Control","Grill","Main","Treatment","Lunch",0.110944712328442,54.9888227801748,8.69,0.443778849313767,219.955291120699,34.76
"2430","27-Jan","ADD Chicken Breast",7,"Grill","Spring 2025","Control","Grill","Modification","Treatment","Lunch",0.227249079536725,60.447700038522,2.99,1.59074355675707,423.133900269654,20.93
"2431","27-Jan","Add Sausage 2 Patty",3,"Grill","Spring 2025","Control","Grill","Modification","Treatment","Lunch",0.168918026814813,34.6406776822533,1.99,0.506754080444439,103.92203304676,5.97
"2432","27-Jan","ADD Cheese",6,"Grill","Spring 2025","Control","Grill","Modification","Treatment","Lunch",0.183611306606629,3.19881943989712,1.99,1.10166783963977,19.1929166393827,11.94
"2433","27-Jan","Add Egg .99",2,"Grill","Spring 2025","Control","Grill","Modification","Treatment","Lunch",0.0903881853779601,25.3348662383603,0.99,0.18077637075592,50.6697324767206,1.98
"2434","27-Jan","1 Entree + 1 Side",197,"Asian","Spring 2025","Control","Wok","Main","Satellite","Lunch",NA,NA,NA,NA,NA,NA
"2435","27-Jan","Bowl Ramen Chicken",79,"Asian","Spring 2025","Control","Ramen","Main","Treatment","Lunch",0.379685915053077,104.607642341871,9.49,29.9951872891931,8264.00374500785,749.71
"2436","27-Jan","1 Entree + 2 Side",67,"Asian","Spring 2025","Control","Wok","Main","Satellite","Lunch",NA,NA,NA,NA,NA,NA
"2437","27-Jan","2 Entrees + 2 Sides",34,"Asian","Spring 2025","Control","Wok","Main","Satellite","Lunch",NA,NA,NA,NA,NA,NA
"2438","27-Jan","Bowl Ramen Tofu",11,"Asian","Spring 2025","Control","Ramen","Main","Treatment","Lunch",0.306509419979168,91.9886822989085,9.49,3.37160361977085,1011.87550528799,104.39
"2439","27-Jan","Side Vegetarian Lo Mein",11,"Asian","Spring 2025","Control","Wok","Side","Satellite","Lunch",NA,NA,NA,NA,NA,NA
"2440","27-Jan","1 Wok Entree",4,"Asian","Spring 2025","Control","Wok","Main","Satellite","Lunch",NA,NA,NA,NA,NA,NA
"2441","27-Jan","Side Vegetables",3,"Asian","Spring 2025","Control","Wok","Side","Satellite","Lunch",NA,NA,NA,NA,NA,NA
"2442","27-Jan","Side Vegetarian Fried Rice with",3,"Asian","Spring 2025","Control","Wok","Side","Satellite","Lunch",NA,NA,NA,NA,NA,NA
"2443","27-Jan","Side White or Brown Rice",5,"Asian","Spring 2025","Control","Wok","Side","Satellite","Lunch",NA,NA,NA,NA,NA,NA
"2444","27-Jan","Bowl Ramen Chicken",1,"Asian","Spring 2025","Control","Ramen","Main","Treatment","Lunch",0.379685915053077,104.607642341871,9.49,0.379685915053077,104.607642341871,9.49
"2445","27-Jan","Create Your Pasta Bowl MEAT",162,"Italian","Spring 2025","Control","Pasta","Main","Satellite","Lunch",0.625595496853921,47.8385188473692,8.99,101.346470490335,7749.84005327381,1456.38
"2446","27-Jan","Create Your Pasta Bowl VEG",21,"Italian","Spring 2025","Control","Pasta","Main","Satellite","Lunch",0.140294556536554,10.5521527214029,8.49,2.94618568726763,221.59520714946,178.29
"2447","27-Jan","Pizza with Toppings",26,"Italian","Spring 2025","Control","Pizza","Main","Satellite","Lunch",NA,NA,NA,NA,NA,NA
"2448","27-Jan","Add Extra Meat",34,"Italian","Spring 2025","Control","Pasta","Modification","Satellite","Lunch",NA,NA,NA,NA,NA,NA
"2449","27-Jan","Pizza Cheese",16,"Italian","Spring 2025","Control","Pizza","Main","Satellite","Lunch",NA,NA,NA,NA,NA,NA
"2450","27-Jan","Side Bread Pasta Station",1,"Italian","Spring 2025","Control","Pasta","Side","Satellite","Lunch",NA,NA,NA,NA,NA,NA
"2451","27-Jan","Burrito Breakfast",93,"Breakfast","Spring 2025","Control","Breakfast","Main","Satellite","Breakfast",NA,NA,NA,NA,NA,NA
"2452","27-Jan","Small French Omelet",52,"Breakfast","Spring 2025","Control","Breakfast","Side","Satellite","Breakfast",NA,NA,NA,NA,NA,NA
"2453","27-Jan","Grand Slam Breakfast",8,"Breakfast","Spring 2025","Control","Breakfast","Main","Satellite","Breakfast",NA,NA,NA,NA,NA,NA
"2454","27-Jan","Add Bacon",24,"Breakfast","Spring 2025","Control","Breakfast","Modification","Satellite","Breakfast",NA,NA,NA,NA,NA,NA
"2455","27-Jan","Two Eggs",10,"Breakfast","Spring 2025","Control","Breakfast","Side","Satellite","Breakfast",NA,NA,NA,NA,NA,NA
"2456","27-Jan","Trillium Home Fries",4,"Breakfast","Spring 2025","Control","Breakfast","Side","Satellite","Breakfast",NA,NA,NA,NA,NA,NA
"2457","27-Jan","Pancake Single",3,"Breakfast","Spring 2025","Control","Breakfast","Side","Satellite","Breakfast",NA,NA,NA,NA,NA,NA
"2458","27-Jan","Burrito Bowl BYO",133,"Mexican","Spring 2025","Control","Wrap","Main","Satellite","Lunch",NA,NA,NA,NA,NA,NA
"2459","27-Jan","Single Taco",6,"Mexican","Spring 2025","Control","Wrap","Main","Satellite","Lunch",NA,NA,NA,NA,NA,NA
"2460","27-Jan","Side Guacamole",1,"Mexican","Spring 2025","Control","Wrap","Side","Satellite","Lunch",NA,NA,NA,NA,NA,NA
"2461","27-Jan","Salad by the Pound",72,"Salad Bar","Spring 2025","Control","Salad Bar","Main","Satellite","Lunch",NA,NA,NA,NA,NA,NA
"2462","27-Jan","Add Extra Protein 3.99",1,"Salad Bar","Spring 2025","Control","Salad Bar","Modification","Satellite","Lunch",NA,NA,NA,NA,NA,NA
"2463","27-Jan","8 oz Soup",59,"Soup","Spring 2025","Control","Soup","Main","Satellite","Lunch",NA,NA,NA,NA,NA,NA
"2464","27-Jan","Soup 12 oz",33,"Soup","Spring 2025","Control","Soup","Main","Satellite","Lunch",NA,NA,NA,NA,NA,NA
"2465","27-Jan","Egg Cheese Bacon Breakfast Sandwich",24,"Grab N Go","Spring 2025","Control","Grab N Go","Main","Satellite","Lunch",NA,NA,NA,NA,NA,NA
"2466","27-Jan","Egg Cheese Sausage Breakfast Sandwich",22,"Grab N Go","Spring 2025","Control","Grab N Go","Main","Satellite","Lunch",NA,NA,NA,NA,NA,NA
"2467","28-Jan","Quesadilla Deluxe Trillium",207,"Grill","Spring 2025","Control","Quesadilla","Main","Satellite","Lunch",NA,NA,NA,NA,NA,NA
"2468","28-Jan","Grilled Hamburger",105,"Grill","Spring 2025","Control","Grill","Main","Treatment","Lunch",3.88121217461521,88.8793607464882,8.99,407.527278334597,9332.33287838126,943.95
"2469","28-Jan","Fried Chicken Tenders",101,"Grab N Go","Spring 2025","Control","Grab N Go","Side","Satellite","Lunch",NA,NA,NA,NA,NA,NA
"2470","28-Jan","Burrito Una Mano Trillium BYO",67,"Grill","Spring 2025","Control","Quesadilla","Main","Satellite","Lunch",NA,NA,NA,NA,NA,NA
"2471","28-Jan","French Fries",153,"Grill","Spring 2025","Control","Grill","Side","Treatment","Lunch",0.040840402892853,2.72997334161235,2.99,6.24858164260651,417.68592126669,457.47
"2472","28-Jan","Grilled Chicken Breast Sandwich",19,"Grill","Spring 2025","Control","Grill","Main","Treatment","Lunch",0.301553745597932,69.470648861248,8.49,5.7295211663607,1319.94232836371,161.31
"2473","28-Jan","Trillium Grill Impossible Burger",10,"Grill","Spring 2025","Control","Grill","Main","Treatment","Lunch",0.210911088099112,23.2535935181063,10.49,2.10911088099112,232.535935181063,104.9
"2474","28-Jan","Sweet Potato Fries",34,"Grill","Spring 2025","Control","Grill","Side","Treatment","Lunch",0.0422551714366103,3.97622481710592,2.99,1.43667582884475,135.191643781601,101.66
"2475","28-Jan","+ Beef Patty",27,"Grill","Spring 2025","Control","Grill","Modification","Treatment","Lunch",3.806907508554,79.8564119237622,2.99,102.786502730958,2156.12312194158,80.73
"2476","28-Jan","Quesadilla Cheese",9,"Grill","Spring 2025","Control","Quesadilla","Main","Satellite","Lunch",NA,NA,NA,NA,NA,NA
"2477","28-Jan","ADD Chicken Breast",17,"Grill","Spring 2025","Control","Grill","Modification","Treatment","Lunch",0.227249079536725,60.447700038522,2.99,3.86323435212432,1027.61090065487,50.83
"2478","28-Jan","Seared Salmon Burger",7,"Grill","Spring 2025","Control","Grill","Main","Treatment","Lunch",0.447926073918026,44.697222176261,8.49,3.13548251742618,312.880555233827,59.43
"2479","28-Jan","Side Potato Tots",18,"Grab N Go","Spring 2025","Control","Grab N Go","Side","Satellite","Lunch",NA,NA,NA,NA,NA,NA
"2480","28-Jan","Black Bean Burger",5,"Grill","Spring 2025","Control","Grill","Main","Treatment","Lunch",0.110944712328442,54.9888227801748,8.69,0.554723561642208,274.944113900874,43.45
"2481","28-Jan","ADD Cheese",13,"Grill","Spring 2025","Control","Grill","Modification","Treatment","Lunch",0.183611306606629,3.19881943989712,1.99,2.38694698588618,41.5846527186626,25.87
"2482","28-Jan","Add Sausage 2 Patty",2,"Grill","Spring 2025","Control","Grill","Modification","Treatment","Lunch",0.168918026814813,34.6406776822533,1.99,0.337836053629626,69.2813553645066,3.98
"2483","28-Jan","Add Egg .99",4,"Grill","Spring 2025","Control","Grill","Modification","Treatment","Lunch",0.0903881853779601,25.3348662383603,0.99,0.36155274151184,101.339464953441,3.96
"2484","28-Jan","1 Entree + 1 Side",225,"Asian","Spring 2025","Control","Wok","Main","Satellite","Lunch",NA,NA,NA,NA,NA,NA
"2485","28-Jan","Bowl Ramen Chicken",88,"Asian","Spring 2025","Control","Ramen","Main","Treatment","Lunch",0.379685915053077,104.607642341871,9.49,33.4123605246708,9205.47252608469,835.12
"2486","28-Jan","1 Entree + 2 Side",72,"Asian","Spring 2025","Control","Wok","Main","Satellite","Lunch",NA,NA,NA,NA,NA,NA
"2487","28-Jan","2 Entrees + 2 Sides",30,"Asian","Spring 2025","Control","Wok","Main","Satellite","Lunch",NA,NA,NA,NA,NA,NA
"2488","28-Jan","Bowl Ramen Tofu",21,"Asian","Spring 2025","Control","Ramen","Main","Treatment","Lunch",0.306509419979168,91.9886822989085,9.49,6.43669781956253,1931.76232827708,199.29
"2489","28-Jan","Side Vegetarian Lo Mein",11,"Asian","Spring 2025","Control","Wok","Side","Satellite","Lunch",NA,NA,NA,NA,NA,NA
"2490","28-Jan","Side White or Brown Rice",14,"Asian","Spring 2025","Control","Wok","Side","Satellite","Lunch",NA,NA,NA,NA,NA,NA
"2491","28-Jan","1 Wok Entree",3,"Asian","Spring 2025","Control","Wok","Main","Satellite","Lunch",NA,NA,NA,NA,NA,NA
"2492","28-Jan","Side Vegetable Spring Rolls",2,"Asian","Spring 2025","Control","Wok","Side","Satellite","Lunch",NA,NA,NA,NA,NA,NA
"2493","28-Jan","Side Fried Spring Roll",1,"Asian","Spring 2025","Control","Wok","Side","Satellite","Lunch",NA,NA,NA,NA,NA,NA
"2494","28-Jan","Side Vegetarian Fried Rice with",1,"Asian","Spring 2025","Control","Wok","Side","Satellite","Lunch",NA,NA,NA,NA,NA,NA
"2495","28-Jan","Create Your Pasta Bowl MEAT",102,"Italian","Spring 2025","Control","Pasta","Main","Satellite","Lunch",0.625595496853921,47.8385188473692,8.99,63.8107406791,4879.52892243166,916.98
"2496","28-Jan","Create Your Pasta Bowl VEG",35,"Italian","Spring 2025","Control","Pasta","Main","Satellite","Lunch",0.140294556536554,10.5521527214029,8.49,4.91030947877939,369.3253452491,297.15
"2497","28-Jan","Pizza with Toppings",31,"Italian","Spring 2025","Control","Pizza","Main","Satellite","Lunch",NA,NA,NA,NA,NA,NA
"2498","28-Jan","Pizza Cheese",25,"Italian","Spring 2025","Control","Pizza","Main","Satellite","Lunch",NA,NA,NA,NA,NA,NA
"2499","28-Jan","Add Extra Meat",18,"Italian","Spring 2025","Control","Pasta","Modification","Satellite","Lunch",NA,NA,NA,NA,NA,NA
"2500","28-Jan","Side Bread Pasta Station",3,"Italian","Spring 2025","Control","Pasta","Side","Satellite","Lunch",NA,NA,NA,NA,NA,NA
"2501","28-Jan","Burrito Breakfast",87,"Breakfast","Spring 2025","Control","Breakfast","Main","Satellite","Breakfast",NA,NA,NA,NA,NA,NA
"2502","28-Jan","Small French Omelet",59,"Breakfast","Spring 2025","Control","Breakfast","Side","Satellite","Breakfast",NA,NA,NA,NA,NA,NA
"2503","28-Jan","Grand Slam Breakfast",11,"Breakfast","Spring 2025","Control","Breakfast","Main","Satellite","Breakfast",NA,NA,NA,NA,NA,NA
"2504","28-Jan","Add Bacon",44,"Breakfast","Spring 2025","Control","Breakfast","Modification","Satellite","Breakfast",NA,NA,NA,NA,NA,NA
"2505","28-Jan","Two Eggs",14,"Breakfast","Spring 2025","Control","Breakfast","Side","Satellite","Breakfast",NA,NA,NA,NA,NA,NA
"2506","28-Jan","Pancake Single",6,"Breakfast","Spring 2025","Control","Breakfast","Side","Satellite","Breakfast",NA,NA,NA,NA,NA,NA
"2507","28-Jan","2 Slices Toast",4,"Breakfast","Spring 2025","Control","Breakfast","Side","Satellite","Breakfast",NA,NA,NA,NA,NA,NA
"2508","28-Jan","Trillium Home Fries",1,"Breakfast","Spring 2025","Control","Breakfast","Side","Satellite","Breakfast",NA,NA,NA,NA,NA,NA
"2509","28-Jan","Burrito Bowl BYO",116,"Mexican","Spring 2025","Control","Wrap","Main","Satellite","Lunch",NA,NA,NA,NA,NA,NA
"2510","28-Jan","Single Taco",4,"Mexican","Spring 2025","Control","Wrap","Main","Satellite","Lunch",NA,NA,NA,NA,NA,NA
"2511","28-Jan","Side Guacamole",2,"Mexican","Spring 2025","Control","Wrap","Side","Satellite","Lunch",NA,NA,NA,NA,NA,NA
"2512","28-Jan","Add Extra Toppings Una Mano",2,"Mexican","Spring 2025","Control","Wrap","Modification","Satellite","Lunch",NA,NA,NA,NA,NA,NA
"2513","28-Jan","8 oz Soup",59,"Soup","Spring 2025","Control","Soup","Main","Satellite","Lunch",NA,NA,NA,NA,NA,NA
"2514","28-Jan","Soup 12 oz",47,"Soup","Spring 2025","Control","Soup","Main","Satellite","Lunch",NA,NA,NA,NA,NA,NA
"2515","28-Jan","Salad by the Pound",50,"Salad Bar","Spring 2025","Control","Salad Bar","Main","Satellite","Lunch",NA,NA,NA,NA,NA,NA
"2516","28-Jan","Add Extra Protein 3.99",2,"Salad Bar","Spring 2025","Control","Salad Bar","Modification","Satellite","Lunch",NA,NA,NA,NA,NA,NA
"2517","28-Jan","Egg Cheese Bacon Breakfast Sandwich",24,"Grab N Go","Spring 2025","Control","Grab N Go","Main","Satellite","Lunch",NA,NA,NA,NA,NA,NA
"2518","28-Jan","Egg Cheese Sausage Breakfast Sandwich",20,"Grab N Go","Spring 2025","Control","Grab N Go","Main","Satellite","Lunch",NA,NA,NA,NA,NA,NA
"2519","29-Jan","Quesadilla Deluxe Trillium",190,"Grill","Spring 2025","Control","Quesadilla","Main","Satellite","Lunch",NA,NA,NA,NA,NA,NA
"2520","29-Jan","Grilled Hamburger",88,"Grill","Spring 2025","Control","Grill","Main","Treatment","Lunch",3.88121217461521,88.8793607464882,8.99,341.546671366138,7821.38374569096,791.12
"2521","29-Jan","Fried Chicken Tenders",103,"Grab N Go","Spring 2025","Control","Grab N Go","Side","Satellite","Lunch",NA,NA,NA,NA,NA,NA
"2522","29-Jan","Burrito Una Mano Trillium BYO",72,"Grill","Spring 2025","Control","Quesadilla","Main","Satellite","Lunch",NA,NA,NA,NA,NA,NA
"2523","29-Jan","French Fries",126,"Grill","Spring 2025","Control","Grill","Side","Treatment","Lunch",0.040840402892853,2.72997334161235,2.99,5.14589076449948,343.976641043156,376.74
"2524","29-Jan","Quesadilla Cheese",14,"Grill","Spring 2025","Control","Quesadilla","Main","Satellite","Lunch",NA,NA,NA,NA,NA,NA
"2525","29-Jan","Grilled Chicken Breast Sandwich",12,"Grill","Spring 2025","Control","Grill","Main","Treatment","Lunch",0.301553745597932,69.470648861248,8.49,3.61864494717518,833.647786334976,101.88
"2526","29-Jan","Seared Salmon Burger",11,"Grill","Spring 2025","Control","Grill","Main","Treatment","Lunch",0.447926073918026,44.697222176261,8.49,4.92718681309828,491.66944393887,93.39
"2527","29-Jan","Sweet Potato Fries",31,"Grill","Spring 2025","Control","Grill","Side","Treatment","Lunch",0.0422551714366103,3.97622481710592,2.99,1.30991031453492,123.262969330284,92.69
"2528","29-Jan","Trillium Grill Impossible Burger",5,"Grill","Spring 2025","Control","Grill","Main","Treatment","Lunch",0.210911088099112,23.2535935181063,10.49,1.05455544049556,116.267967590532,52.45
"2529","29-Jan","Side Potato Tots",14,"Grab N Go","Spring 2025","Control","Grab N Go","Side","Satellite","Lunch",NA,NA,NA,NA,NA,NA
"2530","29-Jan","ADD Chicken Breast",10,"Grill","Spring 2025","Control","Grill","Modification","Treatment","Lunch",0.227249079536725,60.447700038522,2.99,2.27249079536725,604.47700038522,29.9
"2531","29-Jan","Black Bean Burger",4,"Grill","Spring 2025","Control","Grill","Main","Treatment","Lunch",0.110944712328442,54.9888227801748,8.69,0.443778849313767,219.955291120699,34.76
"2532","29-Jan","+ Beef Patty",8,"Grill","Spring 2025","Control","Grill","Modification","Treatment","Lunch",3.806907508554,79.8564119237622,2.99,30.455260068432,638.851295390098,23.92
"2533","29-Jan","Add Impossible Burger Patty",1,"Grill","Spring 2025","Control","Grill","Modification","Treatment","Lunch",0.151541244844319,13.0180456460107,2.99,0.151541244844319,13.0180456460107,2.99
"2534","29-Jan","Add Sausage 2 Patty",3,"Grill","Spring 2025","Control","Grill","Modification","Treatment","Lunch",0.168918026814813,34.6406776822533,1.99,0.506754080444439,103.92203304676,5.97
"2535","29-Jan","ADD Burger Salmon Grilled",1,"Grill","Spring 2025","Control","Grill","Modification","Treatment","Lunch",0.373621407856819,35.674273353535,2.99,0.373621407856819,35.674273353535,2.99
"2536","29-Jan","Add Egg .99",4,"Grill","Spring 2025","Control","Grill","Modification","Treatment","Lunch",0.0903881853779601,25.3348662383603,0.99,0.36155274151184,101.339464953441,3.96
"2537","29-Jan","ADD Cheese",5,"Grill","Spring 2025","Control","Grill","Modification","Treatment","Lunch",0.183611306606629,3.19881943989712,1.99,0.918056533033145,15.9940971994856,9.95
"2538","29-Jan","1 Entree + 1 Side",206,"Asian","Spring 2025","Control","Wok","Main","Satellite","Lunch",NA,NA,NA,NA,NA,NA
"2539","29-Jan","1 Entree + 2 Side",94,"Asian","Spring 2025","Control","Wok","Main","Satellite","Lunch",NA,NA,NA,NA,NA,NA
"2540","29-Jan","Bowl Ramen Chicken",85,"Asian","Spring 2025","Control","Ramen","Main","Treatment","Lunch",0.379685915053077,104.607642341871,9.49,32.2733027795115,8891.64959905908,806.65
"2541","29-Jan","2 Entrees + 2 Sides",31,"Asian","Spring 2025","Control","Wok","Main","Satellite","Lunch",NA,NA,NA,NA,NA,NA
"2542","29-Jan","Bowl Ramen Tofu",21,"Asian","Spring 2025","Control","Ramen","Main","Treatment","Lunch",0.306509419979168,91.9886822989085,9.49,6.43669781956253,1931.76232827708,199.29
"2543","29-Jan","Side Vegetarian Lo Mein",9,"Asian","Spring 2025","Control","Wok","Side","Satellite","Lunch",NA,NA,NA,NA,NA,NA
"2544","29-Jan","1 Wok Entree",4,"Asian","Spring 2025","Control","Wok","Main","Satellite","Lunch",NA,NA,NA,NA,NA,NA
"2545","29-Jan","Side White or Brown Rice",7,"Asian","Spring 2025","Control","Wok","Side","Satellite","Lunch",NA,NA,NA,NA,NA,NA
"2546","29-Jan","Side Vegetable Spring Rolls",3,"Asian","Spring 2025","Control","Wok","Side","Satellite","Lunch",NA,NA,NA,NA,NA,NA
"2547","29-Jan","Create Your Pasta Bowl MEAT",150,"Italian","Spring 2025","Control","Pasta","Main","Satellite","Lunch",0.625595496853921,47.8385188473692,8.99,93.8393245280882,7175.77782710538,1348.5
"2548","29-Jan","Pizza with Toppings",38,"Italian","Spring 2025","Control","Pizza","Main","Satellite","Lunch",NA,NA,NA,NA,NA,NA
"2549","29-Jan","Create Your Pasta Bowl VEG",22,"Italian","Spring 2025","Control","Pasta","Main","Satellite","Lunch",0.140294556536554,10.5521527214029,8.49,3.08648024380419,232.147359870863,186.78
"2550","29-Jan","Pizza Cheese",23,"Italian","Spring 2025","Control","Pizza","Main","Satellite","Lunch",NA,NA,NA,NA,NA,NA
"2551","29-Jan","Add Extra Meat",32,"Italian","Spring 2025","Control","Pasta","Modification","Satellite","Lunch",NA,NA,NA,NA,NA,NA
"2552","29-Jan","Burrito Breakfast",86,"Breakfast","Spring 2025","Control","Breakfast","Main","Satellite","Breakfast",NA,NA,NA,NA,NA,NA
"2553","29-Jan","Small French Omelet",74,"Breakfast","Spring 2025","Control","Breakfast","Side","Satellite","Breakfast",NA,NA,NA,NA,NA,NA
"2554","29-Jan","Grand Slam Breakfast",16,"Breakfast","Spring 2025","Control","Breakfast","Main","Satellite","Breakfast",NA,NA,NA,NA,NA,NA
"2555","29-Jan","Add Bacon",18,"Breakfast","Spring 2025","Control","Breakfast","Modification","Satellite","Breakfast",NA,NA,NA,NA,NA,NA
"2556","29-Jan","Two Eggs",12,"Breakfast","Spring 2025","Control","Breakfast","Side","Satellite","Breakfast",NA,NA,NA,NA,NA,NA
"2557","29-Jan","Pancake Single",5,"Breakfast","Spring 2025","Control","Breakfast","Side","Satellite","Breakfast",NA,NA,NA,NA,NA,NA
"2558","29-Jan","Trillium Home Fries",3,"Breakfast","Spring 2025","Control","Breakfast","Side","Satellite","Breakfast",NA,NA,NA,NA,NA,NA
"2559","29-Jan","2 Slices Toast",1,"Breakfast","Spring 2025","Control","Breakfast","Side","Satellite","Breakfast",NA,NA,NA,NA,NA,NA
"2560","29-Jan","PC Peanut Butter",1,"Breakfast","Spring 2025","Control","Breakfast","Side","Satellite","Breakfast",NA,NA,NA,NA,NA,NA
"2561","29-Jan","Burrito Bowl BYO",120,"Mexican","Spring 2025","Control","Wrap","Main","Satellite","Lunch",NA,NA,NA,NA,NA,NA
"2562","29-Jan","Single Taco",18,"Mexican","Spring 2025","Control","Wrap","Main","Satellite","Lunch",NA,NA,NA,NA,NA,NA
"2563","29-Jan","Add Extra Toppings Una Mano",1,"Mexican","Spring 2025","Control","Wrap","Modification","Satellite","Lunch",NA,NA,NA,NA,NA,NA
"2564","29-Jan","8 oz Soup",80,"Soup","Spring 2025","Control","Soup","Main","Satellite","Lunch",NA,NA,NA,NA,NA,NA
"2565","29-Jan","Soup 12 oz",34,"Soup","Spring 2025","Control","Soup","Main","Satellite","Lunch",NA,NA,NA,NA,NA,NA
"2566","29-Jan","Salad by the Pound",52,"Salad Bar","Spring 2025","Control","Salad Bar","Main","Satellite","Lunch",NA,NA,NA,NA,NA,NA
"2567","29-Jan","Egg Cheese Bacon Breakfast Sandwich",24,"Grab N Go","Spring 2025","Control","Grab N Go","Main","Satellite","Lunch",NA,NA,NA,NA,NA,NA
"2568","29-Jan","Egg Cheese Sausage Breakfast Sandwich",22,"Grab N Go","Spring 2025","Control","Grab N Go","Main","Satellite","Lunch",NA,NA,NA,NA,NA,NA
"2569","30-Jan","Quesadilla Deluxe Trillium",187,"Grill","Spring 2025","Control","Quesadilla","Main","Satellite","Lunch",NA,NA,NA,NA,NA,NA
"2570","30-Jan","Grilled Hamburger",109,"Grill","Spring 2025","Control","Grill","Main","Treatment","Lunch",3.88121217461521,88.8793607464882,8.99,423.052127033058,9687.85032136721,979.91
"2571","30-Jan","Burrito Una Mano Trillium BYO",83,"Grill","Spring 2025","Control","Quesadilla","Main","Satellite","Lunch",NA,NA,NA,NA,NA,NA
"2572","30-Jan","Fried Chicken Tenders",99,"Grab N Go","Spring 2025","Control","Grab N Go","Side","Satellite","Lunch",NA,NA,NA,NA,NA,NA
"2573","30-Jan","French Fries",144,"Grill","Spring 2025","Control","Grill","Side","Treatment","Lunch",0.040840402892853,2.72997334161235,2.99,5.88101801657083,393.116161192178,430.56
"2574","30-Jan","Sweet Potato Fries",47,"Grill","Spring 2025","Control","Grill","Side","Treatment","Lunch",0.0422551714366103,3.97622481710592,2.99,1.98599305752068,186.882566403978,140.53
"2575","30-Jan","Quesadilla Cheese",16,"Grill","Spring 2025","Control","Quesadilla","Main","Satellite","Lunch",NA,NA,NA,NA,NA,NA
"2576","30-Jan","Grilled Chicken Breast Sandwich",14,"Grill","Spring 2025","Control","Grill","Main","Treatment","Lunch",0.301553745597932,69.470648861248,8.49,4.22175243837104,972.589084057471,118.86
"2577","30-Jan","Trillium Grill Impossible Burger",8,"Grill","Spring 2025","Control","Grill","Main","Treatment","Lunch",0.210911088099112,23.2535935181063,10.49,1.68728870479289,186.02874814485,83.92
"2578","30-Jan","Seared Salmon Burger",8,"Grill","Spring 2025","Control","Grill","Main","Treatment","Lunch",0.447926073918026,44.697222176261,8.49,3.5834085913442,357.577777410088,67.92
"2579","30-Jan","+ Beef Patty",17,"Grill","Spring 2025","Control","Grill","Modification","Treatment","Lunch",3.806907508554,79.8564119237622,2.99,64.717427645418,1357.55900270396,50.83
"2580","30-Jan","Side Potato Tots",12,"Grab N Go","Spring 2025","Control","Grab N Go","Side","Satellite","Lunch",NA,NA,NA,NA,NA,NA
"2581","30-Jan","Black Bean Burger",3,"Grill","Spring 2025","Control","Grill","Main","Treatment","Lunch",0.110944712328442,54.9888227801748,8.69,0.332834136985325,164.966468340524,26.07
"2582","30-Jan","ADD Burger Salmon Grilled",2,"Grill","Spring 2025","Control","Grill","Modification","Treatment","Lunch",0.373621407856819,35.674273353535,2.99,0.747242815713638,71.34854670707,5.98
"2583","30-Jan","ADD Chicken Breast",2,"Grill","Spring 2025","Control","Grill","Modification","Treatment","Lunch",0.227249079536725,60.447700038522,2.99,0.45449815907345,120.895400077044,5.98
"2584","30-Jan","Add Egg .99",6,"Grill","Spring 2025","Control","Grill","Modification","Treatment","Lunch",0.0903881853779601,25.3348662383603,0.99,0.542329112267761,152.009197430162,5.94
"2585","30-Jan","ADD Cheese",9,"Grill","Spring 2025","Control","Grill","Modification","Treatment","Lunch",0.183611306606629,3.19881943989712,1.99,1.65250175945966,28.7893749590741,17.91
"2586","30-Jan","Add Sausage 2 Patty",1,"Grill","Spring 2025","Control","Grill","Modification","Treatment","Lunch",0.168918026814813,34.6406776822533,1.99,0.168918026814813,34.6406776822533,1.99
"2587","30-Jan","1 Entree + 1 Side",209,"Asian","Spring 2025","Control","Wok","Main","Satellite","Lunch",NA,NA,NA,NA,NA,NA
"2588","30-Jan","1 Entree + 2 Side",93,"Asian","Spring 2025","Control","Wok","Main","Satellite","Lunch",NA,NA,NA,NA,NA,NA
"2589","30-Jan","Bowl Ramen Chicken",83,"Asian","Spring 2025","Control","Ramen","Main","Treatment","Lunch",0.379685915053077,104.607642341871,9.49,31.5139309494054,8682.43431437533,787.67
"2590","30-Jan","2 Entrees + 2 Sides",24,"Asian","Spring 2025","Control","Wok","Main","Satellite","Lunch",NA,NA,NA,NA,NA,NA
"2591","30-Jan","Bowl Ramen Tofu",26,"Asian","Spring 2025","Control","Ramen","Main","Treatment","Lunch",0.306509419979168,91.9886822989085,9.49,7.96924491945837,2391.70573977162,246.74
"2592","30-Jan","Side Vegetarian Lo Mein",4,"Asian","Spring 2025","Control","Wok","Side","Satellite","Lunch",NA,NA,NA,NA,NA,NA
"2593","30-Jan","Side White or Brown Rice",7,"Asian","Spring 2025","Control","Wok","Side","Satellite","Lunch",NA,NA,NA,NA,NA,NA
"2594","30-Jan","1 Wok Entree",2,"Asian","Spring 2025","Control","Wok","Main","Satellite","Lunch",NA,NA,NA,NA,NA,NA
"2595","30-Jan","Side Fried Spring Roll",1,"Asian","Spring 2025","Control","Wok","Side","Satellite","Lunch",NA,NA,NA,NA,NA,NA
"2596","30-Jan","Side Vegetables",1,"Asian","Spring 2025","Control","Wok","Side","Satellite","Lunch",NA,NA,NA,NA,NA,NA
"2597","30-Jan","Side Vegetarian Fried Rice with",1,"Asian","Spring 2025","Control","Wok","Side","Satellite","Lunch",NA,NA,NA,NA,NA,NA
"2598","30-Jan","Create Your Pasta Bowl MEAT",118,"Italian","Spring 2025","Control","Pasta","Main","Satellite","Lunch",0.625595496853921,47.8385188473692,8.99,73.8202686287627,5644.94522398956,1060.82
"2599","30-Jan","Create Your Pasta Bowl VEG",33,"Italian","Spring 2025","Control","Pasta","Main","Satellite","Lunch",0.140294556536554,10.5521527214029,8.49,4.62972036570628,348.221039806294,280.17
"2600","30-Jan","Pizza with Toppings",45,"Italian","Spring 2025","Control","Pizza","Main","Satellite","Lunch",NA,NA,NA,NA,NA,NA
"2601","30-Jan","Pizza Cheese",27,"Italian","Spring 2025","Control","Pizza","Main","Satellite","Lunch",NA,NA,NA,NA,NA,NA
"2602","30-Jan","Add Extra Meat",31,"Italian","Spring 2025","Control","Pasta","Modification","Satellite","Lunch",NA,NA,NA,NA,NA,NA
"2603","30-Jan","Burrito Breakfast",94,"Breakfast","Spring 2025","Control","Breakfast","Main","Satellite","Breakfast",NA,NA,NA,NA,NA,NA
"2604","30-Jan","Small French Omelet",59,"Breakfast","Spring 2025","Control","Breakfast","Side","Satellite","Breakfast",NA,NA,NA,NA,NA,NA
"2605","30-Jan","Grand Slam Breakfast",9,"Breakfast","Spring 2025","Control","Breakfast","Main","Satellite","Breakfast",NA,NA,NA,NA,NA,NA
"2606","30-Jan","Add Bacon",29,"Breakfast","Spring 2025","Control","Breakfast","Modification","Satellite","Breakfast",NA,NA,NA,NA,NA,NA
"2607","30-Jan","Two Eggs",11,"Breakfast","Spring 2025","Control","Breakfast","Side","Satellite","Breakfast",NA,NA,NA,NA,NA,NA
"2608","30-Jan","Pancake Single",3,"Breakfast","Spring 2025","Control","Breakfast","Side","Satellite","Breakfast",NA,NA,NA,NA,NA,NA
"2609","30-Jan","2 Slices Toast",2,"Breakfast","Spring 2025","Control","Breakfast","Side","Satellite","Breakfast",NA,NA,NA,NA,NA,NA
"2610","30-Jan","PC Jelly",1,"Breakfast","Spring 2025","Control","Breakfast","Side","Satellite","Breakfast",NA,NA,NA,NA,NA,NA
"2611","30-Jan","Burrito Bowl BYO",102,"Mexican","Spring 2025","Control","Wrap","Main","Satellite","Lunch",NA,NA,NA,NA,NA,NA
"2612","30-Jan","Single Taco",6,"Mexican","Spring 2025","Control","Wrap","Main","Satellite","Lunch",NA,NA,NA,NA,NA,NA
"2613","30-Jan","Side Guacamole",4,"Mexican","Spring 2025","Control","Wrap","Side","Satellite","Lunch",NA,NA,NA,NA,NA,NA
"2614","30-Jan","Add Extra Toppings Una Mano",1,"Mexican","Spring 2025","Control","Wrap","Modification","Satellite","Lunch",NA,NA,NA,NA,NA,NA
"2615","30-Jan","Salad by the Pound",64,"Salad Bar","Spring 2025","Control","Salad Bar","Main","Satellite","Lunch",NA,NA,NA,NA,NA,NA
"2616","30-Jan","Add Extra Protein 3.99",4,"Salad Bar","Spring 2025","Control","Salad Bar","Modification","Satellite","Lunch",NA,NA,NA,NA,NA,NA
"2617","30-Jan","8 oz Soup",39,"Soup","Spring 2025","Control","Soup","Main","Satellite","Lunch",NA,NA,NA,NA,NA,NA
"2618","30-Jan","Soup 12 oz",26,"Soup","Spring 2025","Control","Soup","Main","Satellite","Lunch",NA,NA,NA,NA,NA,NA
"2619","30-Jan","Egg Cheese Sausage Breakfast Sandwich",23,"Grab N Go","Spring 2025","Control","Grab N Go","Main","Satellite","Lunch",NA,NA,NA,NA,NA,NA
"2620","30-Jan","Egg Cheese Bacon Breakfast Sandwich",20,"Grab N Go","Spring 2025","Control","Grab N Go","Main","Satellite","Lunch",NA,NA,NA,NA,NA,NA
"2621","31-Jan","Quesadilla Deluxe Trillium",129,"Grill","Spring 2025","Control","Quesadilla","Main","Satellite","Lunch",NA,NA,NA,NA,NA,NA
"2622","31-Jan","Grilled Hamburger",64,"Grill","Spring 2025","Control","Grill","Main","Treatment","Lunch",3.88121217461521,88.8793607464882,8.99,248.397579175373,5688.27908777524,575.36
"2623","31-Jan","Burrito Una Mano Trillium BYO",60,"Grill","Spring 2025","Control","Quesadilla","Main","Satellite","Lunch",NA,NA,NA,NA,NA,NA
"2624","31-Jan","Fried Chicken Tenders",60,"Grab N Go","Spring 2025","Control","Grab N Go","Side","Satellite","Lunch",NA,NA,NA,NA,NA,NA
"2625","31-Jan","French Fries",111,"Grill","Spring 2025","Control","Grill","Side","Treatment","Lunch",0.040840402892853,2.72997334161235,2.99,4.53328472110668,303.027040918971,331.89
"2626","31-Jan","Grilled Chicken Breast Sandwich",9,"Grill","Spring 2025","Control","Grill","Main","Treatment","Lunch",0.301553745597932,69.470648861248,8.49,2.71398371038138,625.235839751232,76.41
"2627","31-Jan","+ Beef Patty",21,"Grill","Spring 2025","Control","Grill","Modification","Treatment","Lunch",3.806907508554,79.8564119237622,2.99,79.945057679634,1676.98465039901,62.79
"2628","31-Jan","Quesadilla Cheese",9,"Grill","Spring 2025","Control","Quesadilla","Main","Satellite","Lunch",NA,NA,NA,NA,NA,NA
"2629","31-Jan","Trillium Grill Impossible Burger",6,"Grill","Spring 2025","Control","Grill","Main","Treatment","Lunch",0.210911088099112,23.2535935181063,10.49,1.26546652859467,139.521561108638,62.94
"2630","31-Jan","Seared Salmon Burger",5,"Grill","Spring 2025","Control","Grill","Main","Treatment","Lunch",0.447926073918026,44.697222176261,8.49,2.23963036959013,223.486110881305,42.45
"2631","31-Jan","Side Potato Tots",13,"Grab N Go","Spring 2025","Control","Grab N Go","Side","Satellite","Lunch",NA,NA,NA,NA,NA,NA
"2632","31-Jan","ADD Chicken Breast",4,"Grill","Spring 2025","Control","Grill","Modification","Treatment","Lunch",0.227249079536725,60.447700038522,2.99,0.9089963181469,241.790800154088,11.96
"2633","31-Jan","ADD Cheese",17,"Grill","Spring 2025","Control","Grill","Modification","Treatment","Lunch",0.183611306606629,3.19881943989712,1.99,3.12139221231269,54.3799304782511,33.83
"2634","31-Jan","Black Bean Burger",1,"Grill","Spring 2025","Control","Grill","Main","Treatment","Lunch",0.110944712328442,54.9888227801748,8.69,0.110944712328442,54.9888227801748,8.69
"2635","31-Jan","Add Egg .99",5,"Grill","Spring 2025","Control","Grill","Modification","Treatment","Lunch",0.0903881853779601,25.3348662383603,0.99,0.451940926889801,126.674331191801,4.95
"2636","31-Jan","Add Sausage 2 Patty",2,"Grill","Spring 2025","Control","Grill","Modification","Treatment","Lunch",0.168918026814813,34.6406776822533,1.99,0.337836053629626,69.2813553645066,3.98
"2637","31-Jan","1 Entree + 1 Side",136,"Asian","Spring 2025","Control","Wok","Main","Satellite","Lunch",NA,NA,NA,NA,NA,NA
"2638","31-Jan","Bowl Ramen Chicken",71,"Asian","Spring 2025","Control","Ramen","Main","Treatment","Lunch",0.379685915053077,104.607642341871,9.49,26.9576999687685,7427.14260627288,673.79
"2639","31-Jan","1 Entree + 2 Side",62,"Asian","Spring 2025","Control","Wok","Main","Satellite","Lunch",NA,NA,NA,NA,NA,NA
"2640","31-Jan","2 Entrees + 2 Sides",22,"Asian","Spring 2025","Control","Wok","Main","Satellite","Lunch",NA,NA,NA,NA,NA,NA
"2641","31-Jan","Bowl Ramen Tofu",13,"Asian","Spring 2025","Control","Ramen","Main","Treatment","Lunch",0.306509419979168,91.9886822989085,9.49,3.98462245972918,1195.85286988581,123.37
"2642","31-Jan","Side White or Brown Rice",9,"Asian","Spring 2025","Control","Wok","Side","Satellite","Lunch",NA,NA,NA,NA,NA,NA
"2643","31-Jan","Side Vegetarian Lo Mein",3,"Asian","Spring 2025","Control","Wok","Side","Satellite","Lunch",NA,NA,NA,NA,NA,NA
"2644","31-Jan","Bowl Ramen Chicken",1,"Asian","Spring 2025","Control","Ramen","Main","Treatment","Lunch",0.379685915053077,104.607642341871,9.49,0.379685915053077,104.607642341871,9.49
"2645","31-Jan","Side Vegetable Spring Rolls",1,"Asian","Spring 2025","Control","Wok","Side","Satellite","Lunch",NA,NA,NA,NA,NA,NA
"2646","31-Jan","Side Vegetarian Fried Rice with",1,"Asian","Spring 2025","Control","Wok","Side","Satellite","Lunch",NA,NA,NA,NA,NA,NA
"2647","31-Jan","Create Your Pasta Bowl MEAT",90,"Italian","Spring 2025","Control","Pasta","Main","Satellite","Lunch",0.625595496853921,47.8385188473692,8.99,56.3035947168529,4305.46669626323,809.1
"2648","31-Jan","Pizza with Toppings",35,"Italian","Spring 2025","Control","Pizza","Main","Satellite","Lunch",NA,NA,NA,NA,NA,NA
"2649","31-Jan","Pizza Cheese",18,"Italian","Spring 2025","Control","Pizza","Main","Satellite","Lunch",NA,NA,NA,NA,NA,NA
"2650","31-Jan","Create Your Pasta Bowl VEG",8,"Italian","Spring 2025","Control","Pasta","Main","Satellite","Lunch",0.140294556536554,10.5521527214029,8.49,1.12235645229243,84.4172217712228,67.92
"2651","31-Jan","Add Extra Meat",22,"Italian","Spring 2025","Control","Pasta","Modification","Satellite","Lunch",NA,NA,NA,NA,NA,NA
"2652","31-Jan","Side Bread Pasta Station",1,"Italian","Spring 2025","Control","Pasta","Side","Satellite","Lunch",NA,NA,NA,NA,NA,NA
"2653","31-Jan","Burrito Breakfast",74,"Breakfast","Spring 2025","Control","Breakfast","Main","Satellite","Breakfast",NA,NA,NA,NA,NA,NA
"2654","31-Jan","Small French Omelet",46,"Breakfast","Spring 2025","Control","Breakfast","Side","Satellite","Breakfast",NA,NA,NA,NA,NA,NA
"2655","31-Jan","Grand Slam Breakfast",8,"Breakfast","Spring 2025","Control","Breakfast","Main","Satellite","Breakfast",NA,NA,NA,NA,NA,NA
"2656","31-Jan","Add Bacon",19,"Breakfast","Spring 2025","Control","Breakfast","Modification","Satellite","Breakfast",NA,NA,NA,NA,NA,NA
"2657","31-Jan","Two Eggs",9,"Breakfast","Spring 2025","Control","Breakfast","Side","Satellite","Breakfast",NA,NA,NA,NA,NA,NA
"2658","31-Jan","Pancake Single",4,"Breakfast","Spring 2025","Control","Breakfast","Side","Satellite","Breakfast",NA,NA,NA,NA,NA,NA
"2659","31-Jan","Trillium Home Fries",3,"Breakfast","Spring 2025","Control","Breakfast","Side","Satellite","Breakfast",NA,NA,NA,NA,NA,NA
"2660","31-Jan","2 Slices Toast",1,"Breakfast","Spring 2025","Control","Breakfast","Side","Satellite","Breakfast",NA,NA,NA,NA,NA,NA
"2661","31-Jan","Burrito Bowl BYO",68,"Mexican","Spring 2025","Control","Wrap","Main","Satellite","Lunch",NA,NA,NA,NA,NA,NA
"2662","31-Jan","Single Taco",3,"Mexican","Spring 2025","Control","Wrap","Main","Satellite","Lunch",NA,NA,NA,NA,NA,NA
"2663","31-Jan","Side Guacamole",4,"Mexican","Spring 2025","Control","Wrap","Side","Satellite","Lunch",NA,NA,NA,NA,NA,NA
"2664","31-Jan","Add Extra Toppings Una Mano",2,"Mexican","Spring 2025","Control","Wrap","Modification","Satellite","Lunch",NA,NA,NA,NA,NA,NA
"2665","31-Jan","8 oz Soup",37,"Soup","Spring 2025","Control","Soup","Main","Satellite","Lunch",NA,NA,NA,NA,NA,NA
"2666","31-Jan","Soup 12 oz",28,"Soup","Spring 2025","Control","Soup","Main","Satellite","Lunch",NA,NA,NA,NA,NA,NA
"2667","31-Jan","Salad by the Pound",38,"Salad Bar","Spring 2025","Control","Salad Bar","Main","Satellite","Lunch",NA,NA,NA,NA,NA,NA
"2668","31-Jan","Add Extra Protein 3.99",1,"Salad Bar","Spring 2025","Control","Salad Bar","Modification","Satellite","Lunch",NA,NA,NA,NA,NA,NA
"2669","31-Jan","Egg Cheese Bacon Breakfast Sandwich",25,"Grab N Go","Spring 2025","Control","Grab N Go","Main","Satellite","Lunch",NA,NA,NA,NA,NA,NA
"2670","31-Jan","Egg Cheese Sausage Breakfast Sandwich",17,"Grab N Go","Spring 2025","Control","Grab N Go","Main","Satellite","Lunch",NA,NA,NA,NA,NA,NA
"2671","3-Feb","Quesadilla Deluxe Trillium",192,"Grill","Spring 2025","Multimodal","Quesadilla","Main","Satellite","Lunch",NA,NA,NA,NA,NA,NA
"2672","3-Feb","Grilled Hamburger",90,"Grill","Spring 2025","Multimodal","Grill","Main","Treatment","Lunch",3.88121217461521,88.8793607464882,8.99,349.309095715369,7999.14246718393,809.1
"2673","3-Feb","Burrito Una Mano Trillium BYO",73,"Grill","Spring 2025","Multimodal","Quesadilla","Main","Satellite","Lunch",NA,NA,NA,NA,NA,NA
"2674","3-Feb","Fried Chicken Tenders",73,"Grab N Go","Spring 2025","Multimodal","Grab N Go","Side","Satellite","Lunch",NA,NA,NA,NA,NA,NA
"2675","3-Feb","French Fries",128,"Grill","Spring 2025","Multimodal","Grill","Side","Treatment","Lunch",0.040840402892853,2.72997334161235,2.99,5.22757157028518,349.436587726381,382.72
"2676","3-Feb","Grilled Chicken Breast Sandwich",15,"Grill","Spring 2025","Multimodal","Grill","Main","Treatment","Lunch",0.301553745597932,69.470648861248,8.49,4.52330618396897,1042.05973291872,127.35
"2677","3-Feb","Trillium Grill Impossible Burger",12,"Grill","Spring 2025","Multimodal","Grill","Main","Treatment","Lunch",0.210911088099112,23.2535935181063,10.49,2.53093305718934,279.043122217276,125.88
"2678","3-Feb","Quesadilla Cheese",15,"Grill","Spring 2025","Multimodal","Quesadilla","Main","Satellite","Lunch",NA,NA,NA,NA,NA,NA
"2679","3-Feb","Seared Salmon Burger",8,"Grill","Spring 2025","Multimodal","Grill","Main","Treatment","Lunch",0.447926073918026,44.697222176261,8.49,3.5834085913442,357.577777410088,67.92
"2680","3-Feb","Sweet Potato Fries",20,"Grill","Spring 2025","Multimodal","Grill","Side","Treatment","Lunch",0.0422551714366103,3.97622481710592,2.99,0.845103428732206,79.5244963421184,59.8
"2681","3-Feb","+ Beef Patty",13,"Grill","Spring 2025","Multimodal","Grill","Modification","Treatment","Lunch",3.806907508554,79.8564119237622,2.99,49.489797611202,1038.13335500891,38.87
"2682","3-Feb","Side Potato Tots",15,"Grab N Go","Spring 2025","Multimodal","Grab N Go","Side","Satellite","Lunch",NA,NA,NA,NA,NA,NA
"2683","3-Feb","ADD Chicken Breast",6,"Grill","Spring 2025","Multimodal","Grill","Modification","Treatment","Lunch",0.227249079536725,60.447700038522,2.99,1.36349447722035,362.686200231132,17.94
"2684","3-Feb","Add Sausage 2 Patty",5,"Grill","Spring 2025","Multimodal","Grill","Modification","Treatment","Lunch",0.168918026814813,34.6406776822533,1.99,0.844590134074065,173.203388411266,9.95
"2685","3-Feb","ADD Cheese",12,"Grill","Spring 2025","Multimodal","Grill","Modification","Treatment","Lunch",0.183611306606629,3.19881943989712,1.99,2.20333567927955,38.3858332787655,23.88
"2686","3-Feb","Add Egg .99",3,"Grill","Spring 2025","Multimodal","Grill","Modification","Treatment","Lunch",0.0903881853779601,25.3348662383603,0.99,0.27116455613388,76.0045987150809,2.97
"2687","3-Feb","1 Entree + 1 Side",181,"Asian","Spring 2025","Multimodal","Wok","Main","Satellite","Lunch",NA,NA,NA,NA,NA,NA
"2688","3-Feb","1 Entree + 2 Side",103,"Asian","Spring 2025","Multimodal","Wok","Main","Satellite","Lunch",NA,NA,NA,NA,NA,NA
"2689","3-Feb","Bowl Ramen Chicken",81,"Asian","Spring 2025","Multimodal","Ramen","Main","Treatment","Lunch",0.379685915053077,104.607642341871,9.49,30.7545591192992,8473.21902969159,768.69
"2690","3-Feb","2 Entrees + 2 Sides",29,"Asian","Spring 2025","Multimodal","Wok","Main","Satellite","Lunch",NA,NA,NA,NA,NA,NA
"2691","3-Feb","Bowl Ramen Tofu",12,"Asian","Spring 2025","Multimodal","Ramen","Main","Treatment","Lunch",0.306509419979168,91.9886822989085,9.49,3.67811303975002,1103.8641875869,113.88
"2692","3-Feb","1 Wok Entree",8,"Asian","Spring 2025","Multimodal","Wok","Main","Satellite","Lunch",NA,NA,NA,NA,NA,NA
"2693","3-Feb","Side Vegetarian Lo Mein",8,"Asian","Spring 2025","Multimodal","Wok","Side","Satellite","Lunch",NA,NA,NA,NA,NA,NA
"2694","3-Feb","Side White or Brown Rice",10,"Asian","Spring 2025","Multimodal","Wok","Side","Satellite","Lunch",NA,NA,NA,NA,NA,NA
"2695","3-Feb","Side Vegetable Spring Rolls",3,"Asian","Spring 2025","Multimodal","Wok","Side","Satellite","Lunch",NA,NA,NA,NA,NA,NA
"2696","3-Feb","Side Vegetables",1,"Asian","Spring 2025","Multimodal","Wok","Side","Satellite","Lunch",NA,NA,NA,NA,NA,NA
"2697","3-Feb","Side Vegetarian Fried Rice with",1,"Asian","Spring 2025","Multimodal","Wok","Side","Satellite","Lunch",NA,NA,NA,NA,NA,NA
"2698","3-Feb","Create Your Pasta Bowl MEAT",140,"Italian","Spring 2025","Multimodal","Pasta","Main","Satellite","Lunch",0.625595496853921,47.8385188473692,8.99,87.583369559549,6697.39263863169,1258.6
"2699","3-Feb","Pizza with Toppings",39,"Italian","Spring 2025","Multimodal","Pizza","Main","Satellite","Lunch",NA,NA,NA,NA,NA,NA
"2700","3-Feb","Create Your Pasta Bowl VEG",18,"Italian","Spring 2025","Multimodal","Pasta","Main","Satellite","Lunch",0.140294556536554,10.5521527214029,8.49,2.52530201765797,189.938748985251,152.82
"2701","3-Feb","Add Extra Meat",36,"Italian","Spring 2025","Multimodal","Pasta","Modification","Satellite","Lunch",NA,NA,NA,NA,NA,NA
"2702","3-Feb","Pizza Cheese",16,"Italian","Spring 2025","Multimodal","Pizza","Main","Satellite","Lunch",NA,NA,NA,NA,NA,NA
"2703","3-Feb","Side Bread Pasta Station",1,"Italian","Spring 2025","Multimodal","Pasta","Side","Satellite","Lunch",NA,NA,NA,NA,NA,NA
"2704","3-Feb","Burrito Breakfast",85,"Breakfast","Spring 2025","Multimodal","Breakfast","Main","Satellite","Breakfast",NA,NA,NA,NA,NA,NA
"2705","3-Feb","Small French Omelet",66,"Breakfast","Spring 2025","Multimodal","Breakfast","Side","Satellite","Breakfast",NA,NA,NA,NA,NA,NA
"2706","3-Feb","Grand Slam Breakfast",7,"Breakfast","Spring 2025","Multimodal","Breakfast","Main","Satellite","Breakfast",NA,NA,NA,NA,NA,NA
"2707","3-Feb","Add Bacon",30,"Breakfast","Spring 2025","Multimodal","Breakfast","Modification","Satellite","Breakfast",NA,NA,NA,NA,NA,NA
"2708","3-Feb","Two Eggs",27,"Breakfast","Spring 2025","Multimodal","Breakfast","Side","Satellite","Breakfast",NA,NA,NA,NA,NA,NA
"2709","3-Feb","Trillium Home Fries",5,"Breakfast","Spring 2025","Multimodal","Breakfast","Side","Satellite","Breakfast",NA,NA,NA,NA,NA,NA
"2710","3-Feb","Pancake Single",1,"Breakfast","Spring 2025","Multimodal","Breakfast","Side","Satellite","Breakfast",NA,NA,NA,NA,NA,NA
"2711","3-Feb","2 Slices Toast",2,"Breakfast","Spring 2025","Multimodal","Breakfast","Side","Satellite","Breakfast",NA,NA,NA,NA,NA,NA
"2712","3-Feb","PC Peanut Butter",2,"Breakfast","Spring 2025","Multimodal","Breakfast","Side","Satellite","Breakfast",NA,NA,NA,NA,NA,NA
"2713","3-Feb","Toast",1,"Breakfast","Spring 2025","Multimodal","Breakfast","Side","Satellite","Breakfast",NA,NA,NA,NA,NA,NA
"2714","3-Feb","Burrito Bowl BYO",110,"Mexican","Spring 2025","Multimodal","Wrap","Main","Satellite","Lunch",NA,NA,NA,NA,NA,NA
"2715","3-Feb","Single Taco",4,"Mexican","Spring 2025","Multimodal","Wrap","Main","Satellite","Lunch",NA,NA,NA,NA,NA,NA
"2716","3-Feb","Side Guacamole",1,"Mexican","Spring 2025","Multimodal","Wrap","Side","Satellite","Lunch",NA,NA,NA,NA,NA,NA
"2717","3-Feb","Salad by the Pound",64,"Salad Bar","Spring 2025","Multimodal","Salad Bar","Main","Satellite","Lunch",NA,NA,NA,NA,NA,NA
"2718","3-Feb","Add Extra Protein 3.99",3,"Salad Bar","Spring 2025","Multimodal","Salad Bar","Modification","Satellite","Lunch",NA,NA,NA,NA,NA,NA
"2719","3-Feb","8 oz Soup",56,"Soup","Spring 2025","Multimodal","Soup","Main","Satellite","Lunch",NA,NA,NA,NA,NA,NA
"2720","3-Feb","Soup 12 oz",38,"Soup","Spring 2025","Multimodal","Soup","Main","Satellite","Lunch",NA,NA,NA,NA,NA,NA
"2721","3-Feb","Egg Cheese Bacon Breakfast Sandwich",24,"Grab N Go","Spring 2025","Multimodal","Grab N Go","Main","Satellite","Lunch",NA,NA,NA,NA,NA,NA
"2722","3-Feb","Egg Cheese Sausage Breakfast Sandwich",19,"Grab N Go","Spring 2025","Multimodal","Grab N Go","Main","Satellite","Lunch",NA,NA,NA,NA,NA,NA
"2723","4-Feb","Quesadilla Deluxe Trillium",196,"Grill","Spring 2025","Multimodal","Quesadilla","Main","Satellite","Lunch",NA,NA,NA,NA,NA,NA
"2724","4-Feb","Grilled Hamburger",108,"Grill","Spring 2025","Multimodal","Grill","Main","Treatment","Lunch",3.88121217461521,88.8793607464882,8.99,419.170914858442,9598.97096062072,970.92
"2725","4-Feb","Fried Chicken Tenders",107,"Grab N Go","Spring 2025","Multimodal","Grab N Go","Side","Satellite","Lunch",NA,NA,NA,NA,NA,NA
"2726","4-Feb","Burrito Una Mano Trillium BYO",75,"Grill","Spring 2025","Multimodal","Quesadilla","Main","Satellite","Lunch",NA,NA,NA,NA,NA,NA
"2727","4-Feb","French Fries",130,"Grill","Spring 2025","Multimodal","Grill","Side","Treatment","Lunch",0.040840402892853,2.72997334161235,2.99,5.30925237607089,354.896534409606,388.7
"2728","4-Feb","Grilled Chicken Breast Sandwich",19,"Grill","Spring 2025","Multimodal","Grill","Main","Treatment","Lunch",0.301553745597932,69.470648861248,8.49,5.7295211663607,1319.94232836371,161.31
"2729","4-Feb","Sweet Potato Fries",45,"Grill","Spring 2025","Multimodal","Grill","Side","Treatment","Lunch",0.0422551714366103,3.97622481710592,2.99,1.90148271464746,178.930116769766,134.55
"2730","4-Feb","+ Beef Patty",21,"Grill","Spring 2025","Multimodal","Grill","Modification","Treatment","Lunch",3.806907508554,79.8564119237622,2.99,79.945057679634,1676.98465039901,62.79
"2731","4-Feb","Quesadilla Cheese",8,"Grill","Spring 2025","Multimodal","Quesadilla","Main","Satellite","Lunch",NA,NA,NA,NA,NA,NA
"2732","4-Feb","Seared Salmon Burger",7,"Grill","Spring 2025","Multimodal","Grill","Main","Treatment","Lunch",0.447926073918026,44.697222176261,8.49,3.13548251742618,312.880555233827,59.43
"2733","4-Feb","Side Potato Tots",16,"Grab N Go","Spring 2025","Multimodal","Grab N Go","Side","Satellite","Lunch",NA,NA,NA,NA,NA,NA
"2734","4-Feb","ADD Chicken Breast",8,"Grill","Spring 2025","Multimodal","Grill","Modification","Treatment","Lunch",0.227249079536725,60.447700038522,2.99,1.8179926362938,483.581600308176,23.92
"2735","4-Feb","Black Bean Burger",3,"Grill","Spring 2025","Multimodal","Grill","Main","Treatment","Lunch",0.110944712328442,54.9888227801748,8.69,0.332834136985325,164.966468340524,26.07
"2736","4-Feb","Trillium Grill Impossible Burger",2,"Grill","Spring 2025","Multimodal","Grill","Main","Treatment","Lunch",0.210911088099112,23.2535935181063,10.49,0.421822176198224,46.5071870362126,20.98
"2737","4-Feb","Add Sausage 2 Patty",5,"Grill","Spring 2025","Multimodal","Grill","Modification","Treatment","Lunch",0.168918026814813,34.6406776822533,1.99,0.844590134074065,173.203388411266,9.95
"2738","4-Feb","ADD Cheese",16,"Grill","Spring 2025","Multimodal","Grill","Modification","Treatment","Lunch",0.183611306606629,3.19881943989712,1.99,2.93778090570606,51.181111038354,31.84
"2739","4-Feb","Add Egg .99",7,"Grill","Spring 2025","Multimodal","Grill","Modification","Treatment","Lunch",0.0903881853779601,25.3348662383603,0.99,0.632717297645721,177.344063668522,6.93
"2740","4-Feb","ADD Burger Salmon Grilled",1,"Grill","Spring 2025","Multimodal","Grill","Modification","Treatment","Lunch",0.373621407856819,35.674273353535,2.99,0.373621407856819,35.674273353535,2.99
"2741","4-Feb","1 Entree + 1 Side",213,"Asian","Spring 2025","Multimodal","Wok","Main","Satellite","Lunch",NA,NA,NA,NA,NA,NA
"2742","4-Feb","1 Entree + 2 Side",82,"Asian","Spring 2025","Multimodal","Wok","Main","Satellite","Lunch",NA,NA,NA,NA,NA,NA
"2743","4-Feb","Bowl Ramen Chicken",86,"Asian","Spring 2025","Multimodal","Ramen","Main","Treatment","Lunch",0.379685915053077,104.607642341871,9.49,32.6529886945646,8996.25724140095,816.14
"2744","4-Feb","2 Entrees + 2 Sides",34,"Asian","Spring 2025","Multimodal","Wok","Main","Satellite","Lunch",NA,NA,NA,NA,NA,NA
"2745","4-Feb","Bowl Ramen Tofu",25,"Asian","Spring 2025","Multimodal","Ramen","Main","Treatment","Lunch",0.306509419979168,91.9886822989085,9.49,7.6627354994792,2299.71705747271,237.25
"2746","4-Feb","1 Wok Entree",8,"Asian","Spring 2025","Multimodal","Wok","Main","Satellite","Lunch",NA,NA,NA,NA,NA,NA
"2747","4-Feb","Side Vegetarian Lo Mein",7,"Asian","Spring 2025","Multimodal","Wok","Side","Satellite","Lunch",NA,NA,NA,NA,NA,NA
"2748","4-Feb","Side White or Brown Rice",9,"Asian","Spring 2025","Multimodal","Wok","Side","Satellite","Lunch",NA,NA,NA,NA,NA,NA
"2749","4-Feb","Side Vegetables",3,"Asian","Spring 2025","Multimodal","Wok","Side","Satellite","Lunch",NA,NA,NA,NA,NA,NA
"2750","4-Feb","Side Vegetarian Fried Rice with",3,"Asian","Spring 2025","Multimodal","Wok","Side","Satellite","Lunch",NA,NA,NA,NA,NA,NA
"2751","4-Feb","Side Vegetable Spring Rolls",1,"Asian","Spring 2025","Multimodal","Wok","Side","Satellite","Lunch",NA,NA,NA,NA,NA,NA
"2752","4-Feb","Create Your Pasta Bowl MEAT",101,"Italian","Spring 2025","Multimodal","Pasta","Main","Satellite","Lunch",0.625595496853921,47.8385188473692,8.99,63.185145182246,4831.69040358429,907.99
"2753","4-Feb","Pizza with Toppings",52,"Italian","Spring 2025","Multimodal","Pizza","Main","Satellite","Lunch",NA,NA,NA,NA,NA,NA
"2754","4-Feb","Create Your Pasta Bowl VEG",24,"Italian","Spring 2025","Multimodal","Pasta","Main","Satellite","Lunch",0.140294556536554,10.5521527214029,8.49,3.3670693568773,253.251665313668,203.76
"2755","4-Feb","Pizza Cheese",20,"Italian","Spring 2025","Multimodal","Pizza","Main","Satellite","Lunch",NA,NA,NA,NA,NA,NA
"2756","4-Feb","Add Extra Meat",17,"Italian","Spring 2025","Multimodal","Pasta","Modification","Satellite","Lunch",NA,NA,NA,NA,NA,NA
"2757","4-Feb","Side Bread Pasta Station",2,"Italian","Spring 2025","Multimodal","Pasta","Side","Satellite","Lunch",NA,NA,NA,NA,NA,NA
"2758","4-Feb","Burrito Breakfast",96,"Breakfast","Spring 2025","Multimodal","Breakfast","Main","Satellite","Breakfast",NA,NA,NA,NA,NA,NA
"2759","4-Feb","Small French Omelet",52,"Breakfast","Spring 2025","Multimodal","Breakfast","Side","Satellite","Breakfast",NA,NA,NA,NA,NA,NA
"2760","4-Feb","Grand Slam Breakfast",14,"Breakfast","Spring 2025","Multimodal","Breakfast","Main","Satellite","Breakfast",NA,NA,NA,NA,NA,NA
"2761","4-Feb","Add Bacon",26,"Breakfast","Spring 2025","Multimodal","Breakfast","Modification","Satellite","Breakfast",NA,NA,NA,NA,NA,NA
"2762","4-Feb","Two Eggs",15,"Breakfast","Spring 2025","Multimodal","Breakfast","Side","Satellite","Breakfast",NA,NA,NA,NA,NA,NA
"2763","4-Feb","Pancake Single",4,"Breakfast","Spring 2025","Multimodal","Breakfast","Side","Satellite","Breakfast",NA,NA,NA,NA,NA,NA
"2764","4-Feb","Trillium Home Fries",3,"Breakfast","Spring 2025","Multimodal","Breakfast","Side","Satellite","Breakfast",NA,NA,NA,NA,NA,NA
"2765","4-Feb","2 Slices Toast",1,"Breakfast","Spring 2025","Multimodal","Breakfast","Side","Satellite","Breakfast",NA,NA,NA,NA,NA,NA
"2766","4-Feb","Burrito Bowl BYO",100,"Mexican","Spring 2025","Multimodal","Wrap","Main","Satellite","Lunch",NA,NA,NA,NA,NA,NA
"2767","4-Feb","Single Taco",7,"Mexican","Spring 2025","Multimodal","Wrap","Main","Satellite","Lunch",NA,NA,NA,NA,NA,NA
"2768","4-Feb","Side Guacamole",3,"Mexican","Spring 2025","Multimodal","Wrap","Side","Satellite","Lunch",NA,NA,NA,NA,NA,NA
"2769","4-Feb","8 oz Soup",60,"Soup","Spring 2025","Multimodal","Soup","Main","Satellite","Lunch",NA,NA,NA,NA,NA,NA
"2770","4-Feb","Soup 12 oz",41,"Soup","Spring 2025","Multimodal","Soup","Main","Satellite","Lunch",NA,NA,NA,NA,NA,NA
"2771","4-Feb","Salad by the Pound",50,"Salad Bar","Spring 2025","Multimodal","Salad Bar","Main","Satellite","Lunch",NA,NA,NA,NA,NA,NA
"2772","4-Feb","Add Extra Protein 3.99",3,"Salad Bar","Spring 2025","Multimodal","Salad Bar","Modification","Satellite","Lunch",NA,NA,NA,NA,NA,NA
"2773","4-Feb","Egg Cheese Sausage Breakfast Sandwich",28,"Grab N Go","Spring 2025","Multimodal","Grab N Go","Main","Satellite","Lunch",NA,NA,NA,NA,NA,NA
"2774","4-Feb","Egg Cheese Bacon Breakfast Sandwich",18,"Grab N Go","Spring 2025","Multimodal","Grab N Go","Main","Satellite","Lunch",NA,NA,NA,NA,NA,NA
"2775","5-Feb","Quesadilla Deluxe Trillium",185,"Grill","Spring 2025","Multimodal","Quesadilla","Main","Satellite","Lunch",NA,NA,NA,NA,NA,NA
"2776","5-Feb","Grilled Hamburger",97,"Grill","Spring 2025","Multimodal","Grill","Main","Treatment","Lunch",3.88121217461521,88.8793607464882,8.99,376.477580937675,8621.29799240935,872.03
"2777","5-Feb","Burrito Una Mano Trillium BYO",72,"Grill","Spring 2025","Multimodal","Quesadilla","Main","Satellite","Lunch",NA,NA,NA,NA,NA,NA
"2778","5-Feb","Fried Chicken Tenders",81,"Grab N Go","Spring 2025","Multimodal","Grab N Go","Side","Satellite","Lunch",NA,NA,NA,NA,NA,NA
"2779","5-Feb","French Fries",124,"Grill","Spring 2025","Multimodal","Grill","Side","Treatment","Lunch",0.040840402892853,2.72997334161235,2.99,5.06420995871377,338.516694359931,370.76
"2780","5-Feb","Grilled Chicken Breast Sandwich",23,"Grill","Spring 2025","Multimodal","Grill","Main","Treatment","Lunch",0.301553745597932,69.470648861248,8.49,6.93573614875243,1597.8249238087,195.27
"2781","5-Feb","+ Beef Patty",24,"Grill","Spring 2025","Multimodal","Grill","Modification","Treatment","Lunch",3.806907508554,79.8564119237622,2.99,91.365780205296,1916.55388617029,71.76
"2782","5-Feb","Sweet Potato Fries",27,"Grill","Spring 2025","Multimodal","Grill","Side","Treatment","Lunch",0.0422551714366103,3.97622481710592,2.99,1.14088962878848,107.35807006186,80.73
"2783","5-Feb","Trillium Grill Impossible Burger",7,"Grill","Spring 2025","Multimodal","Grill","Main","Treatment","Lunch",0.210911088099112,23.2535935181063,10.49,1.47637761669378,162.775154626744,73.43
"2784","5-Feb","Quesadilla Cheese",8,"Grill","Spring 2025","Multimodal","Quesadilla","Main","Satellite","Lunch",NA,NA,NA,NA,NA,NA
"2785","5-Feb","Side Potato Tots",20,"Grab N Go","Spring 2025","Multimodal","Grab N Go","Side","Satellite","Lunch",NA,NA,NA,NA,NA,NA
"2786","5-Feb","Seared Salmon Burger",6,"Grill","Spring 2025","Multimodal","Grill","Main","Treatment","Lunch",0.447926073918026,44.697222176261,8.49,2.68755644350815,268.183333057566,50.94
"2787","5-Feb","Black Bean Burger",3,"Grill","Spring 2025","Multimodal","Grill","Main","Treatment","Lunch",0.110944712328442,54.9888227801748,8.69,0.332834136985325,164.966468340524,26.07
"2788","5-Feb","ADD Chicken Breast",4,"Grill","Spring 2025","Multimodal","Grill","Modification","Treatment","Lunch",0.227249079536725,60.447700038522,2.99,0.9089963181469,241.790800154088,11.96
"2789","5-Feb","ADD Cheese",21,"Grill","Spring 2025","Multimodal","Grill","Modification","Treatment","Lunch",0.183611306606629,3.19881943989712,1.99,3.85583743873921,67.1752082378396,41.79
"2790","5-Feb","Add Sausage 2 Patty",3,"Grill","Spring 2025","Multimodal","Grill","Modification","Treatment","Lunch",0.168918026814813,34.6406776822533,1.99,0.506754080444439,103.92203304676,5.97
"2791","5-Feb","Add Egg .99",4,"Grill","Spring 2025","Multimodal","Grill","Modification","Treatment","Lunch",0.0903881853779601,25.3348662383603,0.99,0.36155274151184,101.339464953441,3.96
"2792","5-Feb","1 Entree + 1 Side",203,"Asian","Spring 2025","Multimodal","Wok","Main","Satellite","Lunch",NA,NA,NA,NA,NA,NA
"2793","5-Feb","1 Entree + 2 Side",98,"Asian","Spring 2025","Multimodal","Wok","Main","Satellite","Lunch",NA,NA,NA,NA,NA,NA
"2794","5-Feb","Bowl Ramen Chicken",78,"Asian","Spring 2025","Multimodal","Ramen","Main","Treatment","Lunch",0.379685915053077,104.607642341871,9.49,29.61550137414,8159.39610266598,740.22
"2795","5-Feb","2 Entrees + 2 Sides",34,"Asian","Spring 2025","Multimodal","Wok","Main","Satellite","Lunch",NA,NA,NA,NA,NA,NA
"2796","5-Feb","Bowl Ramen Tofu",14,"Asian","Spring 2025","Multimodal","Ramen","Main","Treatment","Lunch",0.306509419979168,91.9886822989085,9.49,4.29113187970835,1287.84155218472,132.86
"2797","5-Feb","1 Wok Entree",8,"Asian","Spring 2025","Multimodal","Wok","Main","Satellite","Lunch",NA,NA,NA,NA,NA,NA
"2798","5-Feb","Side Vegetarian Lo Mein",4,"Asian","Spring 2025","Multimodal","Wok","Side","Satellite","Lunch",NA,NA,NA,NA,NA,NA
"2799","5-Feb","Side Vegetables",3,"Asian","Spring 2025","Multimodal","Wok","Side","Satellite","Lunch",NA,NA,NA,NA,NA,NA
"2800","5-Feb","Side Vegetable Spring Rolls",2,"Asian","Spring 2025","Multimodal","Wok","Side","Satellite","Lunch",NA,NA,NA,NA,NA,NA
"2801","5-Feb","Side White or Brown Rice",3,"Asian","Spring 2025","Multimodal","Wok","Side","Satellite","Lunch",NA,NA,NA,NA,NA,NA
"2802","5-Feb","Side Vegetarian Fried Rice with",1,"Asian","Spring 2025","Multimodal","Wok","Side","Satellite","Lunch",NA,NA,NA,NA,NA,NA
"2803","5-Feb","Create Your Pasta Bowl MEAT",144,"Italian","Spring 2025","Multimodal","Pasta","Main","Satellite","Lunch",0.625595496853921,47.8385188473692,8.99,90.0857515469647,6888.74671402116,1294.56
"2804","5-Feb","Pizza with Toppings",42,"Italian","Spring 2025","Multimodal","Pizza","Main","Satellite","Lunch",NA,NA,NA,NA,NA,NA
"2805","5-Feb","Create Your Pasta Bowl VEG",26,"Italian","Spring 2025","Multimodal","Pasta","Main","Satellite","Lunch",0.140294556536554,10.5521527214029,8.49,3.6476584699504,274.355970756474,220.74
"2806","5-Feb","Add Extra Meat",40,"Italian","Spring 2025","Multimodal","Pasta","Modification","Satellite","Lunch",NA,NA,NA,NA,NA,NA
"2807","5-Feb","Pizza Cheese",15,"Italian","Spring 2025","Multimodal","Pizza","Main","Satellite","Lunch",NA,NA,NA,NA,NA,NA
"2808","5-Feb","Side Bread Pasta Station",1,"Italian","Spring 2025","Multimodal","Pasta","Side","Satellite","Lunch",NA,NA,NA,NA,NA,NA
"2809","5-Feb","Burrito Breakfast",96,"Breakfast","Spring 2025","Multimodal","Breakfast","Main","Satellite","Breakfast",NA,NA,NA,NA,NA,NA
"2810","5-Feb","Small French Omelet",51,"Breakfast","Spring 2025","Multimodal","Breakfast","Side","Satellite","Breakfast",NA,NA,NA,NA,NA,NA
"2811","5-Feb","Grand Slam Breakfast",17,"Breakfast","Spring 2025","Multimodal","Breakfast","Main","Satellite","Breakfast",NA,NA,NA,NA,NA,NA
"2812","5-Feb","Add Bacon",31,"Breakfast","Spring 2025","Multimodal","Breakfast","Modification","Satellite","Breakfast",NA,NA,NA,NA,NA,NA
"2813","5-Feb","Two Eggs",13,"Breakfast","Spring 2025","Multimodal","Breakfast","Side","Satellite","Breakfast",NA,NA,NA,NA,NA,NA
"2814","5-Feb","Trillium Home Fries",4,"Breakfast","Spring 2025","Multimodal","Breakfast","Side","Satellite","Breakfast",NA,NA,NA,NA,NA,NA
"2815","5-Feb","Pancake Single",3,"Breakfast","Spring 2025","Multimodal","Breakfast","Side","Satellite","Breakfast",NA,NA,NA,NA,NA,NA
"2816","5-Feb","PC Peanut Butter",1,"Breakfast","Spring 2025","Multimodal","Breakfast","Side","Satellite","Breakfast",NA,NA,NA,NA,NA,NA
"2817","5-Feb","Burrito Bowl BYO",139,"Mexican","Spring 2025","Multimodal","Wrap","Main","Satellite","Lunch",NA,NA,NA,NA,NA,NA
"2818","5-Feb","Side Guacamole",1,"Mexican","Spring 2025","Multimodal","Wrap","Side","Satellite","Lunch",NA,NA,NA,NA,NA,NA
"2819","5-Feb","Side Salsa",1,"Mexican","Spring 2025","Multimodal","Wrap","Side","Satellite","Lunch",NA,NA,NA,NA,NA,NA
"2820","5-Feb","Add Extra Toppings Una Mano",1,"Mexican","Spring 2025","Multimodal","Wrap","Modification","Satellite","Lunch",NA,NA,NA,NA,NA,NA
"2821","5-Feb","8 oz Soup",58,"Soup","Spring 2025","Multimodal","Soup","Main","Satellite","Lunch",NA,NA,NA,NA,NA,NA
"2822","5-Feb","Soup 12 oz",49,"Soup","Spring 2025","Multimodal","Soup","Main","Satellite","Lunch",NA,NA,NA,NA,NA,NA
"2823","5-Feb","Salad by the Pound",47,"Salad Bar","Spring 2025","Multimodal","Salad Bar","Main","Satellite","Lunch",NA,NA,NA,NA,NA,NA
"2824","5-Feb","Add Extra Protein 3.99",3,"Salad Bar","Spring 2025","Multimodal","Salad Bar","Modification","Satellite","Lunch",NA,NA,NA,NA,NA,NA
"2825","5-Feb","Egg Cheese Sausage Breakfast Sandwich",34,"Grab N Go","Spring 2025","Multimodal","Grab N Go","Main","Satellite","Lunch",NA,NA,NA,NA,NA,NA
"2826","5-Feb","Egg Cheese Bacon Breakfast Sandwich",29,"Grab N Go","Spring 2025","Multimodal","Grab N Go","Main","Satellite","Lunch",NA,NA,NA,NA,NA,NA
"2827","6-Feb","1 Entree + 1 Side",260,"Asian","Spring 2025","Multimodal","Wok","Main","Satellite","Lunch",NA,NA,NA,NA,NA,NA
"2828","6-Feb","1 Entree + 2 Side",95,"Asian","Spring 2025","Multimodal","Wok","Main","Satellite","Lunch",NA,NA,NA,NA,NA,NA
"2829","6-Feb","Bowl Ramen Chicken",98,"Asian","Spring 2025","Multimodal","Ramen","Main","Treatment","Lunch",0.379685915053077,104.607642341871,9.49,37.2092196752015,10251.5489495034,930.02
"2830","6-Feb","2 Entrees + 2 Sides",62,"Asian","Spring 2025","Multimodal","Wok","Main","Satellite","Lunch",NA,NA,NA,NA,NA,NA
"2831","6-Feb","Bowl Ramen Tofu",12,"Asian","Spring 2025","Multimodal","Ramen","Main","Treatment","Lunch",0.306509419979168,91.9886822989085,9.49,3.67811303975002,1103.8641875869,113.88
"2832","6-Feb","1 Wok Entree",7,"Asian","Spring 2025","Multimodal","Wok","Main","Satellite","Lunch",NA,NA,NA,NA,NA,NA
"2833","6-Feb","Side Vegetarian Lo Mein",6,"Asian","Spring 2025","Multimodal","Wok","Side","Satellite","Lunch",NA,NA,NA,NA,NA,NA
"2834","6-Feb","Side White or Brown Rice",5,"Asian","Spring 2025","Multimodal","Wok","Side","Satellite","Lunch",NA,NA,NA,NA,NA,NA
"2835","6-Feb","Side Fried Spring Roll",2,"Asian","Spring 2025","Multimodal","Wok","Side","Satellite","Lunch",NA,NA,NA,NA,NA,NA
"2836","6-Feb","Side Vegetable Spring Rolls",2,"Asian","Spring 2025","Multimodal","Wok","Side","Satellite","Lunch",NA,NA,NA,NA,NA,NA
"2837","6-Feb","Side Vegetables",1,"Asian","Spring 2025","Multimodal","Wok","Side","Satellite","Lunch",NA,NA,NA,NA,NA,NA
"2838","6-Feb","Side Vegetarian Fried Rice with",1,"Asian","Spring 2025","Multimodal","Wok","Side","Satellite","Lunch",NA,NA,NA,NA,NA,NA
"2839","6-Feb","Fried Chicken Tenders",164,"Grab N Go","Spring 2025","Multimodal","Grab N Go","Side","Satellite","Lunch",NA,NA,NA,NA,NA,NA
"2840","6-Feb","Burrito Una Mano Trillium BYO",101,"Grill","Spring 2025","Multimodal","Quesadilla","Main","Satellite","Lunch",NA,NA,NA,NA,NA,NA
"2841","6-Feb","Quesadilla Cheese",87,"Grill","Spring 2025","Multimodal","Quesadilla","Main","Satellite","Lunch",NA,NA,NA,NA,NA,NA
"2842","6-Feb","French Fries",147,"Grill","Spring 2025","Multimodal","Grill","Side","Treatment","Lunch",0.040840402892853,2.72997334161235,2.99,6.00353922524939,401.306081217016,439.53
"2843","6-Feb","Sweet Potato Fries",28,"Grill","Spring 2025","Multimodal","Grill","Side","Treatment","Lunch",0.0422551714366103,3.97622481710592,2.99,1.18314480022509,111.334294878966,83.72
"2844","6-Feb","Add Egg .99",8,"Grill","Spring 2025","Multimodal","Grill","Modification","Treatment","Lunch",0.0903881853779601,25.3348662383603,0.99,0.723105483023681,202.678929906882,7.92
"2845","6-Feb","Side Potato Tots",2,"Grab N Go","Spring 2025","Multimodal","Grab N Go","Side","Satellite","Lunch",NA,NA,NA,NA,NA,NA
"2846","6-Feb","Create Your Pasta Bowl MEAT",116,"Italian","Spring 2025","Multimodal","Pasta","Main","Satellite","Lunch",0.625595496853921,47.8385188473692,8.99,72.5690776350549,5549.26818629483,1042.84
"2847","6-Feb","Create Your Pasta Bowl VEG",42,"Italian","Spring 2025","Multimodal","Pasta","Main","Satellite","Lunch",0.140294556536554,10.5521527214029,8.49,5.89237137453527,443.19041429892,356.58
"2848","6-Feb","Pizza with Toppings",61,"Italian","Spring 2025","Multimodal","Pizza","Main","Satellite","Lunch",NA,NA,NA,NA,NA,NA
"2849","6-Feb","Pizza Cheese",22,"Italian","Spring 2025","Multimodal","Pizza","Main","Satellite","Lunch",NA,NA,NA,NA,NA,NA
"2850","6-Feb","Add Extra Meat",18,"Italian","Spring 2025","Multimodal","Pasta","Modification","Satellite","Lunch",NA,NA,NA,NA,NA,NA
"2851","6-Feb","Side Bread Pasta Station",1,"Italian","Spring 2025","Multimodal","Pasta","Side","Satellite","Lunch",NA,NA,NA,NA,NA,NA
"2852","6-Feb","Burrito Bowl BYO",130,"Mexican","Spring 2025","Multimodal","Wrap","Main","Satellite","Lunch",NA,NA,NA,NA,NA,NA
"2853","6-Feb","Single Taco",11,"Mexican","Spring 2025","Multimodal","Wrap","Main","Satellite","Lunch",NA,NA,NA,NA,NA,NA
"2854","6-Feb","Add Extra Toppings Una Mano",1,"Mexican","Spring 2025","Multimodal","Wrap","Modification","Satellite","Lunch",NA,NA,NA,NA,NA,NA
"2855","6-Feb","Small French Omelet",97,"Breakfast","Spring 2025","Multimodal","Breakfast","Side","Satellite","Breakfast",NA,NA,NA,NA,NA,NA
"2856","6-Feb","Trillium Home Fries",1,"Breakfast","Spring 2025","Multimodal","Breakfast","Side","Satellite","Breakfast",NA,NA,NA,NA,NA,NA
"2857","6-Feb","2 Slices Toast",2,"Breakfast","Spring 2025","Multimodal","Breakfast","Side","Satellite","Breakfast",NA,NA,NA,NA,NA,NA
"2858","6-Feb","Toast",1,"Breakfast","Spring 2025","Multimodal","Breakfast","Side","Satellite","Breakfast",NA,NA,NA,NA,NA,NA
"2859","6-Feb","8 oz Soup",60,"Soup","Spring 2025","Multimodal","Soup","Main","Satellite","Lunch",NA,NA,NA,NA,NA,NA
"2860","6-Feb","Soup 12 oz",49,"Soup","Spring 2025","Multimodal","Soup","Main","Satellite","Lunch",NA,NA,NA,NA,NA,NA
"2861","6-Feb","Salad by the Pound",49,"Salad Bar","Spring 2025","Multimodal","Salad Bar","Main","Satellite","Lunch",NA,NA,NA,NA,NA,NA
"2862","6-Feb","Add Extra Protein 3.99",2,"Salad Bar","Spring 2025","Multimodal","Salad Bar","Modification","Satellite","Lunch",NA,NA,NA,NA,NA,NA
"2863","6-Feb","Egg Cheese Bacon Breakfast Sandwich",22,"Grab N Go","Spring 2025","Multimodal","Grab N Go","Main","Satellite","Lunch",NA,NA,NA,NA,NA,NA
"2864","6-Feb","LTO Spicy Chicken Sandwich",1,"Grab N Go","Spring 2025","Multimodal","Grab N Go","Main","Satellite","Lunch",NA,NA,NA,NA,NA,NA
"2865","7-Feb","Quesadilla Deluxe Trillium",123,"Grill","Spring 2025","Multimodal","Quesadilla","Main","Satellite","Lunch",NA,NA,NA,NA,NA,NA
"2866","7-Feb","Grilled Hamburger",86,"Grill","Spring 2025","Multimodal","Grill","Main","Treatment","Lunch",3.88121217461521,88.8793607464882,8.99,333.784247016908,7643.62502419798,773.14
"2867","7-Feb","Burrito Una Mano Trillium BYO",50,"Grill","Spring 2025","Multimodal","Quesadilla","Main","Satellite","Lunch",NA,NA,NA,NA,NA,NA
"2868","7-Feb","Fried Chicken Tenders",60,"Grab N Go","Spring 2025","Multimodal","Grab N Go","Side","Satellite","Lunch",NA,NA,NA,NA,NA,NA
"2869","7-Feb","French Fries",99,"Grill","Spring 2025","Multimodal","Grill","Side","Treatment","Lunch",0.040840402892853,2.72997334161235,2.99,4.04319988639245,270.267360819623,296.01
"2870","7-Feb","Quesadilla Cheese",13,"Grill","Spring 2025","Multimodal","Quesadilla","Main","Satellite","Lunch",NA,NA,NA,NA,NA,NA
"2871","7-Feb","Sweet Potato Fries",24,"Grill","Spring 2025","Multimodal","Grill","Side","Treatment","Lunch",0.0422551714366103,3.97622481710592,2.99,1.01412411447865,95.4293956105421,71.76
"2872","7-Feb","+ Beef Patty",18,"Grill","Spring 2025","Multimodal","Grill","Modification","Treatment","Lunch",3.806907508554,79.8564119237622,2.99,68.524335153972,1437.41541462772,53.82
"2873","7-Feb","Seared Salmon Burger",8,"Grill","Spring 2025","Multimodal","Grill","Main","Treatment","Lunch",0.447926073918026,44.697222176261,8.49,3.5834085913442,357.577777410088,67.92
"2874","7-Feb","Trillium Grill Impossible Burger",6,"Grill","Spring 2025","Multimodal","Grill","Main","Treatment","Lunch",0.210911088099112,23.2535935181063,10.49,1.26546652859467,139.521561108638,62.94
"2875","7-Feb","Grilled Chicken Breast Sandwich",7,"Grill","Spring 2025","Multimodal","Grill","Main","Treatment","Lunch",0.301553745597932,69.470648861248,8.49,2.11087621918552,486.294542028736,59.43
"2876","7-Feb","Side Potato Tots",16,"Grab N Go","Spring 2025","Multimodal","Grab N Go","Side","Satellite","Lunch",NA,NA,NA,NA,NA,NA
"2877","7-Feb","Black Bean Burger",2,"Grill","Spring 2025","Multimodal","Grill","Main","Treatment","Lunch",0.110944712328442,54.9888227801748,8.69,0.221889424656883,109.97764556035,17.38
"2878","7-Feb","Add Sausage 2 Patty",3,"Grill","Spring 2025","Multimodal","Grill","Modification","Treatment","Lunch",0.168918026814813,34.6406776822533,1.99,0.506754080444439,103.92203304676,5.97
"2879","7-Feb","ADD Cheese",6,"Grill","Spring 2025","Multimodal","Grill","Modification","Treatment","Lunch",0.183611306606629,3.19881943989712,1.99,1.10166783963977,19.1929166393827,11.94
"2880","7-Feb","Add Egg .99",2,"Grill","Spring 2025","Multimodal","Grill","Modification","Treatment","Lunch",0.0903881853779601,25.3348662383603,0.99,0.18077637075592,50.6697324767206,1.98
"2881","7-Feb","1 Entree + 1 Side",129,"Asian","Spring 2025","Multimodal","Wok","Main","Satellite","Lunch",NA,NA,NA,NA,NA,NA
"2882","7-Feb","1 Entree + 2 Side",53,"Asian","Spring 2025","Multimodal","Wok","Main","Satellite","Lunch",NA,NA,NA,NA,NA,NA
"2883","7-Feb","Bowl Ramen Chicken",43,"Asian","Spring 2025","Multimodal","Ramen","Main","Treatment","Lunch",0.379685915053077,104.607642341871,9.49,16.3264943472823,4498.12862070047,408.07
"2884","7-Feb","2 Entrees + 2 Sides",22,"Asian","Spring 2025","Multimodal","Wok","Main","Satellite","Lunch",NA,NA,NA,NA,NA,NA
"2885","7-Feb","Bowl Ramen Tofu",18,"Asian","Spring 2025","Multimodal","Ramen","Main","Treatment","Lunch",0.306509419979168,91.9886822989085,9.49,5.51716955962502,1655.79628138035,170.82
"2886","7-Feb","Side Vegetarian Lo Mein",6,"Asian","Spring 2025","Multimodal","Wok","Side","Satellite","Lunch",NA,NA,NA,NA,NA,NA
"2887","7-Feb","Side Vegetable Spring Rolls",4,"Asian","Spring 2025","Multimodal","Wok","Side","Satellite","Lunch",NA,NA,NA,NA,NA,NA
"2888","7-Feb","1 Wok Entree",2,"Asian","Spring 2025","Multimodal","Wok","Main","Satellite","Lunch",NA,NA,NA,NA,NA,NA
"2889","7-Feb","Side White or Brown Rice",3,"Asian","Spring 2025","Multimodal","Wok","Side","Satellite","Lunch",NA,NA,NA,NA,NA,NA
"2890","7-Feb","Side Vegetarian Fried Rice with",1,"Asian","Spring 2025","Multimodal","Wok","Side","Satellite","Lunch",NA,NA,NA,NA,NA,NA
"2891","7-Feb","Burrito Breakfast",60,"Breakfast","Spring 2025","Multimodal","Breakfast","Main","Satellite","Breakfast",NA,NA,NA,NA,NA,NA
"2892","7-Feb","Small French Omelet",47,"Breakfast","Spring 2025","Multimodal","Breakfast","Side","Satellite","Breakfast",NA,NA,NA,NA,NA,NA
"2893","7-Feb","Grand Slam Breakfast",22,"Breakfast","Spring 2025","Multimodal","Breakfast","Main","Satellite","Breakfast",NA,NA,NA,NA,NA,NA
"2894","7-Feb","Add Bacon",34,"Breakfast","Spring 2025","Multimodal","Breakfast","Modification","Satellite","Breakfast",NA,NA,NA,NA,NA,NA
"2895","7-Feb","Two Eggs",15,"Breakfast","Spring 2025","Multimodal","Breakfast","Side","Satellite","Breakfast",NA,NA,NA,NA,NA,NA
"2896","7-Feb","Pancake Single",8,"Breakfast","Spring 2025","Multimodal","Breakfast","Side","Satellite","Breakfast",NA,NA,NA,NA,NA,NA
"2897","7-Feb","Trillium Home Fries",4,"Breakfast","Spring 2025","Multimodal","Breakfast","Side","Satellite","Breakfast",NA,NA,NA,NA,NA,NA
"2898","7-Feb","2 Slices Toast",1,"Breakfast","Spring 2025","Multimodal","Breakfast","Side","Satellite","Breakfast",NA,NA,NA,NA,NA,NA
"2899","7-Feb","PC Peanut Butter",1,"Breakfast","Spring 2025","Multimodal","Breakfast","Side","Satellite","Breakfast",NA,NA,NA,NA,NA,NA
"2900","7-Feb","Create Your Pasta Bowl MEAT",80,"Italian","Spring 2025","Multimodal","Pasta","Main","Satellite","Lunch",0.625595496853921,47.8385188473692,8.99,50.0476397483137,3827.08150778954,719.2
"2901","7-Feb","Create Your Pasta Bowl VEG",15,"Italian","Spring 2025","Multimodal","Pasta","Main","Satellite","Lunch",0.140294556536554,10.5521527214029,8.49,2.10441834804831,158.282290821043,127.35
"2902","7-Feb","Pizza with Toppings",18,"Italian","Spring 2025","Multimodal","Pizza","Main","Satellite","Lunch",NA,NA,NA,NA,NA,NA
"2903","7-Feb","Add Extra Meat",28,"Italian","Spring 2025","Multimodal","Pasta","Modification","Satellite","Lunch",NA,NA,NA,NA,NA,NA
"2904","7-Feb","Pizza Cheese",10,"Italian","Spring 2025","Multimodal","Pizza","Main","Satellite","Lunch",NA,NA,NA,NA,NA,NA
"2905","7-Feb","Burrito Bowl BYO",50,"Mexican","Spring 2025","Multimodal","Wrap","Main","Satellite","Lunch",NA,NA,NA,NA,NA,NA
"2906","7-Feb","LTO Spicy Chicken Sandwich",26,"Grab N Go","Spring 2025","Multimodal","Grab N Go","Main","Satellite","Lunch",NA,NA,NA,NA,NA,NA
"2907","7-Feb","Egg Cheese Bacon Breakfast Sandwich",22,"Grab N Go","Spring 2025","Multimodal","Grab N Go","Main","Satellite","Lunch",NA,NA,NA,NA,NA,NA
"2908","7-Feb","Egg Cheese Sausage Breakfast Sandwich",22,"Grab N Go","Spring 2025","Multimodal","Grab N Go","Main","Satellite","Lunch",NA,NA,NA,NA,NA,NA
"2909","7-Feb","Soup 12 oz",32,"Soup","Spring 2025","Multimodal","Soup","Main","Satellite","Lunch",NA,NA,NA,NA,NA,NA
"2910","7-Feb","8 oz Soup",35,"Soup","Spring 2025","Multimodal","Soup","Main","Satellite","Lunch",NA,NA,NA,NA,NA,NA
"2911","7-Feb","Salad by the Pound",33,"Salad Bar","Spring 2025","Multimodal","Salad Bar","Main","Satellite","Lunch",NA,NA,NA,NA,NA,NA
"2912","10-Feb","Quesadilla Deluxe Trillium",187,"Grill","Spring 2025","Multimodal","Quesadilla","Main","Satellite","Lunch",NA,NA,NA,NA,NA,NA
"2913","10-Feb","Grilled Hamburger",101,"Grill","Spring 2025","Multimodal","Grill","Main","Treatment","Lunch",3.88121217461521,88.8793607464882,8.99,392.002429636136,8976.8154353953,907.99
"2914","10-Feb","Burrito Una Mano Trillium BYO",60,"Grill","Spring 2025","Multimodal","Quesadilla","Main","Satellite","Lunch",NA,NA,NA,NA,NA,NA
"2915","10-Feb","Fried Chicken Tenders",63,"Grab N Go","Spring 2025","Multimodal","Grab N Go","Side","Satellite","Lunch",NA,NA,NA,NA,NA,NA
"2916","10-Feb","French Fries",99,"Grill","Spring 2025","Multimodal","Grill","Side","Treatment","Lunch",0.040840402892853,2.72997334161235,2.99,4.04319988639245,270.267360819623,296.01
"2917","10-Feb","Sweet Potato Fries",40,"Grill","Spring 2025","Multimodal","Grill","Side","Treatment","Lunch",0.0422551714366103,3.97622481710592,2.99,1.69020685746441,159.048992684237,119.6
"2918","10-Feb","Grilled Chicken Breast Sandwich",14,"Grill","Spring 2025","Multimodal","Grill","Main","Treatment","Lunch",0.301553745597932,69.470648861248,8.49,4.22175243837104,972.589084057471,118.86
"2919","10-Feb","Seared Salmon Burger",14,"Grill","Spring 2025","Multimodal","Grill","Main","Treatment","Lunch",0.447926073918026,44.697222176261,8.49,6.27096503485236,625.761110467653,118.86
"2920","10-Feb","Quesadilla Cheese",13,"Grill","Spring 2025","Multimodal","Quesadilla","Main","Satellite","Lunch",NA,NA,NA,NA,NA,NA
"2921","10-Feb","+ Beef Patty",17,"Grill","Spring 2025","Multimodal","Grill","Modification","Treatment","Lunch",3.806907508554,79.8564119237622,2.99,64.717427645418,1357.55900270396,50.83
"2922","10-Feb","Side Potato Tots",17,"Grab N Go","Spring 2025","Multimodal","Grab N Go","Side","Satellite","Lunch",NA,NA,NA,NA,NA,NA
"2923","10-Feb","Trillium Grill Impossible Burger",4,"Grill","Spring 2025","Multimodal","Grill","Main","Treatment","Lunch",0.210911088099112,23.2535935181063,10.49,0.843644352396447,93.0143740724252,41.96
"2924","10-Feb","Black Bean Burger",4,"Grill","Spring 2025","Multimodal","Grill","Main","Treatment","Lunch",0.110944712328442,54.9888227801748,8.69,0.443778849313767,219.955291120699,34.76
"2925","10-Feb","ADD Chicken Breast",5,"Grill","Spring 2025","Multimodal","Grill","Modification","Treatment","Lunch",0.227249079536725,60.447700038522,2.99,1.13624539768362,302.23850019261,14.95
"2926","10-Feb","Add Sausage 2 Patty",2,"Grill","Spring 2025","Multimodal","Grill","Modification","Treatment","Lunch",0.168918026814813,34.6406776822533,1.99,0.337836053629626,69.2813553645066,3.98
"2927","10-Feb","Add Egg .99",4,"Grill","Spring 2025","Multimodal","Grill","Modification","Treatment","Lunch",0.0903881853779601,25.3348662383603,0.99,0.36155274151184,101.339464953441,3.96
"2928","10-Feb","ADD Cheese",5,"Grill","Spring 2025","Multimodal","Grill","Modification","Treatment","Lunch",0.183611306606629,3.19881943989712,1.99,0.918056533033145,15.9940971994856,9.95
"2929","10-Feb","1 Entree + 1 Side",200,"Asian","Spring 2025","Multimodal","Wok","Main","Satellite","Lunch",NA,NA,NA,NA,NA,NA
"2930","10-Feb","1 Entree + 2 Side",69,"Asian","Spring 2025","Multimodal","Wok","Main","Satellite","Lunch",NA,NA,NA,NA,NA,NA
"2931","10-Feb","Bowl Ramen Chicken",58,"Asian","Spring 2025","Multimodal","Ramen","Main","Treatment","Lunch",0.379685915053077,104.607642341871,9.49,22.0217830730785,6067.24325582855,550.42
"2932","10-Feb","2 Entrees + 2 Sides",18,"Asian","Spring 2025","Multimodal","Wok","Main","Satellite","Lunch",NA,NA,NA,NA,NA,NA
"2933","10-Feb","Bowl Ramen Tofu",21,"Asian","Spring 2025","Multimodal","Ramen","Main","Treatment","Lunch",0.306509419979168,91.9886822989085,9.49,6.43669781956253,1931.76232827708,199.29
"2934","10-Feb","Side Vegetarian Lo Mein",11,"Asian","Spring 2025","Multimodal","Wok","Side","Satellite","Lunch",NA,NA,NA,NA,NA,NA
"2935","10-Feb","1 Wok Entree",6,"Asian","Spring 2025","Multimodal","Wok","Main","Satellite","Lunch",NA,NA,NA,NA,NA,NA
"2936","10-Feb","Side White or Brown Rice",6,"Asian","Spring 2025","Multimodal","Wok","Side","Satellite","Lunch",NA,NA,NA,NA,NA,NA
"2937","10-Feb","Side Vegetables",2,"Asian","Spring 2025","Multimodal","Wok","Side","Satellite","Lunch",NA,NA,NA,NA,NA,NA
"2938","10-Feb","Side Vegetarian Fried Rice with",1,"Asian","Spring 2025","Multimodal","Wok","Side","Satellite","Lunch",NA,NA,NA,NA,NA,NA
"2939","10-Feb","Create Your Pasta Bowl MEAT",121,"Italian","Spring 2025","Multimodal","Pasta","Main","Satellite","Lunch",0.625595496853921,47.8385188473692,8.99,75.6970551193245,5788.46078053167,1087.79
"2940","10-Feb","Create Your Pasta Bowl VEG",19,"Italian","Spring 2025","Multimodal","Pasta","Main","Satellite","Lunch",0.140294556536554,10.5521527214029,8.49,2.66559657419453,200.490901706654,161.31
"2941","10-Feb","Add Extra Meat",33,"Italian","Spring 2025","Multimodal","Pasta","Modification","Satellite","Lunch",NA,NA,NA,NA,NA,NA
"2942","10-Feb","Pizza Cheese",16,"Italian","Spring 2025","Multimodal","Pizza","Main","Satellite","Lunch",NA,NA,NA,NA,NA,NA
"2943","10-Feb","Pizza with Toppings",12,"Italian","Spring 2025","Multimodal","Pizza","Main","Satellite","Lunch",NA,NA,NA,NA,NA,NA
"2944","10-Feb","Burrito Breakfast",87,"Breakfast","Spring 2025","Multimodal","Breakfast","Main","Satellite","Breakfast",NA,NA,NA,NA,NA,NA
"2945","10-Feb","Small French Omelet",49,"Breakfast","Spring 2025","Multimodal","Breakfast","Side","Satellite","Breakfast",NA,NA,NA,NA,NA,NA
"2946","10-Feb","Grand Slam Breakfast",11,"Breakfast","Spring 2025","Multimodal","Breakfast","Main","Satellite","Breakfast",NA,NA,NA,NA,NA,NA
"2947","10-Feb","Add Bacon",29,"Breakfast","Spring 2025","Multimodal","Breakfast","Modification","Satellite","Breakfast",NA,NA,NA,NA,NA,NA
"2948","10-Feb","Two Eggs",11,"Breakfast","Spring 2025","Multimodal","Breakfast","Side","Satellite","Breakfast",NA,NA,NA,NA,NA,NA
"2949","10-Feb","Trillium Home Fries",4,"Breakfast","Spring 2025","Multimodal","Breakfast","Side","Satellite","Breakfast",NA,NA,NA,NA,NA,NA
"2950","10-Feb","2 Slices Toast",4,"Breakfast","Spring 2025","Multimodal","Breakfast","Side","Satellite","Breakfast",NA,NA,NA,NA,NA,NA
"2951","10-Feb","Toast",1,"Breakfast","Spring 2025","Multimodal","Breakfast","Side","Satellite","Breakfast",NA,NA,NA,NA,NA,NA
"2952","10-Feb","Burrito Bowl BYO",104,"Mexican","Spring 2025","Multimodal","Wrap","Main","Satellite","Lunch",NA,NA,NA,NA,NA,NA
"2953","10-Feb","Single Taco",8,"Mexican","Spring 2025","Multimodal","Wrap","Main","Satellite","Lunch",NA,NA,NA,NA,NA,NA
"2954","10-Feb","Side Guacamole",4,"Mexican","Spring 2025","Multimodal","Wrap","Side","Satellite","Lunch",NA,NA,NA,NA,NA,NA
"2955","10-Feb","Add Extra Toppings Una Mano",1,"Mexican","Spring 2025","Multimodal","Wrap","Modification","Satellite","Lunch",NA,NA,NA,NA,NA,NA
"2956","10-Feb","LTO Spicy Chicken Sandwich",46,"Grab N Go","Spring 2025","Multimodal","Grab N Go","Main","Satellite","Lunch",NA,NA,NA,NA,NA,NA
"2957","10-Feb","Egg Cheese Bacon Breakfast Sandwich",26,"Grab N Go","Spring 2025","Multimodal","Grab N Go","Main","Satellite","Lunch",NA,NA,NA,NA,NA,NA
"2958","10-Feb","Egg Cheese Sausage Breakfast Sandwich",23,"Grab N Go","Spring 2025","Multimodal","Grab N Go","Main","Satellite","Lunch",NA,NA,NA,NA,NA,NA
"2959","10-Feb","Salad by the Pound",52,"Salad Bar","Spring 2025","Multimodal","Salad Bar","Main","Satellite","Lunch",NA,NA,NA,NA,NA,NA
"2960","10-Feb","Add Extra Protein 3.99",1,"Salad Bar","Spring 2025","Multimodal","Salad Bar","Modification","Satellite","Lunch",NA,NA,NA,NA,NA,NA
"2961","10-Feb","Soup 12 oz",35,"Soup","Spring 2025","Multimodal","Soup","Main","Satellite","Lunch",NA,NA,NA,NA,NA,NA
"2962","10-Feb","8 oz Soup",36,"Soup","Spring 2025","Multimodal","Soup","Main","Satellite","Lunch",NA,NA,NA,NA,NA,NA
"2963","11-Feb","Quesadilla Deluxe Trillium",199,"Grill","Spring 2025","Multimodal","Quesadilla","Main","Satellite","Lunch",NA,NA,NA,NA,NA,NA
"2964","11-Feb","Grilled Hamburger",86,"Grill","Spring 2025","Multimodal","Grill","Main","Treatment","Lunch",3.88121217461521,88.8793607464882,8.99,333.784247016908,7643.62502419798,773.14
"2965","11-Feb","Fried Chicken Tenders",95,"Grab N Go","Spring 2025","Multimodal","Grab N Go","Side","Satellite","Lunch",NA,NA,NA,NA,NA,NA
"2966","11-Feb","Burrito Una Mano Trillium BYO",63,"Grill","Spring 2025","Multimodal","Quesadilla","Main","Satellite","Lunch",NA,NA,NA,NA,NA,NA
"2967","11-Feb","French Fries",142,"Grill","Spring 2025","Multimodal","Grill","Side","Treatment","Lunch",0.040840402892853,2.72997334161235,2.99,5.79933721078513,387.656214508954,424.58
"2968","11-Feb","Grilled Chicken Breast Sandwich",26,"Grill","Spring 2025","Multimodal","Grill","Main","Treatment","Lunch",0.301553745597932,69.470648861248,8.49,7.84039738554622,1806.23687039245,220.74
"2969","11-Feb","Quesadilla Cheese",11,"Grill","Spring 2025","Multimodal","Quesadilla","Main","Satellite","Lunch",NA,NA,NA,NA,NA,NA
"2970","11-Feb","Sweet Potato Fries",28,"Grill","Spring 2025","Multimodal","Grill","Side","Treatment","Lunch",0.0422551714366103,3.97622481710592,2.99,1.18314480022509,111.334294878966,83.72
"2971","11-Feb","+ Beef Patty",18,"Grill","Spring 2025","Multimodal","Grill","Modification","Treatment","Lunch",3.806907508554,79.8564119237622,2.99,68.524335153972,1437.41541462772,53.82
"2972","11-Feb","Seared Salmon Burger",8,"Grill","Spring 2025","Multimodal","Grill","Main","Treatment","Lunch",0.447926073918026,44.697222176261,8.49,3.5834085913442,357.577777410088,67.92
"2973","11-Feb","Trillium Grill Impossible Burger",6,"Grill","Spring 2025","Multimodal","Grill","Main","Treatment","Lunch",0.210911088099112,23.2535935181063,10.49,1.26546652859467,139.521561108638,62.94
"2974","11-Feb","Side Potato Tots",15,"Grab N Go","Spring 2025","Multimodal","Grab N Go","Side","Satellite","Lunch",NA,NA,NA,NA,NA,NA
"2975","11-Feb","ADD Chicken Breast",7,"Grill","Spring 2025","Multimodal","Grill","Modification","Treatment","Lunch",0.227249079536725,60.447700038522,2.99,1.59074355675707,423.133900269654,20.93
"2976","11-Feb","Black Bean Burger",3,"Grill","Spring 2025","Multimodal","Grill","Main","Treatment","Lunch",0.110944712328442,54.9888227801748,8.69,0.332834136985325,164.966468340524,26.07
"2977","11-Feb","Add Sausage 2 Patty",4,"Grill","Spring 2025","Multimodal","Grill","Modification","Treatment","Lunch",0.168918026814813,34.6406776822533,1.99,0.675672107259252,138.562710729013,7.96
"2978","11-Feb","ADD Cheese",9,"Grill","Spring 2025","Multimodal","Grill","Modification","Treatment","Lunch",0.183611306606629,3.19881943989712,1.99,1.65250175945966,28.7893749590741,17.91
"2979","11-Feb","Add Egg .99",3,"Grill","Spring 2025","Multimodal","Grill","Modification","Treatment","Lunch",0.0903881853779601,25.3348662383603,0.99,0.27116455613388,76.0045987150809,2.97
"2980","11-Feb","1 Entree + 1 Side",217,"Asian","Spring 2025","Multimodal","Wok","Main","Satellite","Lunch",NA,NA,NA,NA,NA,NA
"2981","11-Feb","1 Entree + 2 Side",86,"Asian","Spring 2025","Multimodal","Wok","Main","Satellite","Lunch",NA,NA,NA,NA,NA,NA
"2982","11-Feb","Bowl Ramen Chicken",94,"Asian","Spring 2025","Multimodal","Ramen","Main","Treatment","Lunch",0.379685915053077,104.607642341871,9.49,35.6904760149892,9833.11838013592,892.06
"2983","11-Feb","2 Entrees + 2 Sides",33,"Asian","Spring 2025","Multimodal","Wok","Main","Satellite","Lunch",NA,NA,NA,NA,NA,NA
"2984","11-Feb","Bowl Ramen Tofu",20,"Asian","Spring 2025","Multimodal","Ramen","Main","Treatment","Lunch",0.306509419979168,91.9886822989085,9.49,6.13018839958336,1839.77364597817,189.8
"2985","11-Feb","Side Vegetarian Lo Mein",13,"Asian","Spring 2025","Multimodal","Wok","Side","Satellite","Lunch",NA,NA,NA,NA,NA,NA
"2986","11-Feb","Side White or Brown Rice",12,"Asian","Spring 2025","Multimodal","Wok","Side","Satellite","Lunch",NA,NA,NA,NA,NA,NA
"2987","11-Feb","Side Vegetarian Fried Rice with",5,"Asian","Spring 2025","Multimodal","Wok","Side","Satellite","Lunch",NA,NA,NA,NA,NA,NA
"2988","11-Feb","1 Wok Entree",2,"Asian","Spring 2025","Multimodal","Wok","Main","Satellite","Lunch",NA,NA,NA,NA,NA,NA
"2989","11-Feb","Side Vegetables",3,"Asian","Spring 2025","Multimodal","Wok","Side","Satellite","Lunch",NA,NA,NA,NA,NA,NA
"2990","11-Feb","Bowl Ramen Chicken",1,"Asian","Spring 2025","Multimodal","Ramen","Main","Treatment","Lunch",0.379685915053077,104.607642341871,9.49,0.379685915053077,104.607642341871,9.49
"2991","11-Feb","Side Vegetable Spring Rolls",1,"Asian","Spring 2025","Multimodal","Wok","Side","Satellite","Lunch",NA,NA,NA,NA,NA,NA
"2992","11-Feb","Create Your Pasta Bowl MEAT",111,"Italian","Spring 2025","Multimodal","Pasta","Main","Satellite","Lunch",0.625595496853921,47.8385188473692,8.99,69.4411001507853,5310.07559205798,997.89
"2993","11-Feb","Create Your Pasta Bowl VEG",23,"Italian","Spring 2025","Multimodal","Pasta","Main","Satellite","Lunch",0.140294556536554,10.5521527214029,8.49,3.22677480034074,242.699512592266,195.27
"2994","11-Feb","Pizza with Toppings",23,"Italian","Spring 2025","Multimodal","Pizza","Main","Satellite","Lunch",NA,NA,NA,NA,NA,NA
"2995","11-Feb","Pizza Cheese",21,"Italian","Spring 2025","Multimodal","Pizza","Main","Satellite","Lunch",NA,NA,NA,NA,NA,NA
"2996","11-Feb","Add Extra Meat",20,"Italian","Spring 2025","Multimodal","Pasta","Modification","Satellite","Lunch",NA,NA,NA,NA,NA,NA
"2997","11-Feb","Burrito Breakfast",79,"Breakfast","Spring 2025","Multimodal","Breakfast","Main","Satellite","Breakfast",NA,NA,NA,NA,NA,NA
"2998","11-Feb","Small French Omelet",52,"Breakfast","Spring 2025","Multimodal","Breakfast","Side","Satellite","Breakfast",NA,NA,NA,NA,NA,NA
"2999","11-Feb","Grand Slam Breakfast",13,"Breakfast","Spring 2025","Multimodal","Breakfast","Main","Satellite","Breakfast",NA,NA,NA,NA,NA,NA
"3000","11-Feb","Add Bacon",33,"Breakfast","Spring 2025","Multimodal","Breakfast","Modification","Satellite","Breakfast",NA,NA,NA,NA,NA,NA
"3001","11-Feb","Two Eggs",15,"Breakfast","Spring 2025","Multimodal","Breakfast","Side","Satellite","Breakfast",NA,NA,NA,NA,NA,NA
"3002","11-Feb","Pancake Single",3,"Breakfast","Spring 2025","Multimodal","Breakfast","Side","Satellite","Breakfast",NA,NA,NA,NA,NA,NA
"3003","11-Feb","Trillium Home Fries",2,"Breakfast","Spring 2025","Multimodal","Breakfast","Side","Satellite","Breakfast",NA,NA,NA,NA,NA,NA
"3004","11-Feb","2 Slices Toast",3,"Breakfast","Spring 2025","Multimodal","Breakfast","Side","Satellite","Breakfast",NA,NA,NA,NA,NA,NA
"3005","11-Feb","Toast",2,"Breakfast","Spring 2025","Multimodal","Breakfast","Side","Satellite","Breakfast",NA,NA,NA,NA,NA,NA
"3006","11-Feb","PC Jelly",1,"Breakfast","Spring 2025","Multimodal","Breakfast","Side","Satellite","Breakfast",NA,NA,NA,NA,NA,NA
"3007","11-Feb","Burrito Bowl BYO",107,"Mexican","Spring 2025","Multimodal","Wrap","Main","Satellite","Lunch",NA,NA,NA,NA,NA,NA
"3008","11-Feb","Single Taco",4,"Mexican","Spring 2025","Multimodal","Wrap","Main","Satellite","Lunch",NA,NA,NA,NA,NA,NA
"3009","11-Feb","Side Guacamole",3,"Mexican","Spring 2025","Multimodal","Wrap","Side","Satellite","Lunch",NA,NA,NA,NA,NA,NA
"3010","11-Feb","LTO Spicy Chicken Sandwich",35,"Grab N Go","Spring 2025","Multimodal","Grab N Go","Main","Satellite","Lunch",NA,NA,NA,NA,NA,NA
"3011","11-Feb","Egg Cheese Bacon Breakfast Sandwich",25,"Grab N Go","Spring 2025","Multimodal","Grab N Go","Main","Satellite","Lunch",NA,NA,NA,NA,NA,NA
"3012","11-Feb","LTO Meatball Sub",14,"Grab N Go","Spring 2025","Multimodal","Grab N Go","Main","Satellite","Lunch",NA,NA,NA,NA,NA,NA
"3013","11-Feb","Egg Cheese Sausage Breakfast Sandwich",20,"Grab N Go","Spring 2025","Multimodal","Grab N Go","Main","Satellite","Lunch",NA,NA,NA,NA,NA,NA
"3014","11-Feb","Salad by the Pound",51,"Salad Bar","Spring 2025","Multimodal","Salad Bar","Main","Satellite","Lunch",NA,NA,NA,NA,NA,NA
"3015","11-Feb","Add Extra Protein 3.99",3,"Salad Bar","Spring 2025","Multimodal","Salad Bar","Modification","Satellite","Lunch",NA,NA,NA,NA,NA,NA
"3016","11-Feb","Soup 12 oz",60,"Soup","Spring 2025","Multimodal","Soup","Main","Satellite","Lunch",NA,NA,NA,NA,NA,NA
"3017","11-Feb","8 oz Soup",32,"Soup","Spring 2025","Multimodal","Soup","Main","Satellite","Lunch",NA,NA,NA,NA,NA,NA
"3018","12-Feb","Quesadilla Deluxe Trillium",184,"Grill","Spring 2025","Multimodal","Quesadilla","Main","Satellite","Lunch",NA,NA,NA,NA,NA,NA
"3019","12-Feb","Grilled Hamburger",101,"Grill","Spring 2025","Multimodal","Grill","Main","Treatment","Lunch",3.88121217461521,88.8793607464882,8.99,392.002429636136,8976.8154353953,907.99
"3020","12-Feb","Fried Chicken Tenders",86,"Grab N Go","Spring 2025","Multimodal","Grab N Go","Side","Satellite","Lunch",NA,NA,NA,NA,NA,NA
"3021","12-Feb","Burrito Una Mano Trillium BYO",62,"Grill","Spring 2025","Multimodal","Quesadilla","Main","Satellite","Lunch",NA,NA,NA,NA,NA,NA
"3022","12-Feb","French Fries",117,"Grill","Spring 2025","Multimodal","Grill","Side","Treatment","Lunch",0.040840402892853,2.72997334161235,2.99,4.7783271384638,319.406880968645,349.83
"3023","12-Feb","Grilled Chicken Breast Sandwich",21,"Grill","Spring 2025","Multimodal","Grill","Main","Treatment","Lunch",0.301553745597932,69.470648861248,8.49,6.33262865755656,1458.88362608621,178.29
"3024","12-Feb","Sweet Potato Fries",46,"Grill","Spring 2025","Multimodal","Grill","Side","Treatment","Lunch",0.0422551714366103,3.97622481710592,2.99,1.94373788608407,182.906341586872,137.54
"3025","12-Feb","Quesadilla Cheese",14,"Grill","Spring 2025","Multimodal","Quesadilla","Main","Satellite","Lunch",NA,NA,NA,NA,NA,NA
"3026","12-Feb","Seared Salmon Burger",12,"Grill","Spring 2025","Multimodal","Grill","Main","Treatment","Lunch",0.447926073918026,44.697222176261,8.49,5.37511288701631,536.366666115131,101.88
"3027","12-Feb","Trillium Grill Impossible Burger",7,"Grill","Spring 2025","Multimodal","Grill","Main","Treatment","Lunch",0.210911088099112,23.2535935181063,10.49,1.47637761669378,162.775154626744,73.43
"3028","12-Feb","Side Potato Tots",18,"Grab N Go","Spring 2025","Multimodal","Grab N Go","Side","Satellite","Lunch",NA,NA,NA,NA,NA,NA
"3029","12-Feb","+ Beef Patty",13,"Grill","Spring 2025","Multimodal","Grill","Modification","Treatment","Lunch",3.806907508554,79.8564119237622,2.99,49.489797611202,1038.13335500891,38.87
"3030","12-Feb","ADD Chicken Breast",7,"Grill","Spring 2025","Multimodal","Grill","Modification","Treatment","Lunch",0.227249079536725,60.447700038522,2.99,1.59074355675707,423.133900269654,20.93
"3031","12-Feb","Black Bean Burger",3,"Grill","Spring 2025","Multimodal","Grill","Main","Treatment","Lunch",0.110944712328442,54.9888227801748,8.69,0.332834136985325,164.966468340524,26.07
"3032","12-Feb","Add Sausage 2 Patty",3,"Grill","Spring 2025","Multimodal","Grill","Modification","Treatment","Lunch",0.168918026814813,34.6406776822533,1.99,0.506754080444439,103.92203304676,5.97
"3033","12-Feb","ADD Cheese",6,"Grill","Spring 2025","Multimodal","Grill","Modification","Treatment","Lunch",0.183611306606629,3.19881943989712,1.99,1.10166783963977,19.1929166393827,11.94
"3034","12-Feb","Add Egg .99",2,"Grill","Spring 2025","Multimodal","Grill","Modification","Treatment","Lunch",0.0903881853779601,25.3348662383603,0.99,0.18077637075592,50.6697324767206,1.98
"3035","12-Feb","1 Entree + 1 Side",218,"Asian","Spring 2025","Multimodal","Wok","Main","Satellite","Lunch",NA,NA,NA,NA,NA,NA
"3036","12-Feb","1 Entree + 2 Side",81,"Asian","Spring 2025","Multimodal","Wok","Main","Satellite","Lunch",NA,NA,NA,NA,NA,NA
"3037","12-Feb","Bowl Ramen Chicken",78,"Asian","Spring 2025","Multimodal","Ramen","Main","Treatment","Lunch",0.379685915053077,104.607642341871,9.49,29.61550137414,8159.39610266598,740.22
"3038","12-Feb","2 Entrees + 2 Sides",27,"Asian","Spring 2025","Multimodal","Wok","Main","Satellite","Lunch",NA,NA,NA,NA,NA,NA
"3039","12-Feb","Bowl Ramen Tofu",11,"Asian","Spring 2025","Multimodal","Ramen","Main","Treatment","Lunch",0.306509419979168,91.9886822989085,9.49,3.37160361977085,1011.87550528799,104.39
"3040","12-Feb","1 Wok Entree",9,"Asian","Spring 2025","Multimodal","Wok","Main","Satellite","Lunch",NA,NA,NA,NA,NA,NA
"3041","12-Feb","Side Vegetarian Lo Mein",6,"Asian","Spring 2025","Multimodal","Wok","Side","Satellite","Lunch",NA,NA,NA,NA,NA,NA
"3042","12-Feb","Side Vegetarian Fried Rice with",4,"Asian","Spring 2025","Multimodal","Wok","Side","Satellite","Lunch",NA,NA,NA,NA,NA,NA
"3043","12-Feb","Bowl Ramen Chicken",1,"Asian","Spring 2025","Multimodal","Ramen","Main","Treatment","Lunch",0.379685915053077,104.607642341871,9.49,0.379685915053077,104.607642341871,9.49
"3044","12-Feb","Side Vegetables",2,"Asian","Spring 2025","Multimodal","Wok","Side","Satellite","Lunch",NA,NA,NA,NA,NA,NA
"3045","12-Feb","Side White or Brown Rice",2,"Asian","Spring 2025","Multimodal","Wok","Side","Satellite","Lunch",NA,NA,NA,NA,NA,NA
"3046","12-Feb","Create Your Pasta Bowl MEAT",133,"Italian","Spring 2025","Multimodal","Pasta","Main","Satellite","Lunch",0.625595496853921,47.8385188473692,8.99,83.2042010815715,6362.5230067001,1195.67
"3047","12-Feb","Create Your Pasta Bowl VEG",22,"Italian","Spring 2025","Multimodal","Pasta","Main","Satellite","Lunch",0.140294556536554,10.5521527214029,8.49,3.08648024380419,232.147359870863,186.78
"3048","12-Feb","Pizza Cheese",25,"Italian","Spring 2025","Multimodal","Pizza","Main","Satellite","Lunch",NA,NA,NA,NA,NA,NA
"3049","12-Feb","Add Extra Meat",39,"Italian","Spring 2025","Multimodal","Pasta","Modification","Satellite","Lunch",NA,NA,NA,NA,NA,NA
"3050","12-Feb","Pizza with Toppings",17,"Italian","Spring 2025","Multimodal","Pizza","Main","Satellite","Lunch",NA,NA,NA,NA,NA,NA
"3051","12-Feb","Burrito Breakfast",85,"Breakfast","Spring 2025","Multimodal","Breakfast","Main","Satellite","Breakfast",NA,NA,NA,NA,NA,NA
"3052","12-Feb","Small French Omelet",62,"Breakfast","Spring 2025","Multimodal","Breakfast","Side","Satellite","Breakfast",NA,NA,NA,NA,NA,NA
"3053","12-Feb","Grand Slam Breakfast",13,"Breakfast","Spring 2025","Multimodal","Breakfast","Main","Satellite","Breakfast",NA,NA,NA,NA,NA,NA
"3054","12-Feb","Add Bacon",29,"Breakfast","Spring 2025","Multimodal","Breakfast","Modification","Satellite","Breakfast",NA,NA,NA,NA,NA,NA
"3055","12-Feb","Two Eggs",15,"Breakfast","Spring 2025","Multimodal","Breakfast","Side","Satellite","Breakfast",NA,NA,NA,NA,NA,NA
"3056","12-Feb","Pancake Single",4,"Breakfast","Spring 2025","Multimodal","Breakfast","Side","Satellite","Breakfast",NA,NA,NA,NA,NA,NA
"3057","12-Feb","Trillium Home Fries",1,"Breakfast","Spring 2025","Multimodal","Breakfast","Side","Satellite","Breakfast",NA,NA,NA,NA,NA,NA
"3058","12-Feb","Toast",2,"Breakfast","Spring 2025","Multimodal","Breakfast","Side","Satellite","Breakfast",NA,NA,NA,NA,NA,NA
"3059","12-Feb","Burrito Bowl BYO",116,"Mexican","Spring 2025","Multimodal","Wrap","Main","Satellite","Lunch",NA,NA,NA,NA,NA,NA
"3060","12-Feb","Single Taco",7,"Mexican","Spring 2025","Multimodal","Wrap","Main","Satellite","Lunch",NA,NA,NA,NA,NA,NA
"3061","12-Feb","Side Guacamole",4,"Mexican","Spring 2025","Multimodal","Wrap","Side","Satellite","Lunch",NA,NA,NA,NA,NA,NA
"3062","12-Feb","Add Extra Toppings Una Mano",2,"Mexican","Spring 2025","Multimodal","Wrap","Modification","Satellite","Lunch",NA,NA,NA,NA,NA,NA
"3063","12-Feb","LTO Spicy Chicken Sandwich",33,"Grab N Go","Spring 2025","Multimodal","Grab N Go","Main","Satellite","Lunch",NA,NA,NA,NA,NA,NA
"3064","12-Feb","Egg Cheese Sausage Breakfast Sandwich",23,"Grab N Go","Spring 2025","Multimodal","Grab N Go","Main","Satellite","Lunch",NA,NA,NA,NA,NA,NA
"3065","12-Feb","Egg Cheese Bacon Breakfast Sandwich",20,"Grab N Go","Spring 2025","Multimodal","Grab N Go","Main","Satellite","Lunch",NA,NA,NA,NA,NA,NA
"3066","12-Feb","Soup 12 oz",48,"Soup","Spring 2025","Multimodal","Soup","Main","Satellite","Lunch",NA,NA,NA,NA,NA,NA
"3067","12-Feb","8 oz Soup",41,"Soup","Spring 2025","Multimodal","Soup","Main","Satellite","Lunch",NA,NA,NA,NA,NA,NA
"3068","12-Feb","Salad by the Pound",49,"Salad Bar","Spring 2025","Multimodal","Salad Bar","Main","Satellite","Lunch",NA,NA,NA,NA,NA,NA
"3069","12-Feb","Add Extra Protein 3.99",2,"Salad Bar","Spring 2025","Multimodal","Salad Bar","Modification","Satellite","Lunch",NA,NA,NA,NA,NA,NA
"3070","13-Feb","Quesadilla Deluxe Trillium",190,"Grill","Spring 2025","Multimodal","Quesadilla","Main","Satellite","Lunch",NA,NA,NA,NA,NA,NA
"3071","13-Feb","Grilled Hamburger",83,"Grill","Spring 2025","Multimodal","Grill","Main","Treatment","Lunch",3.88121217461521,88.8793607464882,8.99,322.140610493062,7376.98694195852,746.17
"3072","13-Feb","Burrito Una Mano Trillium BYO",64,"Grill","Spring 2025","Multimodal","Quesadilla","Main","Satellite","Lunch",NA,NA,NA,NA,NA,NA
"3073","13-Feb","Fried Chicken Tenders",76,"Grab N Go","Spring 2025","Multimodal","Grab N Go","Side","Satellite","Lunch",NA,NA,NA,NA,NA,NA
"3074","13-Feb","French Fries",123,"Grill","Spring 2025","Multimodal","Grill","Side","Treatment","Lunch",0.040840402892853,2.72997334161235,2.99,5.02336955582092,335.786721018319,367.77
"3075","13-Feb","Trillium Grill Impossible Burger",10,"Grill","Spring 2025","Multimodal","Grill","Main","Treatment","Lunch",0.210911088099112,23.2535935181063,10.49,2.10911088099112,232.535935181063,104.9
"3076","13-Feb","Grilled Chicken Breast Sandwich",12,"Grill","Spring 2025","Multimodal","Grill","Main","Treatment","Lunch",0.301553745597932,69.470648861248,8.49,3.61864494717518,833.647786334976,101.88
"3077","13-Feb","Seared Salmon Burger",11,"Grill","Spring 2025","Multimodal","Grill","Main","Treatment","Lunch",0.447926073918026,44.697222176261,8.49,4.92718681309828,491.66944393887,93.39
"3078","13-Feb","Quesadilla Cheese",11,"Grill","Spring 2025","Multimodal","Quesadilla","Main","Satellite","Lunch",NA,NA,NA,NA,NA,NA
"3079","13-Feb","Sweet Potato Fries",27,"Grill","Spring 2025","Multimodal","Grill","Side","Treatment","Lunch",0.0422551714366103,3.97622481710592,2.99,1.14088962878848,107.35807006186,80.73
"3080","13-Feb","Side Potato Tots",17,"Grab N Go","Spring 2025","Multimodal","Grab N Go","Side","Satellite","Lunch",NA,NA,NA,NA,NA,NA
"3081","13-Feb","ADD Chicken Breast",7,"Grill","Spring 2025","Multimodal","Grill","Modification","Treatment","Lunch",0.227249079536725,60.447700038522,2.99,1.59074355675707,423.133900269654,20.93
"3082","13-Feb","Black Bean Burger",3,"Grill","Spring 2025","Multimodal","Grill","Main","Treatment","Lunch",0.110944712328442,54.9888227801748,8.69,0.332834136985325,164.966468340524,26.07
"3083","13-Feb","+ Beef Patty",3,"Grill","Spring 2025","Multimodal","Grill","Modification","Treatment","Lunch",3.806907508554,79.8564119237622,2.99,11.420722525662,239.569235771287,8.97
"3084","13-Feb","Add Egg .99",7,"Grill","Spring 2025","Multimodal","Grill","Modification","Treatment","Lunch",0.0903881853779601,25.3348662383603,0.99,0.632717297645721,177.344063668522,6.93
"3085","13-Feb","Add Sausage 2 Patty",3,"Grill","Spring 2025","Multimodal","Grill","Modification","Treatment","Lunch",0.168918026814813,34.6406776822533,1.99,0.506754080444439,103.92203304676,5.97
"3086","13-Feb","ADD Cheese",6,"Grill","Spring 2025","Multimodal","Grill","Modification","Treatment","Lunch",0.183611306606629,3.19881943989712,1.99,1.10166783963977,19.1929166393827,11.94
"3087","13-Feb","1 Entree + 1 Side",185,"Asian","Spring 2025","Multimodal","Wok","Main","Satellite","Lunch",NA,NA,NA,NA,NA,NA
"3088","13-Feb","1 Entree + 2 Side",71,"Asian","Spring 2025","Multimodal","Wok","Main","Satellite","Lunch",NA,NA,NA,NA,NA,NA
"3089","13-Feb","Bowl Ramen Chicken",66,"Asian","Spring 2025","Multimodal","Ramen","Main","Treatment","Lunch",0.379685915053077,104.607642341871,9.49,25.0592703935031,6904.10439456352,626.34
"3090","13-Feb","2 Entrees + 2 Sides",34,"Asian","Spring 2025","Multimodal","Wok","Main","Satellite","Lunch",NA,NA,NA,NA,NA,NA
"3091","13-Feb","Bowl Ramen Tofu",21,"Asian","Spring 2025","Multimodal","Ramen","Main","Treatment","Lunch",0.306509419979168,91.9886822989085,9.49,6.43669781956253,1931.76232827708,199.29
"3092","13-Feb","1 Wok Entree",9,"Asian","Spring 2025","Multimodal","Wok","Main","Satellite","Lunch",NA,NA,NA,NA,NA,NA
"3093","13-Feb","Side White or Brown Rice",8,"Asian","Spring 2025","Multimodal","Wok","Side","Satellite","Lunch",NA,NA,NA,NA,NA,NA
"3094","13-Feb","Side Vegetarian Lo Mein",3,"Asian","Spring 2025","Multimodal","Wok","Side","Satellite","Lunch",NA,NA,NA,NA,NA,NA
"3095","13-Feb","Side Vegetables",2,"Asian","Spring 2025","Multimodal","Wok","Side","Satellite","Lunch",NA,NA,NA,NA,NA,NA
"3096","13-Feb","Side Fried Spring Roll",1,"Asian","Spring 2025","Multimodal","Wok","Side","Satellite","Lunch",NA,NA,NA,NA,NA,NA
"3097","13-Feb","Side Vegetable Spring Rolls",1,"Asian","Spring 2025","Multimodal","Wok","Side","Satellite","Lunch",NA,NA,NA,NA,NA,NA
"3098","13-Feb","Side Vegetarian Fried Rice with",1,"Asian","Spring 2025","Multimodal","Wok","Side","Satellite","Lunch",NA,NA,NA,NA,NA,NA
"3099","13-Feb","Burrito Breakfast",83,"Breakfast","Spring 2025","Multimodal","Breakfast","Main","Satellite","Breakfast",NA,NA,NA,NA,NA,NA
"3100","13-Feb","Small French Omelet",58,"Breakfast","Spring 2025","Multimodal","Breakfast","Side","Satellite","Breakfast",NA,NA,NA,NA,NA,NA
"3101","13-Feb","Grand Slam Breakfast",11,"Breakfast","Spring 2025","Multimodal","Breakfast","Main","Satellite","Breakfast",NA,NA,NA,NA,NA,NA
"3102","13-Feb","Add Bacon",26,"Breakfast","Spring 2025","Multimodal","Breakfast","Modification","Satellite","Breakfast",NA,NA,NA,NA,NA,NA
"3103","13-Feb","Two Eggs",7,"Breakfast","Spring 2025","Multimodal","Breakfast","Side","Satellite","Breakfast",NA,NA,NA,NA,NA,NA
"3104","13-Feb","Pancake Single",4,"Breakfast","Spring 2025","Multimodal","Breakfast","Side","Satellite","Breakfast",NA,NA,NA,NA,NA,NA
"3105","13-Feb","Trillium Home Fries",1,"Breakfast","Spring 2025","Multimodal","Breakfast","Side","Satellite","Breakfast",NA,NA,NA,NA,NA,NA
"3106","13-Feb","2 Slices Toast",2,"Breakfast","Spring 2025","Multimodal","Breakfast","Side","Satellite","Breakfast",NA,NA,NA,NA,NA,NA
"3107","13-Feb","Toast",1,"Breakfast","Spring 2025","Multimodal","Breakfast","Side","Satellite","Breakfast",NA,NA,NA,NA,NA,NA
"3108","13-Feb","PC Peanut Butter",1,"Breakfast","Spring 2025","Multimodal","Breakfast","Side","Satellite","Breakfast",NA,NA,NA,NA,NA,NA
"3109","13-Feb","Create Your Pasta Bowl MEAT",81,"Italian","Spring 2025","Multimodal","Pasta","Main","Satellite","Lunch",0.625595496853921,47.8385188473692,8.99,50.6732352451676,3874.9200266369,728.19
"3110","13-Feb","Create Your Pasta Bowl VEG",20,"Italian","Spring 2025","Multimodal","Pasta","Main","Satellite","Lunch",0.140294556536554,10.5521527214029,8.49,2.80589113073108,211.043054428057,169.8
"3111","13-Feb","Pizza with Toppings",30,"Italian","Spring 2025","Multimodal","Pizza","Main","Satellite","Lunch",NA,NA,NA,NA,NA,NA
"3112","13-Feb","Pizza Cheese",17,"Italian","Spring 2025","Multimodal","Pizza","Main","Satellite","Lunch",NA,NA,NA,NA,NA,NA
"3113","13-Feb","Add Extra Meat",19,"Italian","Spring 2025","Multimodal","Pasta","Modification","Satellite","Lunch",NA,NA,NA,NA,NA,NA
"3114","13-Feb","Burrito Bowl BYO",73,"Mexican","Spring 2025","Multimodal","Wrap","Main","Satellite","Lunch",NA,NA,NA,NA,NA,NA
"3115","13-Feb","Single Taco",3,"Mexican","Spring 2025","Multimodal","Wrap","Main","Satellite","Lunch",NA,NA,NA,NA,NA,NA
"3116","13-Feb","Side Guacamole",1,"Mexican","Spring 2025","Multimodal","Wrap","Side","Satellite","Lunch",NA,NA,NA,NA,NA,NA
"3117","13-Feb","Add Extra Toppings Una Mano",2,"Mexican","Spring 2025","Multimodal","Wrap","Modification","Satellite","Lunch",NA,NA,NA,NA,NA,NA
"3118","13-Feb","LTO Spicy Chicken Sandwich",35,"Grab N Go","Spring 2025","Multimodal","Grab N Go","Main","Satellite","Lunch",NA,NA,NA,NA,NA,NA
"3119","13-Feb","Egg Cheese Sausage Breakfast Sandwich",28,"Grab N Go","Spring 2025","Multimodal","Grab N Go","Main","Satellite","Lunch",NA,NA,NA,NA,NA,NA
"3120","13-Feb","Egg Cheese Bacon Breakfast Sandwich",24,"Grab N Go","Spring 2025","Multimodal","Grab N Go","Main","Satellite","Lunch",NA,NA,NA,NA,NA,NA
"3121","13-Feb","LTO Meatball Sub",12,"Grab N Go","Spring 2025","Multimodal","Grab N Go","Main","Satellite","Lunch",NA,NA,NA,NA,NA,NA
"3122","13-Feb","Burrito Breakfast G&G",1,"Grab N Go","Spring 2025","Multimodal","Grab N Go","Main","Satellite","Lunch",NA,NA,NA,NA,NA,NA
"3123","13-Feb","Soup 12 oz",52,"Soup","Spring 2025","Multimodal","Soup","Main","Satellite","Lunch",NA,NA,NA,NA,NA,NA
"3124","13-Feb","8 oz Soup",42,"Soup","Spring 2025","Multimodal","Soup","Main","Satellite","Lunch",NA,NA,NA,NA,NA,NA
"3125","13-Feb","Salad by the Pound",33,"Salad Bar","Spring 2025","Multimodal","Salad Bar","Main","Satellite","Lunch",NA,NA,NA,NA,NA,NA
"3126","13-Feb","Add Extra Protein 3.99",2,"Salad Bar","Spring 2025","Multimodal","Salad Bar","Modification","Satellite","Lunch",NA,NA,NA,NA,NA,NA
"3127","14-Feb","Quesadilla Deluxe Trillium",100,"Grill","Spring 2025","Multimodal","Quesadilla","Main","Satellite","Lunch",NA,NA,NA,NA,NA,NA
"3128","14-Feb","Grilled Hamburger",72,"Grill","Spring 2025","Multimodal","Grill","Main","Treatment","Lunch",3.88121217461521,88.8793607464882,8.99,279.447276572295,6399.31397374715,647.28
"3129","14-Feb","Fried Chicken Tenders",53,"Grab N Go","Spring 2025","Multimodal","Grab N Go","Side","Satellite","Lunch",NA,NA,NA,NA,NA,NA
"3130","14-Feb","French Fries",106,"Grill","Spring 2025","Multimodal","Grill","Side","Treatment","Lunch",0.040840402892853,2.72997334161235,2.99,4.32908270664242,289.377174210909,316.94
"3131","14-Feb","Burrito Una Mano Trillium BYO",33,"Grill","Spring 2025","Multimodal","Quesadilla","Main","Satellite","Lunch",NA,NA,NA,NA,NA,NA
"3132","14-Feb","Quesadilla Cheese",8,"Grill","Spring 2025","Multimodal","Quesadilla","Main","Satellite","Lunch",NA,NA,NA,NA,NA,NA
"3133","14-Feb","Side Potato Tots",16,"Grab N Go","Spring 2025","Multimodal","Grab N Go","Side","Satellite","Lunch",NA,NA,NA,NA,NA,NA
"3134","14-Feb","Grilled Chicken Breast Sandwich",5,"Grill","Spring 2025","Multimodal","Grill","Main","Treatment","Lunch",0.301553745597932,69.470648861248,8.49,1.50776872798966,347.35324430624,42.45
"3135","14-Feb","Seared Salmon Burger",5,"Grill","Spring 2025","Multimodal","Grill","Main","Treatment","Lunch",0.447926073918026,44.697222176261,8.49,2.23963036959013,223.486110881305,42.45
"3136","14-Feb","Trillium Grill Impossible Burger",4,"Grill","Spring 2025","Multimodal","Grill","Main","Treatment","Lunch",0.210911088099112,23.2535935181063,10.49,0.843644352396447,93.0143740724252,41.96
"3137","14-Feb","Black Bean Burger",2,"Grill","Spring 2025","Multimodal","Grill","Main","Treatment","Lunch",0.110944712328442,54.9888227801748,8.69,0.221889424656883,109.97764556035,17.38
"3138","14-Feb","Add Sausage 2 Patty",4,"Grill","Spring 2025","Multimodal","Grill","Modification","Treatment","Lunch",0.168918026814813,34.6406776822533,1.99,0.675672107259252,138.562710729013,7.96
"3139","14-Feb","Add Egg .99",2,"Grill","Spring 2025","Multimodal","Grill","Modification","Treatment","Lunch",0.0903881853779601,25.3348662383603,0.99,0.18077637075592,50.6697324767206,1.98
"3140","14-Feb","1 Entree + 1 Side",90,"Asian","Spring 2025","Multimodal","Wok","Main","Satellite","Lunch",NA,NA,NA,NA,NA,NA
"3141","14-Feb","1 Entree + 2 Side",46,"Asian","Spring 2025","Multimodal","Wok","Main","Satellite","Lunch",NA,NA,NA,NA,NA,NA
"3142","14-Feb","Bowl Ramen Chicken",42,"Asian","Spring 2025","Multimodal","Ramen","Main","Treatment","Lunch",0.379685915053077,104.607642341871,9.49,15.9468084322292,4393.5209783586,398.58
"3143","14-Feb","2 Entrees + 2 Sides",12,"Asian","Spring 2025","Multimodal","Wok","Main","Satellite","Lunch",NA,NA,NA,NA,NA,NA
"3144","14-Feb","Bowl Ramen Tofu",15,"Asian","Spring 2025","Multimodal","Ramen","Main","Treatment","Lunch",0.306509419979168,91.9886822989085,9.49,4.59764129968752,1379.83023448363,142.35
"3145","14-Feb","Bowl Ramen Chicken",1,"Asian","Spring 2025","Multimodal","Ramen","Main","Treatment","Lunch",0.379685915053077,104.607642341871,9.49,0.379685915053077,104.607642341871,9.49
"3146","14-Feb","Side Vegetable Spring Rolls",2,"Asian","Spring 2025","Multimodal","Wok","Side","Satellite","Lunch",NA,NA,NA,NA,NA,NA
"3147","14-Feb","Side Vegetarian Lo Mein",2,"Asian","Spring 2025","Multimodal","Wok","Side","Satellite","Lunch",NA,NA,NA,NA,NA,NA
"3148","14-Feb","1 Wok Entree",1,"Asian","Spring 2025","Multimodal","Wok","Main","Satellite","Lunch",NA,NA,NA,NA,NA,NA
"3149","14-Feb","Side White or Brown Rice",1,"Asian","Spring 2025","Multimodal","Wok","Side","Satellite","Lunch",NA,NA,NA,NA,NA,NA
"3150","14-Feb","Burrito Breakfast",72,"Breakfast","Spring 2025","Multimodal","Breakfast","Main","Satellite","Breakfast",NA,NA,NA,NA,NA,NA
"3151","14-Feb","Small French Omelet",29,"Breakfast","Spring 2025","Multimodal","Breakfast","Side","Satellite","Breakfast",NA,NA,NA,NA,NA,NA
"3152","14-Feb","Grand Slam Breakfast",5,"Breakfast","Spring 2025","Multimodal","Breakfast","Main","Satellite","Breakfast",NA,NA,NA,NA,NA,NA
"3153","14-Feb","Add Bacon",18,"Breakfast","Spring 2025","Multimodal","Breakfast","Modification","Satellite","Breakfast",NA,NA,NA,NA,NA,NA
"3154","14-Feb","Two Eggs",14,"Breakfast","Spring 2025","Multimodal","Breakfast","Side","Satellite","Breakfast",NA,NA,NA,NA,NA,NA
"3155","14-Feb","Pancake Single",5,"Breakfast","Spring 2025","Multimodal","Breakfast","Side","Satellite","Breakfast",NA,NA,NA,NA,NA,NA
"3156","14-Feb","Trillium Home Fries",2,"Breakfast","Spring 2025","Multimodal","Breakfast","Side","Satellite","Breakfast",NA,NA,NA,NA,NA,NA
"3157","14-Feb","Toast",1,"Breakfast","Spring 2025","Multimodal","Breakfast","Side","Satellite","Breakfast",NA,NA,NA,NA,NA,NA
"3158","14-Feb","Create Your Pasta Bowl MEAT",34,"Italian","Spring 2025","Multimodal","Pasta","Main","Satellite","Lunch",0.625595496853921,47.8385188473692,8.99,21.2702468930333,1626.50964081055,305.66
"3159","14-Feb","Create Your Pasta Bowl VEG",16,"Italian","Spring 2025","Multimodal","Pasta","Main","Satellite","Lunch",0.140294556536554,10.5521527214029,8.49,2.24471290458486,168.834443542446,135.84
"3160","14-Feb","Pizza with Toppings",16,"Italian","Spring 2025","Multimodal","Pizza","Main","Satellite","Lunch",NA,NA,NA,NA,NA,NA
"3161","14-Feb","Pizza Cheese",13,"Italian","Spring 2025","Multimodal","Pizza","Main","Satellite","Lunch",NA,NA,NA,NA,NA,NA
"3162","14-Feb","Add Extra Meat",14,"Italian","Spring 2025","Multimodal","Pasta","Modification","Satellite","Lunch",NA,NA,NA,NA,NA,NA
"3163","14-Feb","LTO Spicy Chicken Sandwich",22,"Grab N Go","Spring 2025","Multimodal","Grab N Go","Main","Satellite","Lunch",NA,NA,NA,NA,NA,NA
"3164","14-Feb","Egg Cheese Sausage Breakfast Sandwich",23,"Grab N Go","Spring 2025","Multimodal","Grab N Go","Main","Satellite","Lunch",NA,NA,NA,NA,NA,NA
"3165","14-Feb","Egg Cheese Bacon Breakfast Sandwich",17,"Grab N Go","Spring 2025","Multimodal","Grab N Go","Main","Satellite","Lunch",NA,NA,NA,NA,NA,NA
"3166","14-Feb","Burrito Bowl BYO",34,"Mexican","Spring 2025","Multimodal","Wrap","Main","Satellite","Lunch",NA,NA,NA,NA,NA,NA
"3167","14-Feb","Single Taco",3,"Mexican","Spring 2025","Multimodal","Wrap","Main","Satellite","Lunch",NA,NA,NA,NA,NA,NA
"3168","14-Feb","Side Guacamole",2,"Mexican","Spring 2025","Multimodal","Wrap","Side","Satellite","Lunch",NA,NA,NA,NA,NA,NA
"3169","14-Feb","8 oz Soup",23,"Soup","Spring 2025","Multimodal","Soup","Main","Satellite","Lunch",NA,NA,NA,NA,NA,NA
"3170","14-Feb","Soup 12 oz",17,"Soup","Spring 2025","Multimodal","Soup","Main","Satellite","Lunch",NA,NA,NA,NA,NA,NA
"3171","14-Feb","Salad by the Pound",20,"Salad Bar","Spring 2025","Multimodal","Salad Bar","Main","Satellite","Lunch",NA,NA,NA,NA,NA,NA
"3172","14-Feb","Add Extra Protein 3.99",1,"Salad Bar","Spring 2025","Multimodal","Salad Bar","Modification","Satellite","Lunch",NA,NA,NA,NA,NA,NA
"3173","19-Feb","Quesadilla Deluxe Trillium",181,"Grill","Spring 2025","Multimodal","Quesadilla","Main","Satellite","Lunch",NA,NA,NA,NA,NA,NA
"3174","19-Feb","Grilled Hamburger",84,"Grill","Spring 2025","Multimodal","Grill","Main","Treatment","Lunch",3.88121217461521,88.8793607464882,8.99,326.021822667677,7465.866302705,755.16
"3175","19-Feb","Fried Chicken Tenders",71,"Grab N Go","Spring 2025","Multimodal","Grab N Go","Side","Satellite","Lunch",NA,NA,NA,NA,NA,NA
"3176","19-Feb","Burrito Una Mano Trillium BYO",50,"Grill","Spring 2025","Multimodal","Quesadilla","Main","Satellite","Lunch",NA,NA,NA,NA,NA,NA
"3177","19-Feb","French Fries",128,"Grill","Spring 2025","Multimodal","Grill","Side","Treatment","Lunch",0.040840402892853,2.72997334161235,2.99,5.22757157028518,349.436587726381,382.72
"3178","19-Feb","Quesadilla Cheese",20,"Grill","Spring 2025","Multimodal","Quesadilla","Main","Satellite","Lunch",NA,NA,NA,NA,NA,NA
"3179","19-Feb","Grilled Chicken Breast Sandwich",17,"Grill","Spring 2025","Multimodal","Grill","Main","Treatment","Lunch",0.301553745597932,69.470648861248,8.49,5.12641367516484,1181.00103064122,144.33
"3180","19-Feb","+ Beef Patty",19,"Grill","Spring 2025","Multimodal","Grill","Modification","Treatment","Lunch",3.806907508554,79.8564119237622,2.99,72.331242662526,1517.27182655148,56.81
"3181","19-Feb","Sweet Potato Fries",23,"Grill","Spring 2025","Multimodal","Grill","Side","Treatment","Lunch",0.0422551714366103,3.97622481710592,2.99,0.971868943042037,91.4531707934362,68.77
"3182","19-Feb","Seared Salmon Burger",5,"Grill","Spring 2025","Multimodal","Grill","Main","Treatment","Lunch",0.447926073918026,44.697222176261,8.49,2.23963036959013,223.486110881305,42.45
"3183","19-Feb","Side Potato Tots",11,"Grab N Go","Spring 2025","Multimodal","Grab N Go","Side","Satellite","Lunch",NA,NA,NA,NA,NA,NA
"3184","19-Feb","Trillium Grill Impossible Burger",3,"Grill","Spring 2025","Multimodal","Grill","Main","Treatment","Lunch",0.210911088099112,23.2535935181063,10.49,0.632733264297335,69.7607805543189,31.47
"3185","19-Feb","Black Bean Burger",1,"Grill","Spring 2025","Multimodal","Grill","Main","Treatment","Lunch",0.110944712328442,54.9888227801748,8.69,0.110944712328442,54.9888227801748,8.69
"3186","19-Feb","Add Sausage 2 Patty",3,"Grill","Spring 2025","Multimodal","Grill","Modification","Treatment","Lunch",0.168918026814813,34.6406776822533,1.99,0.506754080444439,103.92203304676,5.97
"3187","19-Feb","ADD Cheese",10,"Grill","Spring 2025","Multimodal","Grill","Modification","Treatment","Lunch",0.183611306606629,3.19881943989712,1.99,1.83611306606629,31.9881943989712,19.9
"3188","19-Feb","ADD Chicken Breast",1,"Grill","Spring 2025","Multimodal","Grill","Modification","Treatment","Lunch",0.227249079536725,60.447700038522,2.99,0.227249079536725,60.447700038522,2.99
"3189","19-Feb","Add Egg .99",3,"Grill","Spring 2025","Multimodal","Grill","Modification","Treatment","Lunch",0.0903881853779601,25.3348662383603,0.99,0.27116455613388,76.0045987150809,2.97
"3190","19-Feb","1 Entree + 1 Side",200,"Asian","Spring 2025","Multimodal","Wok","Main","Satellite","Lunch",NA,NA,NA,NA,NA,NA
"3191","19-Feb","1 Entree + 2 Side",78,"Asian","Spring 2025","Multimodal","Wok","Main","Satellite","Lunch",NA,NA,NA,NA,NA,NA
"3192","19-Feb","Bowl Ramen Chicken",80,"Asian","Spring 2025","Multimodal","Ramen","Main","Treatment","Lunch",0.379685915053077,104.607642341871,9.49,30.3748732042462,8368.61138734972,759.2
"3193","19-Feb","2 Entrees + 2 Sides",21,"Asian","Spring 2025","Multimodal","Wok","Main","Satellite","Lunch",NA,NA,NA,NA,NA,NA
"3194","19-Feb","Bowl Ramen Tofu",15,"Asian","Spring 2025","Multimodal","Ramen","Main","Treatment","Lunch",0.306509419979168,91.9886822989085,9.49,4.59764129968752,1379.83023448363,142.35
"3195","19-Feb","1 Wok Entree",10,"Asian","Spring 2025","Multimodal","Wok","Main","Satellite","Lunch",NA,NA,NA,NA,NA,NA
"3196","19-Feb","Side Vegetarian Lo Mein",4,"Asian","Spring 2025","Multimodal","Wok","Side","Satellite","Lunch",NA,NA,NA,NA,NA,NA
"3197","19-Feb","Side White or Brown Rice",7,"Asian","Spring 2025","Multimodal","Wok","Side","Satellite","Lunch",NA,NA,NA,NA,NA,NA
"3198","19-Feb","Side Vegetable Spring Rolls",3,"Asian","Spring 2025","Multimodal","Wok","Side","Satellite","Lunch",NA,NA,NA,NA,NA,NA
"3199","19-Feb","Bowl Ramen Chicken",1,"Asian","Spring 2025","Multimodal","Ramen","Main","Treatment","Lunch",0.379685915053077,104.607642341871,9.49,0.379685915053077,104.607642341871,9.49
"3200","19-Feb","Side Vegetables",2,"Asian","Spring 2025","Multimodal","Wok","Side","Satellite","Lunch",NA,NA,NA,NA,NA,NA
"3201","19-Feb","Side Vegetarian Fried Rice with",2,"Asian","Spring 2025","Multimodal","Wok","Side","Satellite","Lunch",NA,NA,NA,NA,NA,NA
"3202","19-Feb","Create Your Pasta Bowl MEAT",104,"Italian","Spring 2025","Multimodal","Pasta","Main","Satellite","Lunch",0.625595496853921,47.8385188473692,8.99,65.0619316728078,4975.2059601264,934.96
"3203","19-Feb","Create Your Pasta Bowl VEG",28,"Italian","Spring 2025","Multimodal","Pasta","Main","Satellite","Lunch",0.140294556536554,10.5521527214029,8.49,3.92824758302351,295.46027619928,237.72
"3204","19-Feb","Pizza with Toppings",20,"Italian","Spring 2025","Multimodal","Pizza","Main","Satellite","Lunch",NA,NA,NA,NA,NA,NA
"3205","19-Feb","Pizza Cheese",24,"Italian","Spring 2025","Multimodal","Pizza","Main","Satellite","Lunch",NA,NA,NA,NA,NA,NA
"3206","19-Feb","Add Extra Meat",27,"Italian","Spring 2025","Multimodal","Pasta","Modification","Satellite","Lunch",NA,NA,NA,NA,NA,NA
"3207","19-Feb","Burrito Breakfast",76,"Breakfast","Spring 2025","Multimodal","Breakfast","Main","Satellite","Breakfast",NA,NA,NA,NA,NA,NA
"3208","19-Feb","Small French Omelet",58,"Breakfast","Spring 2025","Multimodal","Breakfast","Side","Satellite","Breakfast",NA,NA,NA,NA,NA,NA
"3209","19-Feb","Grand Slam Breakfast",7,"Breakfast","Spring 2025","Multimodal","Breakfast","Main","Satellite","Breakfast",NA,NA,NA,NA,NA,NA
"3210","19-Feb","Add Bacon",27,"Breakfast","Spring 2025","Multimodal","Breakfast","Modification","Satellite","Breakfast",NA,NA,NA,NA,NA,NA
"3211","19-Feb","Two Eggs",11,"Breakfast","Spring 2025","Multimodal","Breakfast","Side","Satellite","Breakfast",NA,NA,NA,NA,NA,NA
"3212","19-Feb","Trillium Home Fries",4,"Breakfast","Spring 2025","Multimodal","Breakfast","Side","Satellite","Breakfast",NA,NA,NA,NA,NA,NA
"3213","19-Feb","Pancake Single",1,"Breakfast","Spring 2025","Multimodal","Breakfast","Side","Satellite","Breakfast",NA,NA,NA,NA,NA,NA
"3214","19-Feb","Toast",1,"Breakfast","Spring 2025","Multimodal","Breakfast","Side","Satellite","Breakfast",NA,NA,NA,NA,NA,NA
"3215","19-Feb","Burrito Bowl BYO",103,"Mexican","Spring 2025","Multimodal","Wrap","Main","Satellite","Lunch",NA,NA,NA,NA,NA,NA
"3216","19-Feb","Single Taco",2,"Mexican","Spring 2025","Multimodal","Wrap","Main","Satellite","Lunch",NA,NA,NA,NA,NA,NA
"3217","19-Feb","Side Guacamole",2,"Mexican","Spring 2025","Multimodal","Wrap","Side","Satellite","Lunch",NA,NA,NA,NA,NA,NA
"3218","19-Feb","Soup 12 oz",47,"Soup","Spring 2025","Multimodal","Soup","Main","Satellite","Lunch",NA,NA,NA,NA,NA,NA
"3219","19-Feb","8 oz Soup",42,"Soup","Spring 2025","Multimodal","Soup","Main","Satellite","Lunch",NA,NA,NA,NA,NA,NA
"3220","19-Feb","LTO Spicy Chicken Sandwich",24,"Grab N Go","Spring 2025","Multimodal","Grab N Go","Main","Satellite","Lunch",NA,NA,NA,NA,NA,NA
"3221","19-Feb","Egg Cheese Bacon Breakfast Sandwich",24,"Grab N Go","Spring 2025","Multimodal","Grab N Go","Main","Satellite","Lunch",NA,NA,NA,NA,NA,NA
"3222","19-Feb","Egg Cheese Sausage Breakfast Sandwich",23,"Grab N Go","Spring 2025","Multimodal","Grab N Go","Main","Satellite","Lunch",NA,NA,NA,NA,NA,NA
"3223","19-Feb","Salad by the Pound",47,"Salad Bar","Spring 2025","Multimodal","Salad Bar","Main","Satellite","Lunch",NA,NA,NA,NA,NA,NA
"3224","19-Feb","Add Extra Protein 3.99",2,"Salad Bar","Spring 2025","Multimodal","Salad Bar","Modification","Satellite","Lunch",NA,NA,NA,NA,NA,NA
"3225","19-Feb","LTO Sandwich",5,"Deli","Spring 2025","Multimodal","Deli","Main","Satellite","Lunch",NA,NA,NA,NA,NA,NA
"3226","20-Feb","Quesadilla Deluxe Trillium",172,"Grill","Spring 2025","Multimodal","Quesadilla","Main","Satellite","Lunch",NA,NA,NA,NA,NA,NA
"3227","20-Feb","Grilled Hamburger",102,"Grill","Spring 2025","Multimodal","Grill","Main","Treatment","Lunch",3.88121217461521,88.8793607464882,8.99,395.883641810751,9065.69479614179,916.98
"3228","20-Feb","Fried Chicken Tenders",82,"Grab N Go","Spring 2025","Multimodal","Grab N Go","Side","Satellite","Lunch",NA,NA,NA,NA,NA,NA
"3229","20-Feb","Burrito Una Mano Trillium BYO",54,"Grill","Spring 2025","Multimodal","Quesadilla","Main","Satellite","Lunch",NA,NA,NA,NA,NA,NA
"3230","20-Feb","French Fries",133,"Grill","Spring 2025","Multimodal","Grill","Side","Treatment","Lunch",0.040840402892853,2.72997334161235,2.99,5.43177358474945,363.086454434443,397.67
"3231","20-Feb","Grilled Chicken Breast Sandwich",17,"Grill","Spring 2025","Multimodal","Grill","Main","Treatment","Lunch",0.301553745597932,69.470648861248,8.49,5.12641367516484,1181.00103064122,144.33
"3232","20-Feb","Sweet Potato Fries",38,"Grill","Spring 2025","Multimodal","Grill","Side","Treatment","Lunch",0.0422551714366103,3.97622481710592,2.99,1.60569651459119,151.096543050025,113.62
"3233","20-Feb","Trillium Grill Impossible Burger",10,"Grill","Spring 2025","Multimodal","Grill","Main","Treatment","Lunch",0.210911088099112,23.2535935181063,10.49,2.10911088099112,232.535935181063,104.9
"3234","20-Feb","Quesadilla Cheese",10,"Grill","Spring 2025","Multimodal","Quesadilla","Main","Satellite","Lunch",NA,NA,NA,NA,NA,NA
"3235","20-Feb","+ Beef Patty",19,"Grill","Spring 2025","Multimodal","Grill","Modification","Treatment","Lunch",3.806907508554,79.8564119237622,2.99,72.331242662526,1517.27182655148,56.81
"3236","20-Feb","Side Potato Tots",16,"Grab N Go","Spring 2025","Multimodal","Grab N Go","Side","Satellite","Lunch",NA,NA,NA,NA,NA,NA
"3237","20-Feb","Seared Salmon Burger",5,"Grill","Spring 2025","Multimodal","Grill","Main","Treatment","Lunch",0.447926073918026,44.697222176261,8.49,2.23963036959013,223.486110881305,42.45
"3238","20-Feb","Black Bean Burger",4,"Grill","Spring 2025","Multimodal","Grill","Main","Treatment","Lunch",0.110944712328442,54.9888227801748,8.69,0.443778849313767,219.955291120699,34.76
"3239","20-Feb","ADD Chicken Breast",3,"Grill","Spring 2025","Multimodal","Grill","Modification","Treatment","Lunch",0.227249079536725,60.447700038522,2.99,0.681747238610175,181.343100115566,8.97
"3240","20-Feb","Add Sausage 2 Patty",3,"Grill","Spring 2025","Multimodal","Grill","Modification","Treatment","Lunch",0.168918026814813,34.6406776822533,1.99,0.506754080444439,103.92203304676,5.97
"3241","20-Feb","ADD Cheese",8,"Grill","Spring 2025","Multimodal","Grill","Modification","Treatment","Lunch",0.183611306606629,3.19881943989712,1.99,1.46889045285303,25.590555519177,15.92
"3242","20-Feb","Add Egg .99",1,"Grill","Spring 2025","Multimodal","Grill","Modification","Treatment","Lunch",0.0903881853779601,25.3348662383603,0.99,0.0903881853779601,25.3348662383603,0.99
"3243","20-Feb","1 Entree + 1 Side",178,"Asian","Spring 2025","Multimodal","Wok","Main","Satellite","Lunch",NA,NA,NA,NA,NA,NA
"3244","20-Feb","1 Entree + 2 Side",70,"Asian","Spring 2025","Multimodal","Wok","Main","Satellite","Lunch",NA,NA,NA,NA,NA,NA
"3245","20-Feb","Bowl Ramen Chicken",62,"Asian","Spring 2025","Multimodal","Ramen","Main","Treatment","Lunch",0.379685915053077,104.607642341871,9.49,23.5405267332908,6485.67382519603,588.38
"3246","20-Feb","2 Entrees + 2 Sides",23,"Asian","Spring 2025","Multimodal","Wok","Main","Satellite","Lunch",NA,NA,NA,NA,NA,NA
"3247","20-Feb","Bowl Ramen Tofu",15,"Asian","Spring 2025","Multimodal","Ramen","Main","Treatment","Lunch",0.306509419979168,91.9886822989085,9.49,4.59764129968752,1379.83023448363,142.35
"3248","20-Feb","Side Vegetarian Lo Mein",6,"Asian","Spring 2025","Multimodal","Wok","Side","Satellite","Lunch",NA,NA,NA,NA,NA,NA
"3249","20-Feb","1 Wok Entree",3,"Asian","Spring 2025","Multimodal","Wok","Main","Satellite","Lunch",NA,NA,NA,NA,NA,NA
"3250","20-Feb","Side White or Brown Rice",4,"Asian","Spring 2025","Multimodal","Wok","Side","Satellite","Lunch",NA,NA,NA,NA,NA,NA
"3251","20-Feb","Side Vegetarian Fried Rice with",2,"Asian","Spring 2025","Multimodal","Wok","Side","Satellite","Lunch",NA,NA,NA,NA,NA,NA
"3252","20-Feb","Side Fried Spring Roll",1,"Asian","Spring 2025","Multimodal","Wok","Side","Satellite","Lunch",NA,NA,NA,NA,NA,NA
"3253","20-Feb","Create Your Pasta Bowl MEAT",93,"Italian","Spring 2025","Multimodal","Pasta","Main","Satellite","Lunch",0.625595496853921,47.8385188473692,8.99,58.1803812074147,4448.98225280533,836.07
"3254","20-Feb","Create Your Pasta Bowl VEG",27,"Italian","Spring 2025","Multimodal","Pasta","Main","Satellite","Lunch",0.140294556536554,10.5521527214029,8.49,3.78795302648696,284.908123477877,229.23
"3255","20-Feb","Pizza with Toppings",32,"Italian","Spring 2025","Multimodal","Pizza","Main","Satellite","Lunch",NA,NA,NA,NA,NA,NA
"3256","20-Feb","Pizza Cheese",19,"Italian","Spring 2025","Multimodal","Pizza","Main","Satellite","Lunch",NA,NA,NA,NA,NA,NA
"3257","20-Feb","Add Extra Meat",24,"Italian","Spring 2025","Multimodal","Pasta","Modification","Satellite","Lunch",NA,NA,NA,NA,NA,NA
"3258","20-Feb","Burrito Breakfast",80,"Breakfast","Spring 2025","Multimodal","Breakfast","Main","Satellite","Breakfast",NA,NA,NA,NA,NA,NA
"3259","20-Feb","Small French Omelet",65,"Breakfast","Spring 2025","Multimodal","Breakfast","Side","Satellite","Breakfast",NA,NA,NA,NA,NA,NA
"3260","20-Feb","Grand Slam Breakfast",13,"Breakfast","Spring 2025","Multimodal","Breakfast","Main","Satellite","Breakfast",NA,NA,NA,NA,NA,NA
"3261","20-Feb","Add Bacon",38,"Breakfast","Spring 2025","Multimodal","Breakfast","Modification","Satellite","Breakfast",NA,NA,NA,NA,NA,NA
"3262","20-Feb","Two Eggs",17,"Breakfast","Spring 2025","Multimodal","Breakfast","Side","Satellite","Breakfast",NA,NA,NA,NA,NA,NA
"3263","20-Feb","Trillium Home Fries",4,"Breakfast","Spring 2025","Multimodal","Breakfast","Side","Satellite","Breakfast",NA,NA,NA,NA,NA,NA
"3264","20-Feb","Pancake Single",2,"Breakfast","Spring 2025","Multimodal","Breakfast","Side","Satellite","Breakfast",NA,NA,NA,NA,NA,NA
"3265","20-Feb","2 Slices Toast",2,"Breakfast","Spring 2025","Multimodal","Breakfast","Side","Satellite","Breakfast",NA,NA,NA,NA,NA,NA
"3266","20-Feb","Burrito Bowl BYO",98,"Mexican","Spring 2025","Multimodal","Wrap","Main","Satellite","Lunch",NA,NA,NA,NA,NA,NA
"3267","20-Feb","Single Taco",5,"Mexican","Spring 2025","Multimodal","Wrap","Main","Satellite","Lunch",NA,NA,NA,NA,NA,NA
"3268","20-Feb","Side Guacamole",1,"Mexican","Spring 2025","Multimodal","Wrap","Side","Satellite","Lunch",NA,NA,NA,NA,NA,NA
"3269","20-Feb","Side Sour Cream",1,"Mexican","Spring 2025","Multimodal","Wrap","Side","Satellite","Lunch",NA,NA,NA,NA,NA,NA
"3270","20-Feb","LTO Spicy Chicken Sandwich",27,"Grab N Go","Spring 2025","Multimodal","Grab N Go","Main","Satellite","Lunch",NA,NA,NA,NA,NA,NA
"3271","20-Feb","LTO Meatball Sub",25,"Grab N Go","Spring 2025","Multimodal","Grab N Go","Main","Satellite","Lunch",NA,NA,NA,NA,NA,NA
"3272","20-Feb","Egg Cheese Sausage Breakfast Sandwich",31,"Grab N Go","Spring 2025","Multimodal","Grab N Go","Main","Satellite","Lunch",NA,NA,NA,NA,NA,NA
"3273","20-Feb","Egg Cheese Bacon Breakfast Sandwich",14,"Grab N Go","Spring 2025","Multimodal","Grab N Go","Main","Satellite","Lunch",NA,NA,NA,NA,NA,NA
"3274","20-Feb","Soup 12 oz",42,"Soup","Spring 2025","Multimodal","Soup","Main","Satellite","Lunch",NA,NA,NA,NA,NA,NA
"3275","20-Feb","8 oz Soup",37,"Soup","Spring 2025","Multimodal","Soup","Main","Satellite","Lunch",NA,NA,NA,NA,NA,NA
"3276","20-Feb","Salad by the Pound",34,"Salad Bar","Spring 2025","Multimodal","Salad Bar","Main","Satellite","Lunch",NA,NA,NA,NA,NA,NA
"3277","20-Feb","Add Extra Protein 3.99",7,"Salad Bar","Spring 2025","Multimodal","Salad Bar","Modification","Satellite","Lunch",NA,NA,NA,NA,NA,NA
"3278","21-Feb","Quesadilla Deluxe Trillium",134,"Grill","Spring 2025","Multimodal","Quesadilla","Main","Satellite","Lunch",NA,NA,NA,NA,NA,NA
"3279","21-Feb","Grilled Hamburger",73,"Grill","Spring 2025","Multimodal","Grill","Main","Treatment","Lunch",3.88121217461521,88.8793607464882,8.99,283.32848874691,6488.19333449364,656.27
"3280","21-Feb","Burrito Una Mano Trillium BYO",55,"Grill","Spring 2025","Multimodal","Quesadilla","Main","Satellite","Lunch",NA,NA,NA,NA,NA,NA
"3281","21-Feb","Fried Chicken Tenders",56,"Grab N Go","Spring 2025","Multimodal","Grab N Go","Side","Satellite","Lunch",NA,NA,NA,NA,NA,NA
"3282","21-Feb","French Fries",105,"Grill","Spring 2025","Multimodal","Grill","Side","Treatment","Lunch",0.040840402892853,2.72997334161235,2.99,4.28824230374956,286.647200869297,313.95
"3283","21-Feb","Grilled Chicken Breast Sandwich",17,"Grill","Spring 2025","Multimodal","Grill","Main","Treatment","Lunch",0.301553745597932,69.470648861248,8.49,5.12641367516484,1181.00103064122,144.33
"3284","21-Feb","Quesadilla Cheese",11,"Grill","Spring 2025","Multimodal","Quesadilla","Main","Satellite","Lunch",NA,NA,NA,NA,NA,NA
"3285","21-Feb","Sweet Potato Fries",26,"Grill","Spring 2025","Multimodal","Grill","Side","Treatment","Lunch",0.0422551714366103,3.97622481710592,2.99,1.09863445735187,103.381845244754,77.74
"3286","21-Feb","Seared Salmon Burger",8,"Grill","Spring 2025","Multimodal","Grill","Main","Treatment","Lunch",0.447926073918026,44.697222176261,8.49,3.5834085913442,357.577777410088,67.92
"3287","21-Feb","+ Beef Patty",12,"Grill","Spring 2025","Multimodal","Grill","Modification","Treatment","Lunch",3.806907508554,79.8564119237622,2.99,45.682890102648,958.276943085146,35.88
"3288","21-Feb","Side Potato Tots",13,"Grab N Go","Spring 2025","Multimodal","Grab N Go","Side","Satellite","Lunch",NA,NA,NA,NA,NA,NA
"3289","21-Feb","Trillium Grill Impossible Burger",3,"Grill","Spring 2025","Multimodal","Grill","Main","Treatment","Lunch",0.210911088099112,23.2535935181063,10.49,0.632733264297335,69.7607805543189,31.47
"3290","21-Feb","Black Bean Burger",2,"Grill","Spring 2025","Multimodal","Grill","Main","Treatment","Lunch",0.110944712328442,54.9888227801748,8.69,0.221889424656883,109.97764556035,17.38
"3291","21-Feb","ADD Cheese",5,"Grill","Spring 2025","Multimodal","Grill","Modification","Treatment","Lunch",0.183611306606629,3.19881943989712,1.99,0.918056533033145,15.9940971994856,9.95
"3292","21-Feb","Add Egg .99",1,"Grill","Spring 2025","Multimodal","Grill","Modification","Treatment","Lunch",0.0903881853779601,25.3348662383603,0.99,0.0903881853779601,25.3348662383603,0.99
"3293","21-Feb","1 Entree + 1 Side",133,"Asian","Spring 2025","Multimodal","Wok","Main","Satellite","Lunch",NA,NA,NA,NA,NA,NA
"3294","21-Feb","1 Entree + 2 Side",55,"Asian","Spring 2025","Multimodal","Wok","Main","Satellite","Lunch",NA,NA,NA,NA,NA,NA
"3295","21-Feb","Bowl Ramen Chicken",58,"Asian","Spring 2025","Multimodal","Ramen","Main","Treatment","Lunch",0.379685915053077,104.607642341871,9.49,22.0217830730785,6067.24325582855,550.42
"3296","21-Feb","2 Entrees + 2 Sides",18,"Asian","Spring 2025","Multimodal","Wok","Main","Satellite","Lunch",NA,NA,NA,NA,NA,NA
"3297","21-Feb","Bowl Ramen Tofu",14,"Asian","Spring 2025","Multimodal","Ramen","Main","Treatment","Lunch",0.306509419979168,91.9886822989085,9.49,4.29113187970835,1287.84155218472,132.86
"3298","21-Feb","1 Wok Entree",6,"Asian","Spring 2025","Multimodal","Wok","Main","Satellite","Lunch",NA,NA,NA,NA,NA,NA
"3299","21-Feb","Side Vegetarian Lo Mein",3,"Asian","Spring 2025","Multimodal","Wok","Side","Satellite","Lunch",NA,NA,NA,NA,NA,NA
"3300","21-Feb","Side White or Brown Rice",5,"Asian","Spring 2025","Multimodal","Wok","Side","Satellite","Lunch",NA,NA,NA,NA,NA,NA
"3301","21-Feb","Side Fried Spring Roll",1,"Asian","Spring 2025","Multimodal","Wok","Side","Satellite","Lunch",NA,NA,NA,NA,NA,NA
"3302","21-Feb","Side Vegetable Spring Rolls",1,"Asian","Spring 2025","Multimodal","Wok","Side","Satellite","Lunch",NA,NA,NA,NA,NA,NA
"3303","21-Feb","Create Your Pasta Bowl MEAT",78,"Italian","Spring 2025","Multimodal","Pasta","Main","Satellite","Lunch",0.625595496853921,47.8385188473692,8.99,48.7964487546059,3731.4044700948,701.22
"3304","21-Feb","Pizza with Toppings",28,"Italian","Spring 2025","Multimodal","Pizza","Main","Satellite","Lunch",NA,NA,NA,NA,NA,NA
"3305","21-Feb","Create Your Pasta Bowl VEG",16,"Italian","Spring 2025","Multimodal","Pasta","Main","Satellite","Lunch",0.140294556536554,10.5521527214029,8.49,2.24471290458486,168.834443542446,135.84
"3306","21-Feb","Pizza Cheese",15,"Italian","Spring 2025","Multimodal","Pizza","Main","Satellite","Lunch",NA,NA,NA,NA,NA,NA
"3307","21-Feb","Add Extra Meat",12,"Italian","Spring 2025","Multimodal","Pasta","Modification","Satellite","Lunch",NA,NA,NA,NA,NA,NA
"3308","21-Feb","Burrito Breakfast",66,"Breakfast","Spring 2025","Multimodal","Breakfast","Main","Satellite","Breakfast",NA,NA,NA,NA,NA,NA
"3309","21-Feb","Small French Omelet",42,"Breakfast","Spring 2025","Multimodal","Breakfast","Side","Satellite","Breakfast",NA,NA,NA,NA,NA,NA
"3310","21-Feb","Grand Slam Breakfast",8,"Breakfast","Spring 2025","Multimodal","Breakfast","Main","Satellite","Breakfast",NA,NA,NA,NA,NA,NA
"3311","21-Feb","Add Bacon",18,"Breakfast","Spring 2025","Multimodal","Breakfast","Modification","Satellite","Breakfast",NA,NA,NA,NA,NA,NA
"3312","21-Feb","Two Eggs",7,"Breakfast","Spring 2025","Multimodal","Breakfast","Side","Satellite","Breakfast",NA,NA,NA,NA,NA,NA
"3313","21-Feb","Trillium Home Fries",2,"Breakfast","Spring 2025","Multimodal","Breakfast","Side","Satellite","Breakfast",NA,NA,NA,NA,NA,NA
"3314","21-Feb","Pancake Single",1,"Breakfast","Spring 2025","Multimodal","Breakfast","Side","Satellite","Breakfast",NA,NA,NA,NA,NA,NA
"3315","21-Feb","PC Peanut Butter",1,"Breakfast","Spring 2025","Multimodal","Breakfast","Side","Satellite","Breakfast",NA,NA,NA,NA,NA,NA
"3316","21-Feb","Burrito Bowl BYO",66,"Mexican","Spring 2025","Multimodal","Wrap","Main","Satellite","Lunch",NA,NA,NA,NA,NA,NA
"3317","21-Feb","Single Taco",4,"Mexican","Spring 2025","Multimodal","Wrap","Main","Satellite","Lunch",NA,NA,NA,NA,NA,NA
"3318","21-Feb","Side Guacamole",3,"Mexican","Spring 2025","Multimodal","Wrap","Side","Satellite","Lunch",NA,NA,NA,NA,NA,NA
"3319","21-Feb","LTO Spicy Chicken Sandwich",25,"Grab N Go","Spring 2025","Multimodal","Grab N Go","Main","Satellite","Lunch",NA,NA,NA,NA,NA,NA
"3320","21-Feb","Egg Cheese Bacon Breakfast Sandwich",25,"Grab N Go","Spring 2025","Multimodal","Grab N Go","Main","Satellite","Lunch",NA,NA,NA,NA,NA,NA
"3321","21-Feb","Egg Cheese Sausage Breakfast Sandwich",21,"Grab N Go","Spring 2025","Multimodal","Grab N Go","Main","Satellite","Lunch",NA,NA,NA,NA,NA,NA
"3322","21-Feb","Soup 12 oz",37,"Soup","Spring 2025","Multimodal","Soup","Main","Satellite","Lunch",NA,NA,NA,NA,NA,NA
"3323","21-Feb","8 oz Soup",39,"Soup","Spring 2025","Multimodal","Soup","Main","Satellite","Lunch",NA,NA,NA,NA,NA,NA
"3324","21-Feb","Salad by the Pound",32,"Salad Bar","Spring 2025","Multimodal","Salad Bar","Main","Satellite","Lunch",NA,NA,NA,NA,NA,NA
"3325","21-Feb","Add Extra Protein 3.99",3,"Salad Bar","Spring 2025","Multimodal","Salad Bar","Modification","Satellite","Lunch",NA,NA,NA,NA,NA,NA
"3326","24-Feb","Quesadilla Deluxe Trillium",186,"Grill","Spring 2025","Control","Quesadilla","Main","Satellite","Lunch",NA,NA,NA,NA,NA,NA
"3327","24-Feb","Grilled Hamburger",95,"Grill","Spring 2025","Control","Grill","Main","Treatment","Lunch",3.88121217461521,88.8793607464882,8.99,368.715156588445,8443.53927091638,854.05
"3328","24-Feb","Fried Chicken Tenders",85,"Grab N Go","Spring 2025","Control","Grab N Go","Side","Satellite","Lunch",NA,NA,NA,NA,NA,NA
"3329","24-Feb","Burrito Una Mano Trillium BYO",55,"Grill","Spring 2025","Control","Quesadilla","Main","Satellite","Lunch",NA,NA,NA,NA,NA,NA
"3330","24-Feb","French Fries",132,"Grill","Spring 2025","Control","Grill","Side","Treatment","Lunch",0.040840402892853,2.72997334161235,2.99,5.3909331818566,360.35648109283,394.68
"3331","24-Feb","Quesadilla Cheese",16,"Grill","Spring 2025","Control","Quesadilla","Main","Satellite","Lunch",NA,NA,NA,NA,NA,NA
"3332","24-Feb","Grilled Chicken Breast Sandwich",15,"Grill","Spring 2025","Control","Grill","Main","Treatment","Lunch",0.301553745597932,69.470648861248,8.49,4.52330618396897,1042.05973291872,127.35
"3333","24-Feb","Seared Salmon Burger",14,"Grill","Spring 2025","Control","Grill","Main","Treatment","Lunch",0.447926073918026,44.697222176261,8.49,6.27096503485236,625.761110467653,118.86
"3334","24-Feb","+ Beef Patty",25,"Grill","Spring 2025","Control","Grill","Modification","Treatment","Lunch",3.806907508554,79.8564119237622,2.99,95.17268771385,1996.41029809405,74.75
"3335","24-Feb","Sweet Potato Fries",29,"Grill","Spring 2025","Control","Grill","Side","Treatment","Lunch",0.0422551714366103,3.97622481710592,2.99,1.2253999716617,115.310519696072,86.71
"3336","24-Feb","Trillium Grill Impossible Burger",6,"Grill","Spring 2025","Control","Grill","Main","Treatment","Lunch",0.210911088099112,23.2535935181063,10.49,1.26546652859467,139.521561108638,62.94
"3337","24-Feb","Side Potato Tots",17,"Grab N Go","Spring 2025","Control","Grab N Go","Side","Satellite","Lunch",NA,NA,NA,NA,NA,NA
"3338","24-Feb","Add Sausage 2 Patty",4,"Grill","Spring 2025","Control","Grill","Modification","Treatment","Lunch",0.168918026814813,34.6406776822533,1.99,0.675672107259252,138.562710729013,7.96
"3339","24-Feb","Black Bean Burger",1,"Grill","Spring 2025","Control","Grill","Main","Treatment","Lunch",0.110944712328442,54.9888227801748,8.69,0.110944712328442,54.9888227801748,8.69
"3340","24-Feb","ADD Chicken Breast",2,"Grill","Spring 2025","Control","Grill","Modification","Treatment","Lunch",0.227249079536725,60.447700038522,2.99,0.45449815907345,120.895400077044,5.98
"3341","24-Feb","ADD Cheese",4,"Grill","Spring 2025","Control","Grill","Modification","Treatment","Lunch",0.183611306606629,3.19881943989712,1.99,0.734445226426516,12.7952777595885,7.96
"3342","24-Feb","Add Egg .99",1,"Grill","Spring 2025","Control","Grill","Modification","Treatment","Lunch",0.0903881853779601,25.3348662383603,0.99,0.0903881853779601,25.3348662383603,0.99
"3343","24-Feb","1 Entree + 1 Side",235,"Asian","Spring 2025","Control","Wok","Main","Satellite","Lunch",NA,NA,NA,NA,NA,NA
"3344","24-Feb","1 Entree + 2 Side",82,"Asian","Spring 2025","Control","Wok","Main","Satellite","Lunch",NA,NA,NA,NA,NA,NA
"3345","24-Feb","Bowl Ramen Chicken",79,"Asian","Spring 2025","Control","Ramen","Main","Treatment","Lunch",0.379685915053077,104.607642341871,9.49,29.9951872891931,8264.00374500785,749.71
"3346","24-Feb","2 Entrees + 2 Sides",22,"Asian","Spring 2025","Control","Wok","Main","Satellite","Lunch",NA,NA,NA,NA,NA,NA
"3347","24-Feb","Bowl Ramen Tofu",14,"Asian","Spring 2025","Control","Ramen","Main","Treatment","Lunch",0.306509419979168,91.9886822989085,9.49,4.29113187970835,1287.84155218472,132.86
"3348","24-Feb","1 Wok Entree",8,"Asian","Spring 2025","Control","Wok","Main","Satellite","Lunch",NA,NA,NA,NA,NA,NA
"3349","24-Feb","Side Vegetarian Lo Mein",4,"Asian","Spring 2025","Control","Wok","Side","Satellite","Lunch",NA,NA,NA,NA,NA,NA
"3350","24-Feb","Side White or Brown Rice",6,"Asian","Spring 2025","Control","Wok","Side","Satellite","Lunch",NA,NA,NA,NA,NA,NA
"3351","24-Feb","Side Vegetable Spring Rolls",1,"Asian","Spring 2025","Control","Wok","Side","Satellite","Lunch",NA,NA,NA,NA,NA,NA
"3352","24-Feb","Side Vegetarian Fried Rice with",1,"Asian","Spring 2025","Control","Wok","Side","Satellite","Lunch",NA,NA,NA,NA,NA,NA
"3353","24-Feb","Create Your Pasta Bowl MEAT",130,"Italian","Spring 2025","Control","Pasta","Main","Satellite","Lunch",0.625595496853921,47.8385188473692,8.99,81.3274145910098,6219.007450158,1168.7
"3354","24-Feb","Create Your Pasta Bowl VEG",22,"Italian","Spring 2025","Control","Pasta","Main","Satellite","Lunch",0.140294556536554,10.5521527214029,8.49,3.08648024380419,232.147359870863,186.78
"3355","24-Feb","Pizza with Toppings",32,"Italian","Spring 2025","Control","Pizza","Main","Satellite","Lunch",NA,NA,NA,NA,NA,NA
"3356","24-Feb","Add Extra Meat",31,"Italian","Spring 2025","Control","Pasta","Modification","Satellite","Lunch",NA,NA,NA,NA,NA,NA
"3357","24-Feb","Pizza Cheese",15,"Italian","Spring 2025","Control","Pizza","Main","Satellite","Lunch",NA,NA,NA,NA,NA,NA
"3358","24-Feb","Burrito Breakfast",91,"Breakfast","Spring 2025","Control","Breakfast","Main","Satellite","Breakfast",NA,NA,NA,NA,NA,NA
"3359","24-Feb","Small French Omelet",60,"Breakfast","Spring 2025","Control","Breakfast","Side","Satellite","Breakfast",NA,NA,NA,NA,NA,NA
"3360","24-Feb","Grand Slam Breakfast",8,"Breakfast","Spring 2025","Control","Breakfast","Main","Satellite","Breakfast",NA,NA,NA,NA,NA,NA
"3361","24-Feb","Add Bacon",25,"Breakfast","Spring 2025","Control","Breakfast","Modification","Satellite","Breakfast",NA,NA,NA,NA,NA,NA
"3362","24-Feb","Two Eggs",14,"Breakfast","Spring 2025","Control","Breakfast","Side","Satellite","Breakfast",NA,NA,NA,NA,NA,NA
"3363","24-Feb","Trillium Home Fries",4,"Breakfast","Spring 2025","Control","Breakfast","Side","Satellite","Breakfast",NA,NA,NA,NA,NA,NA
"3364","24-Feb","Pancake Single",2,"Breakfast","Spring 2025","Control","Breakfast","Side","Satellite","Breakfast",NA,NA,NA,NA,NA,NA
"3365","24-Feb","2 Slices Toast",1,"Breakfast","Spring 2025","Control","Breakfast","Side","Satellite","Breakfast",NA,NA,NA,NA,NA,NA
"3366","24-Feb","Toast",1,"Breakfast","Spring 2025","Control","Breakfast","Side","Satellite","Breakfast",NA,NA,NA,NA,NA,NA
"3367","24-Feb","Burrito Bowl BYO",120,"Mexican","Spring 2025","Control","Wrap","Main","Satellite","Lunch",NA,NA,NA,NA,NA,NA
"3368","24-Feb","Single Taco",7,"Mexican","Spring 2025","Control","Wrap","Main","Satellite","Lunch",NA,NA,NA,NA,NA,NA
"3369","24-Feb","Side Guacamole",3,"Mexican","Spring 2025","Control","Wrap","Side","Satellite","Lunch",NA,NA,NA,NA,NA,NA
"3370","24-Feb","Add Extra Toppings Una Mano",2,"Mexican","Spring 2025","Control","Wrap","Modification","Satellite","Lunch",NA,NA,NA,NA,NA,NA
"3371","24-Feb","Salad by the Pound",59,"Salad Bar","Spring 2025","Control","Salad Bar","Main","Satellite","Lunch",NA,NA,NA,NA,NA,NA
"3372","24-Feb","Add Extra Protein 3.99",2,"Salad Bar","Spring 2025","Control","Salad Bar","Modification","Satellite","Lunch",NA,NA,NA,NA,NA,NA
"3373","24-Feb","LTO Spicy Chicken Sandwich",29,"Grab N Go","Spring 2025","Control","Grab N Go","Main","Satellite","Lunch",NA,NA,NA,NA,NA,NA
"3374","24-Feb","Egg Cheese Bacon Breakfast Sandwich",23,"Grab N Go","Spring 2025","Control","Grab N Go","Main","Satellite","Lunch",NA,NA,NA,NA,NA,NA
"3375","24-Feb","Egg Cheese Sausage Breakfast Sandwich",22,"Grab N Go","Spring 2025","Control","Grab N Go","Main","Satellite","Lunch",NA,NA,NA,NA,NA,NA
"3376","24-Feb","8 oz Soup",46,"Soup","Spring 2025","Control","Soup","Main","Satellite","Lunch",NA,NA,NA,NA,NA,NA
"3377","24-Feb","Soup 12 oz",40,"Soup","Spring 2025","Control","Soup","Main","Satellite","Lunch",NA,NA,NA,NA,NA,NA
"3378","24-Feb","LTO Sandwich",2,"Deli","Spring 2025","Control","Deli","Main","Satellite","Lunch",NA,NA,NA,NA,NA,NA
"3379","25-Feb","Quesadilla Deluxe Trillium",186,"Grill","Spring 2025","Control","Quesadilla","Main","Satellite","Lunch",NA,NA,NA,NA,NA,NA
"3380","25-Feb","Grilled Hamburger",102,"Grill","Spring 2025","Control","Grill","Main","Treatment","Lunch",3.88121217461521,88.8793607464882,8.99,395.883641810751,9065.69479614179,916.98
"3381","25-Feb","Fried Chicken Tenders",85,"Grab N Go","Spring 2025","Control","Grab N Go","Side","Satellite","Lunch",NA,NA,NA,NA,NA,NA
"3382","25-Feb","Burrito Una Mano Trillium BYO",64,"Grill","Spring 2025","Control","Quesadilla","Main","Satellite","Lunch",NA,NA,NA,NA,NA,NA
"3383","25-Feb","French Fries",142,"Grill","Spring 2025","Control","Grill","Side","Treatment","Lunch",0.040840402892853,2.72997334161235,2.99,5.79933721078513,387.656214508954,424.58
"3384","25-Feb","Quesadilla Cheese",24,"Grill","Spring 2025","Control","Quesadilla","Main","Satellite","Lunch",NA,NA,NA,NA,NA,NA
"3385","25-Feb","Grilled Chicken Breast Sandwich",20,"Grill","Spring 2025","Control","Grill","Main","Treatment","Lunch",0.301553745597932,69.470648861248,8.49,6.03107491195863,1389.41297722496,169.8
"3386","25-Feb","Sweet Potato Fries",37,"Grill","Spring 2025","Control","Grill","Side","Treatment","Lunch",0.0422551714366103,3.97622481710592,2.99,1.56344134315458,147.120318232919,110.63
"3387","25-Feb","Trillium Grill Impossible Burger",8,"Grill","Spring 2025","Control","Grill","Main","Treatment","Lunch",0.210911088099112,23.2535935181063,10.49,1.68728870479289,186.02874814485,83.92
"3388","25-Feb","Seared Salmon Burger",6,"Grill","Spring 2025","Control","Grill","Main","Treatment","Lunch",0.447926073918026,44.697222176261,8.49,2.68755644350815,268.183333057566,50.94
"3389","25-Feb","Black Bean Burger",4,"Grill","Spring 2025","Control","Grill","Main","Treatment","Lunch",0.110944712328442,54.9888227801748,8.69,0.443778849313767,219.955291120699,34.76
"3390","25-Feb","Side Potato Tots",9,"Grab N Go","Spring 2025","Control","Grab N Go","Side","Satellite","Lunch",NA,NA,NA,NA,NA,NA
"3391","25-Feb","+ Beef Patty",7,"Grill","Spring 2025","Control","Grill","Modification","Treatment","Lunch",3.806907508554,79.8564119237622,2.99,26.648352559878,558.994883466335,20.93
"3392","25-Feb","Add Impossible Burger Patty",1,"Grill","Spring 2025","Control","Grill","Modification","Treatment","Lunch",0.151541244844319,13.0180456460107,2.99,0.151541244844319,13.0180456460107,2.99
"3393","25-Feb","ADD Chicken Breast",1,"Grill","Spring 2025","Control","Grill","Modification","Treatment","Lunch",0.227249079536725,60.447700038522,2.99,0.227249079536725,60.447700038522,2.99
"3394","25-Feb","Add Sausage 2 Patty",1,"Grill","Spring 2025","Control","Grill","Modification","Treatment","Lunch",0.168918026814813,34.6406776822533,1.99,0.168918026814813,34.6406776822533,1.99
"3395","25-Feb","1 Entree + 1 Side",181,"Asian","Spring 2025","Control","Wok","Main","Satellite","Lunch",NA,NA,NA,NA,NA,NA
"3396","25-Feb","Bowl Ramen Chicken",101,"Asian","Spring 2025","Control","Ramen","Main","Treatment","Lunch",0.379685915053077,104.607642341871,9.49,38.3482774203608,10565.371876529,958.49
"3397","25-Feb","1 Entree + 2 Side",71,"Asian","Spring 2025","Control","Wok","Main","Satellite","Lunch",NA,NA,NA,NA,NA,NA
"3398","25-Feb","2 Entrees + 2 Sides",37,"Asian","Spring 2025","Control","Wok","Main","Satellite","Lunch",NA,NA,NA,NA,NA,NA
"3399","25-Feb","Bowl Ramen Tofu",24,"Asian","Spring 2025","Control","Ramen","Main","Treatment","Lunch",0.306509419979168,91.9886822989085,9.49,7.35622607950003,2207.7283751738,227.76
"3400","25-Feb","1 Wok Entree",4,"Asian","Spring 2025","Control","Wok","Main","Satellite","Lunch",NA,NA,NA,NA,NA,NA
"3401","25-Feb","Side Vegetarian Lo Mein",5,"Asian","Spring 2025","Control","Wok","Side","Satellite","Lunch",NA,NA,NA,NA,NA,NA
"3402","25-Feb","Side Vegetarian Fried Rice with",2,"Asian","Spring 2025","Control","Wok","Side","Satellite","Lunch",NA,NA,NA,NA,NA,NA
"3403","25-Feb","Side White or Brown Rice",3,"Asian","Spring 2025","Control","Wok","Side","Satellite","Lunch",NA,NA,NA,NA,NA,NA
"3404","25-Feb","Side Vegetable Spring Rolls",1,"Asian","Spring 2025","Control","Wok","Side","Satellite","Lunch",NA,NA,NA,NA,NA,NA
"3405","25-Feb","Create Your Pasta Bowl MEAT",105,"Italian","Spring 2025","Control","Pasta","Main","Satellite","Lunch",0.625595496853921,47.8385188473692,8.99,65.6875271696617,5023.04447897377,943.95
"3406","25-Feb","Pizza with Toppings",42,"Italian","Spring 2025","Control","Pizza","Main","Satellite","Lunch",NA,NA,NA,NA,NA,NA
"3407","25-Feb","Create Your Pasta Bowl VEG",16,"Italian","Spring 2025","Control","Pasta","Main","Satellite","Lunch",0.140294556536554,10.5521527214029,8.49,2.24471290458486,168.834443542446,135.84
"3408","25-Feb","Pizza Cheese",23,"Italian","Spring 2025","Control","Pizza","Main","Satellite","Lunch",NA,NA,NA,NA,NA,NA
"3409","25-Feb","Add Extra Meat",24,"Italian","Spring 2025","Control","Pasta","Modification","Satellite","Lunch",NA,NA,NA,NA,NA,NA
"3410","25-Feb","Side Bread Pasta Station",1,"Italian","Spring 2025","Control","Pasta","Side","Satellite","Lunch",NA,NA,NA,NA,NA,NA
"3411","25-Feb","Burrito Breakfast",96,"Breakfast","Spring 2025","Control","Breakfast","Main","Satellite","Breakfast",NA,NA,NA,NA,NA,NA
"3412","25-Feb","Small French Omelet",59,"Breakfast","Spring 2025","Control","Breakfast","Side","Satellite","Breakfast",NA,NA,NA,NA,NA,NA
"3413","25-Feb","Grand Slam Breakfast",13,"Breakfast","Spring 2025","Control","Breakfast","Main","Satellite","Breakfast",NA,NA,NA,NA,NA,NA
"3414","25-Feb","Add Bacon",38,"Breakfast","Spring 2025","Control","Breakfast","Modification","Satellite","Breakfast",NA,NA,NA,NA,NA,NA
"3415","25-Feb","Two Eggs",11,"Breakfast","Spring 2025","Control","Breakfast","Side","Satellite","Breakfast",NA,NA,NA,NA,NA,NA
"3416","25-Feb","Pancake Single",4,"Breakfast","Spring 2025","Control","Breakfast","Side","Satellite","Breakfast",NA,NA,NA,NA,NA,NA
"3417","25-Feb","Trillium Home Fries",2,"Breakfast","Spring 2025","Control","Breakfast","Side","Satellite","Breakfast",NA,NA,NA,NA,NA,NA
"3418","25-Feb","2 Slices Toast",2,"Breakfast","Spring 2025","Control","Breakfast","Side","Satellite","Breakfast",NA,NA,NA,NA,NA,NA
"3419","25-Feb","Burrito Bowl BYO",90,"Mexican","Spring 2025","Control","Wrap","Main","Satellite","Lunch",NA,NA,NA,NA,NA,NA
"3420","25-Feb","Single Taco",9,"Mexican","Spring 2025","Control","Wrap","Main","Satellite","Lunch",NA,NA,NA,NA,NA,NA
"3421","25-Feb","Side Guacamole",8,"Mexican","Spring 2025","Control","Wrap","Side","Satellite","Lunch",NA,NA,NA,NA,NA,NA
"3422","25-Feb","Add Extra Toppings Una Mano",2,"Mexican","Spring 2025","Control","Wrap","Modification","Satellite","Lunch",NA,NA,NA,NA,NA,NA
"3423","25-Feb","Side Salsa",1,"Mexican","Spring 2025","Control","Wrap","Side","Satellite","Lunch",NA,NA,NA,NA,NA,NA
"3424","25-Feb","LTO Spicy Chicken Sandwich",26,"Grab N Go","Spring 2025","Control","Grab N Go","Main","Satellite","Lunch",NA,NA,NA,NA,NA,NA
"3425","25-Feb","Egg Cheese Sausage Breakfast Sandwich",24,"Grab N Go","Spring 2025","Control","Grab N Go","Main","Satellite","Lunch",NA,NA,NA,NA,NA,NA
"3426","25-Feb","Egg Cheese Bacon Breakfast Sandwich",22,"Grab N Go","Spring 2025","Control","Grab N Go","Main","Satellite","Lunch",NA,NA,NA,NA,NA,NA
"3427","25-Feb","LTO Meatball Sub",12,"Grab N Go","Spring 2025","Control","Grab N Go","Main","Satellite","Lunch",NA,NA,NA,NA,NA,NA
"3428","25-Feb","Salad by the Pound",52,"Salad Bar","Spring 2025","Control","Salad Bar","Main","Satellite","Lunch",NA,NA,NA,NA,NA,NA
"3429","25-Feb","Soup 12 oz",63,"Soup","Spring 2025","Control","Soup","Main","Satellite","Lunch",NA,NA,NA,NA,NA,NA
"3430","25-Feb","8 oz Soup",32,"Soup","Spring 2025","Control","Soup","Main","Satellite","Lunch",NA,NA,NA,NA,NA,NA
"3431","25-Feb","LTO Sandwich",8,"Deli","Spring 2025","Control","Deli","Main","Satellite","Lunch",NA,NA,NA,NA,NA,NA
"3432","26-Feb","Quesadilla Deluxe Trillium",177,"Grill","Spring 2025","Control","Quesadilla","Main","Satellite","Lunch",NA,NA,NA,NA,NA,NA
"3433","26-Feb","Grilled Hamburger",90,"Grill","Spring 2025","Control","Grill","Main","Treatment","Lunch",3.88121217461521,88.8793607464882,8.99,349.309095715369,7999.14246718393,809.1
"3434","26-Feb","Fried Chicken Tenders",99,"Grab N Go","Spring 2025","Control","Grab N Go","Side","Satellite","Lunch",NA,NA,NA,NA,NA,NA
"3435","26-Feb","Burrito Una Mano Trillium BYO",69,"Grill","Spring 2025","Control","Quesadilla","Main","Satellite","Lunch",NA,NA,NA,NA,NA,NA
"3436","26-Feb","French Fries",143,"Grill","Spring 2025","Control","Grill","Side","Treatment","Lunch",0.040840402892853,2.72997334161235,2.99,5.84017761367798,390.386187850566,427.57
"3437","26-Feb","Grilled Chicken Breast Sandwich",28,"Grill","Spring 2025","Control","Grill","Main","Treatment","Lunch",0.301553745597932,69.470648861248,8.49,8.44350487674208,1945.17816811494,237.72
"3438","26-Feb","Quesadilla Cheese",19,"Grill","Spring 2025","Control","Quesadilla","Main","Satellite","Lunch",NA,NA,NA,NA,NA,NA
"3439","26-Feb","Seared Salmon Burger",15,"Grill","Spring 2025","Control","Grill","Main","Treatment","Lunch",0.447926073918026,44.697222176261,8.49,6.71889110877038,670.458332643914,127.35
"3440","26-Feb","Sweet Potato Fries",26,"Grill","Spring 2025","Control","Grill","Side","Treatment","Lunch",0.0422551714366103,3.97622481710592,2.99,1.09863445735187,103.381845244754,77.74
"3441","26-Feb","+ Beef Patty",19,"Grill","Spring 2025","Control","Grill","Modification","Treatment","Lunch",3.806907508554,79.8564119237622,2.99,72.331242662526,1517.27182655148,56.81
"3442","26-Feb","Side Potato Tots",13,"Grab N Go","Spring 2025","Control","Grab N Go","Side","Satellite","Lunch",NA,NA,NA,NA,NA,NA
"3443","26-Feb","Trillium Grill Impossible Burger",3,"Grill","Spring 2025","Control","Grill","Main","Treatment","Lunch",0.210911088099112,23.2535935181063,10.49,0.632733264297335,69.7607805543189,31.47
"3444","26-Feb","Black Bean Burger",1,"Grill","Spring 2025","Control","Grill","Main","Treatment","Lunch",0.110944712328442,54.9888227801748,8.69,0.110944712328442,54.9888227801748,8.69
"3445","26-Feb","Add Sausage 2 Patty",3,"Grill","Spring 2025","Control","Grill","Modification","Treatment","Lunch",0.168918026814813,34.6406776822533,1.99,0.506754080444439,103.92203304676,5.97
"3446","26-Feb","ADD Cheese",8,"Grill","Spring 2025","Control","Grill","Modification","Treatment","Lunch",0.183611306606629,3.19881943989712,1.99,1.46889045285303,25.590555519177,15.92
"3447","26-Feb","ADD Chicken Breast",1,"Grill","Spring 2025","Control","Grill","Modification","Treatment","Lunch",0.227249079536725,60.447700038522,2.99,0.227249079536725,60.447700038522,2.99
"3448","26-Feb","Add Egg .99",1,"Grill","Spring 2025","Control","Grill","Modification","Treatment","Lunch",0.0903881853779601,25.3348662383603,0.99,0.0903881853779601,25.3348662383603,0.99
"3449","26-Feb","1 Entree + 1 Side",217,"Asian","Spring 2025","Control","Wok","Main","Satellite","Lunch",NA,NA,NA,NA,NA,NA
"3450","26-Feb","1 Entree + 2 Side",83,"Asian","Spring 2025","Control","Wok","Main","Satellite","Lunch",NA,NA,NA,NA,NA,NA
"3451","26-Feb","Bowl Ramen Chicken",63,"Asian","Spring 2025","Control","Ramen","Main","Treatment","Lunch",0.379685915053077,104.607642341871,9.49,23.9202126483438,6590.2814675379,597.87
"3452","26-Feb","2 Entrees + 2 Sides",23,"Asian","Spring 2025","Control","Wok","Main","Satellite","Lunch",NA,NA,NA,NA,NA,NA
"3453","26-Feb","Bowl Ramen Tofu",12,"Asian","Spring 2025","Control","Ramen","Main","Treatment","Lunch",0.306509419979168,91.9886822989085,9.49,3.67811303975002,1103.8641875869,113.88
"3454","26-Feb","1 Wok Entree",5,"Asian","Spring 2025","Control","Wok","Main","Satellite","Lunch",NA,NA,NA,NA,NA,NA
"3455","26-Feb","Side White or Brown Rice",5,"Asian","Spring 2025","Control","Wok","Side","Satellite","Lunch",NA,NA,NA,NA,NA,NA
"3456","26-Feb","Side Vegetables",2,"Asian","Spring 2025","Control","Wok","Side","Satellite","Lunch",NA,NA,NA,NA,NA,NA
"3457","26-Feb","Side Vegetarian Lo Mein",2,"Asian","Spring 2025","Control","Wok","Side","Satellite","Lunch",NA,NA,NA,NA,NA,NA
"3458","26-Feb","Side Fried Spring Roll",1,"Asian","Spring 2025","Control","Wok","Side","Satellite","Lunch",NA,NA,NA,NA,NA,NA
"3459","26-Feb","Create Your Pasta Bowl MEAT",136,"Italian","Spring 2025","Control","Pasta","Main","Satellite","Lunch",0.625595496853921,47.8385188473692,8.99,85.0809875721333,6506.03856324221,1222.64
"3460","26-Feb","Pizza with Toppings",34,"Italian","Spring 2025","Control","Pizza","Main","Satellite","Lunch",NA,NA,NA,NA,NA,NA
"3461","26-Feb","Create Your Pasta Bowl VEG",19,"Italian","Spring 2025","Control","Pasta","Main","Satellite","Lunch",0.140294556536554,10.5521527214029,8.49,2.66559657419453,200.490901706654,161.31
"3462","26-Feb","Pizza Cheese",19,"Italian","Spring 2025","Control","Pizza","Main","Satellite","Lunch",NA,NA,NA,NA,NA,NA
"3463","26-Feb","Add Extra Meat",31,"Italian","Spring 2025","Control","Pasta","Modification","Satellite","Lunch",NA,NA,NA,NA,NA,NA
"3464","26-Feb","Side Bread Pasta Station",2,"Italian","Spring 2025","Control","Pasta","Side","Satellite","Lunch",NA,NA,NA,NA,NA,NA
"3465","26-Feb","Burrito Breakfast",87,"Breakfast","Spring 2025","Control","Breakfast","Main","Satellite","Breakfast",NA,NA,NA,NA,NA,NA
"3466","26-Feb","Small French Omelet",63,"Breakfast","Spring 2025","Control","Breakfast","Side","Satellite","Breakfast",NA,NA,NA,NA,NA,NA
"3467","26-Feb","Grand Slam Breakfast",11,"Breakfast","Spring 2025","Control","Breakfast","Main","Satellite","Breakfast",NA,NA,NA,NA,NA,NA
"3468","26-Feb","Add Bacon",41,"Breakfast","Spring 2025","Control","Breakfast","Modification","Satellite","Breakfast",NA,NA,NA,NA,NA,NA
"3469","26-Feb","Two Eggs",18,"Breakfast","Spring 2025","Control","Breakfast","Side","Satellite","Breakfast",NA,NA,NA,NA,NA,NA
"3470","26-Feb","Trillium Home Fries",6,"Breakfast","Spring 2025","Control","Breakfast","Side","Satellite","Breakfast",NA,NA,NA,NA,NA,NA
"3471","26-Feb","Pancake Single",4,"Breakfast","Spring 2025","Control","Breakfast","Side","Satellite","Breakfast",NA,NA,NA,NA,NA,NA
"3472","26-Feb","2 Slices Toast",4,"Breakfast","Spring 2025","Control","Breakfast","Side","Satellite","Breakfast",NA,NA,NA,NA,NA,NA
"3473","26-Feb","PC Jelly",3,"Breakfast","Spring 2025","Control","Breakfast","Side","Satellite","Breakfast",NA,NA,NA,NA,NA,NA
"3474","26-Feb","PC Peanut Butter",2,"Breakfast","Spring 2025","Control","Breakfast","Side","Satellite","Breakfast",NA,NA,NA,NA,NA,NA
"3475","26-Feb","Burrito Bowl BYO",104,"Mexican","Spring 2025","Control","Wrap","Main","Satellite","Lunch",NA,NA,NA,NA,NA,NA
"3476","26-Feb","Single Taco",2,"Mexican","Spring 2025","Control","Wrap","Main","Satellite","Lunch",NA,NA,NA,NA,NA,NA
"3477","26-Feb","Side Guacamole",2,"Mexican","Spring 2025","Control","Wrap","Side","Satellite","Lunch",NA,NA,NA,NA,NA,NA
"3478","26-Feb","Soup 12 oz",47,"Soup","Spring 2025","Control","Soup","Main","Satellite","Lunch",NA,NA,NA,NA,NA,NA
"3479","26-Feb","8 oz Soup",44,"Soup","Spring 2025","Control","Soup","Main","Satellite","Lunch",NA,NA,NA,NA,NA,NA
"3480","26-Feb","LTO Spicy Chicken Sandwich",28,"Grab N Go","Spring 2025","Control","Grab N Go","Main","Satellite","Lunch",NA,NA,NA,NA,NA,NA
"3481","26-Feb","Egg Cheese Sausage Breakfast Sandwich",32,"Grab N Go","Spring 2025","Control","Grab N Go","Main","Satellite","Lunch",NA,NA,NA,NA,NA,NA
"3482","26-Feb","Egg Cheese Bacon Breakfast Sandwich",14,"Grab N Go","Spring 2025","Control","Grab N Go","Main","Satellite","Lunch",NA,NA,NA,NA,NA,NA
"3483","26-Feb","Salad by the Pound",52,"Salad Bar","Spring 2025","Control","Salad Bar","Main","Satellite","Lunch",NA,NA,NA,NA,NA,NA
"3484","26-Feb","Add Extra Protein 3.99",3,"Salad Bar","Spring 2025","Control","Salad Bar","Modification","Satellite","Lunch",NA,NA,NA,NA,NA,NA
"3485","27-Feb","Quesadilla Deluxe Trillium",198,"Grill","Spring 2025","Control","Quesadilla","Main","Satellite","Lunch",NA,NA,NA,NA,NA,NA
"3486","27-Feb","Grilled Hamburger",105,"Grill","Spring 2025","Control","Grill","Main","Treatment","Lunch",3.88121217461521,88.8793607464882,8.99,407.527278334597,9332.33287838126,943.95
"3487","27-Feb","Fried Chicken Tenders",108,"Grab N Go","Spring 2025","Control","Grab N Go","Side","Satellite","Lunch",NA,NA,NA,NA,NA,NA
"3488","27-Feb","Burrito Una Mano Trillium BYO",65,"Grill","Spring 2025","Control","Quesadilla","Main","Satellite","Lunch",NA,NA,NA,NA,NA,NA
"3489","27-Feb","French Fries",166,"Grill","Spring 2025","Control","Grill","Side","Treatment","Lunch",0.040840402892853,2.72997334161235,2.99,6.7795068802136,453.17557470765,496.34
"3490","27-Feb","Quesadilla Cheese",23,"Grill","Spring 2025","Control","Quesadilla","Main","Satellite","Lunch",NA,NA,NA,NA,NA,NA
"3491","27-Feb","Grilled Chicken Breast Sandwich",17,"Grill","Spring 2025","Control","Grill","Main","Treatment","Lunch",0.301553745597932,69.470648861248,8.49,5.12641367516484,1181.00103064122,144.33
"3492","27-Feb","Seared Salmon Burger",13,"Grill","Spring 2025","Control","Grill","Main","Treatment","Lunch",0.447926073918026,44.697222176261,8.49,5.82303896093433,581.063888291392,110.37
"3493","27-Feb","Sweet Potato Fries",35,"Grill","Spring 2025","Control","Grill","Side","Treatment","Lunch",0.0422551714366103,3.97622481710592,2.99,1.47893100028136,139.167868598707,104.65
"3494","27-Feb","Trillium Grill Impossible Burger",8,"Grill","Spring 2025","Control","Grill","Main","Treatment","Lunch",0.210911088099112,23.2535935181063,10.49,1.68728870479289,186.02874814485,83.92
"3495","27-Feb","Side Potato Tots",25,"Grab N Go","Spring 2025","Control","Grab N Go","Side","Satellite","Lunch",NA,NA,NA,NA,NA,NA
"3496","27-Feb","+ Beef Patty",12,"Grill","Spring 2025","Control","Grill","Modification","Treatment","Lunch",3.806907508554,79.8564119237622,2.99,45.682890102648,958.276943085146,35.88
"3497","27-Feb","Black Bean Burger",2,"Grill","Spring 2025","Control","Grill","Main","Treatment","Lunch",0.110944712328442,54.9888227801748,8.69,0.221889424656883,109.97764556035,17.38
"3498","27-Feb","Add Sausage 2 Patty",6,"Grill","Spring 2025","Control","Grill","Modification","Treatment","Lunch",0.168918026814813,34.6406776822533,1.99,1.01350816088888,207.84406609352,11.94
"3499","27-Feb","ADD Chicken Breast",2,"Grill","Spring 2025","Control","Grill","Modification","Treatment","Lunch",0.227249079536725,60.447700038522,2.99,0.45449815907345,120.895400077044,5.98
"3500","27-Feb","Add Impossible Burger Patty",1,"Grill","Spring 2025","Control","Grill","Modification","Treatment","Lunch",0.151541244844319,13.0180456460107,2.99,0.151541244844319,13.0180456460107,2.99
"3501","27-Feb","ADD Cheese",6,"Grill","Spring 2025","Control","Grill","Modification","Treatment","Lunch",0.183611306606629,3.19881943989712,1.99,1.10166783963977,19.1929166393827,11.94
"3502","27-Feb","Add Egg .99",1,"Grill","Spring 2025","Control","Grill","Modification","Treatment","Lunch",0.0903881853779601,25.3348662383603,0.99,0.0903881853779601,25.3348662383603,0.99
"3503","27-Feb","1 Entree + 1 Side",212,"Asian","Spring 2025","Control","Wok","Main","Satellite","Lunch",NA,NA,NA,NA,NA,NA
"3504","27-Feb","1 Entree + 2 Side",82,"Asian","Spring 2025","Control","Wok","Main","Satellite","Lunch",NA,NA,NA,NA,NA,NA
"3505","27-Feb","Bowl Ramen Chicken",85,"Asian","Spring 2025","Control","Ramen","Main","Treatment","Lunch",0.379685915053077,104.607642341871,9.49,32.2733027795115,8891.64959905908,806.65
"3506","27-Feb","2 Entrees + 2 Sides",34,"Asian","Spring 2025","Control","Wok","Main","Satellite","Lunch",NA,NA,NA,NA,NA,NA
"3507","27-Feb","Bowl Ramen Tofu",18,"Asian","Spring 2025","Control","Ramen","Main","Treatment","Lunch",0.306509419979168,91.9886822989085,9.49,5.51716955962502,1655.79628138035,170.82
"3508","27-Feb","Side Vegetarian Lo Mein",8,"Asian","Spring 2025","Control","Wok","Side","Satellite","Lunch",NA,NA,NA,NA,NA,NA
"3509","27-Feb","1 Wok Entree",5,"Asian","Spring 2025","Control","Wok","Main","Satellite","Lunch",NA,NA,NA,NA,NA,NA
"3510","27-Feb","Side White or Brown Rice",5,"Asian","Spring 2025","Control","Wok","Side","Satellite","Lunch",NA,NA,NA,NA,NA,NA
"3511","27-Feb","Side Fried Spring Roll",2,"Asian","Spring 2025","Control","Wok","Side","Satellite","Lunch",NA,NA,NA,NA,NA,NA
"3512","27-Feb","Side Vegetable Spring Rolls",2,"Asian","Spring 2025","Control","Wok","Side","Satellite","Lunch",NA,NA,NA,NA,NA,NA
"3513","27-Feb","Create Your Pasta Bowl MEAT",89,"Italian","Spring 2025","Control","Pasta","Main","Satellite","Lunch",0.625595496853921,47.8385188473692,8.99,55.677999219999,4257.62817741586,800.11
"3514","27-Feb","Create Your Pasta Bowl VEG",30,"Italian","Spring 2025","Control","Pasta","Main","Satellite","Lunch",0.140294556536554,10.5521527214029,8.49,4.20883669609662,316.564581642086,254.7
"3515","27-Feb","Pizza with Toppings",36,"Italian","Spring 2025","Control","Pizza","Main","Satellite","Lunch",NA,NA,NA,NA,NA,NA
"3516","27-Feb","Pizza Cheese",24,"Italian","Spring 2025","Control","Pizza","Main","Satellite","Lunch",NA,NA,NA,NA,NA,NA
"3517","27-Feb","Add Extra Meat",33,"Italian","Spring 2025","Control","Pasta","Modification","Satellite","Lunch",NA,NA,NA,NA,NA,NA
"3518","27-Feb","Burrito Breakfast",84,"Breakfast","Spring 2025","Control","Breakfast","Main","Satellite","Breakfast",NA,NA,NA,NA,NA,NA
"3519","27-Feb","Small French Omelet",58,"Breakfast","Spring 2025","Control","Breakfast","Side","Satellite","Breakfast",NA,NA,NA,NA,NA,NA
"3520","27-Feb","Grand Slam Breakfast",8,"Breakfast","Spring 2025","Control","Breakfast","Main","Satellite","Breakfast",NA,NA,NA,NA,NA,NA
"3521","27-Feb","Add Bacon",33,"Breakfast","Spring 2025","Control","Breakfast","Modification","Satellite","Breakfast",NA,NA,NA,NA,NA,NA
"3522","27-Feb","Two Eggs",13,"Breakfast","Spring 2025","Control","Breakfast","Side","Satellite","Breakfast",NA,NA,NA,NA,NA,NA
"3523","27-Feb","Trillium Home Fries",3,"Breakfast","Spring 2025","Control","Breakfast","Side","Satellite","Breakfast",NA,NA,NA,NA,NA,NA
"3524","27-Feb","Pancake Single",2,"Breakfast","Spring 2025","Control","Breakfast","Side","Satellite","Breakfast",NA,NA,NA,NA,NA,NA
"3525","27-Feb","Toast",2,"Breakfast","Spring 2025","Control","Breakfast","Side","Satellite","Breakfast",NA,NA,NA,NA,NA,NA
"3526","27-Feb","2 Slices Toast",1,"Breakfast","Spring 2025","Control","Breakfast","Side","Satellite","Breakfast",NA,NA,NA,NA,NA,NA
"3527","27-Feb","Burrito Bowl BYO",103,"Mexican","Spring 2025","Control","Wrap","Main","Satellite","Lunch",NA,NA,NA,NA,NA,NA
"3528","27-Feb","Single Taco",6,"Mexican","Spring 2025","Control","Wrap","Main","Satellite","Lunch",NA,NA,NA,NA,NA,NA
"3529","27-Feb","Side Guacamole",5,"Mexican","Spring 2025","Control","Wrap","Side","Satellite","Lunch",NA,NA,NA,NA,NA,NA
"3530","27-Feb","Add Extra Toppings Una Mano",1,"Mexican","Spring 2025","Control","Wrap","Modification","Satellite","Lunch",NA,NA,NA,NA,NA,NA
"3531","27-Feb","LTO Spicy Chicken Sandwich",32,"Grab N Go","Spring 2025","Control","Grab N Go","Main","Satellite","Lunch",NA,NA,NA,NA,NA,NA
"3532","27-Feb","LTO Meatball Sub",15,"Grab N Go","Spring 2025","Control","Grab N Go","Main","Satellite","Lunch",NA,NA,NA,NA,NA,NA
"3533","27-Feb","Egg Cheese Sausage Breakfast Sandwich",23,"Grab N Go","Spring 2025","Control","Grab N Go","Main","Satellite","Lunch",NA,NA,NA,NA,NA,NA
"3534","27-Feb","Egg Cheese Bacon Breakfast Sandwich",21,"Grab N Go","Spring 2025","Control","Grab N Go","Main","Satellite","Lunch",NA,NA,NA,NA,NA,NA
"3535","27-Feb","Soup 12 oz",60,"Soup","Spring 2025","Control","Soup","Main","Satellite","Lunch",NA,NA,NA,NA,NA,NA
"3536","27-Feb","8 oz Soup",36,"Soup","Spring 2025","Control","Soup","Main","Satellite","Lunch",NA,NA,NA,NA,NA,NA
"3537","27-Feb","Salad by the Pound",52,"Salad Bar","Spring 2025","Control","Salad Bar","Main","Satellite","Lunch",NA,NA,NA,NA,NA,NA
"3538","28-Feb","Quesadilla Deluxe Trillium",147,"Grill","Spring 2025","Control","Quesadilla","Main","Satellite","Lunch",NA,NA,NA,NA,NA,NA
"3539","28-Feb","Grilled Hamburger",72,"Grill","Spring 2025","Control","Grill","Main","Treatment","Lunch",3.88121217461521,88.8793607464882,8.99,279.447276572295,6399.31397374715,647.28
"3540","28-Feb","Fried Chicken Tenders",63,"Grab N Go","Spring 2025","Control","Grab N Go","Side","Satellite","Lunch",NA,NA,NA,NA,NA,NA
"3541","28-Feb","Burrito Una Mano Trillium BYO",44,"Grill","Spring 2025","Control","Quesadilla","Main","Satellite","Lunch",NA,NA,NA,NA,NA,NA
"3542","28-Feb","French Fries",95,"Grill","Spring 2025","Control","Grill","Side","Treatment","Lunch",0.040840402892853,2.72997334161235,2.99,3.87983827482103,259.347467453173,284.05
"3543","28-Feb","Grilled Chicken Breast Sandwich",14,"Grill","Spring 2025","Control","Grill","Main","Treatment","Lunch",0.301553745597932,69.470648861248,8.49,4.22175243837104,972.589084057471,118.86
"3544","28-Feb","Sweet Potato Fries",27,"Grill","Spring 2025","Control","Grill","Side","Treatment","Lunch",0.0422551714366103,3.97622481710592,2.99,1.14088962878848,107.35807006186,80.73
"3545","28-Feb","Seared Salmon Burger",9,"Grill","Spring 2025","Control","Grill","Main","Treatment","Lunch",0.447926073918026,44.697222176261,8.49,4.03133466526223,402.274999586349,76.41
"3546","28-Feb","Quesadilla Cheese",8,"Grill","Spring 2025","Control","Quesadilla","Main","Satellite","Lunch",NA,NA,NA,NA,NA,NA
"3547","28-Feb","+ Beef Patty",12,"Grill","Spring 2025","Control","Grill","Modification","Treatment","Lunch",3.806907508554,79.8564119237622,2.99,45.682890102648,958.276943085146,35.88
"3548","28-Feb","Side Potato Tots",13,"Grab N Go","Spring 2025","Control","Grab N Go","Side","Satellite","Lunch",NA,NA,NA,NA,NA,NA
"3549","28-Feb","Trillium Grill Impossible Burger",2,"Grill","Spring 2025","Control","Grill","Main","Treatment","Lunch",0.210911088099112,23.2535935181063,10.49,0.421822176198224,46.5071870362126,20.98
"3550","28-Feb","Black Bean Burger",1,"Grill","Spring 2025","Control","Grill","Main","Treatment","Lunch",0.110944712328442,54.9888227801748,8.69,0.110944712328442,54.9888227801748,8.69
"3551","28-Feb","Add Sausage 2 Patty",3,"Grill","Spring 2025","Control","Grill","Modification","Treatment","Lunch",0.168918026814813,34.6406776822533,1.99,0.506754080444439,103.92203304676,5.97
"3552","28-Feb","ADD Chicken Breast",1,"Grill","Spring 2025","Control","Grill","Modification","Treatment","Lunch",0.227249079536725,60.447700038522,2.99,0.227249079536725,60.447700038522,2.99
"3553","28-Feb","ADD Cheese",6,"Grill","Spring 2025","Control","Grill","Modification","Treatment","Lunch",0.183611306606629,3.19881943989712,1.99,1.10166783963977,19.1929166393827,11.94
"3554","28-Feb","1 Entree + 1 Side",122,"Asian","Spring 2025","Control","Wok","Main","Satellite","Lunch",NA,NA,NA,NA,NA,NA
"3555","28-Feb","1 Entree + 2 Side",47,"Asian","Spring 2025","Control","Wok","Main","Satellite","Lunch",NA,NA,NA,NA,NA,NA
"3556","28-Feb","Bowl Ramen Chicken",49,"Asian","Spring 2025","Control","Ramen","Main","Treatment","Lunch",0.379685915053077,104.607642341871,9.49,18.6046098376008,5125.7744747517,465.01
"3557","28-Feb","2 Entrees + 2 Sides",12,"Asian","Spring 2025","Control","Wok","Main","Satellite","Lunch",NA,NA,NA,NA,NA,NA
"3558","28-Feb","Bowl Ramen Tofu",11,"Asian","Spring 2025","Control","Ramen","Main","Treatment","Lunch",0.306509419979168,91.9886822989085,9.49,3.37160361977085,1011.87550528799,104.39
"3559","28-Feb","1 Wok Entree",2,"Asian","Spring 2025","Control","Wok","Main","Satellite","Lunch",NA,NA,NA,NA,NA,NA
"3560","28-Feb","Side White or Brown Rice",4,"Asian","Spring 2025","Control","Wok","Side","Satellite","Lunch",NA,NA,NA,NA,NA,NA
"3561","28-Feb","Side Vegetarian Lo Mein",2,"Asian","Spring 2025","Control","Wok","Side","Satellite","Lunch",NA,NA,NA,NA,NA,NA
"3562","28-Feb","Burrito Breakfast",88,"Breakfast","Spring 2025","Control","Breakfast","Main","Satellite","Breakfast",NA,NA,NA,NA,NA,NA
"3563","28-Feb","Small French Omelet",59,"Breakfast","Spring 2025","Control","Breakfast","Side","Satellite","Breakfast",NA,NA,NA,NA,NA,NA
"3564","28-Feb","Grand Slam Breakfast",13,"Breakfast","Spring 2025","Control","Breakfast","Main","Satellite","Breakfast",NA,NA,NA,NA,NA,NA
"3565","28-Feb","Add Bacon",20,"Breakfast","Spring 2025","Control","Breakfast","Modification","Satellite","Breakfast",NA,NA,NA,NA,NA,NA
"3566","28-Feb","Trillium Home Fries",5,"Breakfast","Spring 2025","Control","Breakfast","Side","Satellite","Breakfast",NA,NA,NA,NA,NA,NA
"3567","28-Feb","Pancake Single",5,"Breakfast","Spring 2025","Control","Breakfast","Side","Satellite","Breakfast",NA,NA,NA,NA,NA,NA
"3568","28-Feb","Two Eggs",5,"Breakfast","Spring 2025","Control","Breakfast","Side","Satellite","Breakfast",NA,NA,NA,NA,NA,NA
"3569","28-Feb","Toast",3,"Breakfast","Spring 2025","Control","Breakfast","Side","Satellite","Breakfast",NA,NA,NA,NA,NA,NA
"3570","28-Feb","2 Slices Toast",1,"Breakfast","Spring 2025","Control","Breakfast","Side","Satellite","Breakfast",NA,NA,NA,NA,NA,NA
"3571","28-Feb","Create Your Pasta Bowl MEAT",84,"Italian","Spring 2025","Control","Pasta","Main","Satellite","Lunch",0.625595496853921,47.8385188473692,8.99,52.5500217357294,4018.43558317901,755.16
"3572","28-Feb","Pizza with Toppings",23,"Italian","Spring 2025","Control","Pizza","Main","Satellite","Lunch",NA,NA,NA,NA,NA,NA
"3573","28-Feb","Create Your Pasta Bowl VEG",13,"Italian","Spring 2025","Control","Pasta","Main","Satellite","Lunch",0.140294556536554,10.5521527214029,8.49,1.8238292349752,137.177985378237,110.37
"3574","28-Feb","Pizza Cheese",14,"Italian","Spring 2025","Control","Pizza","Main","Satellite","Lunch",NA,NA,NA,NA,NA,NA
"3575","28-Feb","Add Extra Meat",21,"Italian","Spring 2025","Control","Pasta","Modification","Satellite","Lunch",NA,NA,NA,NA,NA,NA
"3576","28-Feb","Side Bread Pasta Station",1,"Italian","Spring 2025","Control","Pasta","Side","Satellite","Lunch",NA,NA,NA,NA,NA,NA
"3577","28-Feb","Burrito Bowl BYO",55,"Mexican","Spring 2025","Control","Wrap","Main","Satellite","Lunch",NA,NA,NA,NA,NA,NA
"3578","28-Feb","Single Taco",3,"Mexican","Spring 2025","Control","Wrap","Main","Satellite","Lunch",NA,NA,NA,NA,NA,NA
"3579","28-Feb","Side Guacamole",2,"Mexican","Spring 2025","Control","Wrap","Side","Satellite","Lunch",NA,NA,NA,NA,NA,NA
"3580","28-Feb","Add Extra Toppings Una Mano",2,"Mexican","Spring 2025","Control","Wrap","Modification","Satellite","Lunch",NA,NA,NA,NA,NA,NA
"3581","28-Feb","LTO Spicy Chicken Sandwich",22,"Grab N Go","Spring 2025","Control","Grab N Go","Main","Satellite","Lunch",NA,NA,NA,NA,NA,NA
"3582","28-Feb","Egg Cheese Sausage Breakfast Sandwich",21,"Grab N Go","Spring 2025","Control","Grab N Go","Main","Satellite","Lunch",NA,NA,NA,NA,NA,NA
"3583","28-Feb","Egg Cheese Bacon Breakfast Sandwich",18,"Grab N Go","Spring 2025","Control","Grab N Go","Main","Satellite","Lunch",NA,NA,NA,NA,NA,NA
"3584","28-Feb","Soup 12 oz",33,"Soup","Spring 2025","Control","Soup","Main","Satellite","Lunch",NA,NA,NA,NA,NA,NA
"3585","28-Feb","8 oz Soup",33,"Soup","Spring 2025","Control","Soup","Main","Satellite","Lunch",NA,NA,NA,NA,NA,NA
"3586","28-Feb","Salad by the Pound",34,"Salad Bar","Spring 2025","Control","Salad Bar","Main","Satellite","Lunch",NA,NA,NA,NA,NA,NA
"3587","28-Feb","Add Extra Protein 3.99",3,"Salad Bar","Spring 2025","Control","Salad Bar","Modification","Satellite","Lunch",NA,NA,NA,NA,NA,NA
"3588","3-Mar","Quesadilla Deluxe Trillium",152,"Grill","Spring 2025","Control","Quesadilla","Main","Satellite","Lunch",NA,NA,NA,NA,NA,NA
"3589","3-Mar","Grilled Hamburger",95,"Grill","Spring 2025","Control","Grill","Main","Treatment","Lunch",3.88121217461521,88.8793607464882,8.99,368.715156588445,8443.53927091638,854.05
"3590","3-Mar","Burrito Una Mano Trillium BYO",74,"Grill","Spring 2025","Control","Quesadilla","Main","Satellite","Lunch",NA,NA,NA,NA,NA,NA
"3591","3-Mar","Fried Chicken Tenders",79,"Grab N Go","Spring 2025","Control","Grab N Go","Side","Satellite","Lunch",NA,NA,NA,NA,NA,NA
"3592","3-Mar","French Fries",136,"Grill","Spring 2025","Control","Grill","Side","Treatment","Lunch",0.040840402892853,2.72997334161235,2.99,5.55429479342801,371.27637445928,406.64
"3593","3-Mar","Quesadilla Cheese",20,"Grill","Spring 2025","Control","Quesadilla","Main","Satellite","Lunch",NA,NA,NA,NA,NA,NA
"3594","3-Mar","Grilled Chicken Breast Sandwich",16,"Grill","Spring 2025","Control","Grill","Main","Treatment","Lunch",0.301553745597932,69.470648861248,8.49,4.8248599295669,1111.53038177997,135.84
"3595","3-Mar","Trillium Grill Impossible Burger",12,"Grill","Spring 2025","Control","Grill","Main","Treatment","Lunch",0.210911088099112,23.2535935181063,10.49,2.53093305718934,279.043122217276,125.88
"3596","3-Mar","Sweet Potato Fries",34,"Grill","Spring 2025","Control","Grill","Side","Treatment","Lunch",0.0422551714366103,3.97622481710592,2.99,1.43667582884475,135.191643781601,101.66
"3597","3-Mar","Seared Salmon Burger",9,"Grill","Spring 2025","Control","Grill","Main","Treatment","Lunch",0.447926073918026,44.697222176261,8.49,4.03133466526223,402.274999586349,76.41
"3598","3-Mar","+ Beef Patty",11,"Grill","Spring 2025","Control","Grill","Modification","Treatment","Lunch",3.806907508554,79.8564119237622,2.99,41.875982594094,878.420531161384,32.89
"3599","3-Mar","Side Potato Tots",8,"Grab N Go","Spring 2025","Control","Grab N Go","Side","Satellite","Lunch",NA,NA,NA,NA,NA,NA
"3600","3-Mar","Black Bean Burger",2,"Grill","Spring 2025","Control","Grill","Main","Treatment","Lunch",0.110944712328442,54.9888227801748,8.69,0.221889424656883,109.97764556035,17.38
"3601","3-Mar","ADD Chicken Breast",3,"Grill","Spring 2025","Control","Grill","Modification","Treatment","Lunch",0.227249079536725,60.447700038522,2.99,0.681747238610175,181.343100115566,8.97
"3602","3-Mar","ADD Cheese",8,"Grill","Spring 2025","Control","Grill","Modification","Treatment","Lunch",0.183611306606629,3.19881943989712,1.99,1.46889045285303,25.590555519177,15.92
"3603","3-Mar","Add Egg .99",1,"Grill","Spring 2025","Control","Grill","Modification","Treatment","Lunch",0.0903881853779601,25.3348662383603,0.99,0.0903881853779601,25.3348662383603,0.99
"3604","3-Mar","1 Entree + 1 Side",204,"Asian","Spring 2025","Control","Wok","Main","Satellite","Lunch",NA,NA,NA,NA,NA,NA
"3605","3-Mar","Bowl Ramen Chicken",72,"Asian","Spring 2025","Control","Ramen","Main","Treatment","Lunch",0.379685915053077,104.607642341871,9.49,27.3373858838215,7531.75024861475,683.28
"3606","3-Mar","1 Entree + 2 Side",64,"Asian","Spring 2025","Control","Wok","Main","Satellite","Lunch",NA,NA,NA,NA,NA,NA
"3607","3-Mar","2 Entrees + 2 Sides",26,"Asian","Spring 2025","Control","Wok","Main","Satellite","Lunch",NA,NA,NA,NA,NA,NA
"3608","3-Mar","Bowl Ramen Tofu",17,"Asian","Spring 2025","Control","Ramen","Main","Treatment","Lunch",0.306509419979168,91.9886822989085,9.49,5.21066013964585,1563.80759908145,161.33
"3609","3-Mar","1 Wok Entree",6,"Asian","Spring 2025","Control","Wok","Main","Satellite","Lunch",NA,NA,NA,NA,NA,NA
"3610","3-Mar","Side Vegetarian Lo Mein",7,"Asian","Spring 2025","Control","Wok","Side","Satellite","Lunch",NA,NA,NA,NA,NA,NA
"3611","3-Mar","Side Fried Spring Roll",3,"Asian","Spring 2025","Control","Wok","Side","Satellite","Lunch",NA,NA,NA,NA,NA,NA
"3612","3-Mar","Side White or Brown Rice",3,"Asian","Spring 2025","Control","Wok","Side","Satellite","Lunch",NA,NA,NA,NA,NA,NA
"3613","3-Mar","Side Vegetables",1,"Asian","Spring 2025","Control","Wok","Side","Satellite","Lunch",NA,NA,NA,NA,NA,NA
"3614","3-Mar","Side Vegetable Spring Rolls",1,"Asian","Spring 2025","Control","Wok","Side","Satellite","Lunch",NA,NA,NA,NA,NA,NA
"3615","3-Mar","Side Vegetarian Fried Rice with",1,"Asian","Spring 2025","Control","Wok","Side","Satellite","Lunch",NA,NA,NA,NA,NA,NA
"3616","3-Mar","Create Your Pasta Bowl MEAT",107,"Italian","Spring 2025","Control","Pasta","Main","Satellite","Lunch",0.625595496853921,47.8385188473692,8.99,66.9387181633696,5118.7215166685,961.93
"3617","3-Mar","Pizza with Toppings",36,"Italian","Spring 2025","Control","Pizza","Main","Satellite","Lunch",NA,NA,NA,NA,NA,NA
"3618","3-Mar","Create Your Pasta Bowl VEG",13,"Italian","Spring 2025","Control","Pasta","Main","Satellite","Lunch",0.140294556536554,10.5521527214029,8.49,1.8238292349752,137.177985378237,110.37
"3619","3-Mar","Pizza Cheese",20,"Italian","Spring 2025","Control","Pizza","Main","Satellite","Lunch",NA,NA,NA,NA,NA,NA
"3620","3-Mar","Add Extra Meat",19,"Italian","Spring 2025","Control","Pasta","Modification","Satellite","Lunch",NA,NA,NA,NA,NA,NA
"3621","3-Mar","Burrito Breakfast",87,"Breakfast","Spring 2025","Control","Breakfast","Main","Satellite","Breakfast",NA,NA,NA,NA,NA,NA
"3622","3-Mar","Small French Omelet",52,"Breakfast","Spring 2025","Control","Breakfast","Side","Satellite","Breakfast",NA,NA,NA,NA,NA,NA
"3623","3-Mar","Add Bacon",38,"Breakfast","Spring 2025","Control","Breakfast","Modification","Satellite","Breakfast",NA,NA,NA,NA,NA,NA
"3624","3-Mar","Grand Slam Breakfast",6,"Breakfast","Spring 2025","Control","Breakfast","Main","Satellite","Breakfast",NA,NA,NA,NA,NA,NA
"3625","3-Mar","Two Eggs",11,"Breakfast","Spring 2025","Control","Breakfast","Side","Satellite","Breakfast",NA,NA,NA,NA,NA,NA
"3626","3-Mar","Trillium Home Fries",4,"Breakfast","Spring 2025","Control","Breakfast","Side","Satellite","Breakfast",NA,NA,NA,NA,NA,NA
"3627","3-Mar","2 Slices Toast",2,"Breakfast","Spring 2025","Control","Breakfast","Side","Satellite","Breakfast",NA,NA,NA,NA,NA,NA
"3628","3-Mar","Burrito Bowl BYO",94,"Mexican","Spring 2025","Control","Wrap","Main","Satellite","Lunch",NA,NA,NA,NA,NA,NA
"3629","3-Mar","Side Guacamole",4,"Mexican","Spring 2025","Control","Wrap","Side","Satellite","Lunch",NA,NA,NA,NA,NA,NA
"3630","3-Mar","Single Taco",1,"Mexican","Spring 2025","Control","Wrap","Main","Satellite","Lunch",NA,NA,NA,NA,NA,NA
"3631","3-Mar","LTO Spicy Chicken Sandwich",30,"Grab N Go","Spring 2025","Control","Grab N Go","Main","Satellite","Lunch",NA,NA,NA,NA,NA,NA
"3632","3-Mar","Egg Cheese Bacon Breakfast Sandwich",23,"Grab N Go","Spring 2025","Control","Grab N Go","Main","Satellite","Lunch",NA,NA,NA,NA,NA,NA
"3633","3-Mar","Egg Cheese Sausage Breakfast Sandwich",23,"Grab N Go","Spring 2025","Control","Grab N Go","Main","Satellite","Lunch",NA,NA,NA,NA,NA,NA
"3634","3-Mar","Salad by the Pound",50,"Salad Bar","Spring 2025","Control","Salad Bar","Main","Satellite","Lunch",NA,NA,NA,NA,NA,NA
"3635","3-Mar","Add Extra Protein 3.99",2,"Salad Bar","Spring 2025","Control","Salad Bar","Modification","Satellite","Lunch",NA,NA,NA,NA,NA,NA
"3636","3-Mar","8 oz Soup",43,"Soup","Spring 2025","Control","Soup","Main","Satellite","Lunch",NA,NA,NA,NA,NA,NA
"3637","3-Mar","Soup 12 oz",30,"Soup","Spring 2025","Control","Soup","Main","Satellite","Lunch",NA,NA,NA,NA,NA,NA
"3638","4-Mar","Quesadilla Deluxe Trillium",189,"Grill","Spring 2025","Control","Quesadilla","Main","Satellite","Lunch",NA,NA,NA,NA,NA,NA
"3639","4-Mar","Grilled Hamburger",104,"Grill","Spring 2025","Control","Grill","Main","Treatment","Lunch",3.88121217461521,88.8793607464882,8.99,403.646066159982,9243.45351763477,934.96
"3640","4-Mar","Fried Chicken Tenders",113,"Grab N Go","Spring 2025","Control","Grab N Go","Side","Satellite","Lunch",NA,NA,NA,NA,NA,NA
"3641","4-Mar","Burrito Una Mano Trillium BYO",60,"Grill","Spring 2025","Control","Quesadilla","Main","Satellite","Lunch",NA,NA,NA,NA,NA,NA
"3642","4-Mar","French Fries",148,"Grill","Spring 2025","Control","Grill","Side","Treatment","Lunch",0.040840402892853,2.72997334161235,2.99,6.04437962814224,404.036054558628,442.52
"3643","4-Mar","Grilled Chicken Breast Sandwich",21,"Grill","Spring 2025","Control","Grill","Main","Treatment","Lunch",0.301553745597932,69.470648861248,8.49,6.33262865755656,1458.88362608621,178.29
"3644","4-Mar","Quesadilla Cheese",17,"Grill","Spring 2025","Control","Quesadilla","Main","Satellite","Lunch",NA,NA,NA,NA,NA,NA
"3645","4-Mar","Sweet Potato Fries",41,"Grill","Spring 2025","Control","Grill","Side","Treatment","Lunch",0.0422551714366103,3.97622481710592,2.99,1.73246202890102,163.025217501343,122.59
"3646","4-Mar","Seared Salmon Burger",10,"Grill","Spring 2025","Control","Grill","Main","Treatment","Lunch",0.447926073918026,44.697222176261,8.49,4.47926073918026,446.97222176261,84.9
"3647","4-Mar","Trillium Grill Impossible Burger",8,"Grill","Spring 2025","Control","Grill","Main","Treatment","Lunch",0.210911088099112,23.2535935181063,10.49,1.68728870479289,186.02874814485,83.92
"3648","4-Mar","+ Beef Patty",15,"Grill","Spring 2025","Control","Grill","Modification","Treatment","Lunch",3.806907508554,79.8564119237622,2.99,57.10361262831,1197.84617885643,44.85
"3649","4-Mar","Side Potato Tots",11,"Grab N Go","Spring 2025","Control","Grab N Go","Side","Satellite","Lunch",NA,NA,NA,NA,NA,NA
"3650","4-Mar","ADD Chicken Breast",8,"Grill","Spring 2025","Control","Grill","Modification","Treatment","Lunch",0.227249079536725,60.447700038522,2.99,1.8179926362938,483.581600308176,23.92
"3651","4-Mar","Black Bean Burger",2,"Grill","Spring 2025","Control","Grill","Main","Treatment","Lunch",0.110944712328442,54.9888227801748,8.69,0.221889424656883,109.97764556035,17.38
"3652","4-Mar","Add Sausage 2 Patty",4,"Grill","Spring 2025","Control","Grill","Modification","Treatment","Lunch",0.168918026814813,34.6406776822533,1.99,0.675672107259252,138.562710729013,7.96
"3653","4-Mar","ADD Cheese",11,"Grill","Spring 2025","Control","Grill","Modification","Treatment","Lunch",0.183611306606629,3.19881943989712,1.99,2.01972437267292,35.1870138388683,21.89
"3654","4-Mar","Add Egg .99",2,"Grill","Spring 2025","Control","Grill","Modification","Treatment","Lunch",0.0903881853779601,25.3348662383603,0.99,0.18077637075592,50.6697324767206,1.98
"3655","4-Mar","1 Entree + 1 Side",215,"Asian","Spring 2025","Control","Wok","Main","Satellite","Lunch",NA,NA,NA,NA,NA,NA
"3656","4-Mar","Bowl Ramen Chicken",75,"Asian","Spring 2025","Control","Ramen","Main","Treatment","Lunch",0.379685915053077,104.607642341871,9.49,28.4764436289808,7845.57317564036,711.75
"3657","4-Mar","1 Entree + 2 Side",59,"Asian","Spring 2025","Control","Wok","Main","Satellite","Lunch",NA,NA,NA,NA,NA,NA
"3658","4-Mar","2 Entrees + 2 Sides",34,"Asian","Spring 2025","Control","Wok","Main","Satellite","Lunch",NA,NA,NA,NA,NA,NA
"3659","4-Mar","Bowl Ramen Tofu",20,"Asian","Spring 2025","Control","Ramen","Main","Treatment","Lunch",0.306509419979168,91.9886822989085,9.49,6.13018839958336,1839.77364597817,189.8
"3660","4-Mar","1 Wok Entree",13,"Asian","Spring 2025","Control","Wok","Main","Satellite","Lunch",NA,NA,NA,NA,NA,NA
"3661","4-Mar","Side Vegetarian Lo Mein",8,"Asian","Spring 2025","Control","Wok","Side","Satellite","Lunch",NA,NA,NA,NA,NA,NA
"3662","4-Mar","Side White or Brown Rice",8,"Asian","Spring 2025","Control","Wok","Side","Satellite","Lunch",NA,NA,NA,NA,NA,NA
"3663","4-Mar","Side Fried Spring Roll",2,"Asian","Spring 2025","Control","Wok","Side","Satellite","Lunch",NA,NA,NA,NA,NA,NA
"3664","4-Mar","Side Vegetable Spring Rolls",2,"Asian","Spring 2025","Control","Wok","Side","Satellite","Lunch",NA,NA,NA,NA,NA,NA
"3665","4-Mar","Side Vegetables",1,"Asian","Spring 2025","Control","Wok","Side","Satellite","Lunch",NA,NA,NA,NA,NA,NA
"3666","4-Mar","Burrito Breakfast",91,"Breakfast","Spring 2025","Control","Breakfast","Main","Satellite","Breakfast",NA,NA,NA,NA,NA,NA
"3667","4-Mar","Small French Omelet",73,"Breakfast","Spring 2025","Control","Breakfast","Side","Satellite","Breakfast",NA,NA,NA,NA,NA,NA
"3668","4-Mar","Grand Slam Breakfast",12,"Breakfast","Spring 2025","Control","Breakfast","Main","Satellite","Breakfast",NA,NA,NA,NA,NA,NA
"3669","4-Mar","Add Bacon",31,"Breakfast","Spring 2025","Control","Breakfast","Modification","Satellite","Breakfast",NA,NA,NA,NA,NA,NA
"3670","4-Mar","Two Eggs",9,"Breakfast","Spring 2025","Control","Breakfast","Side","Satellite","Breakfast",NA,NA,NA,NA,NA,NA
"3671","4-Mar","Pancake Single",3,"Breakfast","Spring 2025","Control","Breakfast","Side","Satellite","Breakfast",NA,NA,NA,NA,NA,NA
"3672","4-Mar","Trillium Home Fries",1,"Breakfast","Spring 2025","Control","Breakfast","Side","Satellite","Breakfast",NA,NA,NA,NA,NA,NA
"3673","4-Mar","PC Jelly",3,"Breakfast","Spring 2025","Control","Breakfast","Side","Satellite","Breakfast",NA,NA,NA,NA,NA,NA
"3674","4-Mar","2 Slices Toast",1,"Breakfast","Spring 2025","Control","Breakfast","Side","Satellite","Breakfast",NA,NA,NA,NA,NA,NA
"3675","4-Mar","Create Your Pasta Bowl MEAT",86,"Italian","Spring 2025","Control","Pasta","Main","Satellite","Lunch",0.625595496853921,47.8385188473692,8.99,53.8012127294372,4114.11262087375,773.14
"3676","4-Mar","Create Your Pasta Bowl VEG",29,"Italian","Spring 2025","Control","Pasta","Main","Satellite","Lunch",0.140294556536554,10.5521527214029,8.49,4.06854213956007,306.012428920683,246.21
"3677","4-Mar","Pizza with Toppings",39,"Italian","Spring 2025","Control","Pizza","Main","Satellite","Lunch",NA,NA,NA,NA,NA,NA
"3678","4-Mar","Pizza Cheese",24,"Italian","Spring 2025","Control","Pizza","Main","Satellite","Lunch",NA,NA,NA,NA,NA,NA
"3679","4-Mar","Add Extra Meat",18,"Italian","Spring 2025","Control","Pasta","Modification","Satellite","Lunch",NA,NA,NA,NA,NA,NA
"3680","4-Mar","Burrito Bowl BYO",92,"Mexican","Spring 2025","Control","Wrap","Main","Satellite","Lunch",NA,NA,NA,NA,NA,NA
"3681","4-Mar","Single Taco",3,"Mexican","Spring 2025","Control","Wrap","Main","Satellite","Lunch",NA,NA,NA,NA,NA,NA
"3682","4-Mar","Side Guacamole",2,"Mexican","Spring 2025","Control","Wrap","Side","Satellite","Lunch",NA,NA,NA,NA,NA,NA
"3683","4-Mar","Add Extra Toppings Una Mano",1,"Mexican","Spring 2025","Control","Wrap","Modification","Satellite","Lunch",NA,NA,NA,NA,NA,NA
"3684","4-Mar","LTO Spicy Chicken Sandwich",33,"Grab N Go","Spring 2025","Control","Grab N Go","Main","Satellite","Lunch",NA,NA,NA,NA,NA,NA
"3685","4-Mar","LTO Meatball Sub",18,"Grab N Go","Spring 2025","Control","Grab N Go","Main","Satellite","Lunch",NA,NA,NA,NA,NA,NA
"3686","4-Mar","Egg Cheese Bacon Breakfast Sandwich",23,"Grab N Go","Spring 2025","Control","Grab N Go","Main","Satellite","Lunch",NA,NA,NA,NA,NA,NA
"3687","4-Mar","Egg Cheese Sausage Breakfast Sandwich",19,"Grab N Go","Spring 2025","Control","Grab N Go","Main","Satellite","Lunch",NA,NA,NA,NA,NA,NA
"3688","4-Mar","Salad by the Pound",54,"Salad Bar","Spring 2025","Control","Salad Bar","Main","Satellite","Lunch",NA,NA,NA,NA,NA,NA
"3689","4-Mar","Soup 12 oz",45,"Soup","Spring 2025","Control","Soup","Main","Satellite","Lunch",NA,NA,NA,NA,NA,NA
"3690","4-Mar","8 oz Soup",37,"Soup","Spring 2025","Control","Soup","Main","Satellite","Lunch",NA,NA,NA,NA,NA,NA
"3691","5-Mar","Quesadilla Deluxe Trillium",178,"Grill","Spring 2025","Control","Quesadilla","Main","Satellite","Lunch",NA,NA,NA,NA,NA,NA
"3692","5-Mar","Grilled Hamburger",86,"Grill","Spring 2025","Control","Grill","Main","Treatment","Lunch",3.88121217461521,88.8793607464882,8.99,333.784247016908,7643.62502419798,773.14
"3693","5-Mar","Fried Chicken Tenders",88,"Grab N Go","Spring 2025","Control","Grab N Go","Side","Satellite","Lunch",NA,NA,NA,NA,NA,NA
"3694","5-Mar","Burrito Una Mano Trillium BYO",64,"Grill","Spring 2025","Control","Quesadilla","Main","Satellite","Lunch",NA,NA,NA,NA,NA,NA
"3695","5-Mar","French Fries",134,"Grill","Spring 2025","Control","Grill","Side","Treatment","Lunch",0.040840402892853,2.72997334161235,2.99,5.4726139876423,365.816427776055,400.66
"3696","5-Mar","Grilled Chicken Breast Sandwich",16,"Grill","Spring 2025","Control","Grill","Main","Treatment","Lunch",0.301553745597932,69.470648861248,8.49,4.8248599295669,1111.53038177997,135.84
"3697","5-Mar","+ Beef Patty",24,"Grill","Spring 2025","Control","Grill","Modification","Treatment","Lunch",3.806907508554,79.8564119237622,2.99,91.365780205296,1916.55388617029,71.76
"3698","5-Mar","Quesadilla Cheese",11,"Grill","Spring 2025","Control","Quesadilla","Main","Satellite","Lunch",NA,NA,NA,NA,NA,NA
"3699","5-Mar","Sweet Potato Fries",29,"Grill","Spring 2025","Control","Grill","Side","Treatment","Lunch",0.0422551714366103,3.97622481710592,2.99,1.2253999716617,115.310519696072,86.71
"3700","5-Mar","Trillium Grill Impossible Burger",6,"Grill","Spring 2025","Control","Grill","Main","Treatment","Lunch",0.210911088099112,23.2535935181063,10.49,1.26546652859467,139.521561108638,62.94
"3701","5-Mar","Side Potato Tots",21,"Grab N Go","Spring 2025","Control","Grab N Go","Side","Satellite","Lunch",NA,NA,NA,NA,NA,NA
"3702","5-Mar","Seared Salmon Burger",4,"Grill","Spring 2025","Control","Grill","Main","Treatment","Lunch",0.447926073918026,44.697222176261,8.49,1.7917042956721,178.788888705044,33.96
"3703","5-Mar","Black Bean Burger",3,"Grill","Spring 2025","Control","Grill","Main","Treatment","Lunch",0.110944712328442,54.9888227801748,8.69,0.332834136985325,164.966468340524,26.07
"3704","5-Mar","ADD Chicken Breast",3,"Grill","Spring 2025","Control","Grill","Modification","Treatment","Lunch",0.227249079536725,60.447700038522,2.99,0.681747238610175,181.343100115566,8.97
"3705","5-Mar","Add Sausage 2 Patty",4,"Grill","Spring 2025","Control","Grill","Modification","Treatment","Lunch",0.168918026814813,34.6406776822533,1.99,0.675672107259252,138.562710729013,7.96
"3706","5-Mar","ADD Cheese",7,"Grill","Spring 2025","Control","Grill","Modification","Treatment","Lunch",0.183611306606629,3.19881943989712,1.99,1.2852791462464,22.3917360792799,13.93
"3707","5-Mar","Add Egg .99",4,"Grill","Spring 2025","Control","Grill","Modification","Treatment","Lunch",0.0903881853779601,25.3348662383603,0.99,0.36155274151184,101.339464953441,3.96
"3708","5-Mar","1 Entree + 1 Side",143,"Asian","Spring 2025","Control","Wok","Main","Satellite","Lunch",NA,NA,NA,NA,NA,NA
"3709","5-Mar","1 Entree + 2 Side",66,"Asian","Spring 2025","Control","Wok","Main","Satellite","Lunch",NA,NA,NA,NA,NA,NA
"3710","5-Mar","Bowl Ramen Chicken",71,"Asian","Spring 2025","Control","Ramen","Main","Treatment","Lunch",0.379685915053077,104.607642341871,9.49,26.9576999687685,7427.14260627288,673.79
"3711","5-Mar","2 Entrees + 2 Sides",22,"Asian","Spring 2025","Control","Wok","Main","Satellite","Lunch",NA,NA,NA,NA,NA,NA
"3712","5-Mar","Bowl Ramen Tofu",20,"Asian","Spring 2025","Control","Ramen","Main","Treatment","Lunch",0.306509419979168,91.9886822989085,9.49,6.13018839958336,1839.77364597817,189.8
"3713","5-Mar","1 Wok Entree",8,"Asian","Spring 2025","Control","Wok","Main","Satellite","Lunch",NA,NA,NA,NA,NA,NA
"3714","5-Mar","Side Vegetarian Lo Mein",7,"Asian","Spring 2025","Control","Wok","Side","Satellite","Lunch",NA,NA,NA,NA,NA,NA
"3715","5-Mar","Side White or Brown Rice",11,"Asian","Spring 2025","Control","Wok","Side","Satellite","Lunch",NA,NA,NA,NA,NA,NA
"3716","5-Mar","Bowl Ramen Chicken",1,"Asian","Spring 2025","Control","Ramen","Main","Treatment","Lunch",0.379685915053077,104.607642341871,9.49,0.379685915053077,104.607642341871,9.49
"3717","5-Mar","Side Vegetable Spring Rolls",2,"Asian","Spring 2025","Control","Wok","Side","Satellite","Lunch",NA,NA,NA,NA,NA,NA
"3718","5-Mar","Side Vegetables",1,"Asian","Spring 2025","Control","Wok","Side","Satellite","Lunch",NA,NA,NA,NA,NA,NA
"3719","5-Mar","Side Vegetarian Fried Rice with",1,"Asian","Spring 2025","Control","Wok","Side","Satellite","Lunch",NA,NA,NA,NA,NA,NA
"3720","5-Mar","Create Your Pasta Bowl MEAT",132,"Italian","Spring 2025","Control","Pasta","Main","Satellite","Lunch",0.625595496853921,47.8385188473692,8.99,82.5786055847176,6314.68448785273,1186.68
"3721","5-Mar","Create Your Pasta Bowl VEG",20,"Italian","Spring 2025","Control","Pasta","Main","Satellite","Lunch",0.140294556536554,10.5521527214029,8.49,2.80589113073108,211.043054428057,169.8
"3722","5-Mar","Pizza with Toppings",24,"Italian","Spring 2025","Control","Pizza","Main","Satellite","Lunch",NA,NA,NA,NA,NA,NA
"3723","5-Mar","Add Extra Meat",40,"Italian","Spring 2025","Control","Pasta","Modification","Satellite","Lunch",NA,NA,NA,NA,NA,NA
"3724","5-Mar","Pizza Cheese",20,"Italian","Spring 2025","Control","Pizza","Main","Satellite","Lunch",NA,NA,NA,NA,NA,NA
"3725","5-Mar","Side Bread Pasta Station",2,"Italian","Spring 2025","Control","Pasta","Side","Satellite","Lunch",NA,NA,NA,NA,NA,NA
"3726","5-Mar","Burrito Breakfast",107,"Breakfast","Spring 2025","Control","Breakfast","Main","Satellite","Breakfast",NA,NA,NA,NA,NA,NA
"3727","5-Mar","Small French Omelet",78,"Breakfast","Spring 2025","Control","Breakfast","Side","Satellite","Breakfast",NA,NA,NA,NA,NA,NA
"3728","5-Mar","Grand Slam Breakfast",13,"Breakfast","Spring 2025","Control","Breakfast","Main","Satellite","Breakfast",NA,NA,NA,NA,NA,NA
"3729","5-Mar","Add Bacon",24,"Breakfast","Spring 2025","Control","Breakfast","Modification","Satellite","Breakfast",NA,NA,NA,NA,NA,NA
"3730","5-Mar","Two Eggs",17,"Breakfast","Spring 2025","Control","Breakfast","Side","Satellite","Breakfast",NA,NA,NA,NA,NA,NA
"3731","5-Mar","Trillium Home Fries",7,"Breakfast","Spring 2025","Control","Breakfast","Side","Satellite","Breakfast",NA,NA,NA,NA,NA,NA
"3732","5-Mar","Pancake Single",3,"Breakfast","Spring 2025","Control","Breakfast","Side","Satellite","Breakfast",NA,NA,NA,NA,NA,NA
"3733","5-Mar","2 Slices Toast",4,"Breakfast","Spring 2025","Control","Breakfast","Side","Satellite","Breakfast",NA,NA,NA,NA,NA,NA
"3734","5-Mar","Toast",3,"Breakfast","Spring 2025","Control","Breakfast","Side","Satellite","Breakfast",NA,NA,NA,NA,NA,NA
"3735","5-Mar","PC Jelly",4,"Breakfast","Spring 2025","Control","Breakfast","Side","Satellite","Breakfast",NA,NA,NA,NA,NA,NA
"3736","5-Mar","Burrito Bowl BYO",101,"Mexican","Spring 2025","Control","Wrap","Main","Satellite","Lunch",NA,NA,NA,NA,NA,NA
"3737","5-Mar","Single Taco",3,"Mexican","Spring 2025","Control","Wrap","Main","Satellite","Lunch",NA,NA,NA,NA,NA,NA
"3738","5-Mar","Side Guacamole",3,"Mexican","Spring 2025","Control","Wrap","Side","Satellite","Lunch",NA,NA,NA,NA,NA,NA
"3739","5-Mar","LTO Spicy Chicken Sandwich",33,"Grab N Go","Spring 2025","Control","Grab N Go","Main","Satellite","Lunch",NA,NA,NA,NA,NA,NA
"3740","5-Mar","Egg Cheese Sausage Breakfast Sandwich",20,"Grab N Go","Spring 2025","Control","Grab N Go","Main","Satellite","Lunch",NA,NA,NA,NA,NA,NA
"3741","5-Mar","Egg Cheese Bacon Breakfast Sandwich",16,"Grab N Go","Spring 2025","Control","Grab N Go","Main","Satellite","Lunch",NA,NA,NA,NA,NA,NA
"3742","5-Mar","Soup 12 oz",42,"Soup","Spring 2025","Control","Soup","Main","Satellite","Lunch",NA,NA,NA,NA,NA,NA
"3743","5-Mar","8 oz Soup",45,"Soup","Spring 2025","Control","Soup","Main","Satellite","Lunch",NA,NA,NA,NA,NA,NA
"3744","5-Mar","Salad by the Pound",45,"Salad Bar","Spring 2025","Control","Salad Bar","Main","Satellite","Lunch",NA,NA,NA,NA,NA,NA
"3745","5-Mar","Add Extra Protein 3.99",1,"Salad Bar","Spring 2025","Control","Salad Bar","Modification","Satellite","Lunch",NA,NA,NA,NA,NA,NA
"3746","6-Mar","Quesadilla Deluxe Trillium",178,"Grill","Spring 2025","Control","Quesadilla","Main","Satellite","Lunch",NA,NA,NA,NA,NA,NA
"3747","6-Mar","Grilled Hamburger",114,"Grill","Spring 2025","Control","Grill","Main","Treatment","Lunch",3.88121217461521,88.8793607464882,8.99,442.458187906134,10132.2471250996,1024.86
"3748","6-Mar","Fried Chicken Tenders",121,"Grab N Go","Spring 2025","Control","Grab N Go","Side","Satellite","Lunch",NA,NA,NA,NA,NA,NA
"3749","6-Mar","Burrito Una Mano Trillium BYO",81,"Grill","Spring 2025","Control","Quesadilla","Main","Satellite","Lunch",NA,NA,NA,NA,NA,NA
"3750","6-Mar","French Fries",156,"Grill","Spring 2025","Control","Grill","Side","Treatment","Lunch",0.040840402892853,2.72997334161235,2.99,6.37110285128507,425.875841291527,466.44
"3751","6-Mar","Quesadilla Cheese",18,"Grill","Spring 2025","Control","Quesadilla","Main","Satellite","Lunch",NA,NA,NA,NA,NA,NA
"3752","6-Mar","Sweet Potato Fries",41,"Grill","Spring 2025","Control","Grill","Side","Treatment","Lunch",0.0422551714366103,3.97622481710592,2.99,1.73246202890102,163.025217501343,122.59
"3753","6-Mar","Grilled Chicken Breast Sandwich",12,"Grill","Spring 2025","Control","Grill","Main","Treatment","Lunch",0.301553745597932,69.470648861248,8.49,3.61864494717518,833.647786334976,101.88
"3754","6-Mar","Trillium Grill Impossible Burger",8,"Grill","Spring 2025","Control","Grill","Main","Treatment","Lunch",0.210911088099112,23.2535935181063,10.49,1.68728870479289,186.02874814485,83.92
"3755","6-Mar","+ Beef Patty",20,"Grill","Spring 2025","Control","Grill","Modification","Treatment","Lunch",3.806907508554,79.8564119237622,2.99,76.13815017108,1597.12823847524,59.8
"3756","6-Mar","Side Potato Tots",9,"Grab N Go","Spring 2025","Control","Grab N Go","Side","Satellite","Lunch",NA,NA,NA,NA,NA,NA
"3757","6-Mar","Seared Salmon Burger",3,"Grill","Spring 2025","Control","Grill","Main","Treatment","Lunch",0.447926073918026,44.697222176261,8.49,1.34377822175408,134.091666528783,25.47
"3758","6-Mar","ADD Chicken Breast",5,"Grill","Spring 2025","Control","Grill","Modification","Treatment","Lunch",0.227249079536725,60.447700038522,2.99,1.13624539768362,302.23850019261,14.95
"3759","6-Mar","Black Bean Burger",1,"Grill","Spring 2025","Control","Grill","Main","Treatment","Lunch",0.110944712328442,54.9888227801748,8.69,0.110944712328442,54.9888227801748,8.69
"3760","6-Mar","Add Sausage 2 Patty",1,"Grill","Spring 2025","Control","Grill","Modification","Treatment","Lunch",0.168918026814813,34.6406776822533,1.99,0.168918026814813,34.6406776822533,1.99
"3761","6-Mar","Add Egg .99",2,"Grill","Spring 2025","Control","Grill","Modification","Treatment","Lunch",0.0903881853779601,25.3348662383603,0.99,0.18077637075592,50.6697324767206,1.98
"3762","6-Mar","ADD Cheese",2,"Grill","Spring 2025","Control","Grill","Modification","Treatment","Lunch",0.183611306606629,3.19881943989712,1.99,0.367222613213258,6.39763887979424,3.98
"3763","6-Mar","1 Entree + 1 Side",171,"Asian","Spring 2025","Control","Wok","Main","Satellite","Lunch",NA,NA,NA,NA,NA,NA
"3764","6-Mar","Bowl Ramen Chicken",72,"Asian","Spring 2025","Control","Ramen","Main","Treatment","Lunch",0.379685915053077,104.607642341871,9.49,27.3373858838215,7531.75024861475,683.28
"3765","6-Mar","1 Entree + 2 Side",52,"Asian","Spring 2025","Control","Wok","Main","Satellite","Lunch",NA,NA,NA,NA,NA,NA
"3766","6-Mar","2 Entrees + 2 Sides",35,"Asian","Spring 2025","Control","Wok","Main","Satellite","Lunch",NA,NA,NA,NA,NA,NA
"3767","6-Mar","Bowl Ramen Tofu",24,"Asian","Spring 2025","Control","Ramen","Main","Treatment","Lunch",0.306509419979168,91.9886822989085,9.49,7.35622607950003,2207.7283751738,227.76
"3768","6-Mar","1 Wok Entree",8,"Asian","Spring 2025","Control","Wok","Main","Satellite","Lunch",NA,NA,NA,NA,NA,NA
"3769","6-Mar","Side Vegetarian Lo Mein",11,"Asian","Spring 2025","Control","Wok","Side","Satellite","Lunch",NA,NA,NA,NA,NA,NA
"3770","6-Mar","Side White or Brown Rice",11,"Asian","Spring 2025","Control","Wok","Side","Satellite","Lunch",NA,NA,NA,NA,NA,NA
"3771","6-Mar","Bowl Ramen Chicken",1,"Asian","Spring 2025","Control","Ramen","Main","Treatment","Lunch",0.379685915053077,104.607642341871,9.49,0.379685915053077,104.607642341871,9.49
"3772","6-Mar","Side Fried Spring Roll",2,"Asian","Spring 2025","Control","Wok","Side","Satellite","Lunch",NA,NA,NA,NA,NA,NA
"3773","6-Mar","Side Vegetable Spring Rolls",2,"Asian","Spring 2025","Control","Wok","Side","Satellite","Lunch",NA,NA,NA,NA,NA,NA
"3774","6-Mar","Create Your Pasta Bowl MEAT",93,"Italian","Spring 2025","Control","Pasta","Main","Satellite","Lunch",0.625595496853921,47.8385188473692,8.99,58.1803812074147,4448.98225280533,836.07
"3775","6-Mar","Pizza with Toppings",37,"Italian","Spring 2025","Control","Pizza","Main","Satellite","Lunch",NA,NA,NA,NA,NA,NA
"3776","6-Mar","Create Your Pasta Bowl VEG",23,"Italian","Spring 2025","Control","Pasta","Main","Satellite","Lunch",0.140294556536554,10.5521527214029,8.49,3.22677480034074,242.699512592266,195.27
"3777","6-Mar","Pizza Cheese",20,"Italian","Spring 2025","Control","Pizza","Main","Satellite","Lunch",NA,NA,NA,NA,NA,NA
"3778","6-Mar","Add Extra Meat",21,"Italian","Spring 2025","Control","Pasta","Modification","Satellite","Lunch",NA,NA,NA,NA,NA,NA
"3779","6-Mar","Burrito Breakfast",78,"Breakfast","Spring 2025","Control","Breakfast","Main","Satellite","Breakfast",NA,NA,NA,NA,NA,NA
"3780","6-Mar","Small French Omelet",57,"Breakfast","Spring 2025","Control","Breakfast","Side","Satellite","Breakfast",NA,NA,NA,NA,NA,NA
"3781","6-Mar","Grand Slam Breakfast",8,"Breakfast","Spring 2025","Control","Breakfast","Main","Satellite","Breakfast",NA,NA,NA,NA,NA,NA
"3782","6-Mar","Add Bacon",32,"Breakfast","Spring 2025","Control","Breakfast","Modification","Satellite","Breakfast",NA,NA,NA,NA,NA,NA
"3783","6-Mar","Two Eggs",9,"Breakfast","Spring 2025","Control","Breakfast","Side","Satellite","Breakfast",NA,NA,NA,NA,NA,NA
"3784","6-Mar","Trillium Home Fries",2,"Breakfast","Spring 2025","Control","Breakfast","Side","Satellite","Breakfast",NA,NA,NA,NA,NA,NA
"3785","6-Mar","2 Slices Toast",2,"Breakfast","Spring 2025","Control","Breakfast","Side","Satellite","Breakfast",NA,NA,NA,NA,NA,NA
"3786","6-Mar","Burrito Bowl BYO",106,"Mexican","Spring 2025","Control","Wrap","Main","Satellite","Lunch",NA,NA,NA,NA,NA,NA
"3787","6-Mar","Single Taco",8,"Mexican","Spring 2025","Control","Wrap","Main","Satellite","Lunch",NA,NA,NA,NA,NA,NA
"3788","6-Mar","Side Guacamole",2,"Mexican","Spring 2025","Control","Wrap","Side","Satellite","Lunch",NA,NA,NA,NA,NA,NA
"3789","6-Mar","LTO Spicy Chicken Sandwich",26,"Grab N Go","Spring 2025","Control","Grab N Go","Main","Satellite","Lunch",NA,NA,NA,NA,NA,NA
"3790","6-Mar","Egg Cheese Sausage Breakfast Sandwich",24,"Grab N Go","Spring 2025","Control","Grab N Go","Main","Satellite","Lunch",NA,NA,NA,NA,NA,NA
"3791","6-Mar","Egg Cheese Bacon Breakfast Sandwich",21,"Grab N Go","Spring 2025","Control","Grab N Go","Main","Satellite","Lunch",NA,NA,NA,NA,NA,NA
"3792","6-Mar","LTO Meatball Sub",9,"Grab N Go","Spring 2025","Control","Grab N Go","Main","Satellite","Lunch",NA,NA,NA,NA,NA,NA
"3793","6-Mar","Salad by the Pound",50,"Salad Bar","Spring 2025","Control","Salad Bar","Main","Satellite","Lunch",NA,NA,NA,NA,NA,NA
"3794","6-Mar","Add Extra Protein 3.99",4,"Salad Bar","Spring 2025","Control","Salad Bar","Modification","Satellite","Lunch",NA,NA,NA,NA,NA,NA
"3795","6-Mar","Soup 12 oz",46,"Soup","Spring 2025","Control","Soup","Main","Satellite","Lunch",NA,NA,NA,NA,NA,NA
"3796","6-Mar","8 oz Soup",31,"Soup","Spring 2025","Control","Soup","Main","Satellite","Lunch",NA,NA,NA,NA,NA,NA
"3797","7-Mar","Quesadilla Deluxe Trillium",129,"Grill","Spring 2025","Control","Quesadilla","Main","Satellite","Lunch",NA,NA,NA,NA,NA,NA
"3798","7-Mar","Grilled Hamburger",75,"Grill","Spring 2025","Control","Grill","Main","Treatment","Lunch",3.88121217461521,88.8793607464882,8.99,291.09091309614,6665.95205598661,674.25
"3799","7-Mar","Burrito Una Mano Trillium BYO",47,"Grill","Spring 2025","Control","Quesadilla","Main","Satellite","Lunch",NA,NA,NA,NA,NA,NA
"3800","7-Mar","Fried Chicken Tenders",46,"Grab N Go","Spring 2025","Control","Grab N Go","Side","Satellite","Lunch",NA,NA,NA,NA,NA,NA
"3801","7-Mar","French Fries",98,"Grill","Spring 2025","Control","Grill","Side","Treatment","Lunch",0.040840402892853,2.72997334161235,2.99,4.00235948349959,267.53738747801,293.02
"3802","7-Mar","Quesadilla Cheese",21,"Grill","Spring 2025","Control","Quesadilla","Main","Satellite","Lunch",NA,NA,NA,NA,NA,NA
"3803","7-Mar","+ Beef Patty",22,"Grill","Spring 2025","Control","Grill","Modification","Treatment","Lunch",3.806907508554,79.8564119237622,2.99,83.751965188188,1756.84106232277,65.78
"3804","7-Mar","Grilled Chicken Breast Sandwich",8,"Grill","Spring 2025","Control","Grill","Main","Treatment","Lunch",0.301553745597932,69.470648861248,8.49,2.41242996478345,555.765190889984,67.92
"3805","7-Mar","Trillium Grill Impossible Burger",5,"Grill","Spring 2025","Control","Grill","Main","Treatment","Lunch",0.210911088099112,23.2535935181063,10.49,1.05455544049556,116.267967590532,52.45
"3806","7-Mar","Sweet Potato Fries",15,"Grill","Spring 2025","Control","Grill","Side","Treatment","Lunch",0.0422551714366103,3.97622481710592,2.99,0.633827571549154,59.6433722565888,44.85
"3807","7-Mar","Seared Salmon Burger",4,"Grill","Spring 2025","Control","Grill","Main","Treatment","Lunch",0.447926073918026,44.697222176261,8.49,1.7917042956721,178.788888705044,33.96
"3808","7-Mar","Side Potato Tots",9,"Grab N Go","Spring 2025","Control","Grab N Go","Side","Satellite","Lunch",NA,NA,NA,NA,NA,NA
"3809","7-Mar","Black Bean Burger",1,"Grill","Spring 2025","Control","Grill","Main","Treatment","Lunch",0.110944712328442,54.9888227801748,8.69,0.110944712328442,54.9888227801748,8.69
"3810","7-Mar","Add Sausage 2 Patty",2,"Grill","Spring 2025","Control","Grill","Modification","Treatment","Lunch",0.168918026814813,34.6406776822533,1.99,0.337836053629626,69.2813553645066,3.98
"3811","7-Mar","Add Egg .99",3,"Grill","Spring 2025","Control","Grill","Modification","Treatment","Lunch",0.0903881853779601,25.3348662383603,0.99,0.27116455613388,76.0045987150809,2.97
"3812","7-Mar","ADD Cheese",3,"Grill","Spring 2025","Control","Grill","Modification","Treatment","Lunch",0.183611306606629,3.19881943989712,1.99,0.550833919819887,9.59645831969137,5.97
"3813","7-Mar","1 Entree + 1 Side",94,"Asian","Spring 2025","Control","Wok","Main","Satellite","Lunch",NA,NA,NA,NA,NA,NA
"3814","7-Mar","Bowl Ramen Chicken",57,"Asian","Spring 2025","Control","Ramen","Main","Treatment","Lunch",0.379685915053077,104.607642341871,9.49,21.6420971580254,5962.63561348668,540.93
"3815","7-Mar","1 Entree + 2 Side",40,"Asian","Spring 2025","Control","Wok","Main","Satellite","Lunch",NA,NA,NA,NA,NA,NA
"3816","7-Mar","Bowl Ramen Tofu",16,"Asian","Spring 2025","Control","Ramen","Main","Treatment","Lunch",0.306509419979168,91.9886822989085,9.49,4.90415071966669,1471.81891678254,151.84
"3817","7-Mar","2 Entrees + 2 Sides",10,"Asian","Spring 2025","Control","Wok","Main","Satellite","Lunch",NA,NA,NA,NA,NA,NA
"3818","7-Mar","1 Wok Entree",7,"Asian","Spring 2025","Control","Wok","Main","Satellite","Lunch",NA,NA,NA,NA,NA,NA
"3819","7-Mar","Side Vegetarian Lo Mein",11,"Asian","Spring 2025","Control","Wok","Side","Satellite","Lunch",NA,NA,NA,NA,NA,NA
"3820","7-Mar","Side Vegetable Spring Rolls",5,"Asian","Spring 2025","Control","Wok","Side","Satellite","Lunch",NA,NA,NA,NA,NA,NA
"3821","7-Mar","Side White or Brown Rice",7,"Asian","Spring 2025","Control","Wok","Side","Satellite","Lunch",NA,NA,NA,NA,NA,NA
"3822","7-Mar","Side Vegetables",2,"Asian","Spring 2025","Control","Wok","Side","Satellite","Lunch",NA,NA,NA,NA,NA,NA
"3823","7-Mar","Side Vegetarian Fried Rice with",2,"Asian","Spring 2025","Control","Wok","Side","Satellite","Lunch",NA,NA,NA,NA,NA,NA
"3824","7-Mar","Burrito Breakfast",73,"Breakfast","Spring 2025","Control","Breakfast","Main","Satellite","Breakfast",NA,NA,NA,NA,NA,NA
"3825","7-Mar","Small French Omelet",38,"Breakfast","Spring 2025","Control","Breakfast","Side","Satellite","Breakfast",NA,NA,NA,NA,NA,NA
"3826","7-Mar","Grand Slam Breakfast",9,"Breakfast","Spring 2025","Control","Breakfast","Main","Satellite","Breakfast",NA,NA,NA,NA,NA,NA
"3827","7-Mar","Add Bacon",15,"Breakfast","Spring 2025","Control","Breakfast","Modification","Satellite","Breakfast",NA,NA,NA,NA,NA,NA
"3828","7-Mar","Trillium Home Fries",5,"Breakfast","Spring 2025","Control","Breakfast","Side","Satellite","Breakfast",NA,NA,NA,NA,NA,NA
"3829","7-Mar","Two Eggs",5,"Breakfast","Spring 2025","Control","Breakfast","Side","Satellite","Breakfast",NA,NA,NA,NA,NA,NA
"3830","7-Mar","Pancake Single",3,"Breakfast","Spring 2025","Control","Breakfast","Side","Satellite","Breakfast",NA,NA,NA,NA,NA,NA
"3831","7-Mar","2 Slices Toast",4,"Breakfast","Spring 2025","Control","Breakfast","Side","Satellite","Breakfast",NA,NA,NA,NA,NA,NA
"3832","7-Mar","PC Peanut Butter",1,"Breakfast","Spring 2025","Control","Breakfast","Side","Satellite","Breakfast",NA,NA,NA,NA,NA,NA
"3833","7-Mar","Create Your Pasta Bowl MEAT",55,"Italian","Spring 2025","Control","Pasta","Main","Satellite","Lunch",0.625595496853921,47.8385188473692,8.99,34.4077523269657,2631.11853660531,494.45
"3834","7-Mar","Create Your Pasta Bowl VEG",22,"Italian","Spring 2025","Control","Pasta","Main","Satellite","Lunch",0.140294556536554,10.5521527214029,8.49,3.08648024380419,232.147359870863,186.78
"3835","7-Mar","Pizza with Toppings",16,"Italian","Spring 2025","Control","Pizza","Main","Satellite","Lunch",NA,NA,NA,NA,NA,NA
"3836","7-Mar","Pizza Cheese",16,"Italian","Spring 2025","Control","Pizza","Main","Satellite","Lunch",NA,NA,NA,NA,NA,NA
"3837","7-Mar","Add Extra Meat",22,"Italian","Spring 2025","Control","Pasta","Modification","Satellite","Lunch",NA,NA,NA,NA,NA,NA
"3838","7-Mar","Side Bread Pasta Station",1,"Italian","Spring 2025","Control","Pasta","Side","Satellite","Lunch",NA,NA,NA,NA,NA,NA
"3839","7-Mar","Burrito Bowl BYO",50,"Mexican","Spring 2025","Control","Wrap","Main","Satellite","Lunch",NA,NA,NA,NA,NA,NA
"3840","7-Mar","Side Guacamole",3,"Mexican","Spring 2025","Control","Wrap","Side","Satellite","Lunch",NA,NA,NA,NA,NA,NA
"3841","7-Mar","8 oz Soup",39,"Soup","Spring 2025","Control","Soup","Main","Satellite","Lunch",NA,NA,NA,NA,NA,NA
"3842","7-Mar","Soup 12 oz",33,"Soup","Spring 2025","Control","Soup","Main","Satellite","Lunch",NA,NA,NA,NA,NA,NA
"3843","7-Mar","LTO Spicy Chicken Sandwich",16,"Grab N Go","Spring 2025","Control","Grab N Go","Main","Satellite","Lunch",NA,NA,NA,NA,NA,NA
"3844","7-Mar","Egg Cheese Bacon Breakfast Sandwich",22,"Grab N Go","Spring 2025","Control","Grab N Go","Main","Satellite","Lunch",NA,NA,NA,NA,NA,NA
"3845","7-Mar","Egg Cheese Sausage Breakfast Sandwich",22,"Grab N Go","Spring 2025","Control","Grab N Go","Main","Satellite","Lunch",NA,NA,NA,NA,NA,NA
"3846","7-Mar","Salad by the Pound",37,"Salad Bar","Spring 2025","Control","Salad Bar","Main","Satellite","Lunch",NA,NA,NA,NA,NA,NA
"3847","10-Mar","Quesadilla Deluxe Trillium",182,"Grill","Spring 2025","Unimodal","Quesadilla","Main","Satellite","Lunch",NA,NA,NA,NA,NA,NA
"3848","10-Mar","Grilled Hamburger",86,"Grill","Spring 2025","Unimodal","Grill","Main","Treatment","Lunch",3.88121217461521,88.8793607464882,8.99,333.784247016908,7643.62502419798,773.14
"3849","10-Mar","Burrito Una Mano Trillium BYO",75,"Grill","Spring 2025","Unimodal","Quesadilla","Main","Satellite","Lunch",NA,NA,NA,NA,NA,NA
"3850","10-Mar","Fried Chicken Tenders",69,"Grab N Go","Spring 2025","Unimodal","Grab N Go","Side","Satellite","Lunch",NA,NA,NA,NA,NA,NA
"3851","10-Mar","French Fries",98,"Grill","Spring 2025","Unimodal","Grill","Side","Treatment","Lunch",0.040840402892853,2.72997334161235,2.99,4.00235948349959,267.53738747801,293.02
"3852","10-Mar","Quesadilla Cheese",17,"Grill","Spring 2025","Unimodal","Quesadilla","Main","Satellite","Lunch",NA,NA,NA,NA,NA,NA
"3853","10-Mar","Grilled Chicken Breast Sandwich",13,"Grill","Spring 2025","Unimodal","Grill","Main","Treatment","Lunch",0.301553745597932,69.470648861248,8.49,3.92019869277311,903.118435196224,110.37
"3854","10-Mar","Sweet Potato Fries",31,"Grill","Spring 2025","Unimodal","Grill","Side","Treatment","Lunch",0.0422551714366103,3.97622481710592,2.99,1.30991031453492,123.262969330284,92.69
"3855","10-Mar","+ Beef Patty",21,"Grill","Spring 2025","Unimodal","Grill","Modification","Treatment","Lunch",3.806907508554,79.8564119237622,2.99,79.945057679634,1676.98465039901,62.79
"3856","10-Mar","Trillium Grill Impossible Burger",7,"Grill","Spring 2025","Unimodal","Grill","Main","Treatment","Lunch",0.210911088099112,23.2535935181063,10.49,1.47637761669378,162.775154626744,73.43
"3857","10-Mar","Seared Salmon Burger",8,"Grill","Spring 2025","Unimodal","Grill","Main","Treatment","Lunch",0.447926073918026,44.697222176261,8.49,3.5834085913442,357.577777410088,67.92
"3858","10-Mar","Side Potato Tots",13,"Grab N Go","Spring 2025","Unimodal","Grab N Go","Side","Satellite","Lunch",NA,NA,NA,NA,NA,NA
"3859","10-Mar","Black Bean Burger",3,"Grill","Spring 2025","Unimodal","Grill","Main","Treatment","Lunch",0.110944712328442,54.9888227801748,8.69,0.332834136985325,164.966468340524,26.07
"3860","10-Mar","ADD Chicken Breast",4,"Grill","Spring 2025","Unimodal","Grill","Modification","Treatment","Lunch",0.227249079536725,60.447700038522,2.99,0.9089963181469,241.790800154088,11.96
"3861","10-Mar","Add Sausage 2 Patty",3,"Grill","Spring 2025","Unimodal","Grill","Modification","Treatment","Lunch",0.168918026814813,34.6406776822533,1.99,0.506754080444439,103.92203304676,5.97
"3862","10-Mar","ADD Cheese",2,"Grill","Spring 2025","Unimodal","Grill","Modification","Treatment","Lunch",0.183611306606629,3.19881943989712,1.99,0.367222613213258,6.39763887979424,3.98
"3863","10-Mar","Add Egg .99",1,"Grill","Spring 2025","Unimodal","Grill","Modification","Treatment","Lunch",0.0903881853779601,25.3348662383603,0.99,0.0903881853779601,25.3348662383603,0.99
"3864","10-Mar","1 Entree + 1 Side",192,"Asian","Spring 2025","Unimodal","Wok","Main","Satellite","Lunch",NA,NA,NA,NA,NA,NA
"3865","10-Mar","1 Entree + 2 Side",72,"Asian","Spring 2025","Unimodal","Wok","Main","Satellite","Lunch",NA,NA,NA,NA,NA,NA
"3866","10-Mar","Bowl Ramen Chicken",37,"Asian","Spring 2025","Unimodal","Ramen","Main","Treatment","Lunch",0.379685915053077,104.607642341871,9.49,14.0483788569638,3870.48276664925,351.13
"3867","10-Mar","2 Entrees + 2 Sides",18,"Asian","Spring 2025","Unimodal","Wok","Main","Satellite","Lunch",NA,NA,NA,NA,NA,NA
"3868","10-Mar","Bowl Ramen Tofu",6,"Asian","Spring 2025","Unimodal","Ramen","Main","Treatment","Lunch",0.306509419979168,91.9886822989085,9.49,1.83905651987501,551.932093793451,56.94
"3869","10-Mar","Side Vegetarian Lo Mein",10,"Asian","Spring 2025","Unimodal","Wok","Side","Satellite","Lunch",NA,NA,NA,NA,NA,NA
"3870","10-Mar","1 Wok Entree",3,"Asian","Spring 2025","Unimodal","Wok","Main","Satellite","Lunch",NA,NA,NA,NA,NA,NA
"3871","10-Mar","Side White or Brown Rice",7,"Asian","Spring 2025","Unimodal","Wok","Side","Satellite","Lunch",NA,NA,NA,NA,NA,NA
"3872","10-Mar","Bowl Ramen Chicken",1,"Asian","Spring 2025","Unimodal","Ramen","Main","Treatment","Lunch",0.379685915053077,104.607642341871,9.49,0.379685915053077,104.607642341871,9.49
"3873","10-Mar","Side Fried Spring Roll",1,"Asian","Spring 2025","Unimodal","Wok","Side","Satellite","Lunch",NA,NA,NA,NA,NA,NA
"3874","10-Mar","Side Vegetable Spring Rolls",1,"Asian","Spring 2025","Unimodal","Wok","Side","Satellite","Lunch",NA,NA,NA,NA,NA,NA
"3875","10-Mar","Side Vegetarian Fried Rice with",1,"Asian","Spring 2025","Unimodal","Wok","Side","Satellite","Lunch",NA,NA,NA,NA,NA,NA
"3876","10-Mar","Create Your Pasta Bowl MEAT",106,"Italian","Spring 2025","Unimodal","Pasta","Main","Satellite","Lunch",0.625595496853921,47.8385188473692,8.99,66.3131226665157,5070.88299782113,952.94
"3877","10-Mar","Create Your Pasta Bowl VEG",20,"Italian","Spring 2025","Unimodal","Pasta","Main","Satellite","Lunch",0.140294556536554,10.5521527214029,8.49,2.80589113073108,211.043054428057,169.8
"3878","10-Mar","Pizza with Toppings",25,"Italian","Spring 2025","Unimodal","Pizza","Main","Satellite","Lunch",NA,NA,NA,NA,NA,NA
"3879","10-Mar","Pizza Cheese",19,"Italian","Spring 2025","Unimodal","Pizza","Main","Satellite","Lunch",NA,NA,NA,NA,NA,NA
"3880","10-Mar","Add Extra Meat",22,"Italian","Spring 2025","Unimodal","Pasta","Modification","Satellite","Lunch",NA,NA,NA,NA,NA,NA
"3881","10-Mar","Burrito Breakfast",88,"Breakfast","Spring 2025","Unimodal","Breakfast","Main","Satellite","Breakfast",NA,NA,NA,NA,NA,NA
"3882","10-Mar","Small French Omelet",47,"Breakfast","Spring 2025","Unimodal","Breakfast","Side","Satellite","Breakfast",NA,NA,NA,NA,NA,NA
"3883","10-Mar","Add Bacon",30,"Breakfast","Spring 2025","Unimodal","Breakfast","Modification","Satellite","Breakfast",NA,NA,NA,NA,NA,NA
"3884","10-Mar","Grand Slam Breakfast",5,"Breakfast","Spring 2025","Unimodal","Breakfast","Main","Satellite","Breakfast",NA,NA,NA,NA,NA,NA
"3885","10-Mar","Two Eggs",16,"Breakfast","Spring 2025","Unimodal","Breakfast","Side","Satellite","Breakfast",NA,NA,NA,NA,NA,NA
"3886","10-Mar","Trillium Home Fries",4,"Breakfast","Spring 2025","Unimodal","Breakfast","Side","Satellite","Breakfast",NA,NA,NA,NA,NA,NA
"3887","10-Mar","Pancake Single",4,"Breakfast","Spring 2025","Unimodal","Breakfast","Side","Satellite","Breakfast",NA,NA,NA,NA,NA,NA
"3888","10-Mar","2 Slices Toast",3,"Breakfast","Spring 2025","Unimodal","Breakfast","Side","Satellite","Breakfast",NA,NA,NA,NA,NA,NA
"3889","10-Mar","Toast",1,"Breakfast","Spring 2025","Unimodal","Breakfast","Side","Satellite","Breakfast",NA,NA,NA,NA,NA,NA
"3890","10-Mar","Burrito Bowl BYO",106,"Mexican","Spring 2025","Unimodal","Wrap","Main","Satellite","Lunch",NA,NA,NA,NA,NA,NA
"3891","10-Mar","Single Taco",2,"Mexican","Spring 2025","Unimodal","Wrap","Main","Satellite","Lunch",NA,NA,NA,NA,NA,NA
"3892","10-Mar","Side Guacamole",2,"Mexican","Spring 2025","Unimodal","Wrap","Side","Satellite","Lunch",NA,NA,NA,NA,NA,NA
"3893","10-Mar","LTO Spicy Chicken Sandwich",30,"Grab N Go","Spring 2025","Unimodal","Grab N Go","Main","Satellite","Lunch",NA,NA,NA,NA,NA,NA
"3894","10-Mar","Egg Cheese Sausage Breakfast Sandwich",23,"Grab N Go","Spring 2025","Unimodal","Grab N Go","Main","Satellite","Lunch",NA,NA,NA,NA,NA,NA
"3895","10-Mar","Egg Cheese Bacon Breakfast Sandwich",21,"Grab N Go","Spring 2025","Unimodal","Grab N Go","Main","Satellite","Lunch",NA,NA,NA,NA,NA,NA
"3896","10-Mar","Salad by the Pound",51,"Salad Bar","Spring 2025","Unimodal","Salad Bar","Main","Satellite","Lunch",NA,NA,NA,NA,NA,NA
"3897","10-Mar","Add Extra Protein 3.99",1,"Salad Bar","Spring 2025","Unimodal","Salad Bar","Modification","Satellite","Lunch",NA,NA,NA,NA,NA,NA
"3898","10-Mar","8 oz Soup",39,"Soup","Spring 2025","Unimodal","Soup","Main","Satellite","Lunch",NA,NA,NA,NA,NA,NA
"3899","10-Mar","Soup 12 oz",32,"Soup","Spring 2025","Unimodal","Soup","Main","Satellite","Lunch",NA,NA,NA,NA,NA,NA
"3900","11-Mar","Quesadilla Deluxe Trillium",184,"Grill","Spring 2025","Unimodal","Quesadilla","Main","Satellite","Lunch",NA,NA,NA,NA,NA,NA
"3901","11-Mar","Grilled Hamburger",118,"Grill","Spring 2025","Unimodal","Grill","Main","Treatment","Lunch",3.88121217461521,88.8793607464882,8.99,457.983036604594,10487.7645680856,1060.82
"3902","11-Mar","Burrito Una Mano Trillium BYO",77,"Grill","Spring 2025","Unimodal","Quesadilla","Main","Satellite","Lunch",NA,NA,NA,NA,NA,NA
"3903","11-Mar","Fried Chicken Tenders",79,"Grab N Go","Spring 2025","Unimodal","Grab N Go","Side","Satellite","Lunch",NA,NA,NA,NA,NA,NA
"3904","11-Mar","French Fries",130,"Grill","Spring 2025","Unimodal","Grill","Side","Treatment","Lunch",0.040840402892853,2.72997334161235,2.99,5.30925237607089,354.896534409606,388.7
"3905","11-Mar","Grilled Chicken Breast Sandwich",20,"Grill","Spring 2025","Unimodal","Grill","Main","Treatment","Lunch",0.301553745597932,69.470648861248,8.49,6.03107491195863,1389.41297722496,169.8
"3906","11-Mar","Quesadilla Cheese",15,"Grill","Spring 2025","Unimodal","Quesadilla","Main","Satellite","Lunch",NA,NA,NA,NA,NA,NA
"3907","11-Mar","Sweet Potato Fries",32,"Grill","Spring 2025","Unimodal","Grill","Side","Treatment","Lunch",0.0422551714366103,3.97622481710592,2.99,1.35216548597153,127.239194147389,95.68
"3908","11-Mar","+ Beef Patty",22,"Grill","Spring 2025","Unimodal","Grill","Modification","Treatment","Lunch",3.806907508554,79.8564119237622,2.99,83.751965188188,1756.84106232277,65.78
"3909","11-Mar","Trillium Grill Impossible Burger",6,"Grill","Spring 2025","Unimodal","Grill","Main","Treatment","Lunch",0.210911088099112,23.2535935181063,10.49,1.26546652859467,139.521561108638,62.94
"3910","11-Mar","Seared Salmon Burger",5,"Grill","Spring 2025","Unimodal","Grill","Main","Treatment","Lunch",0.447926073918026,44.697222176261,8.49,2.23963036959013,223.486110881305,42.45
"3911","11-Mar","ADD Chicken Breast",8,"Grill","Spring 2025","Unimodal","Grill","Modification","Treatment","Lunch",0.227249079536725,60.447700038522,2.99,1.8179926362938,483.581600308176,23.92
"3912","11-Mar","Black Bean Burger",3,"Grill","Spring 2025","Unimodal","Grill","Main","Treatment","Lunch",0.110944712328442,54.9888227801748,8.69,0.332834136985325,164.966468340524,26.07
"3913","11-Mar","Side Potato Tots",8,"Grab N Go","Spring 2025","Unimodal","Grab N Go","Side","Satellite","Lunch",NA,NA,NA,NA,NA,NA
"3914","11-Mar","Add Egg .99",6,"Grill","Spring 2025","Unimodal","Grill","Modification","Treatment","Lunch",0.0903881853779601,25.3348662383603,0.99,0.542329112267761,152.009197430162,5.94
"3915","11-Mar","Add Sausage 2 Patty",2,"Grill","Spring 2025","Unimodal","Grill","Modification","Treatment","Lunch",0.168918026814813,34.6406776822533,1.99,0.337836053629626,69.2813553645066,3.98
"3916","11-Mar","ADD Cheese",6,"Grill","Spring 2025","Unimodal","Grill","Modification","Treatment","Lunch",0.183611306606629,3.19881943989712,1.99,1.10166783963977,19.1929166393827,11.94
"3917","11-Mar","1 Entree + 1 Side",184,"Asian","Spring 2025","Unimodal","Wok","Main","Satellite","Lunch",NA,NA,NA,NA,NA,NA
"3918","11-Mar","1 Entree + 2 Side",70,"Asian","Spring 2025","Unimodal","Wok","Main","Satellite","Lunch",NA,NA,NA,NA,NA,NA
"3919","11-Mar","Bowl Ramen Chicken",51,"Asian","Spring 2025","Unimodal","Ramen","Main","Treatment","Lunch",0.379685915053077,104.607642341871,9.49,19.3639816677069,5334.98975943545,483.99
"3920","11-Mar","2 Entrees + 2 Sides",34,"Asian","Spring 2025","Unimodal","Wok","Main","Satellite","Lunch",NA,NA,NA,NA,NA,NA
"3921","11-Mar","Bowl Ramen Tofu",11,"Asian","Spring 2025","Unimodal","Ramen","Main","Treatment","Lunch",0.306509419979168,91.9886822989085,9.49,3.37160361977085,1011.87550528799,104.39
"3922","11-Mar","1 Wok Entree",9,"Asian","Spring 2025","Unimodal","Wok","Main","Satellite","Lunch",NA,NA,NA,NA,NA,NA
"3923","11-Mar","Side White or Brown Rice",12,"Asian","Spring 2025","Unimodal","Wok","Side","Satellite","Lunch",NA,NA,NA,NA,NA,NA
"3924","11-Mar","Side Vegetarian Lo Mein",6,"Asian","Spring 2025","Unimodal","Wok","Side","Satellite","Lunch",NA,NA,NA,NA,NA,NA
"3925","11-Mar","Side Fried Spring Roll",2,"Asian","Spring 2025","Unimodal","Wok","Side","Satellite","Lunch",NA,NA,NA,NA,NA,NA
"3926","11-Mar","Side Vegetable Spring Rolls",2,"Asian","Spring 2025","Unimodal","Wok","Side","Satellite","Lunch",NA,NA,NA,NA,NA,NA
"3927","11-Mar","Create Your Pasta Bowl MEAT",81,"Italian","Spring 2025","Unimodal","Pasta","Main","Satellite","Lunch",0.625595496853921,47.8385188473692,8.99,50.6732352451676,3874.9200266369,728.19
"3928","11-Mar","Create Your Pasta Bowl VEG",29,"Italian","Spring 2025","Unimodal","Pasta","Main","Satellite","Lunch",0.140294556536554,10.5521527214029,8.49,4.06854213956007,306.012428920683,246.21
"3929","11-Mar","Pizza with Toppings",35,"Italian","Spring 2025","Unimodal","Pizza","Main","Satellite","Lunch",NA,NA,NA,NA,NA,NA
"3930","11-Mar","Pizza Cheese",15,"Italian","Spring 2025","Unimodal","Pizza","Main","Satellite","Lunch",NA,NA,NA,NA,NA,NA
"3931","11-Mar","Add Extra Meat",16,"Italian","Spring 2025","Unimodal","Pasta","Modification","Satellite","Lunch",NA,NA,NA,NA,NA,NA
"3932","11-Mar","Side Bread Pasta Station",3,"Italian","Spring 2025","Unimodal","Pasta","Side","Satellite","Lunch",NA,NA,NA,NA,NA,NA
"3933","11-Mar","Burrito Breakfast",84,"Breakfast","Spring 2025","Unimodal","Breakfast","Main","Satellite","Breakfast",NA,NA,NA,NA,NA,NA
"3934","11-Mar","Small French Omelet",57,"Breakfast","Spring 2025","Unimodal","Breakfast","Side","Satellite","Breakfast",NA,NA,NA,NA,NA,NA
"3935","11-Mar","Grand Slam Breakfast",10,"Breakfast","Spring 2025","Unimodal","Breakfast","Main","Satellite","Breakfast",NA,NA,NA,NA,NA,NA
"3936","11-Mar","Add Bacon",37,"Breakfast","Spring 2025","Unimodal","Breakfast","Modification","Satellite","Breakfast",NA,NA,NA,NA,NA,NA
"3937","11-Mar","Two Eggs",6,"Breakfast","Spring 2025","Unimodal","Breakfast","Side","Satellite","Breakfast",NA,NA,NA,NA,NA,NA
"3938","11-Mar","Trillium Home Fries",3,"Breakfast","Spring 2025","Unimodal","Breakfast","Side","Satellite","Breakfast",NA,NA,NA,NA,NA,NA
"3939","11-Mar","Pancake Single",1,"Breakfast","Spring 2025","Unimodal","Breakfast","Side","Satellite","Breakfast",NA,NA,NA,NA,NA,NA
"3940","11-Mar","2 Slices Toast",1,"Breakfast","Spring 2025","Unimodal","Breakfast","Side","Satellite","Breakfast",NA,NA,NA,NA,NA,NA
"3941","11-Mar","Toast",1,"Breakfast","Spring 2025","Unimodal","Breakfast","Side","Satellite","Breakfast",NA,NA,NA,NA,NA,NA
"3942","11-Mar","PC Jelly",1,"Breakfast","Spring 2025","Unimodal","Breakfast","Side","Satellite","Breakfast",NA,NA,NA,NA,NA,NA
"3943","11-Mar","Burrito Bowl BYO",110,"Mexican","Spring 2025","Unimodal","Wrap","Main","Satellite","Lunch",NA,NA,NA,NA,NA,NA
"3944","11-Mar","Single Taco",9,"Mexican","Spring 2025","Unimodal","Wrap","Main","Satellite","Lunch",NA,NA,NA,NA,NA,NA
"3945","11-Mar","Side Guacamole",3,"Mexican","Spring 2025","Unimodal","Wrap","Side","Satellite","Lunch",NA,NA,NA,NA,NA,NA
"3946","11-Mar","Side Salsa",2,"Mexican","Spring 2025","Unimodal","Wrap","Side","Satellite","Lunch",NA,NA,NA,NA,NA,NA
"3947","11-Mar","LTO Spicy Chicken Sandwich",28,"Grab N Go","Spring 2025","Unimodal","Grab N Go","Main","Satellite","Lunch",NA,NA,NA,NA,NA,NA
"3948","11-Mar","LTO Meatball Sub",17,"Grab N Go","Spring 2025","Unimodal","Grab N Go","Main","Satellite","Lunch",NA,NA,NA,NA,NA,NA
"3949","11-Mar","Egg Cheese Sausage Breakfast Sandwich",23,"Grab N Go","Spring 2025","Unimodal","Grab N Go","Main","Satellite","Lunch",NA,NA,NA,NA,NA,NA
"3950","11-Mar","Egg Cheese Bacon Breakfast Sandwich",22,"Grab N Go","Spring 2025","Unimodal","Grab N Go","Main","Satellite","Lunch",NA,NA,NA,NA,NA,NA
"3951","11-Mar","Salad by the Pound",55,"Salad Bar","Spring 2025","Unimodal","Salad Bar","Main","Satellite","Lunch",NA,NA,NA,NA,NA,NA
"3952","11-Mar","Soup 12 oz",39,"Soup","Spring 2025","Unimodal","Soup","Main","Satellite","Lunch",NA,NA,NA,NA,NA,NA
"3953","11-Mar","8 oz Soup",24,"Soup","Spring 2025","Unimodal","Soup","Main","Satellite","Lunch",NA,NA,NA,NA,NA,NA
"3954","12-Mar","Quesadilla Deluxe Trillium",173,"Grill","Spring 2025","Unimodal","Quesadilla","Main","Satellite","Lunch",NA,NA,NA,NA,NA,NA
"3955","12-Mar","Grilled Hamburger",89,"Grill","Spring 2025","Unimodal","Grill","Main","Treatment","Lunch",3.88121217461521,88.8793607464882,8.99,345.427883540753,7910.26310643745,800.11
"3956","12-Mar","Fried Chicken Tenders",96,"Grab N Go","Spring 2025","Unimodal","Grab N Go","Side","Satellite","Lunch",NA,NA,NA,NA,NA,NA
"3957","12-Mar","Burrito Una Mano Trillium BYO",64,"Grill","Spring 2025","Unimodal","Quesadilla","Main","Satellite","Lunch",NA,NA,NA,NA,NA,NA
"3958","12-Mar","French Fries",126,"Grill","Spring 2025","Unimodal","Grill","Side","Treatment","Lunch",0.040840402892853,2.72997334161235,2.99,5.14589076449948,343.976641043156,376.74
"3959","12-Mar","Grilled Chicken Breast Sandwich",19,"Grill","Spring 2025","Unimodal","Grill","Main","Treatment","Lunch",0.301553745597932,69.470648861248,8.49,5.7295211663607,1319.94232836371,161.31
"3960","12-Mar","Quesadilla Cheese",17,"Grill","Spring 2025","Unimodal","Quesadilla","Main","Satellite","Lunch",NA,NA,NA,NA,NA,NA
"3961","12-Mar","Sweet Potato Fries",38,"Grill","Spring 2025","Unimodal","Grill","Side","Treatment","Lunch",0.0422551714366103,3.97622481710592,2.99,1.60569651459119,151.096543050025,113.62
"3962","12-Mar","Trillium Grill Impossible Burger",7,"Grill","Spring 2025","Unimodal","Grill","Main","Treatment","Lunch",0.210911088099112,23.2535935181063,10.49,1.47637761669378,162.775154626744,73.43
"3963","12-Mar","+ Beef Patty",17,"Grill","Spring 2025","Unimodal","Grill","Modification","Treatment","Lunch",3.806907508554,79.8564119237622,2.99,64.717427645418,1357.55900270396,50.83
"3964","12-Mar","Seared Salmon Burger",7,"Grill","Spring 2025","Unimodal","Grill","Main","Treatment","Lunch",0.447926073918026,44.697222176261,8.49,3.13548251742618,312.880555233827,59.43
"3965","12-Mar","Black Bean Burger",6,"Grill","Spring 2025","Unimodal","Grill","Main","Treatment","Lunch",0.110944712328442,54.9888227801748,8.69,0.66566827397065,329.932936681049,52.14
"3966","12-Mar","Side Potato Tots",8,"Grab N Go","Spring 2025","Unimodal","Grab N Go","Side","Satellite","Lunch",NA,NA,NA,NA,NA,NA
"3967","12-Mar","ADD Chicken Breast",5,"Grill","Spring 2025","Unimodal","Grill","Modification","Treatment","Lunch",0.227249079536725,60.447700038522,2.99,1.13624539768362,302.23850019261,14.95
"3968","12-Mar","Add Egg .99",10,"Grill","Spring 2025","Unimodal","Grill","Modification","Treatment","Lunch",0.0903881853779601,25.3348662383603,0.99,0.903881853779601,253.348662383603,9.9
"3969","12-Mar","ADD Cheese",8,"Grill","Spring 2025","Unimodal","Grill","Modification","Treatment","Lunch",0.183611306606629,3.19881943989712,1.99,1.46889045285303,25.590555519177,15.92
"3970","12-Mar","Add Sausage 2 Patty",1,"Grill","Spring 2025","Unimodal","Grill","Modification","Treatment","Lunch",0.168918026814813,34.6406776822533,1.99,0.168918026814813,34.6406776822533,1.99
"3971","12-Mar","1 Entree + 1 Side",180,"Asian","Spring 2025","Unimodal","Wok","Main","Satellite","Lunch",NA,NA,NA,NA,NA,NA
"3972","12-Mar","1 Entree + 2 Side",79,"Asian","Spring 2025","Unimodal","Wok","Main","Satellite","Lunch",NA,NA,NA,NA,NA,NA
"3973","12-Mar","Bowl Ramen Chicken",72,"Asian","Spring 2025","Unimodal","Ramen","Main","Treatment","Lunch",0.379685915053077,104.607642341871,9.49,27.3373858838215,7531.75024861475,683.28
"3974","12-Mar","2 Entrees + 2 Sides",24,"Asian","Spring 2025","Unimodal","Wok","Main","Satellite","Lunch",NA,NA,NA,NA,NA,NA
"3975","12-Mar","Bowl Ramen Tofu",17,"Asian","Spring 2025","Unimodal","Ramen","Main","Treatment","Lunch",0.306509419979168,91.9886822989085,9.49,5.21066013964585,1563.80759908145,161.33
"3976","12-Mar","Side Vegetarian Lo Mein",8,"Asian","Spring 2025","Unimodal","Wok","Side","Satellite","Lunch",NA,NA,NA,NA,NA,NA
"3977","12-Mar","1 Wok Entree",5,"Asian","Spring 2025","Unimodal","Wok","Main","Satellite","Lunch",NA,NA,NA,NA,NA,NA
"3978","12-Mar","Side White or Brown Rice",10,"Asian","Spring 2025","Unimodal","Wok","Side","Satellite","Lunch",NA,NA,NA,NA,NA,NA
"3979","12-Mar","Side Vegetable Spring Rolls",2,"Asian","Spring 2025","Unimodal","Wok","Side","Satellite","Lunch",NA,NA,NA,NA,NA,NA
"3980","12-Mar","Side Fried Spring Roll",1,"Asian","Spring 2025","Unimodal","Wok","Side","Satellite","Lunch",NA,NA,NA,NA,NA,NA
"3981","12-Mar","Side Vegetables",1,"Asian","Spring 2025","Unimodal","Wok","Side","Satellite","Lunch",NA,NA,NA,NA,NA,NA
"3982","12-Mar","Create Your Pasta Bowl MEAT",107,"Italian","Spring 2025","Unimodal","Pasta","Main","Satellite","Lunch",0.625595496853921,47.8385188473692,8.99,66.9387181633696,5118.7215166685,961.93
"3983","12-Mar","Pizza with Toppings",36,"Italian","Spring 2025","Unimodal","Pizza","Main","Satellite","Lunch",NA,NA,NA,NA,NA,NA
"3984","12-Mar","Create Your Pasta Bowl VEG",20,"Italian","Spring 2025","Unimodal","Pasta","Main","Satellite","Lunch",0.140294556536554,10.5521527214029,8.49,2.80589113073108,211.043054428057,169.8
"3985","12-Mar","Add Extra Meat",32,"Italian","Spring 2025","Unimodal","Pasta","Modification","Satellite","Lunch",NA,NA,NA,NA,NA,NA
"3986","12-Mar","Pizza Cheese",16,"Italian","Spring 2025","Unimodal","Pizza","Main","Satellite","Lunch",NA,NA,NA,NA,NA,NA
"3987","12-Mar","Burrito Breakfast",108,"Breakfast","Spring 2025","Unimodal","Breakfast","Main","Satellite","Breakfast",NA,NA,NA,NA,NA,NA
"3988","12-Mar","Small French Omelet",61,"Breakfast","Spring 2025","Unimodal","Breakfast","Side","Satellite","Breakfast",NA,NA,NA,NA,NA,NA
"3989","12-Mar","Grand Slam Breakfast",11,"Breakfast","Spring 2025","Unimodal","Breakfast","Main","Satellite","Breakfast",NA,NA,NA,NA,NA,NA
"3990","12-Mar","Add Bacon",24,"Breakfast","Spring 2025","Unimodal","Breakfast","Modification","Satellite","Breakfast",NA,NA,NA,NA,NA,NA
"3991","12-Mar","Two Eggs",15,"Breakfast","Spring 2025","Unimodal","Breakfast","Side","Satellite","Breakfast",NA,NA,NA,NA,NA,NA
"3992","12-Mar","Trillium Home Fries",3,"Breakfast","Spring 2025","Unimodal","Breakfast","Side","Satellite","Breakfast",NA,NA,NA,NA,NA,NA
"3993","12-Mar","Pancake Single",1,"Breakfast","Spring 2025","Unimodal","Breakfast","Side","Satellite","Breakfast",NA,NA,NA,NA,NA,NA
"3994","12-Mar","2 Slices Toast",2,"Breakfast","Spring 2025","Unimodal","Breakfast","Side","Satellite","Breakfast",NA,NA,NA,NA,NA,NA
"3995","12-Mar","PC Peanut Butter",1,"Breakfast","Spring 2025","Unimodal","Breakfast","Side","Satellite","Breakfast",NA,NA,NA,NA,NA,NA
"3996","12-Mar","Burrito Bowl BYO",106,"Mexican","Spring 2025","Unimodal","Wrap","Main","Satellite","Lunch",NA,NA,NA,NA,NA,NA
"3997","12-Mar","Single Taco",5,"Mexican","Spring 2025","Unimodal","Wrap","Main","Satellite","Lunch",NA,NA,NA,NA,NA,NA
"3998","12-Mar","Side Guacamole",5,"Mexican","Spring 2025","Unimodal","Wrap","Side","Satellite","Lunch",NA,NA,NA,NA,NA,NA
"3999","12-Mar","Add Extra Toppings Una Mano",1,"Mexican","Spring 2025","Unimodal","Wrap","Modification","Satellite","Lunch",NA,NA,NA,NA,NA,NA
"4000","12-Mar","Salad by the Pound",55,"Salad Bar","Spring 2025","Unimodal","Salad Bar","Main","Satellite","Lunch",NA,NA,NA,NA,NA,NA
"4001","12-Mar","Soup 12 oz",52,"Soup","Spring 2025","Unimodal","Soup","Main","Satellite","Lunch",NA,NA,NA,NA,NA,NA
"4002","12-Mar","8 oz Soup",37,"Soup","Spring 2025","Unimodal","Soup","Main","Satellite","Lunch",NA,NA,NA,NA,NA,NA
"4003","12-Mar","LTO Spicy Chicken Sandwich",28,"Grab N Go","Spring 2025","Unimodal","Grab N Go","Main","Satellite","Lunch",NA,NA,NA,NA,NA,NA
"4004","12-Mar","Egg Cheese Sausage Breakfast Sandwich",22,"Grab N Go","Spring 2025","Unimodal","Grab N Go","Main","Satellite","Lunch",NA,NA,NA,NA,NA,NA
"4005","12-Mar","Egg Cheese Bacon Breakfast Sandwich",19,"Grab N Go","Spring 2025","Unimodal","Grab N Go","Main","Satellite","Lunch",NA,NA,NA,NA,NA,NA
"4006","13-Mar","Quesadilla Deluxe Trillium",171,"Grill","Spring 2025","Unimodal","Quesadilla","Main","Satellite","Lunch",NA,NA,NA,NA,NA,NA
"4007","13-Mar","Grilled Hamburger",99,"Grill","Spring 2025","Unimodal","Grill","Main","Treatment","Lunch",3.88121217461521,88.8793607464882,8.99,384.240005286906,8799.05671390233,890.01
"4008","13-Mar","Fried Chicken Tenders",113,"Grab N Go","Spring 2025","Unimodal","Grab N Go","Side","Satellite","Lunch",NA,NA,NA,NA,NA,NA
"4009","13-Mar","Burrito Una Mano Trillium BYO",59,"Grill","Spring 2025","Unimodal","Quesadilla","Main","Satellite","Lunch",NA,NA,NA,NA,NA,NA
"4010","13-Mar","French Fries",146,"Grill","Spring 2025","Unimodal","Grill","Side","Treatment","Lunch",0.040840402892853,2.72997334161235,2.99,5.96269882235654,398.576107875403,436.54
"4011","13-Mar","Grilled Chicken Breast Sandwich",17,"Grill","Spring 2025","Unimodal","Grill","Main","Treatment","Lunch",0.301553745597932,69.470648861248,8.49,5.12641367516484,1181.00103064122,144.33
"4012","13-Mar","Quesadilla Cheese",16,"Grill","Spring 2025","Unimodal","Quesadilla","Main","Satellite","Lunch",NA,NA,NA,NA,NA,NA
"4013","13-Mar","Sweet Potato Fries",40,"Grill","Spring 2025","Unimodal","Grill","Side","Treatment","Lunch",0.0422551714366103,3.97622481710592,2.99,1.69020685746441,159.048992684237,119.6
"4014","13-Mar","Seared Salmon Burger",8,"Grill","Spring 2025","Unimodal","Grill","Main","Treatment","Lunch",0.447926073918026,44.697222176261,8.49,3.5834085913442,357.577777410088,67.92
"4015","13-Mar","Side Potato Tots",18,"Grab N Go","Spring 2025","Unimodal","Grab N Go","Side","Satellite","Lunch",NA,NA,NA,NA,NA,NA
"4016","13-Mar","Trillium Grill Impossible Burger",5,"Grill","Spring 2025","Unimodal","Grill","Main","Treatment","Lunch",0.210911088099112,23.2535935181063,10.49,1.05455544049556,116.267967590532,52.45
"4017","13-Mar","+ Beef Patty",9,"Grill","Spring 2025","Unimodal","Grill","Modification","Treatment","Lunch",3.806907508554,79.8564119237622,2.99,34.262167576986,718.70770731386,26.91
"4018","13-Mar","ADD Chicken Breast",4,"Grill","Spring 2025","Unimodal","Grill","Modification","Treatment","Lunch",0.227249079536725,60.447700038522,2.99,0.9089963181469,241.790800154088,11.96
"4019","13-Mar","Add Sausage 2 Patty",3,"Grill","Spring 2025","Unimodal","Grill","Modification","Treatment","Lunch",0.168918026814813,34.6406776822533,1.99,0.506754080444439,103.92203304676,5.97
"4020","13-Mar","ADD Cheese",5,"Grill","Spring 2025","Unimodal","Grill","Modification","Treatment","Lunch",0.183611306606629,3.19881943989712,1.99,0.918056533033145,15.9940971994856,9.95
"4021","13-Mar","1 Entree + 1 Side",185,"Asian","Spring 2025","Unimodal","Wok","Main","Satellite","Lunch",NA,NA,NA,NA,NA,NA
"4022","13-Mar","Bowl Ramen Chicken",75,"Asian","Spring 2025","Unimodal","Ramen","Main","Treatment","Lunch",0.379685915053077,104.607642341871,9.49,28.4764436289808,7845.57317564036,711.75
"4023","13-Mar","1 Entree + 2 Side",54,"Asian","Spring 2025","Unimodal","Wok","Main","Satellite","Lunch",NA,NA,NA,NA,NA,NA
"4024","13-Mar","2 Entrees + 2 Sides",31,"Asian","Spring 2025","Unimodal","Wok","Main","Satellite","Lunch",NA,NA,NA,NA,NA,NA
"4025","13-Mar","Bowl Ramen Tofu",24,"Asian","Spring 2025","Unimodal","Ramen","Main","Treatment","Lunch",0.306509419979168,91.9886822989085,9.49,7.35622607950003,2207.7283751738,227.76
"4026","13-Mar","1 Wok Entree",10,"Asian","Spring 2025","Unimodal","Wok","Main","Satellite","Lunch",NA,NA,NA,NA,NA,NA
"4027","13-Mar","Side Vegetarian Lo Mein",10,"Asian","Spring 2025","Unimodal","Wok","Side","Satellite","Lunch",NA,NA,NA,NA,NA,NA
"4028","13-Mar","Side White or Brown Rice",11,"Asian","Spring 2025","Unimodal","Wok","Side","Satellite","Lunch",NA,NA,NA,NA,NA,NA
"4029","13-Mar","Side Vegetable Spring Rolls",4,"Asian","Spring 2025","Unimodal","Wok","Side","Satellite","Lunch",NA,NA,NA,NA,NA,NA
"4030","13-Mar","Side Vegetables",3,"Asian","Spring 2025","Unimodal","Wok","Side","Satellite","Lunch",NA,NA,NA,NA,NA,NA
"4031","13-Mar","Side Fried Spring Roll",2,"Asian","Spring 2025","Unimodal","Wok","Side","Satellite","Lunch",NA,NA,NA,NA,NA,NA
"4032","13-Mar","Create Your Pasta Bowl MEAT",92,"Italian","Spring 2025","Unimodal","Pasta","Main","Satellite","Lunch",0.625595496853921,47.8385188473692,8.99,57.5547857105608,4401.14373395797,827.08
"4033","13-Mar","Pizza with Toppings",39,"Italian","Spring 2025","Unimodal","Pizza","Main","Satellite","Lunch",NA,NA,NA,NA,NA,NA
"4034","13-Mar","Create Your Pasta Bowl VEG",19,"Italian","Spring 2025","Unimodal","Pasta","Main","Satellite","Lunch",0.140294556536554,10.5521527214029,8.49,2.66559657419453,200.490901706654,161.31
"4035","13-Mar","Pizza Cheese",18,"Italian","Spring 2025","Unimodal","Pizza","Main","Satellite","Lunch",NA,NA,NA,NA,NA,NA
"4036","13-Mar","Add Extra Meat",24,"Italian","Spring 2025","Unimodal","Pasta","Modification","Satellite","Lunch",NA,NA,NA,NA,NA,NA
"4037","13-Mar","Side Bread Pasta Station",1,"Italian","Spring 2025","Unimodal","Pasta","Side","Satellite","Lunch",NA,NA,NA,NA,NA,NA
"4038","13-Mar","Burrito Breakfast",85,"Breakfast","Spring 2025","Unimodal","Breakfast","Main","Satellite","Breakfast",NA,NA,NA,NA,NA,NA
"4039","13-Mar","Small French Omelet",51,"Breakfast","Spring 2025","Unimodal","Breakfast","Side","Satellite","Breakfast",NA,NA,NA,NA,NA,NA
"4040","13-Mar","Add Bacon",39,"Breakfast","Spring 2025","Unimodal","Breakfast","Modification","Satellite","Breakfast",NA,NA,NA,NA,NA,NA
"4041","13-Mar","Grand Slam Breakfast",5,"Breakfast","Spring 2025","Unimodal","Breakfast","Main","Satellite","Breakfast",NA,NA,NA,NA,NA,NA
"4042","13-Mar","Two Eggs",11,"Breakfast","Spring 2025","Unimodal","Breakfast","Side","Satellite","Breakfast",NA,NA,NA,NA,NA,NA
"4043","13-Mar","Trillium Home Fries",4,"Breakfast","Spring 2025","Unimodal","Breakfast","Side","Satellite","Breakfast",NA,NA,NA,NA,NA,NA
"4044","13-Mar","Pancake Single",4,"Breakfast","Spring 2025","Unimodal","Breakfast","Side","Satellite","Breakfast",NA,NA,NA,NA,NA,NA
"4045","13-Mar","2 Slices Toast",2,"Breakfast","Spring 2025","Unimodal","Breakfast","Side","Satellite","Breakfast",NA,NA,NA,NA,NA,NA
"4046","13-Mar","Toast",1,"Breakfast","Spring 2025","Unimodal","Breakfast","Side","Satellite","Breakfast",NA,NA,NA,NA,NA,NA
"4047","13-Mar","PC Butter",1,"Breakfast","Spring 2025","Unimodal","Breakfast","Side","Satellite","Breakfast",NA,NA,NA,NA,NA,NA
"4048","13-Mar","Burrito Bowl BYO",88,"Mexican","Spring 2025","Unimodal","Wrap","Main","Satellite","Lunch",NA,NA,NA,NA,NA,NA
"4049","13-Mar","Single Taco",6,"Mexican","Spring 2025","Unimodal","Wrap","Main","Satellite","Lunch",NA,NA,NA,NA,NA,NA
"4050","13-Mar","Side Guacamole",3,"Mexican","Spring 2025","Unimodal","Wrap","Side","Satellite","Lunch",NA,NA,NA,NA,NA,NA
"4051","13-Mar","Side Salsa",3,"Mexican","Spring 2025","Unimodal","Wrap","Side","Satellite","Lunch",NA,NA,NA,NA,NA,NA
"4052","13-Mar","Side Sour Cream",3,"Mexican","Spring 2025","Unimodal","Wrap","Side","Satellite","Lunch",NA,NA,NA,NA,NA,NA
"4053","13-Mar","Add Extra Toppings Una Mano",1,"Mexican","Spring 2025","Unimodal","Wrap","Modification","Satellite","Lunch",NA,NA,NA,NA,NA,NA
"4054","13-Mar","LTO Spicy Chicken Sandwich",27,"Grab N Go","Spring 2025","Unimodal","Grab N Go","Main","Satellite","Lunch",NA,NA,NA,NA,NA,NA
"4055","13-Mar","Egg Cheese Sausage Breakfast Sandwich",24,"Grab N Go","Spring 2025","Unimodal","Grab N Go","Main","Satellite","Lunch",NA,NA,NA,NA,NA,NA
"4056","13-Mar","Egg Cheese Bacon Breakfast Sandwich",21,"Grab N Go","Spring 2025","Unimodal","Grab N Go","Main","Satellite","Lunch",NA,NA,NA,NA,NA,NA
"4057","13-Mar","LTO Meatball Sub",10,"Grab N Go","Spring 2025","Unimodal","Grab N Go","Main","Satellite","Lunch",NA,NA,NA,NA,NA,NA
"4058","13-Mar","Burrito Breakfast G&G",5,"Grab N Go","Spring 2025","Unimodal","Grab N Go","Main","Satellite","Lunch",NA,NA,NA,NA,NA,NA
"4059","13-Mar","Salad by the Pound",55,"Salad Bar","Spring 2025","Unimodal","Salad Bar","Main","Satellite","Lunch",NA,NA,NA,NA,NA,NA
"4060","13-Mar","Add Extra Protein 3.99",4,"Salad Bar","Spring 2025","Unimodal","Salad Bar","Modification","Satellite","Lunch",NA,NA,NA,NA,NA,NA
"4061","13-Mar","Soup 12 oz",49,"Soup","Spring 2025","Unimodal","Soup","Main","Satellite","Lunch",NA,NA,NA,NA,NA,NA
"4062","13-Mar","8 oz Soup",24,"Soup","Spring 2025","Unimodal","Soup","Main","Satellite","Lunch",NA,NA,NA,NA,NA,NA
"4063","14-Mar","Quesadilla Deluxe Trillium",111,"Grill","Spring 2025","Unimodal","Quesadilla","Main","Satellite","Lunch",NA,NA,NA,NA,NA,NA
"4064","14-Mar","Grilled Hamburger",76,"Grill","Spring 2025","Unimodal","Grill","Main","Treatment","Lunch",3.88121217461521,88.8793607464882,8.99,294.972125270756,6754.8314167331,683.24
"4065","14-Mar","Burrito Una Mano Trillium BYO",51,"Grill","Spring 2025","Unimodal","Quesadilla","Main","Satellite","Lunch",NA,NA,NA,NA,NA,NA
"4066","14-Mar","Fried Chicken Tenders",51,"Grab N Go","Spring 2025","Unimodal","Grab N Go","Side","Satellite","Lunch",NA,NA,NA,NA,NA,NA
"4067","14-Mar","French Fries",73,"Grill","Spring 2025","Unimodal","Grill","Side","Treatment","Lunch",0.040840402892853,2.72997334161235,2.99,2.98134941117827,199.288053937702,218.27
"4068","14-Mar","Quesadilla Cheese",18,"Grill","Spring 2025","Unimodal","Quesadilla","Main","Satellite","Lunch",NA,NA,NA,NA,NA,NA
"4069","14-Mar","Trillium Grill Impossible Burger",10,"Grill","Spring 2025","Unimodal","Grill","Main","Treatment","Lunch",0.210911088099112,23.2535935181063,10.49,2.10911088099112,232.535935181063,104.9
"4070","14-Mar","Grilled Chicken Breast Sandwich",11,"Grill","Spring 2025","Unimodal","Grill","Main","Treatment","Lunch",0.301553745597932,69.470648861248,8.49,3.31709120157725,764.177137473728,93.39
"4071","14-Mar","Sweet Potato Fries",30,"Grill","Spring 2025","Unimodal","Grill","Side","Treatment","Lunch",0.0422551714366103,3.97622481710592,2.99,1.26765514309831,119.286744513178,89.7
"4072","14-Mar","+ Beef Patty",14,"Grill","Spring 2025","Unimodal","Grill","Modification","Treatment","Lunch",3.806907508554,79.8564119237622,2.99,53.296705119756,1117.98976693267,41.86
"4073","14-Mar","Seared Salmon Burger",4,"Grill","Spring 2025","Unimodal","Grill","Main","Treatment","Lunch",0.447926073918026,44.697222176261,8.49,1.7917042956721,178.788888705044,33.96
"4074","14-Mar","Side Potato Tots",11,"Grab N Go","Spring 2025","Unimodal","Grab N Go","Side","Satellite","Lunch",NA,NA,NA,NA,NA,NA
"4075","14-Mar","Black Bean Burger",1,"Grill","Spring 2025","Unimodal","Grill","Main","Treatment","Lunch",0.110944712328442,54.9888227801748,8.69,0.110944712328442,54.9888227801748,8.69
"4076","14-Mar","ADD Chicken Breast",2,"Grill","Spring 2025","Unimodal","Grill","Modification","Treatment","Lunch",0.227249079536725,60.447700038522,2.99,0.45449815907345,120.895400077044,5.98
"4077","14-Mar","ADD Burger Salmon Grilled",1,"Grill","Spring 2025","Unimodal","Grill","Modification","Treatment","Lunch",0.373621407856819,35.674273353535,2.99,0.373621407856819,35.674273353535,2.99
"4078","14-Mar","Add Sausage 2 Patty",1,"Grill","Spring 2025","Unimodal","Grill","Modification","Treatment","Lunch",0.168918026814813,34.6406776822533,1.99,0.168918026814813,34.6406776822533,1.99
"4079","14-Mar","Add Egg .99",1,"Grill","Spring 2025","Unimodal","Grill","Modification","Treatment","Lunch",0.0903881853779601,25.3348662383603,0.99,0.0903881853779601,25.3348662383603,0.99
"4080","14-Mar","1 Entree + 1 Side",102,"Asian","Spring 2025","Unimodal","Wok","Main","Satellite","Lunch",NA,NA,NA,NA,NA,NA
"4081","14-Mar","Bowl Ramen Chicken",47,"Asian","Spring 2025","Unimodal","Ramen","Main","Treatment","Lunch",0.379685915053077,104.607642341871,9.49,17.8452380074946,4916.55919006796,446.03
"4082","14-Mar","1 Entree + 2 Side",36,"Asian","Spring 2025","Unimodal","Wok","Main","Satellite","Lunch",NA,NA,NA,NA,NA,NA
"4083","14-Mar","2 Entrees + 2 Sides",16,"Asian","Spring 2025","Unimodal","Wok","Main","Satellite","Lunch",NA,NA,NA,NA,NA,NA
"4084","14-Mar","Bowl Ramen Tofu",11,"Asian","Spring 2025","Unimodal","Ramen","Main","Treatment","Lunch",0.306509419979168,91.9886822989085,9.49,3.37160361977085,1011.87550528799,104.39
"4085","14-Mar","1 Wok Entree",3,"Asian","Spring 2025","Unimodal","Wok","Main","Satellite","Lunch",NA,NA,NA,NA,NA,NA
"4086","14-Mar","Side Vegetarian Lo Mein",3,"Asian","Spring 2025","Unimodal","Wok","Side","Satellite","Lunch",NA,NA,NA,NA,NA,NA
"4087","14-Mar","Side White or Brown Rice",5,"Asian","Spring 2025","Unimodal","Wok","Side","Satellite","Lunch",NA,NA,NA,NA,NA,NA
"4088","14-Mar","Side Fried Spring Roll",1,"Asian","Spring 2025","Unimodal","Wok","Side","Satellite","Lunch",NA,NA,NA,NA,NA,NA
"4089","14-Mar","Side Vegetables",1,"Asian","Spring 2025","Unimodal","Wok","Side","Satellite","Lunch",NA,NA,NA,NA,NA,NA
"4090","14-Mar","Side Vegetarian Fried Rice with",1,"Asian","Spring 2025","Unimodal","Wok","Side","Satellite","Lunch",NA,NA,NA,NA,NA,NA
"4091","14-Mar","Burrito Breakfast",82,"Breakfast","Spring 2025","Unimodal","Breakfast","Main","Satellite","Breakfast",NA,NA,NA,NA,NA,NA
"4092","14-Mar","Small French Omelet",65,"Breakfast","Spring 2025","Unimodal","Breakfast","Side","Satellite","Breakfast",NA,NA,NA,NA,NA,NA
"4093","14-Mar","Grand Slam Breakfast",17,"Breakfast","Spring 2025","Unimodal","Breakfast","Main","Satellite","Breakfast",NA,NA,NA,NA,NA,NA
"4094","14-Mar","Add Bacon",20,"Breakfast","Spring 2025","Unimodal","Breakfast","Modification","Satellite","Breakfast",NA,NA,NA,NA,NA,NA
"4095","14-Mar","Two Eggs",11,"Breakfast","Spring 2025","Unimodal","Breakfast","Side","Satellite","Breakfast",NA,NA,NA,NA,NA,NA
"4096","14-Mar","Pancake Single",6,"Breakfast","Spring 2025","Unimodal","Breakfast","Side","Satellite","Breakfast",NA,NA,NA,NA,NA,NA
"4097","14-Mar","Trillium Home Fries",2,"Breakfast","Spring 2025","Unimodal","Breakfast","Side","Satellite","Breakfast",NA,NA,NA,NA,NA,NA
"4098","14-Mar","2 Slices Toast",2,"Breakfast","Spring 2025","Unimodal","Breakfast","Side","Satellite","Breakfast",NA,NA,NA,NA,NA,NA
"4099","14-Mar","PC Jelly",3,"Breakfast","Spring 2025","Unimodal","Breakfast","Side","Satellite","Breakfast",NA,NA,NA,NA,NA,NA
"4100","14-Mar","PC Peanut Butter",2,"Breakfast","Spring 2025","Unimodal","Breakfast","Side","Satellite","Breakfast",NA,NA,NA,NA,NA,NA
"4101","14-Mar","Create Your Pasta Bowl MEAT",71,"Italian","Spring 2025","Unimodal","Pasta","Main","Satellite","Lunch",0.625595496853921,47.8385188473692,8.99,44.4172802766284,3396.53483816321,638.29
"4102","14-Mar","Pizza with Toppings",27,"Italian","Spring 2025","Unimodal","Pizza","Main","Satellite","Lunch",NA,NA,NA,NA,NA,NA
"4103","14-Mar","Create Your Pasta Bowl VEG",14,"Italian","Spring 2025","Unimodal","Pasta","Main","Satellite","Lunch",0.140294556536554,10.5521527214029,8.49,1.96412379151176,147.73013809964,118.86
"4104","14-Mar","Pizza Cheese",11,"Italian","Spring 2025","Unimodal","Pizza","Main","Satellite","Lunch",NA,NA,NA,NA,NA,NA
"4105","14-Mar","Add Extra Meat",15,"Italian","Spring 2025","Unimodal","Pasta","Modification","Satellite","Lunch",NA,NA,NA,NA,NA,NA
"4106","14-Mar","Side Bread Pasta Station",2,"Italian","Spring 2025","Unimodal","Pasta","Side","Satellite","Lunch",NA,NA,NA,NA,NA,NA
"4107","14-Mar","Burrito Bowl BYO",61,"Mexican","Spring 2025","Unimodal","Wrap","Main","Satellite","Lunch",NA,NA,NA,NA,NA,NA
"4108","14-Mar","Single Taco",4,"Mexican","Spring 2025","Unimodal","Wrap","Main","Satellite","Lunch",NA,NA,NA,NA,NA,NA
"4109","14-Mar","Side Guacamole",1,"Mexican","Spring 2025","Unimodal","Wrap","Side","Satellite","Lunch",NA,NA,NA,NA,NA,NA
"4110","14-Mar","Add Extra Toppings Una Mano",2,"Mexican","Spring 2025","Unimodal","Wrap","Modification","Satellite","Lunch",NA,NA,NA,NA,NA,NA
"4111","14-Mar","LTO Spicy Chicken Sandwich",33,"Grab N Go","Spring 2025","Unimodal","Grab N Go","Main","Satellite","Lunch",NA,NA,NA,NA,NA,NA
"4112","14-Mar","Egg Cheese Sausage Breakfast Sandwich",24,"Grab N Go","Spring 2025","Unimodal","Grab N Go","Main","Satellite","Lunch",NA,NA,NA,NA,NA,NA
"4113","14-Mar","Egg Cheese Bacon Breakfast Sandwich",19,"Grab N Go","Spring 2025","Unimodal","Grab N Go","Main","Satellite","Lunch",NA,NA,NA,NA,NA,NA
"4114","14-Mar","Salad by the Pound",31,"Salad Bar","Spring 2025","Unimodal","Salad Bar","Main","Satellite","Lunch",NA,NA,NA,NA,NA,NA
"4115","14-Mar","Add Extra Protein 3.99",2,"Salad Bar","Spring 2025","Unimodal","Salad Bar","Modification","Satellite","Lunch",NA,NA,NA,NA,NA,NA
"4116","14-Mar","Soup 12 oz",27,"Soup","Spring 2025","Unimodal","Soup","Main","Satellite","Lunch",NA,NA,NA,NA,NA,NA
"4117","14-Mar","8 oz Soup",15,"Soup","Spring 2025","Unimodal","Soup","Main","Satellite","Lunch",NA,NA,NA,NA,NA,NA
"4118","17-Mar","Quesadilla Deluxe Trillium",147,"Grill","Spring 2025","Unimodal","Quesadilla","Main","Satellite","Lunch",NA,NA,NA,NA,NA,NA
"4119","17-Mar","Grilled Hamburger",77,"Grill","Spring 2025","Unimodal","Grill","Main","Treatment","Lunch",3.88121217461521,88.8793607464882,8.99,298.853337445371,6843.71077747959,692.23
"4120","17-Mar","Fried Chicken Tenders",92,"Grab N Go","Spring 2025","Unimodal","Grab N Go","Side","Satellite","Lunch",NA,NA,NA,NA,NA,NA
"4121","17-Mar","Burrito Una Mano Trillium BYO",51,"Grill","Spring 2025","Unimodal","Quesadilla","Main","Satellite","Lunch",NA,NA,NA,NA,NA,NA
"4122","17-Mar","French Fries",113,"Grill","Spring 2025","Unimodal","Grill","Side","Treatment","Lunch",0.040840402892853,2.72997334161235,2.99,4.61496552689239,308.486987602196,337.87
"4123","17-Mar","Quesadilla Cheese",19,"Grill","Spring 2025","Unimodal","Quesadilla","Main","Satellite","Lunch",NA,NA,NA,NA,NA,NA
"4124","17-Mar","Grilled Chicken Breast Sandwich",17,"Grill","Spring 2025","Unimodal","Grill","Main","Treatment","Lunch",0.301553745597932,69.470648861248,8.49,5.12641367516484,1181.00103064122,144.33
"4125","17-Mar","Trillium Grill Impossible Burger",12,"Grill","Spring 2025","Unimodal","Grill","Main","Treatment","Lunch",0.210911088099112,23.2535935181063,10.49,2.53093305718934,279.043122217276,125.88
"4126","17-Mar","Sweet Potato Fries",41,"Grill","Spring 2025","Unimodal","Grill","Side","Treatment","Lunch",0.0422551714366103,3.97622481710592,2.99,1.73246202890102,163.025217501343,122.59
"4127","17-Mar","+ Beef Patty",30,"Grill","Spring 2025","Unimodal","Grill","Modification","Treatment","Lunch",3.806907508554,79.8564119237622,2.99,114.20722525662,2395.69235771287,89.7
"4128","17-Mar","Seared Salmon Burger",10,"Grill","Spring 2025","Unimodal","Grill","Main","Treatment","Lunch",0.447926073918026,44.697222176261,8.49,4.47926073918026,446.97222176261,84.9
"4129","17-Mar","Black Bean Burger",8,"Grill","Spring 2025","Unimodal","Grill","Main","Treatment","Lunch",0.110944712328442,54.9888227801748,8.69,0.887557698627534,439.910582241398,69.52
"4130","17-Mar","Side Potato Tots",13,"Grab N Go","Spring 2025","Unimodal","Grab N Go","Side","Satellite","Lunch",NA,NA,NA,NA,NA,NA
"4131","17-Mar","ADD Cheese",12,"Grill","Spring 2025","Unimodal","Grill","Modification","Treatment","Lunch",0.183611306606629,3.19881943989712,1.99,2.20333567927955,38.3858332787655,23.88
"4132","17-Mar","ADD Chicken Breast",1,"Grill","Spring 2025","Unimodal","Grill","Modification","Treatment","Lunch",0.227249079536725,60.447700038522,2.99,0.227249079536725,60.447700038522,2.99
"4133","17-Mar","Add Sausage 2 Patty",1,"Grill","Spring 2025","Unimodal","Grill","Modification","Treatment","Lunch",0.168918026814813,34.6406776822533,1.99,0.168918026814813,34.6406776822533,1.99
"4134","17-Mar","Add Egg .99",2,"Grill","Spring 2025","Unimodal","Grill","Modification","Treatment","Lunch",0.0903881853779601,25.3348662383603,0.99,0.18077637075592,50.6697324767206,1.98
"4135","17-Mar","1 Entree + 1 Side",184,"Asian","Spring 2025","Unimodal","Wok","Main","Satellite","Lunch",NA,NA,NA,NA,NA,NA
"4136","17-Mar","Bowl Ramen Chicken",84,"Asian","Spring 2025","Unimodal","Ramen","Main","Treatment","Lunch",0.379685915053077,104.607642341871,9.49,31.8936168644585,8787.04195671721,797.16
"4137","17-Mar","1 Entree + 2 Side",70,"Asian","Spring 2025","Unimodal","Wok","Main","Satellite","Lunch",NA,NA,NA,NA,NA,NA
"4138","17-Mar","2 Entrees + 2 Sides",32,"Asian","Spring 2025","Unimodal","Wok","Main","Satellite","Lunch",NA,NA,NA,NA,NA,NA
"4139","17-Mar","Bowl Ramen Tofu",19,"Asian","Spring 2025","Unimodal","Ramen","Main","Treatment","Lunch",0.306509419979168,91.9886822989085,9.49,5.82367897960419,1747.78496367926,180.31
"4140","17-Mar","Side Vegetarian Lo Mein",7,"Asian","Spring 2025","Unimodal","Wok","Side","Satellite","Lunch",NA,NA,NA,NA,NA,NA
"4141","17-Mar","1 Wok Entree",3,"Asian","Spring 2025","Unimodal","Wok","Main","Satellite","Lunch",NA,NA,NA,NA,NA,NA
"4142","17-Mar","Side White or Brown Rice",7,"Asian","Spring 2025","Unimodal","Wok","Side","Satellite","Lunch",NA,NA,NA,NA,NA,NA
"4143","17-Mar","Side Fried Spring Roll",2,"Asian","Spring 2025","Unimodal","Wok","Side","Satellite","Lunch",NA,NA,NA,NA,NA,NA
"4144","17-Mar","Side Vegetable Spring Rolls",2,"Asian","Spring 2025","Unimodal","Wok","Side","Satellite","Lunch",NA,NA,NA,NA,NA,NA
"4145","17-Mar","Create Your Pasta Bowl MEAT",126,"Italian","Spring 2025","Unimodal","Pasta","Main","Satellite","Lunch",0.625595496853921,47.8385188473692,8.99,78.8250326035941,6027.65337476852,1132.74
"4146","17-Mar","Pizza with Toppings",28,"Italian","Spring 2025","Unimodal","Pizza","Main","Satellite","Lunch",NA,NA,NA,NA,NA,NA
"4147","17-Mar","Create Your Pasta Bowl VEG",18,"Italian","Spring 2025","Unimodal","Pasta","Main","Satellite","Lunch",0.140294556536554,10.5521527214029,8.49,2.52530201765797,189.938748985251,152.82
"4148","17-Mar","Add Extra Meat",31,"Italian","Spring 2025","Unimodal","Pasta","Modification","Satellite","Lunch",NA,NA,NA,NA,NA,NA
"4149","17-Mar","Pizza Cheese",17,"Italian","Spring 2025","Unimodal","Pizza","Main","Satellite","Lunch",NA,NA,NA,NA,NA,NA
"4150","17-Mar","Side Bread Pasta Station",1,"Italian","Spring 2025","Unimodal","Pasta","Side","Satellite","Lunch",NA,NA,NA,NA,NA,NA
"4151","17-Mar","Burrito Breakfast",76,"Breakfast","Spring 2025","Unimodal","Breakfast","Main","Satellite","Breakfast",NA,NA,NA,NA,NA,NA
"4152","17-Mar","Small French Omelet",61,"Breakfast","Spring 2025","Unimodal","Breakfast","Side","Satellite","Breakfast",NA,NA,NA,NA,NA,NA
"4153","17-Mar","Add Bacon",32,"Breakfast","Spring 2025","Unimodal","Breakfast","Modification","Satellite","Breakfast",NA,NA,NA,NA,NA,NA
"4154","17-Mar","Grand Slam Breakfast",7,"Breakfast","Spring 2025","Unimodal","Breakfast","Main","Satellite","Breakfast",NA,NA,NA,NA,NA,NA
"4155","17-Mar","Two Eggs",14,"Breakfast","Spring 2025","Unimodal","Breakfast","Side","Satellite","Breakfast",NA,NA,NA,NA,NA,NA
"4156","17-Mar","Trillium Home Fries",1,"Breakfast","Spring 2025","Unimodal","Breakfast","Side","Satellite","Breakfast",NA,NA,NA,NA,NA,NA
"4157","17-Mar","PC Peanut Butter",2,"Breakfast","Spring 2025","Unimodal","Breakfast","Side","Satellite","Breakfast",NA,NA,NA,NA,NA,NA
"4158","17-Mar","2 Slices Toast",1,"Breakfast","Spring 2025","Unimodal","Breakfast","Side","Satellite","Breakfast",NA,NA,NA,NA,NA,NA
"4159","17-Mar","Burrito Bowl BYO",100,"Mexican","Spring 2025","Unimodal","Wrap","Main","Satellite","Lunch",NA,NA,NA,NA,NA,NA
"4160","17-Mar","Side Guacamole",4,"Mexican","Spring 2025","Unimodal","Wrap","Side","Satellite","Lunch",NA,NA,NA,NA,NA,NA
"4161","17-Mar","Add Extra Toppings Una Mano",2,"Mexican","Spring 2025","Unimodal","Wrap","Modification","Satellite","Lunch",NA,NA,NA,NA,NA,NA
"4162","17-Mar","Side Sour Cream",2,"Mexican","Spring 2025","Unimodal","Wrap","Side","Satellite","Lunch",NA,NA,NA,NA,NA,NA
"4163","17-Mar","Side Salsa",1,"Mexican","Spring 2025","Unimodal","Wrap","Side","Satellite","Lunch",NA,NA,NA,NA,NA,NA
"4164","17-Mar","Salad by the Pound",51,"Salad Bar","Spring 2025","Unimodal","Salad Bar","Main","Satellite","Lunch",NA,NA,NA,NA,NA,NA
"4165","17-Mar","Add Extra Protein 3.99",2,"Salad Bar","Spring 2025","Unimodal","Salad Bar","Modification","Satellite","Lunch",NA,NA,NA,NA,NA,NA
"4166","17-Mar","LTO Spicy Chicken Sandwich",29,"Grab N Go","Spring 2025","Unimodal","Grab N Go","Main","Satellite","Lunch",NA,NA,NA,NA,NA,NA
"4167","17-Mar","Egg Cheese Sausage Breakfast Sandwich",24,"Grab N Go","Spring 2025","Unimodal","Grab N Go","Main","Satellite","Lunch",NA,NA,NA,NA,NA,NA
"4168","17-Mar","Egg Cheese Bacon Breakfast Sandwich",20,"Grab N Go","Spring 2025","Unimodal","Grab N Go","Main","Satellite","Lunch",NA,NA,NA,NA,NA,NA
"4169","17-Mar","8 oz Soup",47,"Soup","Spring 2025","Unimodal","Soup","Main","Satellite","Lunch",NA,NA,NA,NA,NA,NA
"4170","17-Mar","Soup 12 oz",40,"Soup","Spring 2025","Unimodal","Soup","Main","Satellite","Lunch",NA,NA,NA,NA,NA,NA
"4171","18-Mar","Quesadilla Deluxe Trillium",186,"Grill","Spring 2025","Unimodal","Quesadilla","Main","Satellite","Lunch",NA,NA,NA,NA,NA,NA
"4172","18-Mar","Fried Chicken Tenders",105,"Grab N Go","Spring 2025","Unimodal","Grab N Go","Side","Satellite","Lunch",NA,NA,NA,NA,NA,NA
"4173","18-Mar","Grilled Hamburger",80,"Grill","Spring 2025","Unimodal","Grill","Main","Treatment","Lunch",3.88121217461521,88.8793607464882,8.99,310.496973969217,7110.34885971905,719.2
"4174","18-Mar","Burrito Una Mano Trillium BYO",69,"Grill","Spring 2025","Unimodal","Quesadilla","Main","Satellite","Lunch",NA,NA,NA,NA,NA,NA
"4175","18-Mar","French Fries",112,"Grill","Spring 2025","Unimodal","Grill","Side","Treatment","Lunch",0.040840402892853,2.72997334161235,2.99,4.57412512399954,305.757014260583,334.88
"4176","18-Mar","Quesadilla Cheese",18,"Grill","Spring 2025","Unimodal","Quesadilla","Main","Satellite","Lunch",NA,NA,NA,NA,NA,NA
"4177","18-Mar","Grilled Chicken Breast Sandwich",16,"Grill","Spring 2025","Unimodal","Grill","Main","Treatment","Lunch",0.301553745597932,69.470648861248,8.49,4.8248599295669,1111.53038177997,135.84
"4178","18-Mar","Sweet Potato Fries",43,"Grill","Spring 2025","Unimodal","Grill","Side","Treatment","Lunch",0.0422551714366103,3.97622481710592,2.99,1.81697237177424,170.977667135555,128.57
"4179","18-Mar","Trillium Grill Impossible Burger",7,"Grill","Spring 2025","Unimodal","Grill","Main","Treatment","Lunch",0.210911088099112,23.2535935181063,10.49,1.47637761669378,162.775154626744,73.43
"4180","18-Mar","+ Beef Patty",18,"Grill","Spring 2025","Unimodal","Grill","Modification","Treatment","Lunch",3.806907508554,79.8564119237622,2.99,68.524335153972,1437.41541462772,53.82
"4181","18-Mar","Side Potato Tots",20,"Grab N Go","Spring 2025","Unimodal","Grab N Go","Side","Satellite","Lunch",NA,NA,NA,NA,NA,NA
"4182","18-Mar","Seared Salmon Burger",6,"Grill","Spring 2025","Unimodal","Grill","Main","Treatment","Lunch",0.447926073918026,44.697222176261,8.49,2.68755644350815,268.183333057566,50.94
"4183","18-Mar","Black Bean Burger",3,"Grill","Spring 2025","Unimodal","Grill","Main","Treatment","Lunch",0.110944712328442,54.9888227801748,8.69,0.332834136985325,164.966468340524,26.07
"4184","18-Mar","ADD Chicken Breast",4,"Grill","Spring 2025","Unimodal","Grill","Modification","Treatment","Lunch",0.227249079536725,60.447700038522,2.99,0.9089963181469,241.790800154088,11.96
"4185","18-Mar","Add Impossible Burger Patty",1,"Grill","Spring 2025","Unimodal","Grill","Modification","Treatment","Lunch",0.151541244844319,13.0180456460107,2.99,0.151541244844319,13.0180456460107,2.99
"4186","18-Mar","ADD Cheese",8,"Grill","Spring 2025","Unimodal","Grill","Modification","Treatment","Lunch",0.183611306606629,3.19881943989712,1.99,1.46889045285303,25.590555519177,15.92
"4187","18-Mar","Add Egg .99",4,"Grill","Spring 2025","Unimodal","Grill","Modification","Treatment","Lunch",0.0903881853779601,25.3348662383603,0.99,0.36155274151184,101.339464953441,3.96
"4188","18-Mar","1 Entree + 1 Side",196,"Asian","Spring 2025","Unimodal","Wok","Main","Satellite","Lunch",NA,NA,NA,NA,NA,NA
"4189","18-Mar","Bowl Ramen Chicken",73,"Asian","Spring 2025","Unimodal","Ramen","Main","Treatment","Lunch",0.379685915053077,104.607642341871,9.49,27.7170717988746,7636.35789095662,692.77
"4190","18-Mar","1 Entree + 2 Side",62,"Asian","Spring 2025","Unimodal","Wok","Main","Satellite","Lunch",NA,NA,NA,NA,NA,NA
"4191","18-Mar","2 Entrees + 2 Sides",33,"Asian","Spring 2025","Unimodal","Wok","Main","Satellite","Lunch",NA,NA,NA,NA,NA,NA
"4192","18-Mar","Bowl Ramen Tofu",23,"Asian","Spring 2025","Unimodal","Ramen","Main","Treatment","Lunch",0.306509419979168,91.9886822989085,9.49,7.04971665952086,2115.7396928749,218.27
"4193","18-Mar","Side Vegetarian Lo Mein",7,"Asian","Spring 2025","Unimodal","Wok","Side","Satellite","Lunch",NA,NA,NA,NA,NA,NA
"4194","18-Mar","1 Wok Entree",4,"Asian","Spring 2025","Unimodal","Wok","Main","Satellite","Lunch",NA,NA,NA,NA,NA,NA
"4195","18-Mar","Side White or Brown Rice",8,"Asian","Spring 2025","Unimodal","Wok","Side","Satellite","Lunch",NA,NA,NA,NA,NA,NA
"4196","18-Mar","Side Vegetable Spring Rolls",4,"Asian","Spring 2025","Unimodal","Wok","Side","Satellite","Lunch",NA,NA,NA,NA,NA,NA
"4197","18-Mar","Side Fried Spring Roll",3,"Asian","Spring 2025","Unimodal","Wok","Side","Satellite","Lunch",NA,NA,NA,NA,NA,NA
"4198","18-Mar","Bowl Ramen Chicken",1,"Asian","Spring 2025","Unimodal","Ramen","Main","Treatment","Lunch",0.379685915053077,104.607642341871,9.49,0.379685915053077,104.607642341871,9.49
"4199","18-Mar","Burrito Breakfast",85,"Breakfast","Spring 2025","Unimodal","Breakfast","Main","Satellite","Breakfast",NA,NA,NA,NA,NA,NA
"4200","18-Mar","Small French Omelet",69,"Breakfast","Spring 2025","Unimodal","Breakfast","Side","Satellite","Breakfast",NA,NA,NA,NA,NA,NA
"4201","18-Mar","Grand Slam Breakfast",12,"Breakfast","Spring 2025","Unimodal","Breakfast","Main","Satellite","Breakfast",NA,NA,NA,NA,NA,NA
"4202","18-Mar","Add Bacon",31,"Breakfast","Spring 2025","Unimodal","Breakfast","Modification","Satellite","Breakfast",NA,NA,NA,NA,NA,NA
"4203","18-Mar","Trillium Home Fries",7,"Breakfast","Spring 2025","Unimodal","Breakfast","Side","Satellite","Breakfast",NA,NA,NA,NA,NA,NA
"4204","18-Mar","Two Eggs",10,"Breakfast","Spring 2025","Unimodal","Breakfast","Side","Satellite","Breakfast",NA,NA,NA,NA,NA,NA
"4205","18-Mar","Pancake Single",1,"Breakfast","Spring 2025","Unimodal","Breakfast","Side","Satellite","Breakfast",NA,NA,NA,NA,NA,NA
"4206","18-Mar","2 Slices Toast",1,"Breakfast","Spring 2025","Unimodal","Breakfast","Side","Satellite","Breakfast",NA,NA,NA,NA,NA,NA
"4207","18-Mar","Create Your Pasta Bowl MEAT",89,"Italian","Spring 2025","Unimodal","Pasta","Main","Satellite","Lunch",0.625595496853921,47.8385188473692,8.99,55.677999219999,4257.62817741586,800.11
"4208","18-Mar","Create Your Pasta Bowl VEG",27,"Italian","Spring 2025","Unimodal","Pasta","Main","Satellite","Lunch",0.140294556536554,10.5521527214029,8.49,3.78795302648696,284.908123477877,229.23
"4209","18-Mar","Pizza with Toppings",31,"Italian","Spring 2025","Unimodal","Pizza","Main","Satellite","Lunch",NA,NA,NA,NA,NA,NA
"4210","18-Mar","Pizza Cheese",18,"Italian","Spring 2025","Unimodal","Pizza","Main","Satellite","Lunch",NA,NA,NA,NA,NA,NA
"4211","18-Mar","Add Extra Meat",24,"Italian","Spring 2025","Unimodal","Pasta","Modification","Satellite","Lunch",NA,NA,NA,NA,NA,NA
"4212","18-Mar","Side Bread Pasta Station",2,"Italian","Spring 2025","Unimodal","Pasta","Side","Satellite","Lunch",NA,NA,NA,NA,NA,NA
"4213","18-Mar","Burrito Bowl BYO",101,"Mexican","Spring 2025","Unimodal","Wrap","Main","Satellite","Lunch",NA,NA,NA,NA,NA,NA
"4214","18-Mar","Single Taco",7,"Mexican","Spring 2025","Unimodal","Wrap","Main","Satellite","Lunch",NA,NA,NA,NA,NA,NA
"4215","18-Mar","Side Guacamole",4,"Mexican","Spring 2025","Unimodal","Wrap","Side","Satellite","Lunch",NA,NA,NA,NA,NA,NA
"4216","18-Mar","Add Extra Toppings Una Mano",4,"Mexican","Spring 2025","Unimodal","Wrap","Modification","Satellite","Lunch",NA,NA,NA,NA,NA,NA
"4217","18-Mar","Side Sour Cream",2,"Mexican","Spring 2025","Unimodal","Wrap","Side","Satellite","Lunch",NA,NA,NA,NA,NA,NA
"4218","18-Mar","LTO Spicy Chicken Sandwich",24,"Grab N Go","Spring 2025","Unimodal","Grab N Go","Main","Satellite","Lunch",NA,NA,NA,NA,NA,NA
"4219","18-Mar","Egg Cheese Sausage Breakfast Sandwich",29,"Grab N Go","Spring 2025","Unimodal","Grab N Go","Main","Satellite","Lunch",NA,NA,NA,NA,NA,NA
"4220","18-Mar","LTO Meatball Sub",15,"Grab N Go","Spring 2025","Unimodal","Grab N Go","Main","Satellite","Lunch",NA,NA,NA,NA,NA,NA
"4221","18-Mar","Egg Cheese Bacon Breakfast Sandwich",17,"Grab N Go","Spring 2025","Unimodal","Grab N Go","Main","Satellite","Lunch",NA,NA,NA,NA,NA,NA
"4222","18-Mar","Salad by the Pound",57,"Salad Bar","Spring 2025","Unimodal","Salad Bar","Main","Satellite","Lunch",NA,NA,NA,NA,NA,NA
"4223","18-Mar","Soup 12 oz",49,"Soup","Spring 2025","Unimodal","Soup","Main","Satellite","Lunch",NA,NA,NA,NA,NA,NA
"4224","18-Mar","8 oz Soup",24,"Soup","Spring 2025","Unimodal","Soup","Main","Satellite","Lunch",NA,NA,NA,NA,NA,NA
"4225","19-Mar","Quesadilla Deluxe Trillium",188,"Grill","Spring 2025","Unimodal","Quesadilla","Main","Satellite","Lunch",NA,NA,NA,NA,NA,NA
"4226","19-Mar","Grilled Hamburger",96,"Grill","Spring 2025","Unimodal","Grill","Main","Treatment","Lunch",3.88121217461521,88.8793607464882,8.99,372.59636876306,8532.41863166286,863.04
"4227","19-Mar","Burrito Una Mano Trillium BYO",67,"Grill","Spring 2025","Unimodal","Quesadilla","Main","Satellite","Lunch",NA,NA,NA,NA,NA,NA
"4228","19-Mar","Fried Chicken Tenders",83,"Grab N Go","Spring 2025","Unimodal","Grab N Go","Side","Satellite","Lunch",NA,NA,NA,NA,NA,NA
"4229","19-Mar","French Fries",103,"Grill","Spring 2025","Unimodal","Grill","Side","Treatment","Lunch",0.040840402892853,2.72997334161235,2.99,4.20656149796386,281.187254186072,307.97
"4230","19-Mar","Quesadilla Cheese",27,"Grill","Spring 2025","Unimodal","Quesadilla","Main","Satellite","Lunch",NA,NA,NA,NA,NA,NA
"4231","19-Mar","Grilled Chicken Breast Sandwich",20,"Grill","Spring 2025","Unimodal","Grill","Main","Treatment","Lunch",0.301553745597932,69.470648861248,8.49,6.03107491195863,1389.41297722496,169.8
"4232","19-Mar","Sweet Potato Fries",42,"Grill","Spring 2025","Unimodal","Grill","Side","Treatment","Lunch",0.0422551714366103,3.97622481710592,2.99,1.77471720033763,167.001442318449,125.58
"4233","19-Mar","+ Beef Patty",26,"Grill","Spring 2025","Unimodal","Grill","Modification","Treatment","Lunch",3.806907508554,79.8564119237622,2.99,98.979595222404,2076.26671001782,77.74
"4234","19-Mar","Seared Salmon Burger",6,"Grill","Spring 2025","Unimodal","Grill","Main","Treatment","Lunch",0.447926073918026,44.697222176261,8.49,2.68755644350815,268.183333057566,50.94
"4235","19-Mar","Side Potato Tots",16,"Grab N Go","Spring 2025","Unimodal","Grab N Go","Side","Satellite","Lunch",NA,NA,NA,NA,NA,NA
"4236","19-Mar","Black Bean Burger",5,"Grill","Spring 2025","Unimodal","Grill","Main","Treatment","Lunch",0.110944712328442,54.9888227801748,8.69,0.554723561642208,274.944113900874,43.45
"4237","19-Mar","Trillium Grill Impossible Burger",3,"Grill","Spring 2025","Unimodal","Grill","Main","Treatment","Lunch",0.210911088099112,23.2535935181063,10.49,0.632733264297335,69.7607805543189,31.47
"4238","19-Mar","Add Sausage 2 Patty",4,"Grill","Spring 2025","Unimodal","Grill","Modification","Treatment","Lunch",0.168918026814813,34.6406776822533,1.99,0.675672107259252,138.562710729013,7.96
"4239","19-Mar","ADD Chicken Breast",2,"Grill","Spring 2025","Unimodal","Grill","Modification","Treatment","Lunch",0.227249079536725,60.447700038522,2.99,0.45449815907345,120.895400077044,5.98
"4240","19-Mar","ADD Cheese",13,"Grill","Spring 2025","Unimodal","Grill","Modification","Treatment","Lunch",0.183611306606629,3.19881943989712,1.99,2.38694698588618,41.5846527186626,25.87
"4241","19-Mar","Add Egg .99",3,"Grill","Spring 2025","Unimodal","Grill","Modification","Treatment","Lunch",0.0903881853779601,25.3348662383603,0.99,0.27116455613388,76.0045987150809,2.97
"4242","19-Mar","1 Entree + 1 Side",198,"Asian","Spring 2025","Unimodal","Wok","Main","Satellite","Lunch",NA,NA,NA,NA,NA,NA
"4243","19-Mar","1 Entree + 2 Side",68,"Asian","Spring 2025","Unimodal","Wok","Main","Satellite","Lunch",NA,NA,NA,NA,NA,NA
"4244","19-Mar","Bowl Ramen Chicken",62,"Asian","Spring 2025","Unimodal","Ramen","Main","Treatment","Lunch",0.379685915053077,104.607642341871,9.49,23.5405267332908,6485.67382519603,588.38
"4245","19-Mar","2 Entrees + 2 Sides",23,"Asian","Spring 2025","Unimodal","Wok","Main","Satellite","Lunch",NA,NA,NA,NA,NA,NA
"4246","19-Mar","Bowl Ramen Tofu",15,"Asian","Spring 2025","Unimodal","Ramen","Main","Treatment","Lunch",0.306509419979168,91.9886822989085,9.49,4.59764129968752,1379.83023448363,142.35
"4247","19-Mar","1 Wok Entree",5,"Asian","Spring 2025","Unimodal","Wok","Main","Satellite","Lunch",NA,NA,NA,NA,NA,NA
"4248","19-Mar","Side White or Brown Rice",10,"Asian","Spring 2025","Unimodal","Wok","Side","Satellite","Lunch",NA,NA,NA,NA,NA,NA
"4249","19-Mar","Side Vegetarian Lo Mein",5,"Asian","Spring 2025","Unimodal","Wok","Side","Satellite","Lunch",NA,NA,NA,NA,NA,NA
"4250","19-Mar","Side Vegetables",2,"Asian","Spring 2025","Unimodal","Wok","Side","Satellite","Lunch",NA,NA,NA,NA,NA,NA
"4251","19-Mar","Side Fried Spring Roll",1,"Asian","Spring 2025","Unimodal","Wok","Side","Satellite","Lunch",NA,NA,NA,NA,NA,NA
"4252","19-Mar","Side Vegetarian Fried Rice with",1,"Asian","Spring 2025","Unimodal","Wok","Side","Satellite","Lunch",NA,NA,NA,NA,NA,NA
"4253","19-Mar","Add Extra Toppings",1,"Asian","Spring 2025","Unimodal","Ramen","Modification","Treatment","Lunch",0.0010464372365658,0.0220745767324265,0.99,0.0010464372365658,0.0220745767324265,0.99
"4254","19-Mar","Create Your Pasta Bowl MEAT",106,"Italian","Spring 2025","Unimodal","Pasta","Main","Satellite","Lunch",0.625595496853921,47.8385188473692,8.99,66.3131226665157,5070.88299782113,952.94
"4255","19-Mar","Create Your Pasta Bowl VEG",20,"Italian","Spring 2025","Unimodal","Pasta","Main","Satellite","Lunch",0.140294556536554,10.5521527214029,8.49,2.80589113073108,211.043054428057,169.8
"4256","19-Mar","Pizza with Toppings",29,"Italian","Spring 2025","Unimodal","Pizza","Main","Satellite","Lunch",NA,NA,NA,NA,NA,NA
"4257","19-Mar","Pizza Cheese",20,"Italian","Spring 2025","Unimodal","Pizza","Main","Satellite","Lunch",NA,NA,NA,NA,NA,NA
"4258","19-Mar","Add Extra Meat",22,"Italian","Spring 2025","Unimodal","Pasta","Modification","Satellite","Lunch",NA,NA,NA,NA,NA,NA
"4259","19-Mar","Side Bread Pasta Station",1,"Italian","Spring 2025","Unimodal","Pasta","Side","Satellite","Lunch",NA,NA,NA,NA,NA,NA
"4260","19-Mar","Burrito Breakfast",95,"Breakfast","Spring 2025","Unimodal","Breakfast","Main","Satellite","Breakfast",NA,NA,NA,NA,NA,NA
"4261","19-Mar","Small French Omelet",45,"Breakfast","Spring 2025","Unimodal","Breakfast","Side","Satellite","Breakfast",NA,NA,NA,NA,NA,NA
"4262","19-Mar","Grand Slam Breakfast",9,"Breakfast","Spring 2025","Unimodal","Breakfast","Main","Satellite","Breakfast",NA,NA,NA,NA,NA,NA
"4263","19-Mar","Add Bacon",28,"Breakfast","Spring 2025","Unimodal","Breakfast","Modification","Satellite","Breakfast",NA,NA,NA,NA,NA,NA
"4264","19-Mar","Two Eggs",14,"Breakfast","Spring 2025","Unimodal","Breakfast","Side","Satellite","Breakfast",NA,NA,NA,NA,NA,NA
"4265","19-Mar","Pancake Single",4,"Breakfast","Spring 2025","Unimodal","Breakfast","Side","Satellite","Breakfast",NA,NA,NA,NA,NA,NA
"4266","19-Mar","Trillium Home Fries",1,"Breakfast","Spring 2025","Unimodal","Breakfast","Side","Satellite","Breakfast",NA,NA,NA,NA,NA,NA
"4267","19-Mar","2 Slices Toast",1,"Breakfast","Spring 2025","Unimodal","Breakfast","Side","Satellite","Breakfast",NA,NA,NA,NA,NA,NA
"4268","19-Mar","Burrito Bowl BYO",102,"Mexican","Spring 2025","Unimodal","Wrap","Main","Satellite","Lunch",NA,NA,NA,NA,NA,NA
"4269","19-Mar","Side Guacamole",1,"Mexican","Spring 2025","Unimodal","Wrap","Side","Satellite","Lunch",NA,NA,NA,NA,NA,NA
"4270","19-Mar","Side Sour Cream",2,"Mexican","Spring 2025","Unimodal","Wrap","Side","Satellite","Lunch",NA,NA,NA,NA,NA,NA
"4271","19-Mar","Side Salsa",1,"Mexican","Spring 2025","Unimodal","Wrap","Side","Satellite","Lunch",NA,NA,NA,NA,NA,NA
"4272","19-Mar","Salad by the Pound",67,"Salad Bar","Spring 2025","Unimodal","Salad Bar","Main","Satellite","Lunch",NA,NA,NA,NA,NA,NA
"4273","19-Mar","Add Extra Protein 3.99",1,"Salad Bar","Spring 2025","Unimodal","Salad Bar","Modification","Satellite","Lunch",NA,NA,NA,NA,NA,NA
"4274","19-Mar","LTO Spicy Chicken Sandwich",39,"Grab N Go","Spring 2025","Unimodal","Grab N Go","Main","Satellite","Lunch",NA,NA,NA,NA,NA,NA
"4275","19-Mar","Egg Cheese Sausage Breakfast Sandwich",23,"Grab N Go","Spring 2025","Unimodal","Grab N Go","Main","Satellite","Lunch",NA,NA,NA,NA,NA,NA
"4276","19-Mar","Egg Cheese Bacon Breakfast Sandwich",13,"Grab N Go","Spring 2025","Unimodal","Grab N Go","Main","Satellite","Lunch",NA,NA,NA,NA,NA,NA
"4277","19-Mar","Soup 12 oz",41,"Soup","Spring 2025","Unimodal","Soup","Main","Satellite","Lunch",NA,NA,NA,NA,NA,NA
"4278","19-Mar","8 oz Soup",44,"Soup","Spring 2025","Unimodal","Soup","Main","Satellite","Lunch",NA,NA,NA,NA,NA,NA
"4279","20-Mar","Quesadilla Deluxe Trillium",180,"Grill","Spring 2025","Unimodal","Quesadilla","Main","Satellite","Lunch",NA,NA,NA,NA,NA,NA
"4280","20-Mar","Grilled Hamburger",103,"Grill","Spring 2025","Unimodal","Grill","Main","Treatment","Lunch",3.88121217461521,88.8793607464882,8.99,399.764853985366,9154.57415688828,925.97
"4281","20-Mar","Burrito Una Mano Trillium BYO",65,"Grill","Spring 2025","Unimodal","Quesadilla","Main","Satellite","Lunch",NA,NA,NA,NA,NA,NA
"4282","20-Mar","Fried Chicken Tenders",77,"Grab N Go","Spring 2025","Unimodal","Grab N Go","Side","Satellite","Lunch",NA,NA,NA,NA,NA,NA
"4283","20-Mar","French Fries",109,"Grill","Spring 2025","Unimodal","Grill","Side","Treatment","Lunch",0.040840402892853,2.72997334161235,2.99,4.45160391532098,297.567094235746,325.91
"4284","20-Mar","Quesadilla Cheese",24,"Grill","Spring 2025","Unimodal","Quesadilla","Main","Satellite","Lunch",NA,NA,NA,NA,NA,NA
"4285","20-Mar","Grilled Chicken Breast Sandwich",18,"Grill","Spring 2025","Unimodal","Grill","Main","Treatment","Lunch",0.301553745597932,69.470648861248,8.49,5.42796742076277,1250.47167950246,152.82
"4286","20-Mar","Trillium Grill Impossible Burger",12,"Grill","Spring 2025","Unimodal","Grill","Main","Treatment","Lunch",0.210911088099112,23.2535935181063,10.49,2.53093305718934,279.043122217276,125.88
"4287","20-Mar","Sweet Potato Fries",23,"Grill","Spring 2025","Unimodal","Grill","Side","Treatment","Lunch",0.0422551714366103,3.97622481710592,2.99,0.971868943042037,91.4531707934362,68.77
"4288","20-Mar","Side Potato Tots",22,"Grab N Go","Spring 2025","Unimodal","Grab N Go","Side","Satellite","Lunch",NA,NA,NA,NA,NA,NA
"4289","20-Mar","+ Beef Patty",14,"Grill","Spring 2025","Unimodal","Grill","Modification","Treatment","Lunch",3.806907508554,79.8564119237622,2.99,53.296705119756,1117.98976693267,41.86
"4290","20-Mar","Seared Salmon Burger",6,"Grill","Spring 2025","Unimodal","Grill","Main","Treatment","Lunch",0.447926073918026,44.697222176261,8.49,2.68755644350815,268.183333057566,50.94
"4291","20-Mar","Black Bean Burger",3,"Grill","Spring 2025","Unimodal","Grill","Main","Treatment","Lunch",0.110944712328442,54.9888227801748,8.69,0.332834136985325,164.966468340524,26.07
"4292","20-Mar","Add Sausage 2 Patty",5,"Grill","Spring 2025","Unimodal","Grill","Modification","Treatment","Lunch",0.168918026814813,34.6406776822533,1.99,0.844590134074065,173.203388411266,9.95
"4293","20-Mar","ADD Chicken Breast",1,"Grill","Spring 2025","Unimodal","Grill","Modification","Treatment","Lunch",0.227249079536725,60.447700038522,2.99,0.227249079536725,60.447700038522,2.99
"4294","20-Mar","Add Egg .99",4,"Grill","Spring 2025","Unimodal","Grill","Modification","Treatment","Lunch",0.0903881853779601,25.3348662383603,0.99,0.36155274151184,101.339464953441,3.96
"4295","20-Mar","ADD Cheese",5,"Grill","Spring 2025","Unimodal","Grill","Modification","Treatment","Lunch",0.183611306606629,3.19881943989712,1.99,0.918056533033145,15.9940971994856,9.95
"4296","20-Mar","1 Entree + 1 Side",191,"Asian","Spring 2025","Unimodal","Wok","Main","Satellite","Lunch",NA,NA,NA,NA,NA,NA
"4297","20-Mar","1 Entree + 2 Side",72,"Asian","Spring 2025","Unimodal","Wok","Main","Satellite","Lunch",NA,NA,NA,NA,NA,NA
"4298","20-Mar","Bowl Ramen Chicken",59,"Asian","Spring 2025","Unimodal","Ramen","Main","Treatment","Lunch",0.379685915053077,104.607642341871,9.49,22.4014689881315,6171.85089817042,559.91
"4299","20-Mar","2 Entrees + 2 Sides",25,"Asian","Spring 2025","Unimodal","Wok","Main","Satellite","Lunch",NA,NA,NA,NA,NA,NA
"4300","20-Mar","Bowl Ramen Tofu",27,"Asian","Spring 2025","Unimodal","Ramen","Main","Treatment","Lunch",0.306509419979168,91.9886822989085,9.49,8.27575433943753,2483.69442207053,256.23
"4301","20-Mar","1 Wok Entree",15,"Asian","Spring 2025","Unimodal","Wok","Main","Satellite","Lunch",NA,NA,NA,NA,NA,NA
"4302","20-Mar","Side Vegetarian Lo Mein",5,"Asian","Spring 2025","Unimodal","Wok","Side","Satellite","Lunch",NA,NA,NA,NA,NA,NA
"4303","20-Mar","Side Vegetable Spring Rolls",2,"Asian","Spring 2025","Unimodal","Wok","Side","Satellite","Lunch",NA,NA,NA,NA,NA,NA
"4304","20-Mar","Side White or Brown Rice",2,"Asian","Spring 2025","Unimodal","Wok","Side","Satellite","Lunch",NA,NA,NA,NA,NA,NA
"4305","20-Mar","Side Vegetables",1,"Asian","Spring 2025","Unimodal","Wok","Side","Satellite","Lunch",NA,NA,NA,NA,NA,NA
"4306","20-Mar","Create Your Pasta Bowl MEAT",98,"Italian","Spring 2025","Unimodal","Pasta","Main","Satellite","Lunch",0.625595496853921,47.8385188473692,8.99,61.3083586916843,4688.17484704218,881.02
"4307","20-Mar","Create Your Pasta Bowl VEG",28,"Italian","Spring 2025","Unimodal","Pasta","Main","Satellite","Lunch",0.140294556536554,10.5521527214029,8.49,3.92824758302351,295.46027619928,237.72
"4308","20-Mar","Pizza with Toppings",32,"Italian","Spring 2025","Unimodal","Pizza","Main","Satellite","Lunch",NA,NA,NA,NA,NA,NA
"4309","20-Mar","Pizza Cheese",16,"Italian","Spring 2025","Unimodal","Pizza","Main","Satellite","Lunch",NA,NA,NA,NA,NA,NA
"4310","20-Mar","Add Extra Meat",20,"Italian","Spring 2025","Unimodal","Pasta","Modification","Satellite","Lunch",NA,NA,NA,NA,NA,NA
"4311","20-Mar","Side Bread Pasta Station",4,"Italian","Spring 2025","Unimodal","Pasta","Side","Satellite","Lunch",NA,NA,NA,NA,NA,NA
"4312","20-Mar","Burrito Breakfast",90,"Breakfast","Spring 2025","Unimodal","Breakfast","Main","Satellite","Breakfast",NA,NA,NA,NA,NA,NA
"4313","20-Mar","Small French Omelet",50,"Breakfast","Spring 2025","Unimodal","Breakfast","Side","Satellite","Breakfast",NA,NA,NA,NA,NA,NA
"4314","20-Mar","Grand Slam Breakfast",11,"Breakfast","Spring 2025","Unimodal","Breakfast","Main","Satellite","Breakfast",NA,NA,NA,NA,NA,NA
"4315","20-Mar","Add Bacon",40,"Breakfast","Spring 2025","Unimodal","Breakfast","Modification","Satellite","Breakfast",NA,NA,NA,NA,NA,NA
"4316","20-Mar","Two Eggs",17,"Breakfast","Spring 2025","Unimodal","Breakfast","Side","Satellite","Breakfast",NA,NA,NA,NA,NA,NA
"4317","20-Mar","Trillium Home Fries",1,"Breakfast","Spring 2025","Unimodal","Breakfast","Side","Satellite","Breakfast",NA,NA,NA,NA,NA,NA
"4318","20-Mar","Pancake Single",1,"Breakfast","Spring 2025","Unimodal","Breakfast","Side","Satellite","Breakfast",NA,NA,NA,NA,NA,NA
"4319","20-Mar","2 Slices Toast",2,"Breakfast","Spring 2025","Unimodal","Breakfast","Side","Satellite","Breakfast",NA,NA,NA,NA,NA,NA
"4320","20-Mar","Burrito Bowl BYO",107,"Mexican","Spring 2025","Unimodal","Wrap","Main","Satellite","Lunch",NA,NA,NA,NA,NA,NA
"4321","20-Mar","Single Taco",9,"Mexican","Spring 2025","Unimodal","Wrap","Main","Satellite","Lunch",NA,NA,NA,NA,NA,NA
"4322","20-Mar","Side Guacamole",9,"Mexican","Spring 2025","Unimodal","Wrap","Side","Satellite","Lunch",NA,NA,NA,NA,NA,NA
"4323","20-Mar","Add Extra Toppings Una Mano",4,"Mexican","Spring 2025","Unimodal","Wrap","Modification","Satellite","Lunch",NA,NA,NA,NA,NA,NA
"4324","20-Mar","Side Sour Cream",2,"Mexican","Spring 2025","Unimodal","Wrap","Side","Satellite","Lunch",NA,NA,NA,NA,NA,NA
"4325","20-Mar","Side Salsa",1,"Mexican","Spring 2025","Unimodal","Wrap","Side","Satellite","Lunch",NA,NA,NA,NA,NA,NA
"4326","20-Mar","LTO Meatball Sub",22,"Grab N Go","Spring 2025","Unimodal","Grab N Go","Main","Satellite","Lunch",NA,NA,NA,NA,NA,NA
"4327","20-Mar","LTO Spicy Chicken Sandwich",18,"Grab N Go","Spring 2025","Unimodal","Grab N Go","Main","Satellite","Lunch",NA,NA,NA,NA,NA,NA
"4328","20-Mar","Egg Cheese Sausage Breakfast Sandwich",23,"Grab N Go","Spring 2025","Unimodal","Grab N Go","Main","Satellite","Lunch",NA,NA,NA,NA,NA,NA
"4329","20-Mar","Egg Cheese Bacon Breakfast Sandwich",18,"Grab N Go","Spring 2025","Unimodal","Grab N Go","Main","Satellite","Lunch",NA,NA,NA,NA,NA,NA
"4330","20-Mar","Salad by the Pound",55,"Salad Bar","Spring 2025","Unimodal","Salad Bar","Main","Satellite","Lunch",NA,NA,NA,NA,NA,NA
"4331","20-Mar","Add Extra Protein 3.99",1,"Salad Bar","Spring 2025","Unimodal","Salad Bar","Modification","Satellite","Lunch",NA,NA,NA,NA,NA,NA
"4332","20-Mar","Soup 12 oz",58,"Soup","Spring 2025","Unimodal","Soup","Main","Satellite","Lunch",NA,NA,NA,NA,NA,NA
"4333","20-Mar","8 oz Soup",20,"Soup","Spring 2025","Unimodal","Soup","Main","Satellite","Lunch",NA,NA,NA,NA,NA,NA
"4334","21-Mar","Quesadilla Deluxe Trillium",136,"Grill","Spring 2025","Unimodal","Quesadilla","Main","Satellite","Lunch",NA,NA,NA,NA,NA,NA
"4335","21-Mar","Grilled Hamburger",85,"Grill","Spring 2025","Unimodal","Grill","Main","Treatment","Lunch",3.88121217461521,88.8793607464882,8.99,329.903034842293,7554.74566345149,764.15
"4336","21-Mar","Burrito Una Mano Trillium BYO",46,"Grill","Spring 2025","Unimodal","Quesadilla","Main","Satellite","Lunch",NA,NA,NA,NA,NA,NA
"4337","21-Mar","Fried Chicken Tenders",55,"Grab N Go","Spring 2025","Unimodal","Grab N Go","Side","Satellite","Lunch",NA,NA,NA,NA,NA,NA
"4338","21-Mar","French Fries",80,"Grill","Spring 2025","Unimodal","Grill","Side","Treatment","Lunch",0.040840402892853,2.72997334161235,2.99,3.26723223142824,218.397867328988,239.2
"4339","21-Mar","Sweet Potato Fries",31,"Grill","Spring 2025","Unimodal","Grill","Side","Treatment","Lunch",0.0422551714366103,3.97622481710592,2.99,1.30991031453492,123.262969330284,92.69
"4340","21-Mar","Quesadilla Cheese",10,"Grill","Spring 2025","Unimodal","Quesadilla","Main","Satellite","Lunch",NA,NA,NA,NA,NA,NA
"4341","21-Mar","Grilled Chicken Breast Sandwich",9,"Grill","Spring 2025","Unimodal","Grill","Main","Treatment","Lunch",0.301553745597932,69.470648861248,8.49,2.71398371038138,625.235839751232,76.41
"4342","21-Mar","Seared Salmon Burger",7,"Grill","Spring 2025","Unimodal","Grill","Main","Treatment","Lunch",0.447926073918026,44.697222176261,8.49,3.13548251742618,312.880555233827,59.43
"4343","21-Mar","Trillium Grill Impossible Burger",5,"Grill","Spring 2025","Unimodal","Grill","Main","Treatment","Lunch",0.210911088099112,23.2535935181063,10.49,1.05455544049556,116.267967590532,52.45
"4344","21-Mar","Side Potato Tots",12,"Grab N Go","Spring 2025","Unimodal","Grab N Go","Side","Satellite","Lunch",NA,NA,NA,NA,NA,NA
"4345","21-Mar","+ Beef Patty",6,"Grill","Spring 2025","Unimodal","Grill","Modification","Treatment","Lunch",3.806907508554,79.8564119237622,2.99,22.841445051324,479.138471542573,17.94
"4346","21-Mar","Black Bean Burger",1,"Grill","Spring 2025","Unimodal","Grill","Main","Treatment","Lunch",0.110944712328442,54.9888227801748,8.69,0.110944712328442,54.9888227801748,8.69
"4347","21-Mar","ADD Chicken Breast",1,"Grill","Spring 2025","Unimodal","Grill","Modification","Treatment","Lunch",0.227249079536725,60.447700038522,2.99,0.227249079536725,60.447700038522,2.99
"4348","21-Mar","Add Sausage 2 Patty",1,"Grill","Spring 2025","Unimodal","Grill","Modification","Treatment","Lunch",0.168918026814813,34.6406776822533,1.99,0.168918026814813,34.6406776822533,1.99
"4349","21-Mar","ADD Cheese",1,"Grill","Spring 2025","Unimodal","Grill","Modification","Treatment","Lunch",0.183611306606629,3.19881943989712,1.99,0.183611306606629,3.19881943989712,1.99
"4350","21-Mar","1 Entree + 1 Side",109,"Asian","Spring 2025","Unimodal","Wok","Main","Satellite","Lunch",NA,NA,NA,NA,NA,NA
"4351","21-Mar","1 Entree + 2 Side",49,"Asian","Spring 2025","Unimodal","Wok","Main","Satellite","Lunch",NA,NA,NA,NA,NA,NA
"4352","21-Mar","Bowl Ramen Chicken",40,"Asian","Spring 2025","Unimodal","Ramen","Main","Treatment","Lunch",0.379685915053077,104.607642341871,9.49,15.1874366021231,4184.30569367486,379.6
"4353","21-Mar","2 Entrees + 2 Sides",19,"Asian","Spring 2025","Unimodal","Wok","Main","Satellite","Lunch",NA,NA,NA,NA,NA,NA
"4354","21-Mar","Bowl Ramen Tofu",10,"Asian","Spring 2025","Unimodal","Ramen","Main","Treatment","Lunch",0.306509419979168,91.9886822989085,9.49,3.06509419979168,919.886822989085,94.9
"4355","21-Mar","1 Wok Entree",2,"Asian","Spring 2025","Unimodal","Wok","Main","Satellite","Lunch",NA,NA,NA,NA,NA,NA
"4356","21-Mar","Side Vegetarian Lo Mein",3,"Asian","Spring 2025","Unimodal","Wok","Side","Satellite","Lunch",NA,NA,NA,NA,NA,NA
"4357","21-Mar","Side White or Brown Rice",5,"Asian","Spring 2025","Unimodal","Wok","Side","Satellite","Lunch",NA,NA,NA,NA,NA,NA
"4358","21-Mar","Side Fried Spring Roll",1,"Asian","Spring 2025","Unimodal","Wok","Side","Satellite","Lunch",NA,NA,NA,NA,NA,NA
"4359","21-Mar","Side Vegetables",1,"Asian","Spring 2025","Unimodal","Wok","Side","Satellite","Lunch",NA,NA,NA,NA,NA,NA
"4360","21-Mar","Create Your Pasta Bowl MEAT",69,"Italian","Spring 2025","Unimodal","Pasta","Main","Satellite","Lunch",0.625595496853921,47.8385188473692,8.99,43.1660892829206,3300.85780046847,620.31
"4361","21-Mar","Create Your Pasta Bowl VEG",18,"Italian","Spring 2025","Unimodal","Pasta","Main","Satellite","Lunch",0.140294556536554,10.5521527214029,8.49,2.52530201765797,189.938748985251,152.82
"4362","21-Mar","Pizza with Toppings",22,"Italian","Spring 2025","Unimodal","Pizza","Main","Satellite","Lunch",NA,NA,NA,NA,NA,NA
"4363","21-Mar","Pizza Cheese",17,"Italian","Spring 2025","Unimodal","Pizza","Main","Satellite","Lunch",NA,NA,NA,NA,NA,NA
"4364","21-Mar","Add Extra Meat",15,"Italian","Spring 2025","Unimodal","Pasta","Modification","Satellite","Lunch",NA,NA,NA,NA,NA,NA
"4365","21-Mar","Burrito Breakfast",59,"Breakfast","Spring 2025","Unimodal","Breakfast","Main","Satellite","Breakfast",NA,NA,NA,NA,NA,NA
"4366","21-Mar","Small French Omelet",46,"Breakfast","Spring 2025","Unimodal","Breakfast","Side","Satellite","Breakfast",NA,NA,NA,NA,NA,NA
"4367","21-Mar","Grand Slam Breakfast",12,"Breakfast","Spring 2025","Unimodal","Breakfast","Main","Satellite","Breakfast",NA,NA,NA,NA,NA,NA
"4368","21-Mar","Add Bacon",21,"Breakfast","Spring 2025","Unimodal","Breakfast","Modification","Satellite","Breakfast",NA,NA,NA,NA,NA,NA
"4369","21-Mar","Two Eggs",7,"Breakfast","Spring 2025","Unimodal","Breakfast","Side","Satellite","Breakfast",NA,NA,NA,NA,NA,NA
"4370","21-Mar","Pancake Single",4,"Breakfast","Spring 2025","Unimodal","Breakfast","Side","Satellite","Breakfast",NA,NA,NA,NA,NA,NA
"4371","21-Mar","2 Slices Toast",1,"Breakfast","Spring 2025","Unimodal","Breakfast","Side","Satellite","Breakfast",NA,NA,NA,NA,NA,NA
"4372","21-Mar","Toast",1,"Breakfast","Spring 2025","Unimodal","Breakfast","Side","Satellite","Breakfast",NA,NA,NA,NA,NA,NA
"4373","21-Mar","PC Jelly",1,"Breakfast","Spring 2025","Unimodal","Breakfast","Side","Satellite","Breakfast",NA,NA,NA,NA,NA,NA
"4374","21-Mar","Burrito Bowl BYO",59,"Mexican","Spring 2025","Unimodal","Wrap","Main","Satellite","Lunch",NA,NA,NA,NA,NA,NA
"4375","21-Mar","Single Taco",2,"Mexican","Spring 2025","Unimodal","Wrap","Main","Satellite","Lunch",NA,NA,NA,NA,NA,NA
"4376","21-Mar","Side Guacamole",2,"Mexican","Spring 2025","Unimodal","Wrap","Side","Satellite","Lunch",NA,NA,NA,NA,NA,NA
"4377","21-Mar","Side Salsa",1,"Mexican","Spring 2025","Unimodal","Wrap","Side","Satellite","Lunch",NA,NA,NA,NA,NA,NA
"4378","21-Mar","LTO Spicy Chicken Sandwich",23,"Grab N Go","Spring 2025","Unimodal","Grab N Go","Main","Satellite","Lunch",NA,NA,NA,NA,NA,NA
"4379","21-Mar","Egg Cheese Sausage Breakfast Sandwich",21,"Grab N Go","Spring 2025","Unimodal","Grab N Go","Main","Satellite","Lunch",NA,NA,NA,NA,NA,NA
"4380","21-Mar","Egg Cheese Bacon Breakfast Sandwich",13,"Grab N Go","Spring 2025","Unimodal","Grab N Go","Main","Satellite","Lunch",NA,NA,NA,NA,NA,NA
"4381","21-Mar","Soup 12 oz",37,"Soup","Spring 2025","Unimodal","Soup","Main","Satellite","Lunch",NA,NA,NA,NA,NA,NA
"4382","21-Mar","8 oz Soup",31,"Soup","Spring 2025","Unimodal","Soup","Main","Satellite","Lunch",NA,NA,NA,NA,NA,NA
"4383","21-Mar","Salad by the Pound",31,"Salad Bar","Spring 2025","Unimodal","Salad Bar","Main","Satellite","Lunch",NA,NA,NA,NA,NA,NA
"4384","21-Mar","Add Extra Protein 3.99",3,"Salad Bar","Spring 2025","Unimodal","Salad Bar","Modification","Satellite","Lunch",NA,NA,NA,NA,NA,NA
"4385","24-Mar","Quesadilla Deluxe Trillium",160,"Grill","Spring 2025","Control","Quesadilla","Main","Satellite","Lunch",NA,NA,NA,NA,NA,NA
"4386","24-Mar","Grilled Hamburger",81,"Grill","Spring 2025","Control","Grill","Main","Treatment","Lunch",3.88121217461521,88.8793607464882,8.99,314.378186143832,7199.22822046554,728.19
"4387","24-Mar","Burrito Una Mano Trillium BYO",69,"Grill","Spring 2025","Control","Quesadilla","Main","Satellite","Lunch",NA,NA,NA,NA,NA,NA
"4388","24-Mar","Fried Chicken Tenders",66,"Grab N Go","Spring 2025","Control","Grab N Go","Side","Satellite","Lunch",NA,NA,NA,NA,NA,NA
"4389","24-Mar","French Fries",98,"Grill","Spring 2025","Control","Grill","Side","Treatment","Lunch",0.040840402892853,2.72997334161235,2.99,4.00235948349959,267.53738747801,293.02
"4390","24-Mar","Grilled Chicken Breast Sandwich",23,"Grill","Spring 2025","Control","Grill","Main","Treatment","Lunch",0.301553745597932,69.470648861248,8.49,6.93573614875243,1597.8249238087,195.27
"4391","24-Mar","Trillium Grill Impossible Burger",13,"Grill","Spring 2025","Control","Grill","Main","Treatment","Lunch",0.210911088099112,23.2535935181063,10.49,2.74184414528845,302.296715735382,136.37
"4392","24-Mar","Quesadilla Cheese",16,"Grill","Spring 2025","Control","Quesadilla","Main","Satellite","Lunch",NA,NA,NA,NA,NA,NA
"4393","24-Mar","Seared Salmon Burger",15,"Grill","Spring 2025","Control","Grill","Main","Treatment","Lunch",0.447926073918026,44.697222176261,8.49,6.71889110877038,670.458332643914,127.35
"4394","24-Mar","Sweet Potato Fries",25,"Grill","Spring 2025","Control","Grill","Side","Treatment","Lunch",0.0422551714366103,3.97622481710592,2.99,1.05637928591526,99.405620427648,74.75
"4395","24-Mar","+ Beef Patty",10,"Grill","Spring 2025","Control","Grill","Modification","Treatment","Lunch",3.806907508554,79.8564119237622,2.99,38.06907508554,798.564119237622,29.9
"4396","24-Mar","Side Potato Tots",6,"Grab N Go","Spring 2025","Control","Grab N Go","Side","Satellite","Lunch",NA,NA,NA,NA,NA,NA
"4397","24-Mar","Black Bean Burger",2,"Grill","Spring 2025","Control","Grill","Main","Treatment","Lunch",0.110944712328442,54.9888227801748,8.69,0.221889424656883,109.97764556035,17.38
"4398","24-Mar","ADD Chicken Breast",3,"Grill","Spring 2025","Control","Grill","Modification","Treatment","Lunch",0.227249079536725,60.447700038522,2.99,0.681747238610175,181.343100115566,8.97
"4399","24-Mar","Add Sausage 2 Patty",5,"Grill","Spring 2025","Control","Grill","Modification","Treatment","Lunch",0.168918026814813,34.6406776822533,1.99,0.844590134074065,173.203388411266,9.95
"4400","24-Mar","Add Egg .99",2,"Grill","Spring 2025","Control","Grill","Modification","Treatment","Lunch",0.0903881853779601,25.3348662383603,0.99,0.18077637075592,50.6697324767206,1.98
"4401","24-Mar","ADD Cheese",1,"Grill","Spring 2025","Control","Grill","Modification","Treatment","Lunch",0.183611306606629,3.19881943989712,1.99,0.183611306606629,3.19881943989712,1.99
"4402","24-Mar","1 Entree + 1 Side",196,"Asian","Spring 2025","Control","Wok","Main","Satellite","Lunch",NA,NA,NA,NA,NA,NA
"4403","24-Mar","1 Entree + 2 Side",62,"Asian","Spring 2025","Control","Wok","Main","Satellite","Lunch",NA,NA,NA,NA,NA,NA
"4404","24-Mar","Bowl Ramen Chicken",54,"Asian","Spring 2025","Control","Ramen","Main","Treatment","Lunch",0.379685915053077,104.607642341871,9.49,20.5030394128662,5648.81268646106,512.46
"4405","24-Mar","2 Entrees + 2 Sides",25,"Asian","Spring 2025","Control","Wok","Main","Satellite","Lunch",NA,NA,NA,NA,NA,NA
"4406","24-Mar","Bowl Ramen Tofu",13,"Asian","Spring 2025","Control","Ramen","Main","Treatment","Lunch",0.306509419979168,91.9886822989085,9.49,3.98462245972918,1195.85286988581,123.37
"4407","24-Mar","1 Wok Entree",8,"Asian","Spring 2025","Control","Wok","Main","Satellite","Lunch",NA,NA,NA,NA,NA,NA
"4408","24-Mar","Side Vegetarian Lo Mein",9,"Asian","Spring 2025","Control","Wok","Side","Satellite","Lunch",NA,NA,NA,NA,NA,NA
"4409","24-Mar","Side White or Brown Rice",8,"Asian","Spring 2025","Control","Wok","Side","Satellite","Lunch",NA,NA,NA,NA,NA,NA
"4410","24-Mar","Side Vegetable Spring Rolls",2,"Asian","Spring 2025","Control","Wok","Side","Satellite","Lunch",NA,NA,NA,NA,NA,NA
"4411","24-Mar","Create Your Pasta Bowl MEAT",87,"Italian","Spring 2025","Control","Pasta","Main","Satellite","Lunch",0.625595496853921,47.8385188473692,8.99,54.4268082262912,4161.95113972112,782.13
"4412","24-Mar","Pizza with Toppings",36,"Italian","Spring 2025","Control","Pizza","Main","Satellite","Lunch",NA,NA,NA,NA,NA,NA
"4413","24-Mar","Create Your Pasta Bowl VEG",21,"Italian","Spring 2025","Control","Pasta","Main","Satellite","Lunch",0.140294556536554,10.5521527214029,8.49,2.94618568726763,221.59520714946,178.29
"4414","24-Mar","Pizza Cheese",16,"Italian","Spring 2025","Control","Pizza","Main","Satellite","Lunch",NA,NA,NA,NA,NA,NA
"4415","24-Mar","Add Extra Meat",24,"Italian","Spring 2025","Control","Pasta","Modification","Satellite","Lunch",NA,NA,NA,NA,NA,NA
"4416","24-Mar","Burrito Breakfast",93,"Breakfast","Spring 2025","Control","Breakfast","Main","Satellite","Breakfast",NA,NA,NA,NA,NA,NA
"4417","24-Mar","Small French Omelet",51,"Breakfast","Spring 2025","Control","Breakfast","Side","Satellite","Breakfast",NA,NA,NA,NA,NA,NA
"4418","24-Mar","Grand Slam Breakfast",10,"Breakfast","Spring 2025","Control","Breakfast","Main","Satellite","Breakfast",NA,NA,NA,NA,NA,NA
"4419","24-Mar","Add Bacon",19,"Breakfast","Spring 2025","Control","Breakfast","Modification","Satellite","Breakfast",NA,NA,NA,NA,NA,NA
"4420","24-Mar","Two Eggs",10,"Breakfast","Spring 2025","Control","Breakfast","Side","Satellite","Breakfast",NA,NA,NA,NA,NA,NA
"4421","24-Mar","Trillium Home Fries",6,"Breakfast","Spring 2025","Control","Breakfast","Side","Satellite","Breakfast",NA,NA,NA,NA,NA,NA
"4422","24-Mar","Pancake Single",3,"Breakfast","Spring 2025","Control","Breakfast","Side","Satellite","Breakfast",NA,NA,NA,NA,NA,NA
"4423","24-Mar","2 Slices Toast",2,"Breakfast","Spring 2025","Control","Breakfast","Side","Satellite","Breakfast",NA,NA,NA,NA,NA,NA
"4424","24-Mar","PC Jelly",2,"Breakfast","Spring 2025","Control","Breakfast","Side","Satellite","Breakfast",NA,NA,NA,NA,NA,NA
"4425","24-Mar","Toast",1,"Breakfast","Spring 2025","Control","Breakfast","Side","Satellite","Breakfast",NA,NA,NA,NA,NA,NA
"4426","24-Mar","Burrito Bowl BYO",104,"Mexican","Spring 2025","Control","Wrap","Main","Satellite","Lunch",NA,NA,NA,NA,NA,NA
"4427","24-Mar","Single Taco",2,"Mexican","Spring 2025","Control","Wrap","Main","Satellite","Lunch",NA,NA,NA,NA,NA,NA
"4428","24-Mar","Side Guacamole",3,"Mexican","Spring 2025","Control","Wrap","Side","Satellite","Lunch",NA,NA,NA,NA,NA,NA
"4429","24-Mar","Side Sour Cream",4,"Mexican","Spring 2025","Control","Wrap","Side","Satellite","Lunch",NA,NA,NA,NA,NA,NA
"4430","24-Mar","Side Salsa",1,"Mexican","Spring 2025","Control","Wrap","Side","Satellite","Lunch",NA,NA,NA,NA,NA,NA
"4431","24-Mar","Salad by the Pound",57,"Salad Bar","Spring 2025","Control","Salad Bar","Main","Satellite","Lunch",NA,NA,NA,NA,NA,NA
"4432","24-Mar","Add Extra Protein 3.99",1,"Salad Bar","Spring 2025","Control","Salad Bar","Modification","Satellite","Lunch",NA,NA,NA,NA,NA,NA
"4433","24-Mar","Soup 12 oz",44,"Soup","Spring 2025","Control","Soup","Main","Satellite","Lunch",NA,NA,NA,NA,NA,NA
"4434","24-Mar","8 oz Soup",46,"Soup","Spring 2025","Control","Soup","Main","Satellite","Lunch",NA,NA,NA,NA,NA,NA
"4435","24-Mar","LTO Spicy Chicken Sandwich",26,"Grab N Go","Spring 2025","Control","Grab N Go","Main","Satellite","Lunch",NA,NA,NA,NA,NA,NA
"4436","24-Mar","Egg Cheese Bacon Breakfast Sandwich",23,"Grab N Go","Spring 2025","Control","Grab N Go","Main","Satellite","Lunch",NA,NA,NA,NA,NA,NA
"4437","24-Mar","Egg Cheese Sausage Breakfast Sandwich",21,"Grab N Go","Spring 2025","Control","Grab N Go","Main","Satellite","Lunch",NA,NA,NA,NA,NA,NA
"4438","25-Mar","Quesadilla Deluxe Trillium",185,"Grill","Spring 2025","Control","Quesadilla","Main","Satellite","Lunch",NA,NA,NA,NA,NA,NA
"4439","25-Mar","Grilled Hamburger",122,"Grill","Spring 2025","Control","Grill","Main","Treatment","Lunch",3.88121217461521,88.8793607464882,8.99,473.507885303055,10843.2820110716,1096.78
"4440","25-Mar","Fried Chicken Tenders",107,"Grab N Go","Spring 2025","Control","Grab N Go","Side","Satellite","Lunch",NA,NA,NA,NA,NA,NA
"4441","25-Mar","Burrito Una Mano Trillium BYO",68,"Grill","Spring 2025","Control","Quesadilla","Main","Satellite","Lunch",NA,NA,NA,NA,NA,NA
"4442","25-Mar","French Fries",135,"Grill","Spring 2025","Control","Grill","Side","Treatment","Lunch",0.040840402892853,2.72997334161235,2.99,5.51345439053515,368.546401117667,403.65
"4443","25-Mar","Quesadilla Cheese",18,"Grill","Spring 2025","Control","Quesadilla","Main","Satellite","Lunch",NA,NA,NA,NA,NA,NA
"4444","25-Mar","Grilled Chicken Breast Sandwich",15,"Grill","Spring 2025","Control","Grill","Main","Treatment","Lunch",0.301553745597932,69.470648861248,8.49,4.52330618396897,1042.05973291872,127.35
"4445","25-Mar","Sweet Potato Fries",31,"Grill","Spring 2025","Control","Grill","Side","Treatment","Lunch",0.0422551714366103,3.97622481710592,2.99,1.30991031453492,123.262969330284,92.69
"4446","25-Mar","Seared Salmon Burger",8,"Grill","Spring 2025","Control","Grill","Main","Treatment","Lunch",0.447926073918026,44.697222176261,8.49,3.5834085913442,357.577777410088,67.92
"4447","25-Mar","Trillium Grill Impossible Burger",6,"Grill","Spring 2025","Control","Grill","Main","Treatment","Lunch",0.210911088099112,23.2535935181063,10.49,1.26546652859467,139.521561108638,62.94
"4448","25-Mar","Black Bean Burger",5,"Grill","Spring 2025","Control","Grill","Main","Treatment","Lunch",0.110944712328442,54.9888227801748,8.69,0.554723561642208,274.944113900874,43.45
"4449","25-Mar","+ Beef Patty",9,"Grill","Spring 2025","Control","Grill","Modification","Treatment","Lunch",3.806907508554,79.8564119237622,2.99,34.262167576986,718.70770731386,26.91
"4450","25-Mar","Side Potato Tots",9,"Grab N Go","Spring 2025","Control","Grab N Go","Side","Satellite","Lunch",NA,NA,NA,NA,NA,NA
"4451","25-Mar","ADD Chicken Breast",2,"Grill","Spring 2025","Control","Grill","Modification","Treatment","Lunch",0.227249079536725,60.447700038522,2.99,0.45449815907345,120.895400077044,5.98
"4452","25-Mar","Add Egg .99",7,"Grill","Spring 2025","Control","Grill","Modification","Treatment","Lunch",0.0903881853779601,25.3348662383603,0.99,0.632717297645721,177.344063668522,6.93
"4453","25-Mar","Add Sausage 2 Patty",3,"Grill","Spring 2025","Control","Grill","Modification","Treatment","Lunch",0.168918026814813,34.6406776822533,1.99,0.506754080444439,103.92203304676,5.97
"4454","25-Mar","1 Entree + 1 Side",199,"Asian","Spring 2025","Control","Wok","Main","Satellite","Lunch",NA,NA,NA,NA,NA,NA
"4455","25-Mar","Bowl Ramen Chicken",85,"Asian","Spring 2025","Control","Ramen","Main","Treatment","Lunch",0.379685915053077,104.607642341871,9.49,32.2733027795115,8891.64959905908,806.65
"4456","25-Mar","1 Entree + 2 Side",74,"Asian","Spring 2025","Control","Wok","Main","Satellite","Lunch",NA,NA,NA,NA,NA,NA
"4457","25-Mar","2 Entrees + 2 Sides",38,"Asian","Spring 2025","Control","Wok","Main","Satellite","Lunch",NA,NA,NA,NA,NA,NA
"4458","25-Mar","Bowl Ramen Tofu",19,"Asian","Spring 2025","Control","Ramen","Main","Treatment","Lunch",0.306509419979168,91.9886822989085,9.49,5.82367897960419,1747.78496367926,180.31
"4459","25-Mar","Side Vegetarian Lo Mein",10,"Asian","Spring 2025","Control","Wok","Side","Satellite","Lunch",NA,NA,NA,NA,NA,NA
"4460","25-Mar","Side White or Brown Rice",8,"Asian","Spring 2025","Control","Wok","Side","Satellite","Lunch",NA,NA,NA,NA,NA,NA
"4461","25-Mar","Side Fried Spring Roll",4,"Asian","Spring 2025","Control","Wok","Side","Satellite","Lunch",NA,NA,NA,NA,NA,NA
"4462","25-Mar","1 Wok Entree",2,"Asian","Spring 2025","Control","Wok","Main","Satellite","Lunch",NA,NA,NA,NA,NA,NA
"4463","25-Mar","Side Vegetable Spring Rolls",3,"Asian","Spring 2025","Control","Wok","Side","Satellite","Lunch",NA,NA,NA,NA,NA,NA
"4464","25-Mar","Bowl Ramen Chicken",1,"Asian","Spring 2025","Control","Ramen","Main","Treatment","Lunch",0.379685915053077,104.607642341871,9.49,0.379685915053077,104.607642341871,9.49
"4465","25-Mar","Side Vegetables",1,"Asian","Spring 2025","Control","Wok","Side","Satellite","Lunch",NA,NA,NA,NA,NA,NA
"4466","25-Mar","Side Vegetarian Fried Rice with",1,"Asian","Spring 2025","Control","Wok","Side","Satellite","Lunch",NA,NA,NA,NA,NA,NA
"4467","25-Mar","Burrito Breakfast",101,"Breakfast","Spring 2025","Control","Breakfast","Main","Satellite","Breakfast",NA,NA,NA,NA,NA,NA
"4468","25-Mar","Small French Omelet",59,"Breakfast","Spring 2025","Control","Breakfast","Side","Satellite","Breakfast",NA,NA,NA,NA,NA,NA
"4469","25-Mar","Grand Slam Breakfast",13,"Breakfast","Spring 2025","Control","Breakfast","Main","Satellite","Breakfast",NA,NA,NA,NA,NA,NA
"4470","25-Mar","Add Bacon",37,"Breakfast","Spring 2025","Control","Breakfast","Modification","Satellite","Breakfast",NA,NA,NA,NA,NA,NA
"4471","25-Mar","Two Eggs",14,"Breakfast","Spring 2025","Control","Breakfast","Side","Satellite","Breakfast",NA,NA,NA,NA,NA,NA
"4472","25-Mar","Trillium Home Fries",2,"Breakfast","Spring 2025","Control","Breakfast","Side","Satellite","Breakfast",NA,NA,NA,NA,NA,NA
"4473","25-Mar","Pancake Single",2,"Breakfast","Spring 2025","Control","Breakfast","Side","Satellite","Breakfast",NA,NA,NA,NA,NA,NA
"4474","25-Mar","2 Slices Toast",2,"Breakfast","Spring 2025","Control","Breakfast","Side","Satellite","Breakfast",NA,NA,NA,NA,NA,NA
"4475","25-Mar","PC Peanut Butter",2,"Breakfast","Spring 2025","Control","Breakfast","Side","Satellite","Breakfast",NA,NA,NA,NA,NA,NA
"4476","25-Mar","PC Jelly",1,"Breakfast","Spring 2025","Control","Breakfast","Side","Satellite","Breakfast",NA,NA,NA,NA,NA,NA
"4477","25-Mar","Create Your Pasta Bowl MEAT",94,"Italian","Spring 2025","Control","Pasta","Main","Satellite","Lunch",0.625595496853921,47.8385188473692,8.99,58.8059767042686,4496.8207716527,845.06
"4478","25-Mar","Create Your Pasta Bowl VEG",24,"Italian","Spring 2025","Control","Pasta","Main","Satellite","Lunch",0.140294556536554,10.5521527214029,8.49,3.3670693568773,253.251665313668,203.76
"4479","25-Mar","Pizza with Toppings",25,"Italian","Spring 2025","Control","Pizza","Main","Satellite","Lunch",NA,NA,NA,NA,NA,NA
"4480","25-Mar","Pizza Cheese",21,"Italian","Spring 2025","Control","Pizza","Main","Satellite","Lunch",NA,NA,NA,NA,NA,NA
"4481","25-Mar","Add Extra Meat",21,"Italian","Spring 2025","Control","Pasta","Modification","Satellite","Lunch",NA,NA,NA,NA,NA,NA
"4482","25-Mar","Side Bread Pasta Station",3,"Italian","Spring 2025","Control","Pasta","Side","Satellite","Lunch",NA,NA,NA,NA,NA,NA
"4483","25-Mar","Burrito Bowl BYO",121,"Mexican","Spring 2025","Control","Wrap","Main","Satellite","Lunch",NA,NA,NA,NA,NA,NA
"4484","25-Mar","Single Taco",10,"Mexican","Spring 2025","Control","Wrap","Main","Satellite","Lunch",NA,NA,NA,NA,NA,NA
"4485","25-Mar","Side Guacamole",3,"Mexican","Spring 2025","Control","Wrap","Side","Satellite","Lunch",NA,NA,NA,NA,NA,NA
"4486","25-Mar","Side Salsa",2,"Mexican","Spring 2025","Control","Wrap","Side","Satellite","Lunch",NA,NA,NA,NA,NA,NA
"4487","25-Mar","Side Sour Cream",2,"Mexican","Spring 2025","Control","Wrap","Side","Satellite","Lunch",NA,NA,NA,NA,NA,NA
"4488","25-Mar","Add Extra Toppings Una Mano",1,"Mexican","Spring 2025","Control","Wrap","Modification","Satellite","Lunch",NA,NA,NA,NA,NA,NA
"4489","25-Mar","LTO Spicy Chicken Sandwich",27,"Grab N Go","Spring 2025","Control","Grab N Go","Main","Satellite","Lunch",NA,NA,NA,NA,NA,NA
"4490","25-Mar","LTO Meatball Sub",16,"Grab N Go","Spring 2025","Control","Grab N Go","Main","Satellite","Lunch",NA,NA,NA,NA,NA,NA
"4491","25-Mar","Egg Cheese Sausage Breakfast Sandwich",22,"Grab N Go","Spring 2025","Control","Grab N Go","Main","Satellite","Lunch",NA,NA,NA,NA,NA,NA
"4492","25-Mar","Egg Cheese Bacon Breakfast Sandwich",21,"Grab N Go","Spring 2025","Control","Grab N Go","Main","Satellite","Lunch",NA,NA,NA,NA,NA,NA
"4493","25-Mar","Salad by the Pound",46,"Salad Bar","Spring 2025","Control","Salad Bar","Main","Satellite","Lunch",NA,NA,NA,NA,NA,NA
"4494","25-Mar","Add Extra Protein 3.99",1,"Salad Bar","Spring 2025","Control","Salad Bar","Modification","Satellite","Lunch",NA,NA,NA,NA,NA,NA
"4495","25-Mar","Soup 12 oz",47,"Soup","Spring 2025","Control","Soup","Main","Satellite","Lunch",NA,NA,NA,NA,NA,NA
"4496","25-Mar","8 oz Soup",43,"Soup","Spring 2025","Control","Soup","Main","Satellite","Lunch",NA,NA,NA,NA,NA,NA
"4497","26-Mar","Quesadilla Deluxe Trillium",181,"Grill","Spring 2025","Control","Quesadilla","Main","Satellite","Lunch",NA,NA,NA,NA,NA,NA
"4498","26-Mar","Grilled Hamburger",108,"Grill","Spring 2025","Control","Grill","Main","Treatment","Lunch",3.88121217461521,88.8793607464882,8.99,419.170914858442,9598.97096062072,970.92
"4499","26-Mar","Fried Chicken Tenders",72,"Grab N Go","Spring 2025","Control","Grab N Go","Side","Satellite","Lunch",NA,NA,NA,NA,NA,NA
"4500","26-Mar","Burrito Una Mano Trillium BYO",56,"Grill","Spring 2025","Control","Quesadilla","Main","Satellite","Lunch",NA,NA,NA,NA,NA,NA
"4501","26-Mar","French Fries",119,"Grill","Spring 2025","Control","Grill","Side","Treatment","Lunch",0.040840402892853,2.72997334161235,2.99,4.86000794424951,324.86682765187,355.81
"4502","26-Mar","Grilled Chicken Breast Sandwich",19,"Grill","Spring 2025","Control","Grill","Main","Treatment","Lunch",0.301553745597932,69.470648861248,8.49,5.7295211663607,1319.94232836371,161.31
"4503","26-Mar","Quesadilla Cheese",14,"Grill","Spring 2025","Control","Quesadilla","Main","Satellite","Lunch",NA,NA,NA,NA,NA,NA
"4504","26-Mar","Sweet Potato Fries",36,"Grill","Spring 2025","Control","Grill","Side","Treatment","Lunch",0.0422551714366103,3.97622481710592,2.99,1.52118617171797,143.144093415813,107.64
"4505","26-Mar","Black Bean Burger",7,"Grill","Spring 2025","Control","Grill","Main","Treatment","Lunch",0.110944712328442,54.9888227801748,8.69,0.776612986299092,384.921759461223,60.83
"4506","26-Mar","Trillium Grill Impossible Burger",5,"Grill","Spring 2025","Control","Grill","Main","Treatment","Lunch",0.210911088099112,23.2535935181063,10.49,1.05455544049556,116.267967590532,52.45
"4507","26-Mar","Seared Salmon Burger",6,"Grill","Spring 2025","Control","Grill","Main","Treatment","Lunch",0.447926073918026,44.697222176261,8.49,2.68755644350815,268.183333057566,50.94
"4508","26-Mar","+ Beef Patty",12,"Grill","Spring 2025","Control","Grill","Modification","Treatment","Lunch",3.806907508554,79.8564119237622,2.99,45.682890102648,958.276943085146,35.88
"4509","26-Mar","Side Potato Tots",10,"Grab N Go","Spring 2025","Control","Grab N Go","Side","Satellite","Lunch",NA,NA,NA,NA,NA,NA
"4510","26-Mar","ADD Chicken Breast",3,"Grill","Spring 2025","Control","Grill","Modification","Treatment","Lunch",0.227249079536725,60.447700038522,2.99,0.681747238610175,181.343100115566,8.97
"4511","26-Mar","Add Egg .99",9,"Grill","Spring 2025","Control","Grill","Modification","Treatment","Lunch",0.0903881853779601,25.3348662383603,0.99,0.813493668401641,228.013796145243,8.91
"4512","26-Mar","Add Sausage 2 Patty",3,"Grill","Spring 2025","Control","Grill","Modification","Treatment","Lunch",0.168918026814813,34.6406776822533,1.99,0.506754080444439,103.92203304676,5.97
"4513","26-Mar","ADD Cheese",2,"Grill","Spring 2025","Control","Grill","Modification","Treatment","Lunch",0.183611306606629,3.19881943989712,1.99,0.367222613213258,6.39763887979424,3.98
"4514","26-Mar","1 Entree + 1 Side",167,"Asian","Spring 2025","Control","Wok","Main","Satellite","Lunch",NA,NA,NA,NA,NA,NA
"4515","26-Mar","1 Entree + 2 Side",74,"Asian","Spring 2025","Control","Wok","Main","Satellite","Lunch",NA,NA,NA,NA,NA,NA
"4516","26-Mar","Bowl Ramen Chicken",52,"Asian","Spring 2025","Control","Ramen","Main","Treatment","Lunch",0.379685915053077,104.607642341871,9.49,19.74366758276,5439.59740177732,493.48
"4517","26-Mar","2 Entrees + 2 Sides",16,"Asian","Spring 2025","Control","Wok","Main","Satellite","Lunch",NA,NA,NA,NA,NA,NA
"4518","26-Mar","Bowl Ramen Tofu",16,"Asian","Spring 2025","Control","Ramen","Main","Treatment","Lunch",0.306509419979168,91.9886822989085,9.49,4.90415071966669,1471.81891678254,151.84
"4519","26-Mar","1 Wok Entree",14,"Asian","Spring 2025","Control","Wok","Main","Satellite","Lunch",NA,NA,NA,NA,NA,NA
"4520","26-Mar","Side Vegetarian Lo Mein",7,"Asian","Spring 2025","Control","Wok","Side","Satellite","Lunch",NA,NA,NA,NA,NA,NA
"4521","26-Mar","Side Vegetable Spring Rolls",6,"Asian","Spring 2025","Control","Wok","Side","Satellite","Lunch",NA,NA,NA,NA,NA,NA
"4522","26-Mar","Side White or Brown Rice",10,"Asian","Spring 2025","Control","Wok","Side","Satellite","Lunch",NA,NA,NA,NA,NA,NA
"4523","26-Mar","Side Vegetables",2,"Asian","Spring 2025","Control","Wok","Side","Satellite","Lunch",NA,NA,NA,NA,NA,NA
"4524","26-Mar","Side Vegetarian Fried Rice with",1,"Asian","Spring 2025","Control","Wok","Side","Satellite","Lunch",NA,NA,NA,NA,NA,NA
"4525","26-Mar","Create Your Pasta Bowl MEAT",103,"Italian","Spring 2025","Control","Pasta","Main","Satellite","Lunch",0.625595496853921,47.8385188473692,8.99,64.4363361759539,4927.36744127903,925.97
"4526","26-Mar","Pizza with Toppings",31,"Italian","Spring 2025","Control","Pizza","Main","Satellite","Lunch",NA,NA,NA,NA,NA,NA
"4527","26-Mar","Create Your Pasta Bowl VEG",20,"Italian","Spring 2025","Control","Pasta","Main","Satellite","Lunch",0.140294556536554,10.5521527214029,8.49,2.80589113073108,211.043054428057,169.8
"4528","26-Mar","Add Extra Meat",32,"Italian","Spring 2025","Control","Pasta","Modification","Satellite","Lunch",NA,NA,NA,NA,NA,NA
"4529","26-Mar","Pizza Cheese",14,"Italian","Spring 2025","Control","Pizza","Main","Satellite","Lunch",NA,NA,NA,NA,NA,NA
"4530","26-Mar","Side Bread Pasta Station",1,"Italian","Spring 2025","Control","Pasta","Side","Satellite","Lunch",NA,NA,NA,NA,NA,NA
"4531","26-Mar","Burrito Breakfast",85,"Breakfast","Spring 2025","Control","Breakfast","Main","Satellite","Breakfast",NA,NA,NA,NA,NA,NA
"4532","26-Mar","Small French Omelet",61,"Breakfast","Spring 2025","Control","Breakfast","Side","Satellite","Breakfast",NA,NA,NA,NA,NA,NA
"4533","26-Mar","Grand Slam Breakfast",11,"Breakfast","Spring 2025","Control","Breakfast","Main","Satellite","Breakfast",NA,NA,NA,NA,NA,NA
"4534","26-Mar","Add Bacon",28,"Breakfast","Spring 2025","Control","Breakfast","Modification","Satellite","Breakfast",NA,NA,NA,NA,NA,NA
"4535","26-Mar","Two Eggs",18,"Breakfast","Spring 2025","Control","Breakfast","Side","Satellite","Breakfast",NA,NA,NA,NA,NA,NA
"4536","26-Mar","Trillium Home Fries",2,"Breakfast","Spring 2025","Control","Breakfast","Side","Satellite","Breakfast",NA,NA,NA,NA,NA,NA
"4537","26-Mar","Pancake Single",2,"Breakfast","Spring 2025","Control","Breakfast","Side","Satellite","Breakfast",NA,NA,NA,NA,NA,NA
"4538","26-Mar","2 Slices Toast",2,"Breakfast","Spring 2025","Control","Breakfast","Side","Satellite","Breakfast",NA,NA,NA,NA,NA,NA
"4539","26-Mar","PC Jelly",2,"Breakfast","Spring 2025","Control","Breakfast","Side","Satellite","Breakfast",NA,NA,NA,NA,NA,NA
"4540","26-Mar","Toast",1,"Breakfast","Spring 2025","Control","Breakfast","Side","Satellite","Breakfast",NA,NA,NA,NA,NA,NA
"4541","26-Mar","Burrito Bowl BYO",116,"Mexican","Spring 2025","Control","Wrap","Main","Satellite","Lunch",NA,NA,NA,NA,NA,NA
"4542","26-Mar","Side Guacamole",1,"Mexican","Spring 2025","Control","Wrap","Side","Satellite","Lunch",NA,NA,NA,NA,NA,NA
"4543","26-Mar","Side Salsa",1,"Mexican","Spring 2025","Control","Wrap","Side","Satellite","Lunch",NA,NA,NA,NA,NA,NA
"4544","26-Mar","Soup 12 oz",49,"Soup","Spring 2025","Control","Soup","Main","Satellite","Lunch",NA,NA,NA,NA,NA,NA
"4545","26-Mar","8 oz Soup",41,"Soup","Spring 2025","Control","Soup","Main","Satellite","Lunch",NA,NA,NA,NA,NA,NA
"4546","26-Mar","LTO Spicy Chicken Sandwich",26,"Grab N Go","Spring 2025","Control","Grab N Go","Main","Satellite","Lunch",NA,NA,NA,NA,NA,NA
"4547","26-Mar","Egg Cheese Bacon Breakfast Sandwich",22,"Grab N Go","Spring 2025","Control","Grab N Go","Main","Satellite","Lunch",NA,NA,NA,NA,NA,NA
"4548","26-Mar","Egg Cheese Sausage Breakfast Sandwich",22,"Grab N Go","Spring 2025","Control","Grab N Go","Main","Satellite","Lunch",NA,NA,NA,NA,NA,NA
"4549","26-Mar","Salad by the Pound",39,"Salad Bar","Spring 2025","Control","Salad Bar","Main","Satellite","Lunch",NA,NA,NA,NA,NA,NA
"4550","26-Mar","Add Extra Protein 3.99",2,"Salad Bar","Spring 2025","Control","Salad Bar","Modification","Satellite","Lunch",NA,NA,NA,NA,NA,NA
"4551","27-Mar","Quesadilla Deluxe Trillium",166,"Grill","Spring 2025","Control","Quesadilla","Main","Satellite","Lunch",NA,NA,NA,NA,NA,NA
"4552","27-Mar","Grilled Hamburger",99,"Grill","Spring 2025","Control","Grill","Main","Treatment","Lunch",3.88121217461521,88.8793607464882,8.99,384.240005286906,8799.05671390233,890.01
"4553","27-Mar","Fried Chicken Tenders",85,"Grab N Go","Spring 2025","Control","Grab N Go","Side","Satellite","Lunch",NA,NA,NA,NA,NA,NA
"4554","27-Mar","Burrito Una Mano Trillium BYO",65,"Grill","Spring 2025","Control","Quesadilla","Main","Satellite","Lunch",NA,NA,NA,NA,NA,NA
"4555","27-Mar","French Fries",130,"Grill","Spring 2025","Control","Grill","Side","Treatment","Lunch",0.040840402892853,2.72997334161235,2.99,5.30925237607089,354.896534409606,388.7
"4556","27-Mar","Quesadilla Cheese",25,"Grill","Spring 2025","Control","Quesadilla","Main","Satellite","Lunch",NA,NA,NA,NA,NA,NA
"4557","27-Mar","Sweet Potato Fries",33,"Grill","Spring 2025","Control","Grill","Side","Treatment","Lunch",0.0422551714366103,3.97622481710592,2.99,1.39442065740814,131.215418964495,98.67
"4558","27-Mar","Grilled Chicken Breast Sandwich",10,"Grill","Spring 2025","Control","Grill","Main","Treatment","Lunch",0.301553745597932,69.470648861248,8.49,3.01553745597932,694.70648861248,84.9
"4559","27-Mar","Seared Salmon Burger",10,"Grill","Spring 2025","Control","Grill","Main","Treatment","Lunch",0.447926073918026,44.697222176261,8.49,4.47926073918026,446.97222176261,84.9
"4560","27-Mar","Trillium Grill Impossible Burger",7,"Grill","Spring 2025","Control","Grill","Main","Treatment","Lunch",0.210911088099112,23.2535935181063,10.49,1.47637761669378,162.775154626744,73.43
"4561","27-Mar","+ Beef Patty",13,"Grill","Spring 2025","Control","Grill","Modification","Treatment","Lunch",3.806907508554,79.8564119237622,2.99,49.489797611202,1038.13335500891,38.87
"4562","27-Mar","Side Potato Tots",16,"Grab N Go","Spring 2025","Control","Grab N Go","Side","Satellite","Lunch",NA,NA,NA,NA,NA,NA
"4563","27-Mar","Black Bean Burger",1,"Grill","Spring 2025","Control","Grill","Main","Treatment","Lunch",0.110944712328442,54.9888227801748,8.69,0.110944712328442,54.9888227801748,8.69
"4564","27-Mar","Add Sausage 2 Patty",3,"Grill","Spring 2025","Control","Grill","Modification","Treatment","Lunch",0.168918026814813,34.6406776822533,1.99,0.506754080444439,103.92203304676,5.97
"4565","27-Mar","ADD Chicken Breast",1,"Grill","Spring 2025","Control","Grill","Modification","Treatment","Lunch",0.227249079536725,60.447700038522,2.99,0.227249079536725,60.447700038522,2.99
"4566","27-Mar","Add Egg .99",3,"Grill","Spring 2025","Control","Grill","Modification","Treatment","Lunch",0.0903881853779601,25.3348662383603,0.99,0.27116455613388,76.0045987150809,2.97
"4567","27-Mar","ADD Cheese",1,"Grill","Spring 2025","Control","Grill","Modification","Treatment","Lunch",0.183611306606629,3.19881943989712,1.99,0.183611306606629,3.19881943989712,1.99
"4568","27-Mar","1 Entree + 1 Side",167,"Asian","Spring 2025","Control","Wok","Main","Satellite","Lunch",NA,NA,NA,NA,NA,NA
"4569","27-Mar","1 Entree + 2 Side",74,"Asian","Spring 2025","Control","Wok","Main","Satellite","Lunch",NA,NA,NA,NA,NA,NA
"4570","27-Mar","Bowl Ramen Chicken",61,"Asian","Spring 2025","Control","Ramen","Main","Treatment","Lunch",0.379685915053077,104.607642341871,9.49,23.1608408182377,6381.06618285416,578.89
"4571","27-Mar","2 Entrees + 2 Sides",25,"Asian","Spring 2025","Control","Wok","Main","Satellite","Lunch",NA,NA,NA,NA,NA,NA
"4572","27-Mar","Bowl Ramen Tofu",20,"Asian","Spring 2025","Control","Ramen","Main","Treatment","Lunch",0.306509419979168,91.9886822989085,9.49,6.13018839958336,1839.77364597817,189.8
"4573","27-Mar","Side Vegetarian Lo Mein",10,"Asian","Spring 2025","Control","Wok","Side","Satellite","Lunch",NA,NA,NA,NA,NA,NA
"4574","27-Mar","1 Wok Entree",5,"Asian","Spring 2025","Control","Wok","Main","Satellite","Lunch",NA,NA,NA,NA,NA,NA
"4575","27-Mar","Side Fried Spring Roll",4,"Asian","Spring 2025","Control","Wok","Side","Satellite","Lunch",NA,NA,NA,NA,NA,NA
"4576","27-Mar","Side White or Brown Rice",5,"Asian","Spring 2025","Control","Wok","Side","Satellite","Lunch",NA,NA,NA,NA,NA,NA
"4577","27-Mar","Side Vegetables",2,"Asian","Spring 2025","Control","Wok","Side","Satellite","Lunch",NA,NA,NA,NA,NA,NA
"4578","27-Mar","Side Vegetable Spring Rolls",2,"Asian","Spring 2025","Control","Wok","Side","Satellite","Lunch",NA,NA,NA,NA,NA,NA
"4579","27-Mar","Burrito Breakfast",95,"Breakfast","Spring 2025","Control","Breakfast","Main","Satellite","Breakfast",NA,NA,NA,NA,NA,NA
"4580","27-Mar","Small French Omelet",52,"Breakfast","Spring 2025","Control","Breakfast","Side","Satellite","Breakfast",NA,NA,NA,NA,NA,NA
"4581","27-Mar","Grand Slam Breakfast",17,"Breakfast","Spring 2025","Control","Breakfast","Main","Satellite","Breakfast",NA,NA,NA,NA,NA,NA
"4582","27-Mar","Add Bacon",31,"Breakfast","Spring 2025","Control","Breakfast","Modification","Satellite","Breakfast",NA,NA,NA,NA,NA,NA
"4583","27-Mar","Two Eggs",15,"Breakfast","Spring 2025","Control","Breakfast","Side","Satellite","Breakfast",NA,NA,NA,NA,NA,NA
"4584","27-Mar","Trillium Home Fries",4,"Breakfast","Spring 2025","Control","Breakfast","Side","Satellite","Breakfast",NA,NA,NA,NA,NA,NA
"4585","27-Mar","Pancake Single",1,"Breakfast","Spring 2025","Control","Breakfast","Side","Satellite","Breakfast",NA,NA,NA,NA,NA,NA
"4586","27-Mar","2 Slices Toast",2,"Breakfast","Spring 2025","Control","Breakfast","Side","Satellite","Breakfast",NA,NA,NA,NA,NA,NA
"4587","27-Mar","PC Peanut Butter",1,"Breakfast","Spring 2025","Control","Breakfast","Side","Satellite","Breakfast",NA,NA,NA,NA,NA,NA
"4588","27-Mar","Create Your Pasta Bowl MEAT",74,"Italian","Spring 2025","Control","Pasta","Main","Satellite","Lunch",0.625595496853921,47.8385188473692,8.99,46.2940667671902,3540.05039470532,665.26
"4589","27-Mar","Create Your Pasta Bowl VEG",27,"Italian","Spring 2025","Control","Pasta","Main","Satellite","Lunch",0.140294556536554,10.5521527214029,8.49,3.78795302648696,284.908123477877,229.23
"4590","27-Mar","Pizza with Toppings",32,"Italian","Spring 2025","Control","Pizza","Main","Satellite","Lunch",NA,NA,NA,NA,NA,NA
"4591","27-Mar","Pizza Cheese",16,"Italian","Spring 2025","Control","Pizza","Main","Satellite","Lunch",NA,NA,NA,NA,NA,NA
"4592","27-Mar","Add Extra Meat",22,"Italian","Spring 2025","Control","Pasta","Modification","Satellite","Lunch",NA,NA,NA,NA,NA,NA
"4593","27-Mar","Side Bread Pasta Station",1,"Italian","Spring 2025","Control","Pasta","Side","Satellite","Lunch",NA,NA,NA,NA,NA,NA
"4594","27-Mar","Burrito Bowl BYO",84,"Mexican","Spring 2025","Control","Wrap","Main","Satellite","Lunch",NA,NA,NA,NA,NA,NA
"4595","27-Mar","Single Taco",2,"Mexican","Spring 2025","Control","Wrap","Main","Satellite","Lunch",NA,NA,NA,NA,NA,NA
"4596","27-Mar","Side Guacamole",4,"Mexican","Spring 2025","Control","Wrap","Side","Satellite","Lunch",NA,NA,NA,NA,NA,NA
"4597","27-Mar","Side Salsa",3,"Mexican","Spring 2025","Control","Wrap","Side","Satellite","Lunch",NA,NA,NA,NA,NA,NA
"4598","27-Mar","Side Sour Cream",2,"Mexican","Spring 2025","Control","Wrap","Side","Satellite","Lunch",NA,NA,NA,NA,NA,NA
"4599","27-Mar","LTO Spicy Chicken Sandwich",30,"Grab N Go","Spring 2025","Control","Grab N Go","Main","Satellite","Lunch",NA,NA,NA,NA,NA,NA
"4600","27-Mar","Egg Cheese Bacon Breakfast Sandwich",13,"Grab N Go","Spring 2025","Control","Grab N Go","Main","Satellite","Lunch",NA,NA,NA,NA,NA,NA
"4601","27-Mar","LTO Meatball Sub",8,"Grab N Go","Spring 2025","Control","Grab N Go","Main","Satellite","Lunch",NA,NA,NA,NA,NA,NA
"4602","27-Mar","Egg Cheese Sausage Breakfast Sandwich",10,"Grab N Go","Spring 2025","Control","Grab N Go","Main","Satellite","Lunch",NA,NA,NA,NA,NA,NA
"4603","27-Mar","Soup 12 oz",40,"Soup","Spring 2025","Control","Soup","Main","Satellite","Lunch",NA,NA,NA,NA,NA,NA
"4604","27-Mar","8 oz Soup",29,"Soup","Spring 2025","Control","Soup","Main","Satellite","Lunch",NA,NA,NA,NA,NA,NA
"4605","27-Mar","Salad by the Pound",39,"Salad Bar","Spring 2025","Control","Salad Bar","Main","Satellite","Lunch",NA,NA,NA,NA,NA,NA
"4606","27-Mar","Add Extra Protein 3.99",1,"Salad Bar","Spring 2025","Control","Salad Bar","Modification","Satellite","Lunch",NA,NA,NA,NA,NA,NA
"4607","28-Mar","Quesadilla Deluxe Trillium",77,"Grill","Spring 2025","Control","Quesadilla","Main","Satellite","Lunch",NA,NA,NA,NA,NA,NA
"4608","28-Mar","Grilled Hamburger",29,"Grill","Spring 2025","Control","Grill","Main","Treatment","Lunch",3.88121217461521,88.8793607464882,8.99,112.555153063841,2577.50146164816,260.71
"4609","28-Mar","Burrito Una Mano Trillium BYO",26,"Grill","Spring 2025","Control","Quesadilla","Main","Satellite","Lunch",NA,NA,NA,NA,NA,NA
"4610","28-Mar","Fried Chicken Tenders",24,"Grab N Go","Spring 2025","Control","Grab N Go","Side","Satellite","Lunch",NA,NA,NA,NA,NA,NA
"4611","28-Mar","French Fries",52,"Grill","Spring 2025","Control","Grill","Side","Treatment","Lunch",0.040840402892853,2.72997334161235,2.99,2.12370095042836,141.958613763842,155.48
"4612","28-Mar","Quesadilla Cheese",13,"Grill","Spring 2025","Control","Quesadilla","Main","Satellite","Lunch",NA,NA,NA,NA,NA,NA
"4613","28-Mar","Grilled Chicken Breast Sandwich",8,"Grill","Spring 2025","Control","Grill","Main","Treatment","Lunch",0.301553745597932,69.470648861248,8.49,2.41242996478345,555.765190889984,67.92
"4614","28-Mar","Black Bean Burger",5,"Grill","Spring 2025","Control","Grill","Main","Treatment","Lunch",0.110944712328442,54.9888227801748,8.69,0.554723561642208,274.944113900874,43.45
"4615","28-Mar","Seared Salmon Burger",5,"Grill","Spring 2025","Control","Grill","Main","Treatment","Lunch",0.447926073918026,44.697222176261,8.49,2.23963036959013,223.486110881305,42.45
"4616","28-Mar","Sweet Potato Fries",14,"Grill","Spring 2025","Control","Grill","Side","Treatment","Lunch",0.0422551714366103,3.97622481710592,2.99,0.591572400112544,55.6671474394829,41.86
"4617","28-Mar","Trillium Grill Impossible Burger",3,"Grill","Spring 2025","Control","Grill","Main","Treatment","Lunch",0.210911088099112,23.2535935181063,10.49,0.632733264297335,69.7607805543189,31.47
"4618","28-Mar","Side Potato Tots",7,"Grab N Go","Spring 2025","Control","Grab N Go","Side","Satellite","Lunch",NA,NA,NA,NA,NA,NA
"4619","28-Mar","+ Beef Patty",4,"Grill","Spring 2025","Control","Grill","Modification","Treatment","Lunch",3.806907508554,79.8564119237622,2.99,15.227630034216,319.425647695049,11.96
"4620","28-Mar","ADD Chicken Breast",3,"Grill","Spring 2025","Control","Grill","Modification","Treatment","Lunch",0.227249079536725,60.447700038522,2.99,0.681747238610175,181.343100115566,8.97
"4621","28-Mar","Add Sausage 2 Patty",2,"Grill","Spring 2025","Control","Grill","Modification","Treatment","Lunch",0.168918026814813,34.6406776822533,1.99,0.337836053629626,69.2813553645066,3.98
"4622","28-Mar","Add Egg .99",1,"Grill","Spring 2025","Control","Grill","Modification","Treatment","Lunch",0.0903881853779601,25.3348662383603,0.99,0.0903881853779601,25.3348662383603,0.99
"4623","28-Mar","1 Entree + 1 Side",62,"Asian","Spring 2025","Control","Wok","Main","Satellite","Lunch",NA,NA,NA,NA,NA,NA
"4624","28-Mar","Bowl Ramen Chicken",32,"Asian","Spring 2025","Control","Ramen","Main","Treatment","Lunch",0.379685915053077,104.607642341871,9.49,12.1499492816985,3347.44455493989,303.68
"4625","28-Mar","1 Entree + 2 Side",26,"Asian","Spring 2025","Control","Wok","Main","Satellite","Lunch",NA,NA,NA,NA,NA,NA
"4626","28-Mar","2 Entrees + 2 Sides",13,"Asian","Spring 2025","Control","Wok","Main","Satellite","Lunch",NA,NA,NA,NA,NA,NA
"4627","28-Mar","Bowl Ramen Tofu",6,"Asian","Spring 2025","Control","Ramen","Main","Treatment","Lunch",0.306509419979168,91.9886822989085,9.49,1.83905651987501,551.932093793451,56.94
"4628","28-Mar","Bowl Ramen Chicken",1,"Asian","Spring 2025","Control","Ramen","Main","Treatment","Lunch",0.379685915053077,104.607642341871,9.49,0.379685915053077,104.607642341871,9.49
"4629","28-Mar","Side Vegetarian Lo Mein",2,"Asian","Spring 2025","Control","Wok","Side","Satellite","Lunch",NA,NA,NA,NA,NA,NA
"4630","28-Mar","1 Wok Entree",1,"Asian","Spring 2025","Control","Wok","Main","Satellite","Lunch",NA,NA,NA,NA,NA,NA
"4631","28-Mar","Side White or Brown Rice",2,"Asian","Spring 2025","Control","Wok","Side","Satellite","Lunch",NA,NA,NA,NA,NA,NA
"4632","28-Mar","Side Fried Spring Roll",1,"Asian","Spring 2025","Control","Wok","Side","Satellite","Lunch",NA,NA,NA,NA,NA,NA
"4633","28-Mar","Burrito Breakfast",65,"Breakfast","Spring 2025","Control","Breakfast","Main","Satellite","Breakfast",NA,NA,NA,NA,NA,NA
"4634","28-Mar","Small French Omelet",37,"Breakfast","Spring 2025","Control","Breakfast","Side","Satellite","Breakfast",NA,NA,NA,NA,NA,NA
"4635","28-Mar","Grand Slam Breakfast",5,"Breakfast","Spring 2025","Control","Breakfast","Main","Satellite","Breakfast",NA,NA,NA,NA,NA,NA
"4636","28-Mar","Add Bacon",11,"Breakfast","Spring 2025","Control","Breakfast","Modification","Satellite","Breakfast",NA,NA,NA,NA,NA,NA
"4637","28-Mar","Trillium Home Fries",4,"Breakfast","Spring 2025","Control","Breakfast","Side","Satellite","Breakfast",NA,NA,NA,NA,NA,NA
"4638","28-Mar","Two Eggs",6,"Breakfast","Spring 2025","Control","Breakfast","Side","Satellite","Breakfast",NA,NA,NA,NA,NA,NA
"4639","28-Mar","Pancake Single",4,"Breakfast","Spring 2025","Control","Breakfast","Side","Satellite","Breakfast",NA,NA,NA,NA,NA,NA
"4640","28-Mar","2 Slices Toast",1,"Breakfast","Spring 2025","Control","Breakfast","Side","Satellite","Breakfast",NA,NA,NA,NA,NA,NA
"4641","28-Mar","Create Your Pasta Bowl MEAT",34,"Italian","Spring 2025","Control","Pasta","Main","Satellite","Lunch",0.625595496853921,47.8385188473692,8.99,21.2702468930333,1626.50964081055,305.66
"4642","28-Mar","Pizza with Toppings",19,"Italian","Spring 2025","Control","Pizza","Main","Satellite","Lunch",NA,NA,NA,NA,NA,NA
"4643","28-Mar","Create Your Pasta Bowl VEG",10,"Italian","Spring 2025","Control","Pasta","Main","Satellite","Lunch",0.140294556536554,10.5521527214029,8.49,1.40294556536554,105.521527214029,84.9
"4644","28-Mar","Pizza Cheese",10,"Italian","Spring 2025","Control","Pizza","Main","Satellite","Lunch",NA,NA,NA,NA,NA,NA
"4645","28-Mar","Add Extra Meat",7,"Italian","Spring 2025","Control","Pasta","Modification","Satellite","Lunch",NA,NA,NA,NA,NA,NA
"4646","28-Mar","Side Bread Pasta Station",2,"Italian","Spring 2025","Control","Pasta","Side","Satellite","Lunch",NA,NA,NA,NA,NA,NA
"4647","28-Mar","Burrito Bowl BYO",36,"Mexican","Spring 2025","Control","Wrap","Main","Satellite","Lunch",NA,NA,NA,NA,NA,NA
"4648","28-Mar","Single Taco",5,"Mexican","Spring 2025","Control","Wrap","Main","Satellite","Lunch",NA,NA,NA,NA,NA,NA
"4649","28-Mar","8 oz Soup",23,"Soup","Spring 2025","Control","Soup","Main","Satellite","Lunch",NA,NA,NA,NA,NA,NA
"4650","28-Mar","Soup 12 oz",18,"Soup","Spring 2025","Control","Soup","Main","Satellite","Lunch",NA,NA,NA,NA,NA,NA
"4651","28-Mar","LTO Spicy Chicken Sandwich",12,"Grab N Go","Spring 2025","Control","Grab N Go","Main","Satellite","Lunch",NA,NA,NA,NA,NA,NA
"4652","28-Mar","LTO Meatball Sub",10,"Grab N Go","Spring 2025","Control","Grab N Go","Main","Satellite","Lunch",NA,NA,NA,NA,NA,NA
"4653","28-Mar","Salad by the Pound",15,"Salad Bar","Spring 2025","Control","Salad Bar","Main","Satellite","Lunch",NA,NA,NA,NA,NA,NA
"4654","28-Mar","Add Extra Protein 3.99",4,"Salad Bar","Spring 2025","Control","Salad Bar","Modification","Satellite","Lunch",NA,NA,NA,NA,NA,NA
"4655","7-Apr","Quesadilla Deluxe Trillium",142,"Grill","Spring 2025","Control","Quesadilla","Main","Satellite","Lunch",NA,NA,NA,NA,NA,NA
"4656","7-Apr","Grilled Hamburger",77,"Grill","Spring 2025","Control","Grill","Main","Treatment","Lunch",3.88121217461521,88.8793607464882,8.99,298.853337445371,6843.71077747959,692.23
"4657","7-Apr","Fried Chicken Tenders",57,"Grab N Go","Spring 2025","Control","Grab N Go","Side","Satellite","Lunch",NA,NA,NA,NA,NA,NA
"4658","7-Apr","Burrito Una Mano Trillium BYO",42,"Grill","Spring 2025","Control","Quesadilla","Main","Satellite","Lunch",NA,NA,NA,NA,NA,NA
"4659","7-Apr","French Fries",89,"Grill","Spring 2025","Control","Grill","Side","Treatment","Lunch",0.040840402892853,2.72997334161235,2.99,3.63479585746392,242.967627403499,266.11
"4660","7-Apr","Quesadilla Cheese",19,"Grill","Spring 2025","Control","Quesadilla","Main","Satellite","Lunch",NA,NA,NA,NA,NA,NA
"4661","7-Apr","Grilled Chicken Breast Sandwich",17,"Grill","Spring 2025","Control","Grill","Main","Treatment","Lunch",0.301553745597932,69.470648861248,8.49,5.12641367516484,1181.00103064122,144.33
"4662","7-Apr","Sweet Potato Fries",27,"Grill","Spring 2025","Control","Grill","Side","Treatment","Lunch",0.0422551714366103,3.97622481710592,2.99,1.14088962878848,107.35807006186,80.73
"4663","7-Apr","+ Beef Patty",13,"Grill","Spring 2025","Control","Grill","Modification","Treatment","Lunch",3.806907508554,79.8564119237622,2.99,49.489797611202,1038.13335500891,38.87
"4664","7-Apr","Black Bean Burger",4,"Grill","Spring 2025","Control","Grill","Main","Treatment","Lunch",0.110944712328442,54.9888227801748,8.69,0.443778849313767,219.955291120699,34.76
"4665","7-Apr","Seared Salmon Burger",4,"Grill","Spring 2025","Control","Grill","Main","Treatment","Lunch",0.447926073918026,44.697222176261,8.49,1.7917042956721,178.788888705044,33.96
"4666","7-Apr","Trillium Grill Impossible Burger",3,"Grill","Spring 2025","Control","Grill","Main","Treatment","Lunch",0.210911088099112,23.2535935181063,10.49,0.632733264297335,69.7607805543189,31.47
"4667","7-Apr","Side Potato Tots",8,"Grab N Go","Spring 2025","Control","Grab N Go","Side","Satellite","Lunch",NA,NA,NA,NA,NA,NA
"4668","7-Apr","ADD Chicken Breast",2,"Grill","Spring 2025","Control","Grill","Modification","Treatment","Lunch",0.227249079536725,60.447700038522,2.99,0.45449815907345,120.895400077044,5.98
"4669","7-Apr","Add Sausage 2 Patty",2,"Grill","Spring 2025","Control","Grill","Modification","Treatment","Lunch",0.168918026814813,34.6406776822533,1.99,0.337836053629626,69.2813553645066,3.98
"4670","7-Apr","Add Egg .99",2,"Grill","Spring 2025","Control","Grill","Modification","Treatment","Lunch",0.0903881853779601,25.3348662383603,0.99,0.18077637075592,50.6697324767206,1.98
"4671","7-Apr","ADD Cheese",2,"Grill","Spring 2025","Control","Grill","Modification","Treatment","Lunch",0.183611306606629,3.19881943989712,1.99,0.367222613213258,6.39763887979424,3.98
"4672","7-Apr","1 Entree + 1 Side",152,"Asian","Spring 2025","Control","Wok","Main","Satellite","Lunch",NA,NA,NA,NA,NA,NA
"4673","7-Apr","1 Entree + 2 Side",62,"Asian","Spring 2025","Control","Wok","Main","Satellite","Lunch",NA,NA,NA,NA,NA,NA
"4674","7-Apr","Bowl Ramen Chicken",50,"Asian","Spring 2025","Control","Ramen","Main","Treatment","Lunch",0.379685915053077,104.607642341871,9.49,18.9842957526538,5230.38211709358,474.5
"4675","7-Apr","2 Entrees + 2 Sides",17,"Asian","Spring 2025","Control","Wok","Main","Satellite","Lunch",NA,NA,NA,NA,NA,NA
"4676","7-Apr","Bowl Ramen Tofu",17,"Asian","Spring 2025","Control","Ramen","Main","Treatment","Lunch",0.306509419979168,91.9886822989085,9.49,5.21066013964585,1563.80759908145,161.33
"4677","7-Apr","1 Wok Entree",6,"Asian","Spring 2025","Control","Wok","Main","Satellite","Lunch",NA,NA,NA,NA,NA,NA
"4678","7-Apr","Side Vegetarian Lo Mein",7,"Asian","Spring 2025","Control","Wok","Side","Satellite","Lunch",NA,NA,NA,NA,NA,NA
"4679","7-Apr","Side White or Brown Rice",8,"Asian","Spring 2025","Control","Wok","Side","Satellite","Lunch",NA,NA,NA,NA,NA,NA
"4680","7-Apr","Bowl Ramen Chicken",1,"Asian","Spring 2025","Control","Ramen","Main","Treatment","Lunch",0.379685915053077,104.607642341871,9.49,0.379685915053077,104.607642341871,9.49
"4681","7-Apr","Side Vegetable Spring Rolls",1,"Asian","Spring 2025","Control","Wok","Side","Satellite","Lunch",NA,NA,NA,NA,NA,NA
"4682","7-Apr","Create Your Pasta Bowl MEAT",93,"Italian","Spring 2025","Control","Pasta","Main","Satellite","Lunch",0.625595496853921,47.8385188473692,8.99,58.1803812074147,4448.98225280533,836.07
"4683","7-Apr","Create Your Pasta Bowl VEG",21,"Italian","Spring 2025","Control","Pasta","Main","Satellite","Lunch",0.140294556536554,10.5521527214029,8.49,2.94618568726763,221.59520714946,178.29
"4684","7-Apr","Pizza with Toppings",22,"Italian","Spring 2025","Control","Pizza","Main","Satellite","Lunch",NA,NA,NA,NA,NA,NA
"4685","7-Apr","Add Extra Meat",33,"Italian","Spring 2025","Control","Pasta","Modification","Satellite","Lunch",NA,NA,NA,NA,NA,NA
"4686","7-Apr","Pizza Cheese",16,"Italian","Spring 2025","Control","Pizza","Main","Satellite","Lunch",NA,NA,NA,NA,NA,NA
"4687","7-Apr","Burrito Breakfast",93,"Breakfast","Spring 2025","Control","Breakfast","Main","Satellite","Breakfast",NA,NA,NA,NA,NA,NA
"4688","7-Apr","Small French Omelet",47,"Breakfast","Spring 2025","Control","Breakfast","Side","Satellite","Breakfast",NA,NA,NA,NA,NA,NA
"4689","7-Apr","Grand Slam Breakfast",12,"Breakfast","Spring 2025","Control","Breakfast","Main","Satellite","Breakfast",NA,NA,NA,NA,NA,NA
"4690","7-Apr","Add Bacon",28,"Breakfast","Spring 2025","Control","Breakfast","Modification","Satellite","Breakfast",NA,NA,NA,NA,NA,NA
"4691","7-Apr","Two Eggs",18,"Breakfast","Spring 2025","Control","Breakfast","Side","Satellite","Breakfast",NA,NA,NA,NA,NA,NA
"4692","7-Apr","Trillium Home Fries",7,"Breakfast","Spring 2025","Control","Breakfast","Side","Satellite","Breakfast",NA,NA,NA,NA,NA,NA
"4693","7-Apr","2 Slices Toast",2,"Breakfast","Spring 2025","Control","Breakfast","Side","Satellite","Breakfast",NA,NA,NA,NA,NA,NA
"4694","7-Apr","Toast",2,"Breakfast","Spring 2025","Control","Breakfast","Side","Satellite","Breakfast",NA,NA,NA,NA,NA,NA
"4695","7-Apr","Burrito Bowl BYO",105,"Mexican","Spring 2025","Control","Wrap","Main","Satellite","Lunch",NA,NA,NA,NA,NA,NA
"4696","7-Apr","Side Guacamole",5,"Mexican","Spring 2025","Control","Wrap","Side","Satellite","Lunch",NA,NA,NA,NA,NA,NA
"4697","7-Apr","Single Taco",1,"Mexican","Spring 2025","Control","Wrap","Main","Satellite","Lunch",NA,NA,NA,NA,NA,NA
"4698","7-Apr","Side Salsa",1,"Mexican","Spring 2025","Control","Wrap","Side","Satellite","Lunch",NA,NA,NA,NA,NA,NA
"4699","7-Apr","Side Sour Cream",1,"Mexican","Spring 2025","Control","Wrap","Side","Satellite","Lunch",NA,NA,NA,NA,NA,NA
"4700","7-Apr","Salad by the Pound",51,"Salad Bar","Spring 2025","Control","Salad Bar","Main","Satellite","Lunch",NA,NA,NA,NA,NA,NA
"4701","7-Apr","Add Extra Protein 3.99",1,"Salad Bar","Spring 2025","Control","Salad Bar","Modification","Satellite","Lunch",NA,NA,NA,NA,NA,NA
"4702","7-Apr","LTO Spicy Chicken Sandwich",25,"Grab N Go","Spring 2025","Control","Grab N Go","Main","Satellite","Lunch",NA,NA,NA,NA,NA,NA
"4703","7-Apr","Egg Cheese Sausage Breakfast Sandwich",18,"Grab N Go","Spring 2025","Control","Grab N Go","Main","Satellite","Lunch",NA,NA,NA,NA,NA,NA
"4704","7-Apr","Egg Cheese Bacon Breakfast Sandwich",13,"Grab N Go","Spring 2025","Control","Grab N Go","Main","Satellite","Lunch",NA,NA,NA,NA,NA,NA
"4705","7-Apr","Soup 12 oz",31,"Soup","Spring 2025","Control","Soup","Main","Satellite","Lunch",NA,NA,NA,NA,NA,NA
"4706","7-Apr","8 oz Soup",32,"Soup","Spring 2025","Control","Soup","Main","Satellite","Lunch",NA,NA,NA,NA,NA,NA
"4707","8-Apr","Quesadilla Deluxe Trillium",176,"Grill","Spring 2025","Control","Quesadilla","Main","Satellite","Lunch",NA,NA,NA,NA,NA,NA
"4708","8-Apr","Grilled Hamburger",113,"Grill","Spring 2025","Control","Grill","Main","Treatment","Lunch",3.88121217461521,88.8793607464882,8.99,438.576975731518,10043.3677643532,1015.87
"4709","8-Apr","Fried Chicken Tenders",105,"Grab N Go","Spring 2025","Control","Grab N Go","Side","Satellite","Lunch",NA,NA,NA,NA,NA,NA
"4710","8-Apr","Burrito Una Mano Trillium BYO",70,"Grill","Spring 2025","Control","Quesadilla","Main","Satellite","Lunch",NA,NA,NA,NA,NA,NA
"4711","8-Apr","French Fries",124,"Grill","Spring 2025","Control","Grill","Side","Treatment","Lunch",0.040840402892853,2.72997334161235,2.99,5.06420995871377,338.516694359931,370.76
"4712","8-Apr","Grilled Chicken Breast Sandwich",28,"Grill","Spring 2025","Control","Grill","Main","Treatment","Lunch",0.301553745597932,69.470648861248,8.49,8.44350487674208,1945.17816811494,237.72
"4713","8-Apr","Quesadilla Cheese",22,"Grill","Spring 2025","Control","Quesadilla","Main","Satellite","Lunch",NA,NA,NA,NA,NA,NA
"4714","8-Apr","Trillium Grill Impossible Burger",13,"Grill","Spring 2025","Control","Grill","Main","Treatment","Lunch",0.210911088099112,23.2535935181063,10.49,2.74184414528845,302.296715735382,136.37
"4715","8-Apr","Sweet Potato Fries",40,"Grill","Spring 2025","Control","Grill","Side","Treatment","Lunch",0.0422551714366103,3.97622481710592,2.99,1.69020685746441,159.048992684237,119.6
"4716","8-Apr","Seared Salmon Burger",11,"Grill","Spring 2025","Control","Grill","Main","Treatment","Lunch",0.447926073918026,44.697222176261,8.49,4.92718681309828,491.66944393887,93.39
"4717","8-Apr","+ Beef Patty",15,"Grill","Spring 2025","Control","Grill","Modification","Treatment","Lunch",3.806907508554,79.8564119237622,2.99,57.10361262831,1197.84617885643,44.85
"4718","8-Apr","Side Potato Tots",10,"Grab N Go","Spring 2025","Control","Grab N Go","Side","Satellite","Lunch",NA,NA,NA,NA,NA,NA
"4719","8-Apr","Black Bean Burger",2,"Grill","Spring 2025","Control","Grill","Main","Treatment","Lunch",0.110944712328442,54.9888227801748,8.69,0.221889424656883,109.97764556035,17.38
"4720","8-Apr","Add Egg .99",8,"Grill","Spring 2025","Control","Grill","Modification","Treatment","Lunch",0.0903881853779601,25.3348662383603,0.99,0.723105483023681,202.678929906882,7.92
"4721","8-Apr","Add Sausage 2 Patty",2,"Grill","Spring 2025","Control","Grill","Modification","Treatment","Lunch",0.168918026814813,34.6406776822533,1.99,0.337836053629626,69.2813553645066,3.98
"4722","8-Apr","ADD Chicken Breast",1,"Grill","Spring 2025","Control","Grill","Modification","Treatment","Lunch",0.227249079536725,60.447700038522,2.99,0.227249079536725,60.447700038522,2.99
"4723","8-Apr","ADD Cheese",3,"Grill","Spring 2025","Control","Grill","Modification","Treatment","Lunch",0.183611306606629,3.19881943989712,1.99,0.550833919819887,9.59645831969137,5.97
"4724","8-Apr","1 Entree + 1 Side",193,"Asian","Spring 2025","Control","Wok","Main","Satellite","Lunch",NA,NA,NA,NA,NA,NA
"4725","8-Apr","Bowl Ramen Chicken",84,"Asian","Spring 2025","Control","Ramen","Main","Treatment","Lunch",0.379685915053077,104.607642341871,9.49,31.8936168644585,8787.04195671721,797.16
"4726","8-Apr","1 Entree + 2 Side",62,"Asian","Spring 2025","Control","Wok","Main","Satellite","Lunch",NA,NA,NA,NA,NA,NA
"4727","8-Apr","2 Entrees + 2 Sides",45,"Asian","Spring 2025","Control","Wok","Main","Satellite","Lunch",NA,NA,NA,NA,NA,NA
"4728","8-Apr","Bowl Ramen Tofu",21,"Asian","Spring 2025","Control","Ramen","Main","Treatment","Lunch",0.306509419979168,91.9886822989085,9.49,6.43669781956253,1931.76232827708,199.29
"4729","8-Apr","1 Wok Entree",8,"Asian","Spring 2025","Control","Wok","Main","Satellite","Lunch",NA,NA,NA,NA,NA,NA
"4730","8-Apr","Side Vegetarian Lo Mein",8,"Asian","Spring 2025","Control","Wok","Side","Satellite","Lunch",NA,NA,NA,NA,NA,NA
"4731","8-Apr","Side White or Brown Rice",7,"Asian","Spring 2025","Control","Wok","Side","Satellite","Lunch",NA,NA,NA,NA,NA,NA
"4732","8-Apr","Side Vegetable Spring Rolls",3,"Asian","Spring 2025","Control","Wok","Side","Satellite","Lunch",NA,NA,NA,NA,NA,NA
"4733","8-Apr","Side Vegetarian Fried Rice with",2,"Asian","Spring 2025","Control","Wok","Side","Satellite","Lunch",NA,NA,NA,NA,NA,NA
"4734","8-Apr","Side Vegetables",1,"Asian","Spring 2025","Control","Wok","Side","Satellite","Lunch",NA,NA,NA,NA,NA,NA
"4735","8-Apr","Burrito Breakfast",96,"Breakfast","Spring 2025","Control","Breakfast","Main","Satellite","Breakfast",NA,NA,NA,NA,NA,NA
"4736","8-Apr","Small French Omelet",77,"Breakfast","Spring 2025","Control","Breakfast","Side","Satellite","Breakfast",NA,NA,NA,NA,NA,NA
"4737","8-Apr","Grand Slam Breakfast",23,"Breakfast","Spring 2025","Control","Breakfast","Main","Satellite","Breakfast",NA,NA,NA,NA,NA,NA
"4738","8-Apr","Add Bacon",34,"Breakfast","Spring 2025","Control","Breakfast","Modification","Satellite","Breakfast",NA,NA,NA,NA,NA,NA
"4739","8-Apr","Two Eggs",15,"Breakfast","Spring 2025","Control","Breakfast","Side","Satellite","Breakfast",NA,NA,NA,NA,NA,NA
"4740","8-Apr","Trillium Home Fries",5,"Breakfast","Spring 2025","Control","Breakfast","Side","Satellite","Breakfast",NA,NA,NA,NA,NA,NA
"4741","8-Apr","2 Slices Toast",7,"Breakfast","Spring 2025","Control","Breakfast","Side","Satellite","Breakfast",NA,NA,NA,NA,NA,NA
"4742","8-Apr","Pancake Single",1,"Breakfast","Spring 2025","Control","Breakfast","Side","Satellite","Breakfast",NA,NA,NA,NA,NA,NA
"4743","8-Apr","Toast",1,"Breakfast","Spring 2025","Control","Breakfast","Side","Satellite","Breakfast",NA,NA,NA,NA,NA,NA
"4744","8-Apr","PC Butter",1,"Breakfast","Spring 2025","Control","Breakfast","Side","Satellite","Breakfast",NA,NA,NA,NA,NA,NA
"4745","8-Apr","PC Jelly",1,"Breakfast","Spring 2025","Control","Breakfast","Side","Satellite","Breakfast",NA,NA,NA,NA,NA,NA
"4746","8-Apr","PC Peanut Butter",1,"Breakfast","Spring 2025","Control","Breakfast","Side","Satellite","Breakfast",NA,NA,NA,NA,NA,NA
"4747","8-Apr","Create Your Pasta Bowl MEAT",108,"Italian","Spring 2025","Control","Pasta","Main","Satellite","Lunch",0.625595496853921,47.8385188473692,8.99,67.5643136602235,5166.56003551587,970.92
"4748","8-Apr","Create Your Pasta Bowl VEG",29,"Italian","Spring 2025","Control","Pasta","Main","Satellite","Lunch",0.140294556536554,10.5521527214029,8.49,4.06854213956007,306.012428920683,246.21
"4749","8-Apr","Pizza with Toppings",32,"Italian","Spring 2025","Control","Pizza","Main","Satellite","Lunch",NA,NA,NA,NA,NA,NA
"4750","8-Apr","Add Extra Meat",29,"Italian","Spring 2025","Control","Pasta","Modification","Satellite","Lunch",NA,NA,NA,NA,NA,NA
"4751","8-Apr","Pizza Cheese",17,"Italian","Spring 2025","Control","Pizza","Main","Satellite","Lunch",NA,NA,NA,NA,NA,NA
"4752","8-Apr","Side Bread Pasta Station",1,"Italian","Spring 2025","Control","Pasta","Side","Satellite","Lunch",NA,NA,NA,NA,NA,NA
"4753","8-Apr","Burrito Bowl BYO",127,"Mexican","Spring 2025","Control","Wrap","Main","Satellite","Lunch",NA,NA,NA,NA,NA,NA
"4754","8-Apr","Single Taco",8,"Mexican","Spring 2025","Control","Wrap","Main","Satellite","Lunch",NA,NA,NA,NA,NA,NA
"4755","8-Apr","Side Guacamole",3,"Mexican","Spring 2025","Control","Wrap","Side","Satellite","Lunch",NA,NA,NA,NA,NA,NA
"4756","8-Apr","Side Salsa",4,"Mexican","Spring 2025","Control","Wrap","Side","Satellite","Lunch",NA,NA,NA,NA,NA,NA
"4757","8-Apr","Add Extra Toppings Una Mano",1,"Mexican","Spring 2025","Control","Wrap","Modification","Satellite","Lunch",NA,NA,NA,NA,NA,NA
"4758","8-Apr","LTO Spicy Chicken Sandwich",35,"Grab N Go","Spring 2025","Control","Grab N Go","Main","Satellite","Lunch",NA,NA,NA,NA,NA,NA
"4759","8-Apr","Egg Cheese Sausage Breakfast Sandwich",28,"Grab N Go","Spring 2025","Control","Grab N Go","Main","Satellite","Lunch",NA,NA,NA,NA,NA,NA
"4760","8-Apr","LTO Meatball Sub",14,"Grab N Go","Spring 2025","Control","Grab N Go","Main","Satellite","Lunch",NA,NA,NA,NA,NA,NA
"4761","8-Apr","Egg Cheese Bacon Breakfast Sandwich",19,"Grab N Go","Spring 2025","Control","Grab N Go","Main","Satellite","Lunch",NA,NA,NA,NA,NA,NA
"4762","8-Apr","Salad by the Pound",65,"Salad Bar","Spring 2025","Control","Salad Bar","Main","Satellite","Lunch",NA,NA,NA,NA,NA,NA
"4763","8-Apr","Add Extra Protein 3.99",2,"Salad Bar","Spring 2025","Control","Salad Bar","Modification","Satellite","Lunch",NA,NA,NA,NA,NA,NA
"4764","8-Apr","Soup 12 oz",65,"Soup","Spring 2025","Control","Soup","Main","Satellite","Lunch",NA,NA,NA,NA,NA,NA
"4765","8-Apr","8 oz Soup",37,"Soup","Spring 2025","Control","Soup","Main","Satellite","Lunch",NA,NA,NA,NA,NA,NA
"4766","8-Apr","LTO Sandwich",3,"Deli","Spring 2025","Control","Deli","Main","Satellite","Lunch",NA,NA,NA,NA,NA,NA
"4767","9-Apr","Quesadilla Deluxe Trillium",181,"Grill","Spring 2025","Control","Quesadilla","Main","Satellite","Lunch",NA,NA,NA,NA,NA,NA
"4768","9-Apr","Grilled Hamburger",89,"Grill","Spring 2025","Control","Grill","Main","Treatment","Lunch",3.88121217461521,88.8793607464882,8.99,345.427883540753,7910.26310643745,800.11
"4769","9-Apr","Fried Chicken Tenders",80,"Grab N Go","Spring 2025","Control","Grab N Go","Side","Satellite","Lunch",NA,NA,NA,NA,NA,NA
"4770","9-Apr","Burrito Una Mano Trillium BYO",59,"Grill","Spring 2025","Control","Quesadilla","Main","Satellite","Lunch",NA,NA,NA,NA,NA,NA
"4771","9-Apr","French Fries",117,"Grill","Spring 2025","Control","Grill","Side","Treatment","Lunch",0.040840402892853,2.72997334161235,2.99,4.7783271384638,319.406880968645,349.83
"4772","9-Apr","Grilled Chicken Breast Sandwich",30,"Grill","Spring 2025","Control","Grill","Main","Treatment","Lunch",0.301553745597932,69.470648861248,8.49,9.04661236793795,2084.11946583744,254.7
"4773","9-Apr","Quesadilla Cheese",20,"Grill","Spring 2025","Control","Quesadilla","Main","Satellite","Lunch",NA,NA,NA,NA,NA,NA
"4774","9-Apr","Sweet Potato Fries",35,"Grill","Spring 2025","Control","Grill","Side","Treatment","Lunch",0.0422551714366103,3.97622481710592,2.99,1.47893100028136,139.167868598707,104.65
"4775","9-Apr","Seared Salmon Burger",10,"Grill","Spring 2025","Control","Grill","Main","Treatment","Lunch",0.447926073918026,44.697222176261,8.49,4.47926073918026,446.97222176261,84.9
"4776","9-Apr","Trillium Grill Impossible Burger",6,"Grill","Spring 2025","Control","Grill","Main","Treatment","Lunch",0.210911088099112,23.2535935181063,10.49,1.26546652859467,139.521561108638,62.94
"4777","9-Apr","+ Beef Patty",14,"Grill","Spring 2025","Control","Grill","Modification","Treatment","Lunch",3.806907508554,79.8564119237622,2.99,53.296705119756,1117.98976693267,41.86
"4778","9-Apr","Side Potato Tots",11,"Grab N Go","Spring 2025","Control","Grab N Go","Side","Satellite","Lunch",NA,NA,NA,NA,NA,NA
"4779","9-Apr","ADD Chicken Breast",3,"Grill","Spring 2025","Control","Grill","Modification","Treatment","Lunch",0.227249079536725,60.447700038522,2.99,0.681747238610175,181.343100115566,8.97
"4780","9-Apr","Black Bean Burger",1,"Grill","Spring 2025","Control","Grill","Main","Treatment","Lunch",0.110944712328442,54.9888227801748,8.69,0.110944712328442,54.9888227801748,8.69
"4781","9-Apr","Add Egg .99",3,"Grill","Spring 2025","Control","Grill","Modification","Treatment","Lunch",0.0903881853779601,25.3348662383603,0.99,0.27116455613388,76.0045987150809,2.97
"4782","9-Apr","ADD Cheese",2,"Grill","Spring 2025","Control","Grill","Modification","Treatment","Lunch",0.183611306606629,3.19881943989712,1.99,0.367222613213258,6.39763887979424,3.98
"4783","9-Apr","1 Entree + 1 Side",186,"Asian","Spring 2025","Control","Wok","Main","Satellite","Lunch",NA,NA,NA,NA,NA,NA
"4784","9-Apr","1 Entree + 2 Side",84,"Asian","Spring 2025","Control","Wok","Main","Satellite","Lunch",NA,NA,NA,NA,NA,NA
"4785","9-Apr","Bowl Ramen Chicken",69,"Asian","Spring 2025","Control","Ramen","Main","Treatment","Lunch",0.379685915053077,104.607642341871,9.49,26.1983281386623,7217.92732158913,654.81
"4786","9-Apr","2 Entrees + 2 Sides",18,"Asian","Spring 2025","Control","Wok","Main","Satellite","Lunch",NA,NA,NA,NA,NA,NA
"4787","9-Apr","Bowl Ramen Tofu",14,"Asian","Spring 2025","Control","Ramen","Main","Treatment","Lunch",0.306509419979168,91.9886822989085,9.49,4.29113187970835,1287.84155218472,132.86
"4788","9-Apr","1 Wok Entree",17,"Asian","Spring 2025","Control","Wok","Main","Satellite","Lunch",NA,NA,NA,NA,NA,NA
"4789","9-Apr","Side Vegetarian Lo Mein",9,"Asian","Spring 2025","Control","Wok","Side","Satellite","Lunch",NA,NA,NA,NA,NA,NA
"4790","9-Apr","Side White or Brown Rice",7,"Asian","Spring 2025","Control","Wok","Side","Satellite","Lunch",NA,NA,NA,NA,NA,NA
"4791","9-Apr","Side Vegetable Spring Rolls",2,"Asian","Spring 2025","Control","Wok","Side","Satellite","Lunch",NA,NA,NA,NA,NA,NA
"4792","9-Apr","Side Fried Spring Roll",1,"Asian","Spring 2025","Control","Wok","Side","Satellite","Lunch",NA,NA,NA,NA,NA,NA
"4793","9-Apr","Side Vegetables",1,"Asian","Spring 2025","Control","Wok","Side","Satellite","Lunch",NA,NA,NA,NA,NA,NA
"4794","9-Apr","Side Vegetarian Fried Rice with",1,"Asian","Spring 2025","Control","Wok","Side","Satellite","Lunch",NA,NA,NA,NA,NA,NA
"4795","9-Apr","Create Your Pasta Bowl MEAT",125,"Italian","Spring 2025","Control","Pasta","Main","Satellite","Lunch",0.625595496853921,47.8385188473692,8.99,78.1994371067402,5979.81485592115,1123.75
"4796","9-Apr","Create Your Pasta Bowl VEG",23,"Italian","Spring 2025","Control","Pasta","Main","Satellite","Lunch",0.140294556536554,10.5521527214029,8.49,3.22677480034074,242.699512592266,195.27
"4797","9-Apr","Pizza with Toppings",23,"Italian","Spring 2025","Control","Pizza","Main","Satellite","Lunch",NA,NA,NA,NA,NA,NA
"4798","9-Apr","Pizza Cheese",16,"Italian","Spring 2025","Control","Pizza","Main","Satellite","Lunch",NA,NA,NA,NA,NA,NA
"4799","9-Apr","Add Extra Meat",23,"Italian","Spring 2025","Control","Pasta","Modification","Satellite","Lunch",NA,NA,NA,NA,NA,NA
"4800","9-Apr","Burrito Breakfast",87,"Breakfast","Spring 2025","Control","Breakfast","Main","Satellite","Breakfast",NA,NA,NA,NA,NA,NA
"4801","9-Apr","Small French Omelet",65,"Breakfast","Spring 2025","Control","Breakfast","Side","Satellite","Breakfast",NA,NA,NA,NA,NA,NA
"4802","9-Apr","Grand Slam Breakfast",14,"Breakfast","Spring 2025","Control","Breakfast","Main","Satellite","Breakfast",NA,NA,NA,NA,NA,NA
"4803","9-Apr","Add Bacon",24,"Breakfast","Spring 2025","Control","Breakfast","Modification","Satellite","Breakfast",NA,NA,NA,NA,NA,NA
"4804","9-Apr","Two Eggs",16,"Breakfast","Spring 2025","Control","Breakfast","Side","Satellite","Breakfast",NA,NA,NA,NA,NA,NA
"4805","9-Apr","Trillium Home Fries",6,"Breakfast","Spring 2025","Control","Breakfast","Side","Satellite","Breakfast",NA,NA,NA,NA,NA,NA
"4806","9-Apr","Pancake Single",2,"Breakfast","Spring 2025","Control","Breakfast","Side","Satellite","Breakfast",NA,NA,NA,NA,NA,NA
"4807","9-Apr","PC Peanut Butter",1,"Breakfast","Spring 2025","Control","Breakfast","Side","Satellite","Breakfast",NA,NA,NA,NA,NA,NA
"4808","9-Apr","Burrito Bowl BYO",111,"Mexican","Spring 2025","Control","Wrap","Main","Satellite","Lunch",NA,NA,NA,NA,NA,NA
"4809","9-Apr","Side Guacamole",6,"Mexican","Spring 2025","Control","Wrap","Side","Satellite","Lunch",NA,NA,NA,NA,NA,NA
"4810","9-Apr","Side Salsa",1,"Mexican","Spring 2025","Control","Wrap","Side","Satellite","Lunch",NA,NA,NA,NA,NA,NA
"4811","9-Apr","Side Sour Cream",1,"Mexican","Spring 2025","Control","Wrap","Side","Satellite","Lunch",NA,NA,NA,NA,NA,NA
"4812","9-Apr","Salad by the Pound",68,"Salad Bar","Spring 2025","Control","Salad Bar","Main","Satellite","Lunch",NA,NA,NA,NA,NA,NA
"4813","9-Apr","Add Extra Protein 3.99",2,"Salad Bar","Spring 2025","Control","Salad Bar","Modification","Satellite","Lunch",NA,NA,NA,NA,NA,NA
"4814","9-Apr","Soup 12 oz",47,"Soup","Spring 2025","Control","Soup","Main","Satellite","Lunch",NA,NA,NA,NA,NA,NA
"4815","9-Apr","8 oz Soup",51,"Soup","Spring 2025","Control","Soup","Main","Satellite","Lunch",NA,NA,NA,NA,NA,NA
"4816","9-Apr","LTO Spicy Chicken Sandwich",34,"Grab N Go","Spring 2025","Control","Grab N Go","Main","Satellite","Lunch",NA,NA,NA,NA,NA,NA
"4817","9-Apr","Egg Cheese Sausage Breakfast Sandwich",28,"Grab N Go","Spring 2025","Control","Grab N Go","Main","Satellite","Lunch",NA,NA,NA,NA,NA,NA
"4818","9-Apr","Egg Cheese Bacon Breakfast Sandwich",16,"Grab N Go","Spring 2025","Control","Grab N Go","Main","Satellite","Lunch",NA,NA,NA,NA,NA,NA
"4819","10-Apr","Quesadilla Deluxe Trillium",153,"Grill","Spring 2025","Control","Quesadilla","Main","Satellite","Lunch",NA,NA,NA,NA,NA,NA
"4820","10-Apr","Grilled Hamburger",90,"Grill","Spring 2025","Control","Grill","Main","Treatment","Lunch",3.88121217461521,88.8793607464882,8.99,349.309095715369,7999.14246718393,809.1
"4821","10-Apr","Fried Chicken Tenders",104,"Grab N Go","Spring 2025","Control","Grab N Go","Side","Satellite","Lunch",NA,NA,NA,NA,NA,NA
"4822","10-Apr","Burrito Una Mano Trillium BYO",77,"Grill","Spring 2025","Control","Quesadilla","Main","Satellite","Lunch",NA,NA,NA,NA,NA,NA
"4823","10-Apr","French Fries",139,"Grill","Spring 2025","Control","Grill","Side","Treatment","Lunch",0.040840402892853,2.72997334161235,2.99,5.67681600210657,379.466294484117,415.61
"4824","10-Apr","Grilled Chicken Breast Sandwich",17,"Grill","Spring 2025","Control","Grill","Main","Treatment","Lunch",0.301553745597932,69.470648861248,8.49,5.12641367516484,1181.00103064122,144.33
"4825","10-Apr","Sweet Potato Fries",47,"Grill","Spring 2025","Control","Grill","Side","Treatment","Lunch",0.0422551714366103,3.97622481710592,2.99,1.98599305752068,186.882566403978,140.53
"4826","10-Apr","Quesadilla Cheese",15,"Grill","Spring 2025","Control","Quesadilla","Main","Satellite","Lunch",NA,NA,NA,NA,NA,NA
"4827","10-Apr","Seared Salmon Burger",10,"Grill","Spring 2025","Control","Grill","Main","Treatment","Lunch",0.447926073918026,44.697222176261,8.49,4.47926073918026,446.97222176261,84.9
"4828","10-Apr","Trillium Grill Impossible Burger",8,"Grill","Spring 2025","Control","Grill","Main","Treatment","Lunch",0.210911088099112,23.2535935181063,10.49,1.68728870479289,186.02874814485,83.92
"4829","10-Apr","Black Bean Burger",6,"Grill","Spring 2025","Control","Grill","Main","Treatment","Lunch",0.110944712328442,54.9888227801748,8.69,0.66566827397065,329.932936681049,52.14
"4830","10-Apr","+ Beef Patty",6,"Grill","Spring 2025","Control","Grill","Modification","Treatment","Lunch",3.806907508554,79.8564119237622,2.99,22.841445051324,479.138471542573,17.94
"4831","10-Apr","Side Potato Tots",6,"Grab N Go","Spring 2025","Control","Grab N Go","Side","Satellite","Lunch",NA,NA,NA,NA,NA,NA
"4832","10-Apr","Add Sausage 2 Patty",2,"Grill","Spring 2025","Control","Grill","Modification","Treatment","Lunch",0.168918026814813,34.6406776822533,1.99,0.337836053629626,69.2813553645066,3.98
"4833","10-Apr","ADD Chicken Breast",1,"Grill","Spring 2025","Control","Grill","Modification","Treatment","Lunch",0.227249079536725,60.447700038522,2.99,0.227249079536725,60.447700038522,2.99
"4834","10-Apr","ADD Cheese",4,"Grill","Spring 2025","Control","Grill","Modification","Treatment","Lunch",0.183611306606629,3.19881943989712,1.99,0.734445226426516,12.7952777595885,7.96
"4835","10-Apr","Add Egg .99",2,"Grill","Spring 2025","Control","Grill","Modification","Treatment","Lunch",0.0903881853779601,25.3348662383603,0.99,0.18077637075592,50.6697324767206,1.98
"4836","10-Apr","1 Entree + 1 Side",204,"Asian","Spring 2025","Control","Wok","Main","Satellite","Lunch",NA,NA,NA,NA,NA,NA
"4837","10-Apr","Bowl Ramen Chicken",79,"Asian","Spring 2025","Control","Ramen","Main","Treatment","Lunch",0.379685915053077,104.607642341871,9.49,29.9951872891931,8264.00374500785,749.71
"4838","10-Apr","1 Entree + 2 Side",67,"Asian","Spring 2025","Control","Wok","Main","Satellite","Lunch",NA,NA,NA,NA,NA,NA
"4839","10-Apr","2 Entrees + 2 Sides",29,"Asian","Spring 2025","Control","Wok","Main","Satellite","Lunch",NA,NA,NA,NA,NA,NA
"4840","10-Apr","Bowl Ramen Tofu",24,"Asian","Spring 2025","Control","Ramen","Main","Treatment","Lunch",0.306509419979168,91.9886822989085,9.49,7.35622607950003,2207.7283751738,227.76
"4841","10-Apr","Side Vegetarian Lo Mein",18,"Asian","Spring 2025","Control","Wok","Side","Satellite","Lunch",NA,NA,NA,NA,NA,NA
"4842","10-Apr","1 Wok Entree",9,"Asian","Spring 2025","Control","Wok","Main","Satellite","Lunch",NA,NA,NA,NA,NA,NA
"4843","10-Apr","Side Vegetable Spring Rolls",7,"Asian","Spring 2025","Control","Wok","Side","Satellite","Lunch",NA,NA,NA,NA,NA,NA
"4844","10-Apr","Side Vegetables",5,"Asian","Spring 2025","Control","Wok","Side","Satellite","Lunch",NA,NA,NA,NA,NA,NA
"4845","10-Apr","Side White or Brown Rice",6,"Asian","Spring 2025","Control","Wok","Side","Satellite","Lunch",NA,NA,NA,NA,NA,NA
"4846","10-Apr","Side Fried Spring Roll",3,"Asian","Spring 2025","Control","Wok","Side","Satellite","Lunch",NA,NA,NA,NA,NA,NA
"4847","10-Apr","Bowl Ramen Chicken",1,"Asian","Spring 2025","Control","Ramen","Main","Treatment","Lunch",0.379685915053077,104.607642341871,9.49,0.379685915053077,104.607642341871,9.49
"4848","10-Apr","Burrito Breakfast",103,"Breakfast","Spring 2025","Control","Breakfast","Main","Satellite","Breakfast",NA,NA,NA,NA,NA,NA
"4849","10-Apr","Small French Omelet",74,"Breakfast","Spring 2025","Control","Breakfast","Side","Satellite","Breakfast",NA,NA,NA,NA,NA,NA
"4850","10-Apr","Grand Slam Breakfast",8,"Breakfast","Spring 2025","Control","Breakfast","Main","Satellite","Breakfast",NA,NA,NA,NA,NA,NA
"4851","10-Apr","Add Bacon",33,"Breakfast","Spring 2025","Control","Breakfast","Modification","Satellite","Breakfast",NA,NA,NA,NA,NA,NA
"4852","10-Apr","Two Eggs",20,"Breakfast","Spring 2025","Control","Breakfast","Side","Satellite","Breakfast",NA,NA,NA,NA,NA,NA
"4853","10-Apr","Trillium Home Fries",9,"Breakfast","Spring 2025","Control","Breakfast","Side","Satellite","Breakfast",NA,NA,NA,NA,NA,NA
"4854","10-Apr","2 Slices Toast",1,"Breakfast","Spring 2025","Control","Breakfast","Side","Satellite","Breakfast",NA,NA,NA,NA,NA,NA
"4855","10-Apr","Create Your Pasta Bowl MEAT",96,"Italian","Spring 2025","Control","Pasta","Main","Satellite","Lunch",0.625595496853921,47.8385188473692,8.99,60.0571676979765,4592.49780934744,863.04
"4856","10-Apr","Create Your Pasta Bowl VEG",29,"Italian","Spring 2025","Control","Pasta","Main","Satellite","Lunch",0.140294556536554,10.5521527214029,8.49,4.06854213956007,306.012428920683,246.21
"4857","10-Apr","Pizza with Toppings",29,"Italian","Spring 2025","Control","Pizza","Main","Satellite","Lunch",NA,NA,NA,NA,NA,NA
"4858","10-Apr","Pizza Cheese",17,"Italian","Spring 2025","Control","Pizza","Main","Satellite","Lunch",NA,NA,NA,NA,NA,NA
"4859","10-Apr","Add Extra Meat",19,"Italian","Spring 2025","Control","Pasta","Modification","Satellite","Lunch",NA,NA,NA,NA,NA,NA
"4860","10-Apr","Side Bread Pasta Station",1,"Italian","Spring 2025","Control","Pasta","Side","Satellite","Lunch",NA,NA,NA,NA,NA,NA
"4861","10-Apr","Burrito Bowl BYO",105,"Mexican","Spring 2025","Control","Wrap","Main","Satellite","Lunch",NA,NA,NA,NA,NA,NA
"4862","10-Apr","Single Taco",9,"Mexican","Spring 2025","Control","Wrap","Main","Satellite","Lunch",NA,NA,NA,NA,NA,NA
"4863","10-Apr","Side Guacamole",5,"Mexican","Spring 2025","Control","Wrap","Side","Satellite","Lunch",NA,NA,NA,NA,NA,NA
"4864","10-Apr","Side Sour Cream",6,"Mexican","Spring 2025","Control","Wrap","Side","Satellite","Lunch",NA,NA,NA,NA,NA,NA
"4865","10-Apr","Side Salsa",1,"Mexican","Spring 2025","Control","Wrap","Side","Satellite","Lunch",NA,NA,NA,NA,NA,NA
"4866","10-Apr","Add Extra Toppings Una Mano",1,"Mexican","Spring 2025","Control","Wrap","Modification","Satellite","Lunch",NA,NA,NA,NA,NA,NA
"4867","10-Apr","LTO Spicy Chicken Sandwich",23,"Grab N Go","Spring 2025","Control","Grab N Go","Main","Satellite","Lunch",NA,NA,NA,NA,NA,NA
"4868","10-Apr","Egg Cheese Bacon Breakfast Sandwich",25,"Grab N Go","Spring 2025","Control","Grab N Go","Main","Satellite","Lunch",NA,NA,NA,NA,NA,NA
"4869","10-Apr","Egg Cheese Sausage Breakfast Sandwich",23,"Grab N Go","Spring 2025","Control","Grab N Go","Main","Satellite","Lunch",NA,NA,NA,NA,NA,NA
"4870","10-Apr","LTO Meatball Sub",14,"Grab N Go","Spring 2025","Control","Grab N Go","Main","Satellite","Lunch",NA,NA,NA,NA,NA,NA
"4871","10-Apr","Soup 12 oz",62,"Soup","Spring 2025","Control","Soup","Main","Satellite","Lunch",NA,NA,NA,NA,NA,NA
"4872","10-Apr","8 oz Soup",26,"Soup","Spring 2025","Control","Soup","Main","Satellite","Lunch",NA,NA,NA,NA,NA,NA
"4873","10-Apr","Salad by the Pound",43,"Salad Bar","Spring 2025","Control","Salad Bar","Main","Satellite","Lunch",NA,NA,NA,NA,NA,NA
"4874","10-Apr","Add Extra Protein 3.99",2,"Salad Bar","Spring 2025","Control","Salad Bar","Modification","Satellite","Lunch",NA,NA,NA,NA,NA,NA
"4875","11-Apr","Quesadilla Deluxe Trillium",129,"Grill","Spring 2025","Control","Quesadilla","Main","Satellite","Lunch",NA,NA,NA,NA,NA,NA
"4876","11-Apr","Grilled Hamburger",72,"Grill","Spring 2025","Control","Grill","Main","Treatment","Lunch",3.88121217461521,88.8793607464882,8.99,279.447276572295,6399.31397374715,647.28
"4877","11-Apr","Burrito Una Mano Trillium BYO",51,"Grill","Spring 2025","Control","Quesadilla","Main","Satellite","Lunch",NA,NA,NA,NA,NA,NA
"4878","11-Apr","Fried Chicken Tenders",51,"Grab N Go","Spring 2025","Control","Grab N Go","Side","Satellite","Lunch",NA,NA,NA,NA,NA,NA
"4879","11-Apr","French Fries",85,"Grill","Spring 2025","Control","Grill","Side","Treatment","Lunch",0.040840402892853,2.72997334161235,2.99,3.4714342458925,232.04773403705,254.15
"4880","11-Apr","Quesadilla Cheese",25,"Grill","Spring 2025","Control","Quesadilla","Main","Satellite","Lunch",NA,NA,NA,NA,NA,NA
"4881","11-Apr","Trillium Grill Impossible Burger",14,"Grill","Spring 2025","Control","Grill","Main","Treatment","Lunch",0.210911088099112,23.2535935181063,10.49,2.95275523338757,325.550309253488,146.86
"4882","11-Apr","Grilled Chicken Breast Sandwich",9,"Grill","Spring 2025","Control","Grill","Main","Treatment","Lunch",0.301553745597932,69.470648861248,8.49,2.71398371038138,625.235839751232,76.41
"4883","11-Apr","Seared Salmon Burger",7,"Grill","Spring 2025","Control","Grill","Main","Treatment","Lunch",0.447926073918026,44.697222176261,8.49,3.13548251742618,312.880555233827,59.43
"4884","11-Apr","Sweet Potato Fries",19,"Grill","Spring 2025","Control","Grill","Side","Treatment","Lunch",0.0422551714366103,3.97622481710592,2.99,0.802848257295596,75.5482715250125,56.81
"4885","11-Apr","Side Potato Tots",15,"Grab N Go","Spring 2025","Control","Grab N Go","Side","Satellite","Lunch",NA,NA,NA,NA,NA,NA
"4886","11-Apr","Black Bean Burger",1,"Grill","Spring 2025","Control","Grill","Main","Treatment","Lunch",0.110944712328442,54.9888227801748,8.69,0.110944712328442,54.9888227801748,8.69
"4887","11-Apr","+ Beef Patty",2,"Grill","Spring 2025","Control","Grill","Modification","Treatment","Lunch",3.806907508554,79.8564119237622,2.99,7.613815017108,159.712823847524,5.98
"4888","11-Apr","ADD Chicken Breast",1,"Grill","Spring 2025","Control","Grill","Modification","Treatment","Lunch",0.227249079536725,60.447700038522,2.99,0.227249079536725,60.447700038522,2.99
"4889","11-Apr","Add Egg .99",3,"Grill","Spring 2025","Control","Grill","Modification","Treatment","Lunch",0.0903881853779601,25.3348662383603,0.99,0.27116455613388,76.0045987150809,2.97
"4890","11-Apr","Add Sausage 2 Patty",1,"Grill","Spring 2025","Control","Grill","Modification","Treatment","Lunch",0.168918026814813,34.6406776822533,1.99,0.168918026814813,34.6406776822533,1.99
"4891","11-Apr","1 Entree + 1 Side",109,"Asian","Spring 2025","Control","Wok","Main","Satellite","Lunch",NA,NA,NA,NA,NA,NA
"4892","11-Apr","Bowl Ramen Chicken",46,"Asian","Spring 2025","Control","Ramen","Main","Treatment","Lunch",0.379685915053077,104.607642341871,9.49,17.4655520924415,4811.95154772609,436.54
"4893","11-Apr","1 Entree + 2 Side",41,"Asian","Spring 2025","Control","Wok","Main","Satellite","Lunch",NA,NA,NA,NA,NA,NA
"4894","11-Apr","2 Entrees + 2 Sides",15,"Asian","Spring 2025","Control","Wok","Main","Satellite","Lunch",NA,NA,NA,NA,NA,NA
"4895","11-Apr","Bowl Ramen Tofu",8,"Asian","Spring 2025","Control","Ramen","Main","Treatment","Lunch",0.306509419979168,91.9886822989085,9.49,2.45207535983334,735.909458391268,75.92
"4896","11-Apr","1 Wok Entree",6,"Asian","Spring 2025","Control","Wok","Main","Satellite","Lunch",NA,NA,NA,NA,NA,NA
"4897","11-Apr","Side Vegetarian Lo Mein",9,"Asian","Spring 2025","Control","Wok","Side","Satellite","Lunch",NA,NA,NA,NA,NA,NA
"4898","11-Apr","Side Fried Spring Roll",2,"Asian","Spring 2025","Control","Wok","Side","Satellite","Lunch",NA,NA,NA,NA,NA,NA
"4899","11-Apr","Side Vegetable Spring Rolls",2,"Asian","Spring 2025","Control","Wok","Side","Satellite","Lunch",NA,NA,NA,NA,NA,NA
"4900","11-Apr","Side Vegetables",1,"Asian","Spring 2025","Control","Wok","Side","Satellite","Lunch",NA,NA,NA,NA,NA,NA
"4901","11-Apr","Burrito Breakfast",89,"Breakfast","Spring 2025","Control","Breakfast","Main","Satellite","Breakfast",NA,NA,NA,NA,NA,NA
"4902","11-Apr","Small French Omelet",66,"Breakfast","Spring 2025","Control","Breakfast","Side","Satellite","Breakfast",NA,NA,NA,NA,NA,NA
"4903","11-Apr","Grand Slam Breakfast",9,"Breakfast","Spring 2025","Control","Breakfast","Main","Satellite","Breakfast",NA,NA,NA,NA,NA,NA
"4904","11-Apr","Add Bacon",23,"Breakfast","Spring 2025","Control","Breakfast","Modification","Satellite","Breakfast",NA,NA,NA,NA,NA,NA
"4905","11-Apr","Pancake Single",10,"Breakfast","Spring 2025","Control","Breakfast","Side","Satellite","Breakfast",NA,NA,NA,NA,NA,NA
"4906","11-Apr","Two Eggs",11,"Breakfast","Spring 2025","Control","Breakfast","Side","Satellite","Breakfast",NA,NA,NA,NA,NA,NA
"4907","11-Apr","Trillium Home Fries",3,"Breakfast","Spring 2025","Control","Breakfast","Side","Satellite","Breakfast",NA,NA,NA,NA,NA,NA
"4908","11-Apr","Toast",1,"Breakfast","Spring 2025","Control","Breakfast","Side","Satellite","Breakfast",NA,NA,NA,NA,NA,NA
"4909","11-Apr","Create Your Pasta Bowl MEAT",56,"Italian","Spring 2025","Control","Pasta","Main","Satellite","Lunch",0.625595496853921,47.8385188473692,8.99,35.0333478238196,2678.95705545267,503.44
"4910","11-Apr","Pizza with Toppings",22,"Italian","Spring 2025","Control","Pizza","Main","Satellite","Lunch",NA,NA,NA,NA,NA,NA
"4911","11-Apr","Create Your Pasta Bowl VEG",10,"Italian","Spring 2025","Control","Pasta","Main","Satellite","Lunch",0.140294556536554,10.5521527214029,8.49,1.40294556536554,105.521527214029,84.9
"4912","11-Apr","Pizza Cheese",9,"Italian","Spring 2025","Control","Pizza","Main","Satellite","Lunch",NA,NA,NA,NA,NA,NA
"4913","11-Apr","Add Extra Meat",13,"Italian","Spring 2025","Control","Pasta","Modification","Satellite","Lunch",NA,NA,NA,NA,NA,NA
"4914","11-Apr","Side Bread Pasta Station",1,"Italian","Spring 2025","Control","Pasta","Side","Satellite","Lunch",NA,NA,NA,NA,NA,NA
"4915","11-Apr","Burrito Bowl BYO",55,"Mexican","Spring 2025","Control","Wrap","Main","Satellite","Lunch",NA,NA,NA,NA,NA,NA
"4916","11-Apr","Side Guacamole",2,"Mexican","Spring 2025","Control","Wrap","Side","Satellite","Lunch",NA,NA,NA,NA,NA,NA
"4917","11-Apr","Side Salsa",1,"Mexican","Spring 2025","Control","Wrap","Side","Satellite","Lunch",NA,NA,NA,NA,NA,NA
"4918","11-Apr","LTO Spicy Chicken Sandwich",22,"Grab N Go","Spring 2025","Control","Grab N Go","Main","Satellite","Lunch",NA,NA,NA,NA,NA,NA
"4919","11-Apr","Egg Cheese Bacon Breakfast Sandwich",24,"Grab N Go","Spring 2025","Control","Grab N Go","Main","Satellite","Lunch",NA,NA,NA,NA,NA,NA
"4920","11-Apr","Egg Cheese Sausage Breakfast Sandwich",21,"Grab N Go","Spring 2025","Control","Grab N Go","Main","Satellite","Lunch",NA,NA,NA,NA,NA,NA
"4921","11-Apr","Salad by the Pound",32,"Salad Bar","Spring 2025","Control","Salad Bar","Main","Satellite","Lunch",NA,NA,NA,NA,NA,NA
"4922","11-Apr","Add Extra Protein 3.99",2,"Salad Bar","Spring 2025","Control","Salad Bar","Modification","Satellite","Lunch",NA,NA,NA,NA,NA,NA
"4923","11-Apr","8 oz Soup",38,"Soup","Spring 2025","Control","Soup","Main","Satellite","Lunch",NA,NA,NA,NA,NA,NA
"4924","11-Apr","Soup 12 oz",21,"Soup","Spring 2025","Control","Soup","Main","Satellite","Lunch",NA,NA,NA,NA,NA,NA
"4925","14-Apr","Quesadilla Deluxe Trillium",183,"Grill","Spring 2025","Control","Quesadilla","Main","Satellite","Lunch",NA,NA,NA,NA,NA,NA
"4926","14-Apr","Grilled Hamburger",79,"Grill","Spring 2025","Control","Grill","Main","Treatment","Lunch",3.88121217461521,88.8793607464882,8.99,306.615761794601,7021.46949897256,710.21
"4927","14-Apr","Burrito Una Mano Trillium BYO",70,"Grill","Spring 2025","Control","Quesadilla","Main","Satellite","Lunch",NA,NA,NA,NA,NA,NA
"4928","14-Apr","Fried Chicken Tenders",63,"Grab N Go","Spring 2025","Control","Grab N Go","Side","Satellite","Lunch",NA,NA,NA,NA,NA,NA
"4929","14-Apr","French Fries",95,"Grill","Spring 2025","Control","Grill","Side","Treatment","Lunch",0.040840402892853,2.72997334161235,2.99,3.87983827482103,259.347467453173,284.05
"4930","14-Apr","Grilled Chicken Breast Sandwich",19,"Grill","Spring 2025","Control","Grill","Main","Treatment","Lunch",0.301553745597932,69.470648861248,8.49,5.7295211663607,1319.94232836371,161.31
"4931","14-Apr","Quesadilla Cheese",19,"Grill","Spring 2025","Control","Quesadilla","Main","Satellite","Lunch",NA,NA,NA,NA,NA,NA
"4932","14-Apr","Trillium Grill Impossible Burger",14,"Grill","Spring 2025","Control","Grill","Main","Treatment","Lunch",0.210911088099112,23.2535935181063,10.49,2.95275523338757,325.550309253488,146.86
"4933","14-Apr","Seared Salmon Burger",10,"Grill","Spring 2025","Control","Grill","Main","Treatment","Lunch",0.447926073918026,44.697222176261,8.49,4.47926073918026,446.97222176261,84.9
"4934","14-Apr","Sweet Potato Fries",24,"Grill","Spring 2025","Control","Grill","Side","Treatment","Lunch",0.0422551714366103,3.97622481710592,2.99,1.01412411447865,95.4293956105421,71.76
"4935","14-Apr","Side Potato Tots",20,"Grab N Go","Spring 2025","Control","Grab N Go","Side","Satellite","Lunch",NA,NA,NA,NA,NA,NA
"4936","14-Apr","+ Beef Patty",7,"Grill","Spring 2025","Control","Grill","Modification","Treatment","Lunch",3.806907508554,79.8564119237622,2.99,26.648352559878,558.994883466335,20.93
"4937","14-Apr","Black Bean Burger",3,"Grill","Spring 2025","Control","Grill","Main","Treatment","Lunch",0.110944712328442,54.9888227801748,8.69,0.332834136985325,164.966468340524,26.07
"4938","14-Apr","ADD Chicken Breast",3,"Grill","Spring 2025","Control","Grill","Modification","Treatment","Lunch",0.227249079536725,60.447700038522,2.99,0.681747238610175,181.343100115566,8.97
"4939","14-Apr","ADD Burger Salmon Grilled",2,"Grill","Spring 2025","Control","Grill","Modification","Treatment","Lunch",0.373621407856819,35.674273353535,2.99,0.747242815713638,71.34854670707,5.98
"4940","14-Apr","Add Impossible Burger Patty",1,"Grill","Spring 2025","Control","Grill","Modification","Treatment","Lunch",0.151541244844319,13.0180456460107,2.99,0.151541244844319,13.0180456460107,2.99
"4941","14-Apr","Add Sausage 2 Patty",2,"Grill","Spring 2025","Control","Grill","Modification","Treatment","Lunch",0.168918026814813,34.6406776822533,1.99,0.337836053629626,69.2813553645066,3.98
"4942","14-Apr","Add Egg .99",4,"Grill","Spring 2025","Control","Grill","Modification","Treatment","Lunch",0.0903881853779601,25.3348662383603,0.99,0.36155274151184,101.339464953441,3.96
"4943","14-Apr","ADD Cheese",4,"Grill","Spring 2025","Control","Grill","Modification","Treatment","Lunch",0.183611306606629,3.19881943989712,1.99,0.734445226426516,12.7952777595885,7.96
"4944","14-Apr","1 Entree + 1 Side",197,"Asian","Spring 2025","Control","Wok","Main","Satellite","Lunch",NA,NA,NA,NA,NA,NA
"4945","14-Apr","1 Entree + 2 Side",73,"Asian","Spring 2025","Control","Wok","Main","Satellite","Lunch",NA,NA,NA,NA,NA,NA
"4946","14-Apr","Bowl Ramen Chicken",38,"Asian","Spring 2025","Control","Ramen","Main","Treatment","Lunch",0.379685915053077,104.607642341871,9.49,14.4280647720169,3975.09040899112,360.62
"4947","14-Apr","2 Entrees + 2 Sides",23,"Asian","Spring 2025","Control","Wok","Main","Satellite","Lunch",NA,NA,NA,NA,NA,NA
"4948","14-Apr","Bowl Ramen Tofu",27,"Asian","Spring 2025","Control","Ramen","Main","Treatment","Lunch",0.306509419979168,91.9886822989085,9.49,8.27575433943753,2483.69442207053,256.23
"4949","14-Apr","1 Wok Entree",8,"Asian","Spring 2025","Control","Wok","Main","Satellite","Lunch",NA,NA,NA,NA,NA,NA
"4950","14-Apr","Side Vegetarian Lo Mein",6,"Asian","Spring 2025","Control","Wok","Side","Satellite","Lunch",NA,NA,NA,NA,NA,NA
"4951","14-Apr","Side White or Brown Rice",6,"Asian","Spring 2025","Control","Wok","Side","Satellite","Lunch",NA,NA,NA,NA,NA,NA
"4952","14-Apr","Side Fried Spring Roll",3,"Asian","Spring 2025","Control","Wok","Side","Satellite","Lunch",NA,NA,NA,NA,NA,NA
"4953","14-Apr","Side Vegetable Spring Rolls",2,"Asian","Spring 2025","Control","Wok","Side","Satellite","Lunch",NA,NA,NA,NA,NA,NA
"4954","14-Apr","Side Vegetarian Fried Rice with",1,"Asian","Spring 2025","Control","Wok","Side","Satellite","Lunch",NA,NA,NA,NA,NA,NA
"4955","14-Apr","Create Your Pasta Bowl MEAT",100,"Italian","Spring 2025","Control","Pasta","Main","Satellite","Lunch",0.625595496853921,47.8385188473692,8.99,62.5595496853921,4783.85188473692,899
"4956","14-Apr","Create Your Pasta Bowl VEG",28,"Italian","Spring 2025","Control","Pasta","Main","Satellite","Lunch",0.140294556536554,10.5521527214029,8.49,3.92824758302351,295.46027619928,237.72
"4957","14-Apr","Pizza with Toppings",25,"Italian","Spring 2025","Control","Pizza","Main","Satellite","Lunch",NA,NA,NA,NA,NA,NA
"4958","14-Apr","Add Extra Meat",33,"Italian","Spring 2025","Control","Pasta","Modification","Satellite","Lunch",NA,NA,NA,NA,NA,NA
"4959","14-Apr","Pizza Cheese",18,"Italian","Spring 2025","Control","Pizza","Main","Satellite","Lunch",NA,NA,NA,NA,NA,NA
"4960","14-Apr","Side Bread Pasta Station",2,"Italian","Spring 2025","Control","Pasta","Side","Satellite","Lunch",NA,NA,NA,NA,NA,NA
"4961","14-Apr","Burrito Breakfast",73,"Breakfast","Spring 2025","Control","Breakfast","Main","Satellite","Breakfast",NA,NA,NA,NA,NA,NA
"4962","14-Apr","Small French Omelet",55,"Breakfast","Spring 2025","Control","Breakfast","Side","Satellite","Breakfast",NA,NA,NA,NA,NA,NA
"4963","14-Apr","Grand Slam Breakfast",6,"Breakfast","Spring 2025","Control","Breakfast","Main","Satellite","Breakfast",NA,NA,NA,NA,NA,NA
"4964","14-Apr","Add Bacon",20,"Breakfast","Spring 2025","Control","Breakfast","Modification","Satellite","Breakfast",NA,NA,NA,NA,NA,NA
"4965","14-Apr","Two Eggs",15,"Breakfast","Spring 2025","Control","Breakfast","Side","Satellite","Breakfast",NA,NA,NA,NA,NA,NA
"4966","14-Apr","Pancake Single",3,"Breakfast","Spring 2025","Control","Breakfast","Side","Satellite","Breakfast",NA,NA,NA,NA,NA,NA
"4967","14-Apr","Trillium Home Fries",2,"Breakfast","Spring 2025","Control","Breakfast","Side","Satellite","Breakfast",NA,NA,NA,NA,NA,NA
"4968","14-Apr","2 Slices Toast",2,"Breakfast","Spring 2025","Control","Breakfast","Side","Satellite","Breakfast",NA,NA,NA,NA,NA,NA
"4969","14-Apr","PC Jelly",2,"Breakfast","Spring 2025","Control","Breakfast","Side","Satellite","Breakfast",NA,NA,NA,NA,NA,NA
"4970","14-Apr","PC Peanut Butter",1,"Breakfast","Spring 2025","Control","Breakfast","Side","Satellite","Breakfast",NA,NA,NA,NA,NA,NA
"4971","14-Apr","Burrito Bowl BYO",103,"Mexican","Spring 2025","Control","Wrap","Main","Satellite","Lunch",NA,NA,NA,NA,NA,NA
"4972","14-Apr","Single Taco",7,"Mexican","Spring 2025","Control","Wrap","Main","Satellite","Lunch",NA,NA,NA,NA,NA,NA
"4973","14-Apr","Side Guacamole",5,"Mexican","Spring 2025","Control","Wrap","Side","Satellite","Lunch",NA,NA,NA,NA,NA,NA
"4974","14-Apr","Side Salsa",2,"Mexican","Spring 2025","Control","Wrap","Side","Satellite","Lunch",NA,NA,NA,NA,NA,NA
"4975","14-Apr","Side Sour Cream",2,"Mexican","Spring 2025","Control","Wrap","Side","Satellite","Lunch",NA,NA,NA,NA,NA,NA
"4976","14-Apr","Add Extra Toppings Una Mano",1,"Mexican","Spring 2025","Control","Wrap","Modification","Satellite","Lunch",NA,NA,NA,NA,NA,NA
"4977","14-Apr","Salad by the Pound",54,"Salad Bar","Spring 2025","Control","Salad Bar","Main","Satellite","Lunch",NA,NA,NA,NA,NA,NA
"4978","14-Apr","Add Extra Protein 3.99",2,"Salad Bar","Spring 2025","Control","Salad Bar","Modification","Satellite","Lunch",NA,NA,NA,NA,NA,NA
"4979","14-Apr","LTO Spicy Chicken Sandwich",25,"Grab N Go","Spring 2025","Control","Grab N Go","Main","Satellite","Lunch",NA,NA,NA,NA,NA,NA
"4980","14-Apr","Egg Cheese Bacon Breakfast Sandwich",25,"Grab N Go","Spring 2025","Control","Grab N Go","Main","Satellite","Lunch",NA,NA,NA,NA,NA,NA
"4981","14-Apr","Egg Cheese Sausage Breakfast Sandwich",20,"Grab N Go","Spring 2025","Control","Grab N Go","Main","Satellite","Lunch",NA,NA,NA,NA,NA,NA
"4982","14-Apr","Soup 12 oz",36,"Soup","Spring 2025","Control","Soup","Main","Satellite","Lunch",NA,NA,NA,NA,NA,NA
"4983","14-Apr","8 oz Soup",32,"Soup","Spring 2025","Control","Soup","Main","Satellite","Lunch",NA,NA,NA,NA,NA,NA
"4984","15-Apr","Quesadilla Deluxe Trillium",194,"Grill","Spring 2025","Control","Quesadilla","Main","Satellite","Lunch",NA,NA,NA,NA,NA,NA
"4985","15-Apr","Grilled Hamburger",101,"Grill","Spring 2025","Control","Grill","Main","Treatment","Lunch",3.88121217461521,88.8793607464882,8.99,392.002429636136,8976.8154353953,907.99
"4986","15-Apr","Fried Chicken Tenders",112,"Grab N Go","Spring 2025","Control","Grab N Go","Side","Satellite","Lunch",NA,NA,NA,NA,NA,NA
"4987","15-Apr","Burrito Una Mano Trillium BYO",74,"Grill","Spring 2025","Control","Quesadilla","Main","Satellite","Lunch",NA,NA,NA,NA,NA,NA
"4988","15-Apr","French Fries",122,"Grill","Spring 2025","Control","Grill","Side","Treatment","Lunch",0.040840402892853,2.72997334161235,2.99,4.98252915292807,333.056747676707,364.78
"4989","15-Apr","Grilled Chicken Breast Sandwich",20,"Grill","Spring 2025","Control","Grill","Main","Treatment","Lunch",0.301553745597932,69.470648861248,8.49,6.03107491195863,1389.41297722496,169.8
"4990","15-Apr","Sweet Potato Fries",47,"Grill","Spring 2025","Control","Grill","Side","Treatment","Lunch",0.0422551714366103,3.97622481710592,2.99,1.98599305752068,186.882566403978,140.53
"4991","15-Apr","Quesadilla Cheese",14,"Grill","Spring 2025","Control","Quesadilla","Main","Satellite","Lunch",NA,NA,NA,NA,NA,NA
"4992","15-Apr","Seared Salmon Burger",10,"Grill","Spring 2025","Control","Grill","Main","Treatment","Lunch",0.447926073918026,44.697222176261,8.49,4.47926073918026,446.97222176261,84.9
"4993","15-Apr","Trillium Grill Impossible Burger",8,"Grill","Spring 2025","Control","Grill","Main","Treatment","Lunch",0.210911088099112,23.2535935181063,10.49,1.68728870479289,186.02874814485,83.92
"4994","15-Apr","+ Beef Patty",12,"Grill","Spring 2025","Control","Grill","Modification","Treatment","Lunch",3.806907508554,79.8564119237622,2.99,45.682890102648,958.276943085146,35.88
"4995","15-Apr","Side Potato Tots",13,"Grab N Go","Spring 2025","Control","Grab N Go","Side","Satellite","Lunch",NA,NA,NA,NA,NA,NA
"4996","15-Apr","Black Bean Burger",2,"Grill","Spring 2025","Control","Grill","Main","Treatment","Lunch",0.110944712328442,54.9888227801748,8.69,0.221889424656883,109.97764556035,17.38
"4997","15-Apr","Add Sausage 2 Patty",4,"Grill","Spring 2025","Control","Grill","Modification","Treatment","Lunch",0.168918026814813,34.6406776822533,1.99,0.675672107259252,138.562710729013,7.96
"4998","15-Apr","ADD Chicken Breast",1,"Grill","Spring 2025","Control","Grill","Modification","Treatment","Lunch",0.227249079536725,60.447700038522,2.99,0.227249079536725,60.447700038522,2.99
"4999","15-Apr","Add Egg .99",1,"Grill","Spring 2025","Control","Grill","Modification","Treatment","Lunch",0.0903881853779601,25.3348662383603,0.99,0.0903881853779601,25.3348662383603,0.99
"5000","15-Apr","ADD Cheese",1,"Grill","Spring 2025","Control","Grill","Modification","Treatment","Lunch",0.183611306606629,3.19881943989712,1.99,0.183611306606629,3.19881943989712,1.99
"5001","15-Apr","1 Entree + 1 Side",220,"Asian","Spring 2025","Control","Wok","Main","Satellite","Lunch",NA,NA,NA,NA,NA,NA
"5002","15-Apr","1 Entree + 2 Side",74,"Asian","Spring 2025","Control","Wok","Main","Satellite","Lunch",NA,NA,NA,NA,NA,NA
"5003","15-Apr","Bowl Ramen Chicken",70,"Asian","Spring 2025","Control","Ramen","Main","Treatment","Lunch",0.379685915053077,104.607642341871,9.49,26.5780140537154,7322.534963931,664.3
"5004","15-Apr","2 Entrees + 2 Sides",29,"Asian","Spring 2025","Control","Wok","Main","Satellite","Lunch",NA,NA,NA,NA,NA,NA
"5005","15-Apr","Bowl Ramen Tofu",28,"Asian","Spring 2025","Control","Ramen","Main","Treatment","Lunch",0.306509419979168,91.9886822989085,9.49,8.5822637594167,2575.68310436944,265.72
"5006","15-Apr","1 Wok Entree",6,"Asian","Spring 2025","Control","Wok","Main","Satellite","Lunch",NA,NA,NA,NA,NA,NA
"5007","15-Apr","Side Vegetarian Lo Mein",7,"Asian","Spring 2025","Control","Wok","Side","Satellite","Lunch",NA,NA,NA,NA,NA,NA
"5008","15-Apr","Side White or Brown Rice",5,"Asian","Spring 2025","Control","Wok","Side","Satellite","Lunch",NA,NA,NA,NA,NA,NA
"5009","15-Apr","Bowl Ramen Chicken",1,"Asian","Spring 2025","Control","Ramen","Main","Treatment","Lunch",0.379685915053077,104.607642341871,9.49,0.379685915053077,104.607642341871,9.49
"5010","15-Apr","Side Fried Spring Roll",1,"Asian","Spring 2025","Control","Wok","Side","Satellite","Lunch",NA,NA,NA,NA,NA,NA
"5011","15-Apr","Side Vegetable Spring Rolls",1,"Asian","Spring 2025","Control","Wok","Side","Satellite","Lunch",NA,NA,NA,NA,NA,NA
"5012","15-Apr","Burrito Breakfast",90,"Breakfast","Spring 2025","Control","Breakfast","Main","Satellite","Breakfast",NA,NA,NA,NA,NA,NA
"5013","15-Apr","Small French Omelet",53,"Breakfast","Spring 2025","Control","Breakfast","Side","Satellite","Breakfast",NA,NA,NA,NA,NA,NA
"5014","15-Apr","Grand Slam Breakfast",16,"Breakfast","Spring 2025","Control","Breakfast","Main","Satellite","Breakfast",NA,NA,NA,NA,NA,NA
"5015","15-Apr","Add Bacon",27,"Breakfast","Spring 2025","Control","Breakfast","Modification","Satellite","Breakfast",NA,NA,NA,NA,NA,NA
"5016","15-Apr","Two Eggs",14,"Breakfast","Spring 2025","Control","Breakfast","Side","Satellite","Breakfast",NA,NA,NA,NA,NA,NA
"5017","15-Apr","Pancake Single",5,"Breakfast","Spring 2025","Control","Breakfast","Side","Satellite","Breakfast",NA,NA,NA,NA,NA,NA
"5018","15-Apr","Trillium Home Fries",2,"Breakfast","Spring 2025","Control","Breakfast","Side","Satellite","Breakfast",NA,NA,NA,NA,NA,NA
"5019","15-Apr","Create Your Pasta Bowl MEAT",83,"Italian","Spring 2025","Control","Pasta","Main","Satellite","Lunch",0.625595496853921,47.8385188473692,8.99,51.9244262388755,3970.59706433164,746.17
"5020","15-Apr","Create Your Pasta Bowl VEG",23,"Italian","Spring 2025","Control","Pasta","Main","Satellite","Lunch",0.140294556536554,10.5521527214029,8.49,3.22677480034074,242.699512592266,195.27
"5021","15-Apr","Pizza with Toppings",22,"Italian","Spring 2025","Control","Pizza","Main","Satellite","Lunch",NA,NA,NA,NA,NA,NA
"5022","15-Apr","Pizza Cheese",25,"Italian","Spring 2025","Control","Pizza","Main","Satellite","Lunch",NA,NA,NA,NA,NA,NA
"5023","15-Apr","Add Extra Meat",26,"Italian","Spring 2025","Control","Pasta","Modification","Satellite","Lunch",NA,NA,NA,NA,NA,NA
"5024","15-Apr","Burrito Bowl BYO",115,"Mexican","Spring 2025","Control","Wrap","Main","Satellite","Lunch",NA,NA,NA,NA,NA,NA
"5025","15-Apr","Side Guacamole",4,"Mexican","Spring 2025","Control","Wrap","Side","Satellite","Lunch",NA,NA,NA,NA,NA,NA
"5026","15-Apr","Side Sour Cream",7,"Mexican","Spring 2025","Control","Wrap","Side","Satellite","Lunch",NA,NA,NA,NA,NA,NA
"5027","15-Apr","Side Salsa",2,"Mexican","Spring 2025","Control","Wrap","Side","Satellite","Lunch",NA,NA,NA,NA,NA,NA
"5028","15-Apr","Add Extra Toppings Una Mano",2,"Mexican","Spring 2025","Control","Wrap","Modification","Satellite","Lunch",NA,NA,NA,NA,NA,NA
"5029","15-Apr","LTO Spicy Chicken Sandwich",31,"Grab N Go","Spring 2025","Control","Grab N Go","Main","Satellite","Lunch",NA,NA,NA,NA,NA,NA
"5030","15-Apr","LTO Meatball Sub",17,"Grab N Go","Spring 2025","Control","Grab N Go","Main","Satellite","Lunch",NA,NA,NA,NA,NA,NA
"5031","15-Apr","Egg Cheese Bacon Breakfast Sandwich",23,"Grab N Go","Spring 2025","Control","Grab N Go","Main","Satellite","Lunch",NA,NA,NA,NA,NA,NA
"5032","15-Apr","Egg Cheese Sausage Breakfast Sandwich",22,"Grab N Go","Spring 2025","Control","Grab N Go","Main","Satellite","Lunch",NA,NA,NA,NA,NA,NA
"5033","15-Apr","Salad by the Pound",58,"Salad Bar","Spring 2025","Control","Salad Bar","Main","Satellite","Lunch",NA,NA,NA,NA,NA,NA
"5034","15-Apr","Add Extra Protein 3.99",3,"Salad Bar","Spring 2025","Control","Salad Bar","Modification","Satellite","Lunch",NA,NA,NA,NA,NA,NA
"5035","15-Apr","Soup 12 oz",63,"Soup","Spring 2025","Control","Soup","Main","Satellite","Lunch",NA,NA,NA,NA,NA,NA
"5036","15-Apr","8 oz Soup",26,"Soup","Spring 2025","Control","Soup","Main","Satellite","Lunch",NA,NA,NA,NA,NA,NA
"5037","15-Apr","LTO Sandwich",1,"Deli","Spring 2025","Control","Deli","Main","Satellite","Lunch",NA,NA,NA,NA,NA,NA
"5038","16-Apr","Quesadilla Deluxe Trillium",160,"Grill","Spring 2025","Control","Quesadilla","Main","Satellite","Lunch",NA,NA,NA,NA,NA,NA
"5039","16-Apr","Grilled Hamburger",103,"Grill","Spring 2025","Control","Grill","Main","Treatment","Lunch",3.88121217461521,88.8793607464882,8.99,399.764853985366,9154.57415688828,925.97
"5040","16-Apr","Fried Chicken Tenders",79,"Grab N Go","Spring 2025","Control","Grab N Go","Side","Satellite","Lunch",NA,NA,NA,NA,NA,NA
"5041","16-Apr","Burrito Una Mano Trillium BYO",49,"Grill","Spring 2025","Control","Quesadilla","Main","Satellite","Lunch",NA,NA,NA,NA,NA,NA
"5042","16-Apr","French Fries",108,"Grill","Spring 2025","Control","Grill","Side","Treatment","Lunch",0.040840402892853,2.72997334161235,2.99,4.41076351242812,294.837120894134,322.92
"5043","16-Apr","Quesadilla Cheese",21,"Grill","Spring 2025","Control","Quesadilla","Main","Satellite","Lunch",NA,NA,NA,NA,NA,NA
"5044","16-Apr","Sweet Potato Fries",37,"Grill","Spring 2025","Control","Grill","Side","Treatment","Lunch",0.0422551714366103,3.97622481710592,2.99,1.56344134315458,147.120318232919,110.63
"5045","16-Apr","Grilled Chicken Breast Sandwich",13,"Grill","Spring 2025","Control","Grill","Main","Treatment","Lunch",0.301553745597932,69.470648861248,8.49,3.92019869277311,903.118435196224,110.37
"5046","16-Apr","Trillium Grill Impossible Burger",9,"Grill","Spring 2025","Control","Grill","Main","Treatment","Lunch",0.210911088099112,23.2535935181063,10.49,1.89819979289201,209.282341662957,94.41
"5047","16-Apr","Seared Salmon Burger",9,"Grill","Spring 2025","Control","Grill","Main","Treatment","Lunch",0.447926073918026,44.697222176261,8.49,4.03133466526223,402.274999586349,76.41
"5048","16-Apr","Side Potato Tots",13,"Grab N Go","Spring 2025","Control","Grab N Go","Side","Satellite","Lunch",NA,NA,NA,NA,NA,NA
"5049","16-Apr","+ Beef Patty",8,"Grill","Spring 2025","Control","Grill","Modification","Treatment","Lunch",3.806907508554,79.8564119237622,2.99,30.455260068432,638.851295390098,23.92
"5050","16-Apr","Black Bean Burger",3,"Grill","Spring 2025","Control","Grill","Main","Treatment","Lunch",0.110944712328442,54.9888227801748,8.69,0.332834136985325,164.966468340524,26.07
"5051","16-Apr","Add Impossible Burger Patty",1,"Grill","Spring 2025","Control","Grill","Modification","Treatment","Lunch",0.151541244844319,13.0180456460107,2.99,0.151541244844319,13.0180456460107,2.99
"5052","16-Apr","Add Sausage 2 Patty",2,"Grill","Spring 2025","Control","Grill","Modification","Treatment","Lunch",0.168918026814813,34.6406776822533,1.99,0.337836053629626,69.2813553645066,3.98
"5053","16-Apr","Add Egg .99",3,"Grill","Spring 2025","Control","Grill","Modification","Treatment","Lunch",0.0903881853779601,25.3348662383603,0.99,0.27116455613388,76.0045987150809,2.97
"5054","16-Apr","ADD Cheese",2,"Grill","Spring 2025","Control","Grill","Modification","Treatment","Lunch",0.183611306606629,3.19881943989712,1.99,0.367222613213258,6.39763887979424,3.98
"5055","16-Apr","1 Entree + 1 Side",151,"Asian","Spring 2025","Control","Wok","Main","Satellite","Lunch",NA,NA,NA,NA,NA,NA
"5056","16-Apr","1 Entree + 2 Side",63,"Asian","Spring 2025","Control","Wok","Main","Satellite","Lunch",NA,NA,NA,NA,NA,NA
"5057","16-Apr","Bowl Ramen Chicken",61,"Asian","Spring 2025","Control","Ramen","Main","Treatment","Lunch",0.379685915053077,104.607642341871,9.49,23.1608408182377,6381.06618285416,578.89
"5058","16-Apr","2 Entrees + 2 Sides",21,"Asian","Spring 2025","Control","Wok","Main","Satellite","Lunch",NA,NA,NA,NA,NA,NA
"5059","16-Apr","Bowl Ramen Tofu",13,"Asian","Spring 2025","Control","Ramen","Main","Treatment","Lunch",0.306509419979168,91.9886822989085,9.49,3.98462245972918,1195.85286988581,123.37
"5060","16-Apr","Side Vegetarian Lo Mein",13,"Asian","Spring 2025","Control","Wok","Side","Satellite","Lunch",NA,NA,NA,NA,NA,NA
"5061","16-Apr","Side Fried Spring Roll",4,"Asian","Spring 2025","Control","Wok","Side","Satellite","Lunch",NA,NA,NA,NA,NA,NA
"5062","16-Apr","1 Wok Entree",2,"Asian","Spring 2025","Control","Wok","Main","Satellite","Lunch",NA,NA,NA,NA,NA,NA
"5063","16-Apr","Side White or Brown Rice",2,"Asian","Spring 2025","Control","Wok","Side","Satellite","Lunch",NA,NA,NA,NA,NA,NA
"5064","16-Apr","Side Vegetable Spring Rolls",1,"Asian","Spring 2025","Control","Wok","Side","Satellite","Lunch",NA,NA,NA,NA,NA,NA
"5065","16-Apr","Create Your Pasta Bowl MEAT",118,"Italian","Spring 2025","Control","Pasta","Main","Satellite","Lunch",0.625595496853921,47.8385188473692,8.99,73.8202686287627,5644.94522398956,1060.82
"5066","16-Apr","Create Your Pasta Bowl VEG",26,"Italian","Spring 2025","Control","Pasta","Main","Satellite","Lunch",0.140294556536554,10.5521527214029,8.49,3.6476584699504,274.355970756474,220.74
"5067","16-Apr","Pizza with Toppings",27,"Italian","Spring 2025","Control","Pizza","Main","Satellite","Lunch",NA,NA,NA,NA,NA,NA
"5068","16-Apr","Add Extra Meat",33,"Italian","Spring 2025","Control","Pasta","Modification","Satellite","Lunch",NA,NA,NA,NA,NA,NA
"5069","16-Apr","Pizza Cheese",16,"Italian","Spring 2025","Control","Pizza","Main","Satellite","Lunch",NA,NA,NA,NA,NA,NA
"5070","16-Apr","Burrito Breakfast",98,"Breakfast","Spring 2025","Control","Breakfast","Main","Satellite","Breakfast",NA,NA,NA,NA,NA,NA
"5071","16-Apr","Small French Omelet",63,"Breakfast","Spring 2025","Control","Breakfast","Side","Satellite","Breakfast",NA,NA,NA,NA,NA,NA
"5072","16-Apr","Grand Slam Breakfast",8,"Breakfast","Spring 2025","Control","Breakfast","Main","Satellite","Breakfast",NA,NA,NA,NA,NA,NA
"5073","16-Apr","Add Bacon",26,"Breakfast","Spring 2025","Control","Breakfast","Modification","Satellite","Breakfast",NA,NA,NA,NA,NA,NA
"5074","16-Apr","Two Eggs",21,"Breakfast","Spring 2025","Control","Breakfast","Side","Satellite","Breakfast",NA,NA,NA,NA,NA,NA
"5075","16-Apr","Trillium Home Fries",4,"Breakfast","Spring 2025","Control","Breakfast","Side","Satellite","Breakfast",NA,NA,NA,NA,NA,NA
"5076","16-Apr","Pancake Single",2,"Breakfast","Spring 2025","Control","Breakfast","Side","Satellite","Breakfast",NA,NA,NA,NA,NA,NA
"5077","16-Apr","PC Jelly",1,"Breakfast","Spring 2025","Control","Breakfast","Side","Satellite","Breakfast",NA,NA,NA,NA,NA,NA
"5078","16-Apr","Burrito Bowl BYO",106,"Mexican","Spring 2025","Control","Wrap","Main","Satellite","Lunch",NA,NA,NA,NA,NA,NA
"5079","16-Apr","Single Taco",3,"Mexican","Spring 2025","Control","Wrap","Main","Satellite","Lunch",NA,NA,NA,NA,NA,NA
"5080","16-Apr","Side Guacamole",1,"Mexican","Spring 2025","Control","Wrap","Side","Satellite","Lunch",NA,NA,NA,NA,NA,NA
"5081","16-Apr","Soup 12 oz",73,"Soup","Spring 2025","Control","Soup","Main","Satellite","Lunch",NA,NA,NA,NA,NA,NA
"5082","16-Apr","8 oz Soup",47,"Soup","Spring 2025","Control","Soup","Main","Satellite","Lunch",NA,NA,NA,NA,NA,NA
"5083","16-Apr","Salad by the Pound",49,"Salad Bar","Spring 2025","Control","Salad Bar","Main","Satellite","Lunch",NA,NA,NA,NA,NA,NA
"5084","16-Apr","LTO Spicy Chicken Sandwich",22,"Grab N Go","Spring 2025","Control","Grab N Go","Main","Satellite","Lunch",NA,NA,NA,NA,NA,NA
"5085","16-Apr","Egg Cheese Bacon Breakfast Sandwich",21,"Grab N Go","Spring 2025","Control","Grab N Go","Main","Satellite","Lunch",NA,NA,NA,NA,NA,NA
"5086","16-Apr","Egg Cheese Sausage Breakfast Sandwich",21,"Grab N Go","Spring 2025","Control","Grab N Go","Main","Satellite","Lunch",NA,NA,NA,NA,NA,NA
"5087","16-Apr","LTO Sandwich",12,"Deli","Spring 2025","Control","Deli","Main","Satellite","Lunch",NA,NA,NA,NA,NA,NA
"5088","17-Apr","Quesadilla Deluxe Trillium",172,"Grill","Spring 2025","Control","Quesadilla","Main","Satellite","Lunch",NA,NA,NA,NA,NA,NA
"5089","17-Apr","Grilled Hamburger",113,"Grill","Spring 2025","Control","Grill","Main","Treatment","Lunch",3.88121217461521,88.8793607464882,8.99,438.576975731518,10043.3677643532,1015.87
"5090","17-Apr","Fried Chicken Tenders",121,"Grab N Go","Spring 2025","Control","Grab N Go","Side","Satellite","Lunch",NA,NA,NA,NA,NA,NA
"5091","17-Apr","Burrito Una Mano Trillium BYO",72,"Grill","Spring 2025","Control","Quesadilla","Main","Satellite","Lunch",NA,NA,NA,NA,NA,NA
"5092","17-Apr","French Fries",151,"Grill","Spring 2025","Control","Grill","Side","Treatment","Lunch",0.040840402892853,2.72997334161235,2.99,6.1669008368208,412.225974583465,451.49
"5093","17-Apr","Sweet Potato Fries",46,"Grill","Spring 2025","Control","Grill","Side","Treatment","Lunch",0.0422551714366103,3.97622481710592,2.99,1.94373788608407,182.906341586872,137.54
"5094","17-Apr","Trillium Grill Impossible Burger",13,"Grill","Spring 2025","Control","Grill","Main","Treatment","Lunch",0.210911088099112,23.2535935181063,10.49,2.74184414528845,302.296715735382,136.37
"5095","17-Apr","Grilled Chicken Breast Sandwich",16,"Grill","Spring 2025","Control","Grill","Main","Treatment","Lunch",0.301553745597932,69.470648861248,8.49,4.8248599295669,1111.53038177997,135.84
"5096","17-Apr","Quesadilla Cheese",13,"Grill","Spring 2025","Control","Quesadilla","Main","Satellite","Lunch",NA,NA,NA,NA,NA,NA
"5097","17-Apr","Side Potato Tots",21,"Grab N Go","Spring 2025","Control","Grab N Go","Side","Satellite","Lunch",NA,NA,NA,NA,NA,NA
"5098","17-Apr","+ Beef Patty",14,"Grill","Spring 2025","Control","Grill","Modification","Treatment","Lunch",3.806907508554,79.8564119237622,2.99,53.296705119756,1117.98976693267,41.86
"5099","17-Apr","Seared Salmon Burger",5,"Grill","Spring 2025","Control","Grill","Main","Treatment","Lunch",0.447926073918026,44.697222176261,8.49,2.23963036959013,223.486110881305,42.45
"5100","17-Apr","Black Bean Burger",2,"Grill","Spring 2025","Control","Grill","Main","Treatment","Lunch",0.110944712328442,54.9888227801748,8.69,0.221889424656883,109.97764556035,17.38
"5101","17-Apr","ADD Chicken Breast",1,"Grill","Spring 2025","Control","Grill","Modification","Treatment","Lunch",0.227249079536725,60.447700038522,2.99,0.227249079536725,60.447700038522,2.99
"5102","17-Apr","Add Sausage 2 Patty",1,"Grill","Spring 2025","Control","Grill","Modification","Treatment","Lunch",0.168918026814813,34.6406776822533,1.99,0.168918026814813,34.6406776822533,1.99
"5103","17-Apr","Add Egg .99",2,"Grill","Spring 2025","Control","Grill","Modification","Treatment","Lunch",0.0903881853779601,25.3348662383603,0.99,0.18077637075592,50.6697324767206,1.98
"5104","17-Apr","ADD Cheese",3,"Grill","Spring 2025","Control","Grill","Modification","Treatment","Lunch",0.183611306606629,3.19881943989712,1.99,0.550833919819887,9.59645831969137,5.97
"5105","17-Apr","1 Entree + 1 Side",188,"Asian","Spring 2025","Control","Wok","Main","Satellite","Lunch",NA,NA,NA,NA,NA,NA
"5106","17-Apr","1 Entree + 2 Side",72,"Asian","Spring 2025","Control","Wok","Main","Satellite","Lunch",NA,NA,NA,NA,NA,NA
"5107","17-Apr","Bowl Ramen Chicken",58,"Asian","Spring 2025","Control","Ramen","Main","Treatment","Lunch",0.379685915053077,104.607642341871,9.49,22.0217830730785,6067.24325582855,550.42
"5108","17-Apr","2 Entrees + 2 Sides",29,"Asian","Spring 2025","Control","Wok","Main","Satellite","Lunch",NA,NA,NA,NA,NA,NA
"5109","17-Apr","Bowl Ramen Tofu",24,"Asian","Spring 2025","Control","Ramen","Main","Treatment","Lunch",0.306509419979168,91.9886822989085,9.49,7.35622607950003,2207.7283751738,227.76
"5110","17-Apr","1 Wok Entree",10,"Asian","Spring 2025","Control","Wok","Main","Satellite","Lunch",NA,NA,NA,NA,NA,NA
"5111","17-Apr","Side Vegetarian Lo Mein",4,"Asian","Spring 2025","Control","Wok","Side","Satellite","Lunch",NA,NA,NA,NA,NA,NA
"5112","17-Apr","Side White or Brown Rice",7,"Asian","Spring 2025","Control","Wok","Side","Satellite","Lunch",NA,NA,NA,NA,NA,NA
"5113","17-Apr","Side Vegetable Spring Rolls",3,"Asian","Spring 2025","Control","Wok","Side","Satellite","Lunch",NA,NA,NA,NA,NA,NA
"5114","17-Apr","Side Fried Spring Roll",2,"Asian","Spring 2025","Control","Wok","Side","Satellite","Lunch",NA,NA,NA,NA,NA,NA
"5115","17-Apr","Side Vegetarian Fried Rice with",2,"Asian","Spring 2025","Control","Wok","Side","Satellite","Lunch",NA,NA,NA,NA,NA,NA
"5116","17-Apr","Create Your Pasta Bowl MEAT",85,"Italian","Spring 2025","Control","Pasta","Main","Satellite","Lunch",0.625595496853921,47.8385188473692,8.99,53.1756172325833,4066.27410202638,764.15
"5117","17-Apr","Create Your Pasta Bowl VEG",27,"Italian","Spring 2025","Control","Pasta","Main","Satellite","Lunch",0.140294556536554,10.5521527214029,8.49,3.78795302648696,284.908123477877,229.23
"5118","17-Apr","Pizza with Toppings",30,"Italian","Spring 2025","Control","Pizza","Main","Satellite","Lunch",NA,NA,NA,NA,NA,NA
"5119","17-Apr","Pizza Cheese",19,"Italian","Spring 2025","Control","Pizza","Main","Satellite","Lunch",NA,NA,NA,NA,NA,NA
"5120","17-Apr","Add Extra Meat",22,"Italian","Spring 2025","Control","Pasta","Modification","Satellite","Lunch",NA,NA,NA,NA,NA,NA
"5121","17-Apr","Burrito Breakfast",83,"Breakfast","Spring 2025","Control","Breakfast","Main","Satellite","Breakfast",NA,NA,NA,NA,NA,NA
"5122","17-Apr","Small French Omelet",60,"Breakfast","Spring 2025","Control","Breakfast","Side","Satellite","Breakfast",NA,NA,NA,NA,NA,NA
"5123","17-Apr","Grand Slam Breakfast",8,"Breakfast","Spring 2025","Control","Breakfast","Main","Satellite","Breakfast",NA,NA,NA,NA,NA,NA
"5124","17-Apr","Add Bacon",20,"Breakfast","Spring 2025","Control","Breakfast","Modification","Satellite","Breakfast",NA,NA,NA,NA,NA,NA
"5125","17-Apr","Two Eggs",19,"Breakfast","Spring 2025","Control","Breakfast","Side","Satellite","Breakfast",NA,NA,NA,NA,NA,NA
"5126","17-Apr","Trillium Home Fries",3,"Breakfast","Spring 2025","Control","Breakfast","Side","Satellite","Breakfast",NA,NA,NA,NA,NA,NA
"5127","17-Apr","Pancake Single",2,"Breakfast","Spring 2025","Control","Breakfast","Side","Satellite","Breakfast",NA,NA,NA,NA,NA,NA
"5128","17-Apr","2 Slices Toast",2,"Breakfast","Spring 2025","Control","Breakfast","Side","Satellite","Breakfast",NA,NA,NA,NA,NA,NA
"5129","17-Apr","Toast",1,"Breakfast","Spring 2025","Control","Breakfast","Side","Satellite","Breakfast",NA,NA,NA,NA,NA,NA
"5130","17-Apr","Burrito Bowl BYO",126,"Mexican","Spring 2025","Control","Wrap","Main","Satellite","Lunch",NA,NA,NA,NA,NA,NA
"5131","17-Apr","Single Taco",2,"Mexican","Spring 2025","Control","Wrap","Main","Satellite","Lunch",NA,NA,NA,NA,NA,NA
"5132","17-Apr","Side Guacamole",2,"Mexican","Spring 2025","Control","Wrap","Side","Satellite","Lunch",NA,NA,NA,NA,NA,NA
"5133","17-Apr","Side Sour Cream",1,"Mexican","Spring 2025","Control","Wrap","Side","Satellite","Lunch",NA,NA,NA,NA,NA,NA
"5134","17-Apr","LTO Spicy Chicken Sandwich",28,"Grab N Go","Spring 2025","Control","Grab N Go","Main","Satellite","Lunch",NA,NA,NA,NA,NA,NA
"5135","17-Apr","LTO Meatball Sub",16,"Grab N Go","Spring 2025","Control","Grab N Go","Main","Satellite","Lunch",NA,NA,NA,NA,NA,NA
"5136","17-Apr","Egg Cheese Sausage Breakfast Sandwich",23,"Grab N Go","Spring 2025","Control","Grab N Go","Main","Satellite","Lunch",NA,NA,NA,NA,NA,NA
"5137","17-Apr","Egg Cheese Bacon Breakfast Sandwich",21,"Grab N Go","Spring 2025","Control","Grab N Go","Main","Satellite","Lunch",NA,NA,NA,NA,NA,NA
"5138","17-Apr","Salad by the Pound",54,"Salad Bar","Spring 2025","Control","Salad Bar","Main","Satellite","Lunch",NA,NA,NA,NA,NA,NA
"5139","17-Apr","Add Extra Protein 3.99",3,"Salad Bar","Spring 2025","Control","Salad Bar","Modification","Satellite","Lunch",NA,NA,NA,NA,NA,NA
"5140","17-Apr","Soup 12 oz",63,"Soup","Spring 2025","Control","Soup","Main","Satellite","Lunch",NA,NA,NA,NA,NA,NA
"5141","17-Apr","8 oz Soup",27,"Soup","Spring 2025","Control","Soup","Main","Satellite","Lunch",NA,NA,NA,NA,NA,NA
"5142","18-Apr","Quesadilla Deluxe Trillium",105,"Grill","Spring 2025","Control","Quesadilla","Main","Satellite","Lunch",NA,NA,NA,NA,NA,NA
"5143","18-Apr","Grilled Hamburger",76,"Grill","Spring 2025","Control","Grill","Main","Treatment","Lunch",3.88121217461521,88.8793607464882,8.99,294.972125270756,6754.8314167331,683.24
"5144","18-Apr","Burrito Una Mano Trillium BYO",45,"Grill","Spring 2025","Control","Quesadilla","Main","Satellite","Lunch",NA,NA,NA,NA,NA,NA
"5145","18-Apr","Fried Chicken Tenders",54,"Grab N Go","Spring 2025","Control","Grab N Go","Side","Satellite","Lunch",NA,NA,NA,NA,NA,NA
"5146","18-Apr","French Fries",81,"Grill","Spring 2025","Control","Grill","Side","Treatment","Lunch",0.040840402892853,2.72997334161235,2.99,3.30807263432109,221.1278406706,242.19
"5147","18-Apr","Quesadilla Cheese",24,"Grill","Spring 2025","Control","Quesadilla","Main","Satellite","Lunch",NA,NA,NA,NA,NA,NA
"5148","18-Apr","Seared Salmon Burger",10,"Grill","Spring 2025","Control","Grill","Main","Treatment","Lunch",0.447926073918026,44.697222176261,8.49,4.47926073918026,446.97222176261,84.9
"5149","18-Apr","Sweet Potato Fries",28,"Grill","Spring 2025","Control","Grill","Side","Treatment","Lunch",0.0422551714366103,3.97622481710592,2.99,1.18314480022509,111.334294878966,83.72
"5150","18-Apr","Side Potato Tots",20,"Grab N Go","Spring 2025","Control","Grab N Go","Side","Satellite","Lunch",NA,NA,NA,NA,NA,NA
"5151","18-Apr","Grilled Chicken Breast Sandwich",6,"Grill","Spring 2025","Control","Grill","Main","Treatment","Lunch",0.301553745597932,69.470648861248,8.49,1.80932247358759,416.823893167488,50.94
"5152","18-Apr","Trillium Grill Impossible Burger",3,"Grill","Spring 2025","Control","Grill","Main","Treatment","Lunch",0.210911088099112,23.2535935181063,10.49,0.632733264297335,69.7607805543189,31.47
"5153","18-Apr","Black Bean Burger",2,"Grill","Spring 2025","Control","Grill","Main","Treatment","Lunch",0.110944712328442,54.9888227801748,8.69,0.221889424656883,109.97764556035,17.38
"5154","18-Apr","Add Sausage 2 Patty",4,"Grill","Spring 2025","Control","Grill","Modification","Treatment","Lunch",0.168918026814813,34.6406776822533,1.99,0.675672107259252,138.562710729013,7.96
"5155","18-Apr","+ Beef Patty",2,"Grill","Spring 2025","Control","Grill","Modification","Treatment","Lunch",3.806907508554,79.8564119237622,2.99,7.613815017108,159.712823847524,5.98
"5156","18-Apr","Add Egg .99",5,"Grill","Spring 2025","Control","Grill","Modification","Treatment","Lunch",0.0903881853779601,25.3348662383603,0.99,0.451940926889801,126.674331191801,4.95
"5157","18-Apr","ADD Cheese",2,"Grill","Spring 2025","Control","Grill","Modification","Treatment","Lunch",0.183611306606629,3.19881943989712,1.99,0.367222613213258,6.39763887979424,3.98
"5158","18-Apr","1 Entree + 1 Side",102,"Asian","Spring 2025","Control","Wok","Main","Satellite","Lunch",NA,NA,NA,NA,NA,NA
"5159","18-Apr","1 Entree + 2 Side",42,"Asian","Spring 2025","Control","Wok","Main","Satellite","Lunch",NA,NA,NA,NA,NA,NA
"5160","18-Apr","Bowl Ramen Chicken",46,"Asian","Spring 2025","Control","Ramen","Main","Treatment","Lunch",0.379685915053077,104.607642341871,9.49,17.4655520924415,4811.95154772609,436.54
"5161","18-Apr","2 Entrees + 2 Sides",10,"Asian","Spring 2025","Control","Wok","Main","Satellite","Lunch",NA,NA,NA,NA,NA,NA
"5162","18-Apr","Bowl Ramen Tofu",12,"Asian","Spring 2025","Control","Ramen","Main","Treatment","Lunch",0.306509419979168,91.9886822989085,9.49,3.67811303975002,1103.8641875869,113.88
"5163","18-Apr","1 Wok Entree",6,"Asian","Spring 2025","Control","Wok","Main","Satellite","Lunch",NA,NA,NA,NA,NA,NA
"5164","18-Apr","Side Vegetables",3,"Asian","Spring 2025","Control","Wok","Side","Satellite","Lunch",NA,NA,NA,NA,NA,NA
"5165","18-Apr","Side Vegetarian Lo Mein",3,"Asian","Spring 2025","Control","Wok","Side","Satellite","Lunch",NA,NA,NA,NA,NA,NA
"5166","18-Apr","Side Vegetable Spring Rolls",2,"Asian","Spring 2025","Control","Wok","Side","Satellite","Lunch",NA,NA,NA,NA,NA,NA
"5167","18-Apr","Side White or Brown Rice",1,"Asian","Spring 2025","Control","Wok","Side","Satellite","Lunch",NA,NA,NA,NA,NA,NA
"5168","18-Apr","Small French Omelet",58,"Breakfast","Spring 2025","Control","Breakfast","Side","Satellite","Breakfast",NA,NA,NA,NA,NA,NA
"5169","18-Apr","Burrito Breakfast",60,"Breakfast","Spring 2025","Control","Breakfast","Main","Satellite","Breakfast",NA,NA,NA,NA,NA,NA
"5170","18-Apr","Grand Slam Breakfast",9,"Breakfast","Spring 2025","Control","Breakfast","Main","Satellite","Breakfast",NA,NA,NA,NA,NA,NA
"5171","18-Apr","Add Bacon",24,"Breakfast","Spring 2025","Control","Breakfast","Modification","Satellite","Breakfast",NA,NA,NA,NA,NA,NA
"5172","18-Apr","Two Eggs",11,"Breakfast","Spring 2025","Control","Breakfast","Side","Satellite","Breakfast",NA,NA,NA,NA,NA,NA
"5173","18-Apr","Pancake Single",5,"Breakfast","Spring 2025","Control","Breakfast","Side","Satellite","Breakfast",NA,NA,NA,NA,NA,NA
"5174","18-Apr","Trillium Home Fries",4,"Breakfast","Spring 2025","Control","Breakfast","Side","Satellite","Breakfast",NA,NA,NA,NA,NA,NA
"5175","18-Apr","2 Slices Toast",2,"Breakfast","Spring 2025","Control","Breakfast","Side","Satellite","Breakfast",NA,NA,NA,NA,NA,NA
"5176","18-Apr","Create Your Pasta Bowl MEAT",63,"Italian","Spring 2025","Control","Pasta","Main","Satellite","Lunch",0.625595496853921,47.8385188473692,8.99,39.412516301797,3013.82668738426,566.37
"5177","18-Apr","Create Your Pasta Bowl VEG",18,"Italian","Spring 2025","Control","Pasta","Main","Satellite","Lunch",0.140294556536554,10.5521527214029,8.49,2.52530201765797,189.938748985251,152.82
"5178","18-Apr","Pizza with Toppings",19,"Italian","Spring 2025","Control","Pizza","Main","Satellite","Lunch",NA,NA,NA,NA,NA,NA
"5179","18-Apr","Add Extra Meat",28,"Italian","Spring 2025","Control","Pasta","Modification","Satellite","Lunch",NA,NA,NA,NA,NA,NA
"5180","18-Apr","Pizza Cheese",12,"Italian","Spring 2025","Control","Pizza","Main","Satellite","Lunch",NA,NA,NA,NA,NA,NA
"5181","18-Apr","Burrito Bowl BYO",66,"Mexican","Spring 2025","Control","Wrap","Main","Satellite","Lunch",NA,NA,NA,NA,NA,NA
"5182","18-Apr","Single Taco",3,"Mexican","Spring 2025","Control","Wrap","Main","Satellite","Lunch",NA,NA,NA,NA,NA,NA
"5183","18-Apr","Side Guacamole",3,"Mexican","Spring 2025","Control","Wrap","Side","Satellite","Lunch",NA,NA,NA,NA,NA,NA
"5184","18-Apr","Side Salsa",1,"Mexican","Spring 2025","Control","Wrap","Side","Satellite","Lunch",NA,NA,NA,NA,NA,NA
"5185","18-Apr","Salad by the Pound",39,"Salad Bar","Spring 2025","Control","Salad Bar","Main","Satellite","Lunch",NA,NA,NA,NA,NA,NA
"5186","18-Apr","Add Extra Protein 3.99",2,"Salad Bar","Spring 2025","Control","Salad Bar","Modification","Satellite","Lunch",NA,NA,NA,NA,NA,NA
"5187","18-Apr","8 oz Soup",34,"Soup","Spring 2025","Control","Soup","Main","Satellite","Lunch",NA,NA,NA,NA,NA,NA
"5188","18-Apr","Soup 12 oz",25,"Soup","Spring 2025","Control","Soup","Main","Satellite","Lunch",NA,NA,NA,NA,NA,NA
"5189","18-Apr","LTO Spicy Chicken Sandwich",22,"Grab N Go","Spring 2025","Control","Grab N Go","Main","Satellite","Lunch",NA,NA,NA,NA,NA,NA
"5190","18-Apr","Egg Cheese Bacon Breakfast Sandwich",11,"Grab N Go","Spring 2025","Control","Grab N Go","Main","Satellite","Lunch",NA,NA,NA,NA,NA,NA
"5191","18-Apr","Egg Cheese Sausage Breakfast Sandwich",9,"Grab N Go","Spring 2025","Control","Grab N Go","Main","Satellite","Lunch",NA,NA,NA,NA,NA,NA
