date,item,count,sales_cat,semester,menu_condition
16-Oct,Quesadilla Deluxe Trillium,140,Grill,Fall 2024,Control
16-Oct,Grilled Hamburger,91,Grill,Fall 2024,Control
16-Oct,Fried Chicken Tenders,92,Grill,Fall 2024,Control
16-Oct,Burrito Una Mano Trillium BYO,62,Grill,Fall 2024,Control
16-Oct,French Fries,113,Grill,Fall 2024,Control
16-Oct,Quesadilla Cheese,35,Grill,Fall 2024,Control
16-Oct,Grilled Chicken Breast Sandwich,14,Grill,Fall 2024,Control
16-Oct,Seared Salmon Burger,9,Grill,Fall 2024,Control
16-Oct,Trillium Grill Impossible Burger,7,Grill,Fall 2024,Control
16-Oct,Sweet Potato Fries,21,Grill,Fall 2024,Control
16-Oct,ADD Beef Patty $2.99,13,Grill,Fall 2024,Control
16-Oct,Black Bean Burger,2,Grill,Fall 2024,Control
16-Oct,Add Impossible Burger Patty,1,Grill,Fall 2024,Control
16-Oct,Add Egg $.99,6,Grill,Fall 2024,Control
16-Oct,ADD Cheese,9,Grill,Fall 2024,Control
16-Oct,Add Sausage 2 Patty,2,Grill,Fall 2024,Control
16-Oct,ADD Burger Salmon Grilled,1,Grill,Fall 2024,Control
16-Oct,1 Entree + 1 Side,206,Asian,Fall 2024,Control
16-Oct,1 Entree + 2 Side,79,Asian,Fall 2024,Control
16-Oct,Bowl Ramen Chicken,83,Asian,Fall 2024,Control
16-Oct,2 Entrees + 2 Sides,20,Asian,Fall 2024,Control
16-Oct,Bowl Ramen Tofu,16,Asian,Fall 2024,Control
16-Oct,Bowl Ramen Pork,5,Asian,Fall 2024,Control
16-Oct,Side Vegetarian Lo Mein,6,Asian,Fall 2024,Control
16-Oct,Side Fried Spring Roll,4,Asian,Fall 2024,Control
16-Oct,Side White or Brown Rice,4,Asian,Fall 2024,Control
16-Oct,Side Vegetable Spring Rolls,2,Asian,Fall 2024,Control
16-Oct,1 Wok Entree,1,Asian,Fall 2024,Control
16-Oct,Side Vegetables,1,Asian,Fall 2024,Control
16-Oct,Side Vegetarian Fried Rice with,1,Asian,Fall 2024,Control
16-Oct,Create Your Pasta Bowl MEAT,149,Italian,Fall 2024,Control
16-Oct,Create Your Pasta Bowl VEG,24,Italian,Fall 2024,Control
16-Oct,Pizza Cheese,28,Italian,Fall 2024,Control
16-Oct,Add Extra Meat,34,Italian,Fall 2024,Control
16-Oct,Pizza with Toppings,16,Italian,Fall 2024,Control
16-Oct,Side Bread Pasta Station,2,Italian,Fall 2024,Control
16-Oct,Burrito Breakfast,87,Breakfast,Fall 2024,Control
16-Oct,Small French Omelet,53,Breakfast,Fall 2024,Control
16-Oct,Egg Cheese Sausage Breakfast San,34,Breakfast,Fall 2024,Control
16-Oct,Egg Cheese Bacon Breakfast Sandw,26,Breakfast,Fall 2024,Control
16-Oct,Grand Slam Breakfast,9,Breakfast,Fall 2024,Control
16-Oct,Add Bacon,26,Breakfast,Fall 2024,Control
16-Oct,Two Eggs,10,Breakfast,Fall 2024,Control
16-Oct,Pancake Single,4,Breakfast,Fall 2024,Control
16-Oct,2 Slices Toast,4,Breakfast,Fall 2024,Control
16-Oct,Trillium Home Fries,1,Breakfast,Fall 2024,Control
16-Oct,Burrito Bowl BYO,105,Mexican,Fall 2024,Control
16-Oct,Single Taco,3,Mexican,Fall 2024,Control
16-Oct,Side Sour Cream,1,Mexican,Fall 2024,Control
16-Oct,Salad by the Pound,79,Salad Bar,Fall 2024,Control
16-Oct,Add Extra Protein $2.99,1,Salad Bar,Fall 2024,Control
16-Oct,Soup 12 oz,67,Soup,Fall 2024,Control
16-Oct,8 oz Soup,60,Soup,Fall 2024,Control
16-Oct,Side Potato Tots,12,Grab N Go,Fall 2024,Control
17-Oct,Quesadilla Deluxe Trillium,159,Grill,Fall 2024,Control
17-Oct,Grilled Hamburger,109,Grill,Fall 2024,Control
17-Oct,Fried Chicken Tenders,109,Grill,Fall 2024,Control
17-Oct,Burrito Una Mano Trillium BYO,51,Grill,Fall 2024,Control
17-Oct,French Fries,136,Grill,Fall 2024,Control
17-Oct,Grilled Chicken Breast Sandwich,22,Grill,Fall 2024,Control
17-Oct,Trillium Grill Impossible Burger,12,Grill,Fall 2024,Control
17-Oct,Quesadilla Cheese,13,Grill,Fall 2024,Control
17-Oct,Sweet Potato Fries,27,Grill,Fall 2024,Control
17-Oct,Seared Salmon Burger,9,Grill,Fall 2024,Control
17-Oct,ADD Beef Patty $2.99,19,Grill,Fall 2024,Control
17-Oct,Black Bean Burger,1,Grill,Fall 2024,Control
17-Oct,ADD Cheese,10,Grill,Fall 2024,Control
17-Oct,Add Sausage 2 Patty,2,Grill,Fall 2024,Control
17-Oct,ADD Chicken Breast,1,Grill,Fall 2024,Control
17-Oct,Add Egg $.99,1,Grill,Fall 2024,Control
17-Oct,1 Entree + 1 Side,189,Asian,Fall 2024,Control
17-Oct,1 Entree + 2 Side,81,Asian,Fall 2024,Control
17-Oct,Bowl Ramen Chicken,68,Asian,Fall 2024,Control
17-Oct,2 Entrees + 2 Sides,35,Asian,Fall 2024,Control
17-Oct,Bowl Ramen Tofu,14,Asian,Fall 2024,Control
17-Oct,1 Wok Entree,5,Asian,Fall 2024,Control
17-Oct,Side Vegetable Spring Rolls,3,Asian,Fall 2024,Control
17-Oct,Side Vegetarian Lo Mein,3,Asian,Fall 2024,Control
17-Oct,Side Vegetables,2,Asian,Fall 2024,Control
17-Oct,Side White or Brown Rice,2,Asian,Fall 2024,Control
17-Oct,Create Your Pasta Bowl MEAT,128,Italian,Fall 2024,Control
17-Oct,Create Your Pasta Bowl VEG,33,Italian,Fall 2024,Control
17-Oct,Pizza with Toppings,37,Italian,Fall 2024,Control
17-Oct,Pizza Cheese,27,Italian,Fall 2024,Control
17-Oct,Add Extra Meat,24,Italian,Fall 2024,Control
17-Oct,Side Bread Pasta Station,2,Italian,Fall 2024,Control
17-Oct,Burrito Breakfast,85,Breakfast,Fall 2024,Control
17-Oct,Small French Omelet,61,Breakfast,Fall 2024,Control
17-Oct,Egg Cheese Sausage Breakfast San,36,Breakfast,Fall 2024,Control
17-Oct,Egg Cheese Bacon Breakfast Sandw,34,Breakfast,Fall 2024,Control
17-Oct,Grand Slam Breakfast,15,Breakfast,Fall 2024,Control
17-Oct,Add Bacon,28,Breakfast,Fall 2024,Control
17-Oct,Two Eggs,17,Breakfast,Fall 2024,Control
17-Oct,Trillium Home Fries,1,Breakfast,Fall 2024,Control
17-Oct,Pancake Single,1,Breakfast,Fall 2024,Control
17-Oct,2 Slices Toast,1,Breakfast,Fall 2024,Control
17-Oct,Toast,1,Breakfast,Fall 2024,Control
17-Oct,Burrito Bowl BYO,103,Mexican,Fall 2024,Control
17-Oct,Single Taco,4,Mexican,Fall 2024,Control
17-Oct,Side Guacamole,4,Mexican,Fall 2024,Control
17-Oct,Side Salsa,3,Mexican,Fall 2024,Control
17-Oct,Add Extra Toppings Una Mano,2,Mexican,Fall 2024,Control
17-Oct,Salad by the Pound,57,Salad Bar,Fall 2024,Control
17-Oct,Add Extra Protein $2.99,1,Salad Bar,Fall 2024,Control
17-Oct,8 oz Soup,35,Soup,Fall 2024,Control
17-Oct,Soup 12 oz,28,Soup,Fall 2024,Control
17-Oct,Side Potato Tots,18,Grab N Go,Fall 2024,Control
18-Oct,Quesadilla Deluxe Trillium,105,Grill,Fall 2024,Control
18-Oct,Grilled Hamburger,66,Grill,Fall 2024,Control
18-Oct,Fried Chicken Tenders,54,Grill,Fall 2024,Control
18-Oct,Burrito Una Mano Trillium BYO,42,Grill,Fall 2024,Control
18-Oct,French Fries,101,Grill,Fall 2024,Control
18-Oct,Quesadilla Cheese,14,Grill,Fall 2024,Control
18-Oct,Grilled Chicken Breast Sandwich,11,Grill,Fall 2024,Control
18-Oct,Seared Salmon Burger,8,Grill,Fall 2024,Control
18-Oct,ADD Beef Patty $2.99,11,Grill,Fall 2024,Control
18-Oct,Trillium Grill Impossible Burger,2,Grill,Fall 2024,Control
18-Oct,Black Bean Burger,2,Grill,Fall 2024,Control
18-Oct,Add Sausage 2 Patty,2,Grill,Fall 2024,Control
18-Oct,ADD Chicken Breast,1,Grill,Fall 2024,Control
18-Oct,ADD Cheese,4,Grill,Fall 2024,Control
18-Oct,Add Egg $.99,1,Grill,Fall 2024,Control
18-Oct,1 Entree + 1 Side,103,Asian,Fall 2024,Control
18-Oct,1 Entree + 2 Side,63,Asian,Fall 2024,Control
18-Oct,Bowl Ramen Chicken,44,Asian,Fall 2024,Control
18-Oct,2 Entrees + 2 Sides,20,Asian,Fall 2024,Control
18-Oct,Bowl Ramen Tofu,21,Asian,Fall 2024,Control
18-Oct,Side White or Brown Rice,12,Asian,Fall 2024,Control
18-Oct,Side Vegetarian Lo Mein,4,Asian,Fall 2024,Control
18-Oct,1 Wok Entree,2,Asian,Fall 2024,Control
18-Oct,Side Vegetable Spring Rolls,1,Asian,Fall 2024,Control
18-Oct,Side Vegetarian Fried Rice with,1,Asian,Fall 2024,Control
18-Oct,Burrito Breakfast,84,Breakfast,Fall 2024,Control
18-Oct,Small French Omelet,47,Breakfast,Fall 2024,Control
18-Oct,Egg Cheese Sausage Breakfast San,36,Breakfast,Fall 2024,Control
18-Oct,Grand Slam Breakfast,15,Breakfast,Fall 2024,Control
18-Oct,Egg Cheese Bacon Breakfast Sandw,23,Breakfast,Fall 2024,Control
18-Oct,Add Bacon,21,Breakfast,Fall 2024,Control
18-Oct,Two Eggs,10,Breakfast,Fall 2024,Control
18-Oct,Pancake Single,6,Breakfast,Fall 2024,Control
18-Oct,Trillium Home Fries,2,Breakfast,Fall 2024,Control
18-Oct,PC Jelly,1,Breakfast,Fall 2024,Control
18-Oct,Create Your Pasta Bowl MEAT,83,Italian,Fall 2024,Control
18-Oct,Pizza with Toppings,23,Italian,Fall 2024,Control
18-Oct,Pizza Cheese,27,Italian,Fall 2024,Control
18-Oct,Create Your Pasta Bowl VEG,13,Italian,Fall 2024,Control
18-Oct,Add Extra Meat,14,Italian,Fall 2024,Control
18-Oct,Burrito Bowl BYO,81,Mexican,Fall 2024,Control
18-Oct,Single Taco,4,Mexican,Fall 2024,Control
18-Oct,8 oz Soup,39,Soup,Fall 2024,Control
18-Oct,Soup 12 oz,24,Soup,Fall 2024,Control
18-Oct,Salad by the Pound,34,Salad Bar,Fall 2024,Control
18-Oct,Add Extra Protein $2.99,1,Salad Bar,Fall 2024,Control
18-Oct,Side Potato Tots,15,Grab N Go,Fall 2024,Control
21-Oct,Quesadilla Deluxe Trillium,154,Grill,Fall 2024,Control
21-Oct,Grilled Hamburger,105,Grill,Fall 2024,Control
21-Oct,Burrito Una Mano Trillium BYO,79,Grill,Fall 2024,Control
21-Oct,Fried Chicken Tenders,91,Grill,Fall 2024,Control
21-Oct,French Fries,114,Grill,Fall 2024,Control
21-Oct,Grilled Chicken Breast Sandwich,18,Grill,Fall 2024,Control
21-Oct,Sweet Potato Fries,36,Grill,Fall 2024,Control
21-Oct,Seared Salmon Burger,11,Grill,Fall 2024,Control
21-Oct,Trillium Grill Impossible Burger,8,Grill,Fall 2024,Control
21-Oct,Quesadilla Cheese,6,Grill,Fall 2024,Control
21-Oct,ADD Beef Patty $2.99,14,Grill,Fall 2024,Control
21-Oct,ADD Chicken Breast,4,Grill,Fall 2024,Control
21-Oct,Add Sausage 2 Patty,5,Grill,Fall 2024,Control
21-Oct,Black Bean Burger,1,Grill,Fall 2024,Control
21-Oct,ADD Cheese,4,Grill,Fall 2024,Control
21-Oct,Add Egg $.99,2,Grill,Fall 2024,Control
21-Oct,1 Entree + 1 Side,187,Asian,Fall 2024,Control
21-Oct,1 Entree + 2 Side,87,Asian,Fall 2024,Control
21-Oct,Bowl Ramen Chicken,71,Asian,Fall 2024,Control
21-Oct,2 Entrees + 2 Sides,20,Asian,Fall 2024,Control
21-Oct,Bowl Ramen Tofu,14,Asian,Fall 2024,Control
21-Oct,Side Vegetarian Lo Mein,7,Asian,Fall 2024,Control
21-Oct,Side Vegetable Spring Rolls,5,Asian,Fall 2024,Control
21-Oct,1 Wok Entree,3,Asian,Fall 2024,Control
21-Oct,Side Vegetarian Fried Rice with,1,Asian,Fall 2024,Control
21-Oct,Side White or Brown Rice,1,Asian,Fall 2024,Control
21-Oct,Create Your Pasta Bowl MEAT,124,Italian,Fall 2024,Control
21-Oct,Create Your Pasta Bowl VEG,37,Italian,Fall 2024,Control
21-Oct,Pizza with Toppings,38,Italian,Fall 2024,Control
21-Oct,Pizza Cheese,23,Italian,Fall 2024,Control
21-Oct,Add Extra Meat,22,Italian,Fall 2024,Control
21-Oct,Side Bread Pasta Station,1,Italian,Fall 2024,Control
21-Oct,Burrito Breakfast,80,Breakfast,Fall 2024,Control
21-Oct,Small French Omelet,51,Breakfast,Fall 2024,Control
21-Oct,Egg Cheese Sausage Breakfast San,32,Breakfast,Fall 2024,Control
21-Oct,Grand Slam Breakfast,16,Breakfast,Fall 2024,Control
21-Oct,Egg Cheese Bacon Breakfast Sandw,28,Breakfast,Fall 2024,Control
21-Oct,Add Bacon,35,Breakfast,Fall 2024,Control
21-Oct,Two Eggs,15,Breakfast,Fall 2024,Control
21-Oct,Trillium Home Fries,6,Breakfast,Fall 2024,Control
21-Oct,2 Slices Toast,3,Breakfast,Fall 2024,Control
21-Oct,Toast,2,Breakfast,Fall 2024,Control
21-Oct,Burrito Bowl BYO,101,Mexican,Fall 2024,Control
21-Oct,Single Taco,7,Mexican,Fall 2024,Control
21-Oct,Side Guacamole,6,Mexican,Fall 2024,Control
21-Oct,Add Extra Toppings Una Mano,1,Mexican,Fall 2024,Control
21-Oct,Salad by the Pound,59,Salad Bar,Fall 2024,Control
21-Oct,Soup 12 oz,43,Soup,Fall 2024,Control
21-Oct,8 oz Soup,27,Soup,Fall 2024,Control
21-Oct,Side Potato Tots,14,Grab N Go,Fall 2024,Control
22-Oct,Quesadilla Deluxe Trillium,161,Grill,Fall 2024,Control
22-Oct,Grilled Hamburger,127,Grill,Fall 2024,Control
22-Oct,Fried Chicken Tenders,120,Grill,Fall 2024,Control
22-Oct,Burrito Una Mano Trillium BYO,62,Grill,Fall 2024,Control
22-Oct,French Fries,146,Grill,Fall 2024,Control
22-Oct,Grilled Chicken Breast Sandwich,18,Grill,Fall 2024,Control
22-Oct,Sweet Potato Fries,34,Grill,Fall 2024,Control
22-Oct,Quesadilla Cheese,12,Grill,Fall 2024,Control
22-Oct,Seared Salmon Burger,10,Grill,Fall 2024,Control
22-Oct,Trillium Grill Impossible Burger,6,Grill,Fall 2024,Control
22-Oct,ADD Beef Patty $2.99,9,Grill,Fall 2024,Control
22-Oct,Black Bean Burger,2,Grill,Fall 2024,Control
22-Oct,ADD Chicken Breast,3,Grill,Fall 2024,Control
22-Oct,Add Sausage 2 Patty,1,Grill,Fall 2024,Control
22-Oct,Add Egg $.99,2,Grill,Fall 2024,Control
22-Oct,ADD Cheese,2,Grill,Fall 2024,Control
22-Oct,1 Entree + 1 Side,197,Asian,Fall 2024,Control
22-Oct,1 Entree + 2 Side,87,Asian,Fall 2024,Control
22-Oct,Bowl Ramen Chicken,73,Asian,Fall 2024,Control
22-Oct,2 Entrees + 2 Sides,36,Asian,Fall 2024,Control
22-Oct,Bowl Ramen Tofu,10,Asian,Fall 2024,Control
22-Oct,Side Vegetarian Lo Mein,4,Asian,Fall 2024,Control
22-Oct,1 Wok Entree,1,Asian,Fall 2024,Control
22-Oct,Side White or Brown Rice,3,Asian,Fall 2024,Control
22-Oct,Side Vegetarian Fried Rice with,1,Asian,Fall 2024,Control
22-Oct,Create Your Pasta Bowl MEAT,132,Italian,Fall 2024,Control
22-Oct,Create Your Pasta Bowl VEG,26,Italian,Fall 2024,Control
22-Oct,Pizza with Toppings,35,Italian,Fall 2024,Control
22-Oct,Pizza Cheese,24,Italian,Fall 2024,Control
22-Oct,Add Extra Meat,21,Italian,Fall 2024,Control
22-Oct,Side Bread Pasta Station,1,Italian,Fall 2024,Control
22-Oct,Burrito Breakfast,89,Breakfast,Fall 2024,Control
22-Oct,Small French Omelet,60,Breakfast,Fall 2024,Control
22-Oct,Grand Slam Breakfast,19,Breakfast,Fall 2024,Control
22-Oct,Egg Cheese Sausage Breakfast San,28,Breakfast,Fall 2024,Control
22-Oct,Egg Cheese Bacon Breakfast Sandw,26,Breakfast,Fall 2024,Control
22-Oct,Add Bacon,27,Breakfast,Fall 2024,Control
22-Oct,Two Eggs,14,Breakfast,Fall 2024,Control
22-Oct,Pancake Single,5,Breakfast,Fall 2024,Control
22-Oct,Trillium Home Fries,1,Breakfast,Fall 2024,Control
22-Oct,2 Slices Toast,3,Breakfast,Fall 2024,Control
22-Oct,Toast,2,Breakfast,Fall 2024,Control
22-Oct,PC Jelly,1,Breakfast,Fall 2024,Control
22-Oct,Burrito Bowl BYO,113,Mexican,Fall 2024,Control
22-Oct,Single Taco,3,Mexican,Fall 2024,Control
22-Oct,Side Guacamole,4,Mexican,Fall 2024,Control
22-Oct,Add Extra Toppings Una Mano,3,Mexican,Fall 2024,Control
22-Oct,Salad by the Pound,80,Salad Bar,Fall 2024,Control
22-Oct,8 oz Soup,51,Soup,Fall 2024,Control
22-Oct,Soup 12 oz,33,Soup,Fall 2024,Control
22-Oct,Side Potato Tots,14,Grab N Go,Fall 2024,Control
23-Oct,Quesadilla Deluxe Trillium,149,Grill,Fall 2024,Control
23-Oct,Grilled Hamburger,100,Grill,Fall 2024,Control
23-Oct,Fried Chicken Tenders,110,Grill,Fall 2024,Control
23-Oct,Burrito Una Mano Trillium BYO,59,Grill,Fall 2024,Control
23-Oct,French Fries,143,Grill,Fall 2024,Control
23-Oct,Grilled Chicken Breast Sandwich,20,Grill,Fall 2024,Control
23-Oct,Trillium Grill Impossible Burger,10,Grill,Fall 2024,Control
23-Oct,Quesadilla Cheese,11,Grill,Fall 2024,Control
23-Oct,Sweet Potato Fries,27,Grill,Fall 2024,Control
23-Oct,ADD Beef Patty $2.99,15,Grill,Fall 2024,Control
23-Oct,Seared Salmon Burger,3,Grill,Fall 2024,Control
23-Oct,ADD Chicken Breast,5,Grill,Fall 2024,Control
23-Oct,Black Bean Burger,2,Grill,Fall 2024,Control
23-Oct,Add Sausage 2 Patty,5,Grill,Fall 2024,Control
23-Oct,ADD Cheese,8,Grill,Fall 2024,Control
23-Oct,Add Egg $.99,1,Grill,Fall 2024,Control
23-Oct,1 Entree + 1 Side,194,Asian,Fall 2024,Control
23-Oct,1 Entree + 2 Side,92,Asian,Fall 2024,Control
23-Oct,Bowl Ramen Chicken,83,Asian,Fall 2024,Control
23-Oct,2 Entrees + 2 Sides,19,Asian,Fall 2024,Control
23-Oct,Bowl Ramen Tofu,9,Asian,Fall 2024,Control
23-Oct,1 Wok Entree,3,Asian,Fall 2024,Control
23-Oct,Side Vegetable Spring Rolls,4,Asian,Fall 2024,Control
23-Oct,Side Vegetarian Fried Rice with,3,Asian,Fall 2024,Control
23-Oct,Side Vegetarian Lo Mein,3,Asian,Fall 2024,Control
23-Oct,Side White or Brown Rice,5,Asian,Fall 2024,Control
23-Oct,Side Vegetables,2,Asian,Fall 2024,Control
23-Oct,Create Your Pasta Bowl MEAT,124,Italian,Fall 2024,Control
23-Oct,Create Your Pasta Bowl VEG,28,Italian,Fall 2024,Control
23-Oct,Pizza with Toppings,38,Italian,Fall 2024,Control
23-Oct,Pizza Cheese,23,Italian,Fall 2024,Control
23-Oct,Add Extra Meat,25,Italian,Fall 2024,Control
23-Oct,Side Bread Pasta Station,1,Italian,Fall 2024,Control
23-Oct,Burrito Breakfast,89,Breakfast,Fall 2024,Control
23-Oct,Small French Omelet,73,Breakfast,Fall 2024,Control
23-Oct,Egg Cheese Bacon Breakfast Sandw,30,Breakfast,Fall 2024,Control
23-Oct,Egg Cheese Sausage Breakfast San,29,Breakfast,Fall 2024,Control
23-Oct,Grand Slam Breakfast,10,Breakfast,Fall 2024,Control
23-Oct,Add Bacon,34,Breakfast,Fall 2024,Control
23-Oct,Two Eggs,16,Breakfast,Fall 2024,Control
23-Oct,Trillium Home Fries,6,Breakfast,Fall 2024,Control
23-Oct,Pancake Single,2,Breakfast,Fall 2024,Control
23-Oct,Toast,2,Breakfast,Fall 2024,Control
23-Oct,2 Slices Toast,1,Breakfast,Fall 2024,Control
23-Oct,Burrito Bowl BYO,92,Mexican,Fall 2024,Control
23-Oct,Single Taco,5,Mexican,Fall 2024,Control
23-Oct,Side Guacamole,1,Mexican,Fall 2024,Control
23-Oct,Add Extra Toppings Una Mano,1,Mexican,Fall 2024,Control
23-Oct,Salad by the Pound,77,Salad Bar,Fall 2024,Control
23-Oct,Add Extra Protein $2.99,1,Salad Bar,Fall 2024,Control
23-Oct,Soup 12 oz,36,Soup,Fall 2024,Control
23-Oct,8 oz Soup,35,Soup,Fall 2024,Control
23-Oct,Side Potato Tots,17,Grab N Go,Fall 2024,Control
24-Oct,Quesadilla Deluxe Trillium,165,Grill,Fall 2024,Control
24-Oct,Grilled Hamburger,107,Grill,Fall 2024,Control
24-Oct,Fried Chicken Tenders,107,Grill,Fall 2024,Control
24-Oct,Burrito Una Mano Trillium BYO,66,Grill,Fall 2024,Control
24-Oct,French Fries,132,Grill,Fall 2024,Control
24-Oct,Grilled Chicken Breast Sandwich,14,Grill,Fall 2024,Control
24-Oct,Trillium Grill Impossible Burger,9,Grill,Fall 2024,Control
24-Oct,Sweet Potato Fries,31,Grill,Fall 2024,Control
24-Oct,Seared Salmon Burger,10,Grill,Fall 2024,Control
24-Oct,Quesadilla Cheese,9,Grill,Fall 2024,Control
24-Oct,Black Bean Burger,5,Grill,Fall 2024,Control
24-Oct,ADD Beef Patty $2.99,12,Grill,Fall 2024,Control
24-Oct,ADD Chicken Breast,5,Grill,Fall 2024,Control
24-Oct,Add Sausage 2 Patty,3,Grill,Fall 2024,Control
24-Oct,Add Egg $.99,4,Grill,Fall 2024,Control
24-Oct,ADD Cheese,4,Grill,Fall 2024,Control
24-Oct,1 Entree + 1 Side,195,Asian,Fall 2024,Control
24-Oct,1 Entree + 2 Side,93,Asian,Fall 2024,Control
24-Oct,Bowl Ramen Chicken,92,Asian,Fall 2024,Control
24-Oct,2 Entrees + 2 Sides,39,Asian,Fall 2024,Control
24-Oct,Bowl Ramen Tofu,15,Asian,Fall 2024,Control
24-Oct,Side Vegetarian Lo Mein,7,Asian,Fall 2024,Control
24-Oct,1 Wok Entree,2,Asian,Fall 2024,Control
24-Oct,Side Vegetarian Fried Rice with,3,Asian,Fall 2024,Control
24-Oct,Side White or Brown Rice,5,Asian,Fall 2024,Control
24-Oct,Create Your Pasta Bowl MEAT,131,Italian,Fall 2024,Control
24-Oct,Create Your Pasta Bowl VEG,32,Italian,Fall 2024,Control
24-Oct,Pizza with Toppings,39,Italian,Fall 2024,Control
24-Oct,Pizza Cheese,32,Italian,Fall 2024,Control
24-Oct,Add Extra Meat,16,Italian,Fall 2024,Control
24-Oct,Side Bread Pasta Station,1,Italian,Fall 2024,Control
24-Oct,Burrito Breakfast,86,Breakfast,Fall 2024,Control
24-Oct,Small French Omelet,64,Breakfast,Fall 2024,Control
24-Oct,Grand Slam Breakfast,27,Breakfast,Fall 2024,Control
24-Oct,Egg Cheese Sausage Breakfast San,37,Breakfast,Fall 2024,Control
24-Oct,Egg Cheese Bacon Breakfast Sandw,32,Breakfast,Fall 2024,Control
24-Oct,Add Bacon,32,Breakfast,Fall 2024,Control
24-Oct,Two Eggs,23,Breakfast,Fall 2024,Control
24-Oct,Trillium Home Fries,4,Breakfast,Fall 2024,Control
24-Oct,2 Slices Toast,3,Breakfast,Fall 2024,Control
24-Oct,Pancake Single,1,Breakfast,Fall 2024,Control
24-Oct,Toast,3,Breakfast,Fall 2024,Control
24-Oct,PC Jelly,3,Breakfast,Fall 2024,Control
24-Oct,PC Peanut Butter,2,Breakfast,Fall 2024,Control
24-Oct,Salad by the Pound,82,Salad Bar,Fall 2024,Control
24-Oct,Add Extra Protein $2.99,1,Salad Bar,Fall 2024,Control
24-Oct,Burrito Bowl BYO,78,Mexican,Fall 2024,Control
24-Oct,Side Guacamole,4,Mexican,Fall 2024,Control
24-Oct,Single Taco,1,Mexican,Fall 2024,Control
24-Oct,Add Extra Toppings Una Mano,5,Mexican,Fall 2024,Control
24-Oct,Side Salsa,1,Mexican,Fall 2024,Control
24-Oct,Soup 12 oz,48,Soup,Fall 2024,Control
24-Oct,8 oz Soup,41,Soup,Fall 2024,Control
24-Oct,Side Potato Tots,20,Grab N Go,Fall 2024,Control
25-Oct,Quesadilla Deluxe Trillium,110,Grill,Fall 2024,Control
25-Oct,Grilled Hamburger,71,Grill,Fall 2024,Control
25-Oct,Burrito Una Mano Trillium BYO,57,Grill,Fall 2024,Control
25-Oct,Fried Chicken Tenders,59,Grill,Fall 2024,Control
25-Oct,French Fries,82,Grill,Fall 2024,Control
25-Oct,Grilled Chicken Breast Sandwich,8,Grill,Fall 2024,Control
25-Oct,Seared Salmon Burger,8,Grill,Fall 2024,Control
25-Oct,Quesadilla Cheese,8,Grill,Fall 2024,Control
25-Oct,Trillium Grill Impossible Burger,6,Grill,Fall 2024,Control
25-Oct,Black Bean Burger,4,Grill,Fall 2024,Control
25-Oct,ADD Beef Patty $2.99,4,Grill,Fall 2024,Control
25-Oct,ADD Chicken Breast,2,Grill,Fall 2024,Control
25-Oct,ADD Cheese,4,Grill,Fall 2024,Control
25-Oct,Add Egg $.99,1,Grill,Fall 2024,Control
25-Oct,1 Entree + 1 Side,105,Asian,Fall 2024,Control
25-Oct,1 Entree + 2 Side,59,Asian,Fall 2024,Control
25-Oct,Bowl Ramen Chicken,44,Asian,Fall 2024,Control
25-Oct,2 Entrees + 2 Sides,19,Asian,Fall 2024,Control
25-Oct,Bowl Ramen Tofu,9,Asian,Fall 2024,Control
25-Oct,Side Vegetarian Lo Mein,8,Asian,Fall 2024,Control
25-Oct,1 Wok Entree,4,Asian,Fall 2024,Control
25-Oct,Side Vegetarian Fried Rice with,3,Asian,Fall 2024,Control
25-Oct,Side White or Brown Rice,3,Asian,Fall 2024,Control
25-Oct,Side Vegetable Spring Rolls,1,Asian,Fall 2024,Control
25-Oct,Burrito Breakfast,80,Breakfast,Fall 2024,Control
25-Oct,Small French Omelet,51,Breakfast,Fall 2024,Control
25-Oct,Egg Cheese Sausage Breakfast San,33,Breakfast,Fall 2024,Control
25-Oct,Egg Cheese Bacon Breakfast Sandw,30,Breakfast,Fall 2024,Control
25-Oct,Grand Slam Breakfast,16,Breakfast,Fall 2024,Control
25-Oct,Add Bacon,18,Breakfast,Fall 2024,Control
25-Oct,Two Eggs,8,Breakfast,Fall 2024,Control
25-Oct,Trillium Home Fries,3,Breakfast,Fall 2024,Control
25-Oct,Pancake Single,2,Breakfast,Fall 2024,Control
25-Oct,2 Slices Toast,1,Breakfast,Fall 2024,Control
25-Oct,Create Your Pasta Bowl MEAT,80,Italian,Fall 2024,Control
25-Oct,Pizza with Toppings,24,Italian,Fall 2024,Control
25-Oct,Create Your Pasta Bowl VEG,14,Italian,Fall 2024,Control
25-Oct,Pizza Cheese,11,Italian,Fall 2024,Control
25-Oct,Add Extra Meat,12,Italian,Fall 2024,Control
25-Oct,Burrito Bowl BYO,50,Mexican,Fall 2024,Control
25-Oct,Single Taco,4,Mexican,Fall 2024,Control
25-Oct,Side Guacamole,1,Mexican,Fall 2024,Control
25-Oct,Add Extra Toppings Una Mano,1,Mexican,Fall 2024,Control
25-Oct,Salad by the Pound,39,Salad Bar,Fall 2024,Control
25-Oct,8 oz Soup,38,Soup,Fall 2024,Control
25-Oct,Soup 12 oz,25,Soup,Fall 2024,Control
25-Oct,Side Potato Tots,27,Grab N Go,Fall 2024,Control
28-Oct,Quesadilla Deluxe Trillium,156,Grill,Fall 2024,Carbon Label
28-Oct,Grilled Hamburger,96,Grill,Fall 2024,Carbon Label
28-Oct,Fried Chicken Tenders,97,Grill,Fall 2024,Carbon Label
28-Oct,Burrito Una Mano Trillium BYO,71,Grill,Fall 2024,Carbon Label
28-Oct,French Fries,122,Grill,Fall 2024,Carbon Label
28-Oct,Grilled Chicken Breast Sandwich,15,Grill,Fall 2024,Carbon Label
28-Oct,Quesadilla Cheese,11,Grill,Fall 2024,Carbon Label
28-Oct,Sweet Potato Fries,28,Grill,Fall 2024,Carbon Label
28-Oct,Seared Salmon Burger,8,Grill,Fall 2024,Carbon Label
28-Oct,Trillium Grill Impossible Burger,4,Grill,Fall 2024,Carbon Label
28-Oct,ADD Beef Patty $2.99,13,Grill,Fall 2024,Carbon Label
28-Oct,Black Bean Burger,4,Grill,Fall 2024,Carbon Label
28-Oct,ADD Chicken Breast,4,Grill,Fall 2024,Carbon Label
28-Oct,Add Sausage 2 Patty,6,Grill,Fall 2024,Carbon Label
28-Oct,Add Egg $.99,5,Grill,Fall 2024,Carbon Label
28-Oct,ADD Cheese,8,Grill,Fall 2024,Carbon Label
28-Oct,1 Entree + 1 Side,190,Asian,Fall 2024,Carbon Label
28-Oct,1 Entree + 2 Side,86,Asian,Fall 2024,Carbon Label
28-Oct,Bowl Ramen Chicken,65,Asian,Fall 2024,Carbon Label
28-Oct,2 Entrees + 2 Sides,23,Asian,Fall 2024,Carbon Label
28-Oct,Bowl Ramen Tofu,11,Asian,Fall 2024,Carbon Label
28-Oct,1 Wok Entree,10,Asian,Fall 2024,Carbon Label
28-Oct,Side Vegetarian Lo Mein,11,Asian,Fall 2024,Carbon Label
28-Oct,Side Vegetables,2,Asian,Fall 2024,Carbon Label
28-Oct,Side White or Brown Rice,3,Asian,Fall 2024,Carbon Label
28-Oct,Side Vegetarian Fried Rice with,1,Asian,Fall 2024,Carbon Label
28-Oct,Create Your Pasta Bowl MEAT,127,Italian,Fall 2024,Carbon Label
28-Oct,Create Your Pasta Bowl VEG,38,Italian,Fall 2024,Carbon Label
28-Oct,Pizza with Toppings,34,Italian,Fall 2024,Carbon Label
28-Oct,Pizza Cheese,22,Italian,Fall 2024,Carbon Label
28-Oct,Add Extra Meat,27,Italian,Fall 2024,Carbon Label
28-Oct,Burrito Breakfast,89,Breakfast,Fall 2024,Carbon Label
28-Oct,Small French Omelet,57,Breakfast,Fall 2024,Carbon Label
28-Oct,Egg Cheese Sausage Breakfast San,35,Breakfast,Fall 2024,Carbon Label
28-Oct,Grand Slam Breakfast,17,Breakfast,Fall 2024,Carbon Label
28-Oct,Egg Cheese Bacon Breakfast Sandw,28,Breakfast,Fall 2024,Carbon Label
28-Oct,Add Bacon,36,Breakfast,Fall 2024,Carbon Label
28-Oct,Two Eggs,17,Breakfast,Fall 2024,Carbon Label
28-Oct,Trillium Home Fries,6,Breakfast,Fall 2024,Carbon Label
28-Oct,2 Slices Toast,3,Breakfast,Fall 2024,Carbon Label
28-Oct,Pancake Single,1,Breakfast,Fall 2024,Carbon Label
28-Oct,Toast,1,Breakfast,Fall 2024,Carbon Label
28-Oct,PC Jelly,1,Breakfast,Fall 2024,Carbon Label
28-Oct,Burrito Bowl BYO,107,Mexican,Fall 2024,Carbon Label
28-Oct,Single Taco,2,Mexican,Fall 2024,Carbon Label
28-Oct,Side Guacamole,1,Mexican,Fall 2024,Carbon Label
28-Oct,Add Extra Toppings Una Mano,1,Mexican,Fall 2024,Carbon Label
28-Oct,Salad by the Pound,63,Salad Bar,Fall 2024,Carbon Label
28-Oct,8 oz Soup,46,Soup,Fall 2024,Carbon Label
28-Oct,Soup 12 oz,40,Soup,Fall 2024,Carbon Label
28-Oct,Side Potato Tots,13,Grab N Go,Fall 2024,Carbon Label
29-Oct,Quesadilla Deluxe Trillium,166,Grill,Fall 2024,Carbon Label
29-Oct,Grilled Hamburger,102,Grill,Fall 2024,Carbon Label
29-Oct,Fried Chicken Tenders,89,Grill,Fall 2024,Carbon Label
29-Oct,Burrito Una Mano Trillium BYO,63,Grill,Fall 2024,Carbon Label
29-Oct,French Fries,135,Grill,Fall 2024,Carbon Label
29-Oct,Grilled Chicken Breast Sandwich,22,Grill,Fall 2024,Carbon Label
29-Oct,Quesadilla Cheese,19,Grill,Fall 2024,Carbon Label
29-Oct,Trillium Grill Impossible Burger,9,Grill,Fall 2024,Carbon Label
29-Oct,Sweet Potato Fries,27,Grill,Fall 2024,Carbon Label
29-Oct,Black Bean Burger,6,Grill,Fall 2024,Carbon Label
29-Oct,Seared Salmon Burger,6,Grill,Fall 2024,Carbon Label
29-Oct,ADD Beef Patty $2.99,16,Grill,Fall 2024,Carbon Label
29-Oct,ADD Chicken Breast,3,Grill,Fall 2024,Carbon Label
29-Oct,Add Sausage 2 Patty,3,Grill,Fall 2024,Carbon Label
29-Oct,Add Egg $.99,6,Grill,Fall 2024,Carbon Label
29-Oct,ADD Cheese,9,Grill,Fall 2024,Carbon Label
29-Oct,1 Entree + 1 Side,206,Asian,Fall 2024,Carbon Label
29-Oct,1 Entree + 2 Side,94,Asian,Fall 2024,Carbon Label
29-Oct,Bowl Ramen Chicken,67,Asian,Fall 2024,Carbon Label
29-Oct,2 Entrees + 2 Sides,23,Asian,Fall 2024,Carbon Label
29-Oct,Bowl Ramen Tofu,13,Asian,Fall 2024,Carbon Label
29-Oct,Side Vegetarian Lo Mein,12,Asian,Fall 2024,Carbon Label
29-Oct,1 Wok Entree,6,Asian,Fall 2024,Carbon Label
29-Oct,Side White or Brown Rice,5,Asian,Fall 2024,Carbon Label
29-Oct,Side Vegetarian Fried Rice with,1,Asian,Fall 2024,Carbon Label
29-Oct,Burrito Breakfast,90,Breakfast,Fall 2024,Carbon Label
29-Oct,Small French Omelet,60,Breakfast,Fall 2024,Carbon Label
29-Oct,Egg Cheese Sausage Breakfast San,34,Breakfast,Fall 2024,Carbon Label
29-Oct,Egg Cheese Bacon Breakfast Sandw,32,Breakfast,Fall 2024,Carbon Label
29-Oct,Grand Slam Breakfast,17,Breakfast,Fall 2024,Carbon Label
29-Oct,Add Bacon,29,Breakfast,Fall 2024,Carbon Label
29-Oct,Two Eggs,14,Breakfast,Fall 2024,Carbon Label
29-Oct,Pancake Single,8,Breakfast,Fall 2024,Carbon Label
29-Oct,Trillium Home Fries,1,Breakfast,Fall 2024,Carbon Label
29-Oct,2 Slices Toast,1,Breakfast,Fall 2024,Carbon Label
29-Oct,Toast,1,Breakfast,Fall 2024,Carbon Label
29-Oct,Create Your Pasta Bowl MEAT,108,Italian,Fall 2024,Carbon Label
29-Oct,Pizza with Toppings,39,Italian,Fall 2024,Carbon Label
29-Oct,Create Your Pasta Bowl VEG,25,Italian,Fall 2024,Carbon Label
29-Oct,Pizza Cheese,22,Italian,Fall 2024,Carbon Label
29-Oct,Add Extra Meat,20,Italian,Fall 2024,Carbon Label
29-Oct,Burrito Bowl BYO,102,Mexican,Fall 2024,Carbon Label
29-Oct,Single Taco,5,Mexican,Fall 2024,Carbon Label
29-Oct,Side Salsa,1,Mexican,Fall 2024,Carbon Label
29-Oct,Add Extra Toppings Una Mano,1,Mexican,Fall 2024,Carbon Label
29-Oct,Salad by the Pound,67,Salad Bar,Fall 2024,Carbon Label
29-Oct,Add Extra Protein $2.99,5,Salad Bar,Fall 2024,Carbon Label
29-Oct,Soup 12 oz,58,Soup,Fall 2024,Carbon Label
29-Oct,8 oz Soup,48,Soup,Fall 2024,Carbon Label
29-Oct,Side Potato Tots,18,Grab N Go,Fall 2024,Carbon Label
30-Oct,Quesadilla Deluxe Trillium,167,Grill,Fall 2024,Carbon Label
30-Oct,Grilled Hamburger,95,Grill,Fall 2024,Carbon Label
30-Oct,Fried Chicken Tenders,95,Grill,Fall 2024,Carbon Label
30-Oct,Burrito Una Mano Trillium BYO,64,Grill,Fall 2024,Carbon Label
30-Oct,French Fries,110,Grill,Fall 2024,Carbon Label
30-Oct,Grilled Chicken Breast Sandwich,19,Grill,Fall 2024,Carbon Label
30-Oct,Trillium Grill Impossible Burger,6,Grill,Fall 2024,Carbon Label
30-Oct,Seared Salmon Burger,7,Grill,Fall 2024,Carbon Label
30-Oct,Quesadilla Cheese,7,Grill,Fall 2024,Carbon Label
30-Oct,Black Bean Burger,5,Grill,Fall 2024,Carbon Label
30-Oct,Sweet Potato Fries,12,Grill,Fall 2024,Carbon Label
30-Oct,ADD Beef Patty $2.99,4,Grill,Fall 2024,Carbon Label
30-Oct,Add Sausage 2 Patty,3,Grill,Fall 2024,Carbon Label
30-Oct,Add Egg $.99,5,Grill,Fall 2024,Carbon Label
30-Oct,ADD Cheese,7,Grill,Fall 2024,Carbon Label
30-Oct,ADD Chicken Breast,1,Grill,Fall 2024,Carbon Label
30-Oct,1 Entree + 1 Side,175,Asian,Fall 2024,Carbon Label
30-Oct,1 Entree + 2 Side,83,Asian,Fall 2024,Carbon Label
30-Oct,Bowl Ramen Chicken,70,Asian,Fall 2024,Carbon Label
30-Oct,2 Entrees + 2 Sides,23,Asian,Fall 2024,Carbon Label
30-Oct,Bowl Ramen Tofu,12,Asian,Fall 2024,Carbon Label
30-Oct,Side Vegetarian Lo Mein,11,Asian,Fall 2024,Carbon Label
30-Oct,1 Wok Entree,3,Asian,Fall 2024,Carbon Label
30-Oct,Side White or Brown Rice,5,Asian,Fall 2024,Carbon Label
30-Oct,Side Vegetables,1,Asian,Fall 2024,Carbon Label
30-Oct,Create Your Pasta Bowl MEAT,136,Italian,Fall 2024,Carbon Label
30-Oct,Create Your Pasta Bowl VEG,23,Italian,Fall 2024,Carbon Label
30-Oct,Pizza with Toppings,31,Italian,Fall 2024,Carbon Label
30-Oct,Pizza Cheese,17,Italian,Fall 2024,Carbon Label
30-Oct,Add Extra Meat,28,Italian,Fall 2024,Carbon Label
30-Oct,Side Bread Pasta Station,1,Italian,Fall 2024,Carbon Label
30-Oct,Burrito Breakfast,80,Breakfast,Fall 2024,Carbon Label
30-Oct,Small French Omelet,57,Breakfast,Fall 2024,Carbon Label
30-Oct,Grand Slam Breakfast,21,Breakfast,Fall 2024,Carbon Label
30-Oct,Egg Cheese Bacon Breakfast Sandw,37,Breakfast,Fall 2024,Carbon Label
30-Oct,Egg Cheese Sausage Breakfast San,31,Breakfast,Fall 2024,Carbon Label
30-Oct,Add Bacon,32,Breakfast,Fall 2024,Carbon Label
30-Oct,Two Eggs,10,Breakfast,Fall 2024,Carbon Label
30-Oct,Trillium Home Fries,3,Breakfast,Fall 2024,Carbon Label
30-Oct,Pancake Single,2,Breakfast,Fall 2024,Carbon Label
30-Oct,PC Peanut Butter,2,Breakfast,Fall 2024,Carbon Label
30-Oct,Toast,1,Breakfast,Fall 2024,Carbon Label
30-Oct,Burrito Bowl BYO,96,Mexican,Fall 2024,Carbon Label
30-Oct,Single Taco,9,Mexican,Fall 2024,Carbon Label
30-Oct,Side Guacamole,3,Mexican,Fall 2024,Carbon Label
30-Oct,Side Salsa,1,Mexican,Fall 2024,Carbon Label
30-Oct,Salad by the Pound,76,Salad Bar,Fall 2024,Carbon Label
30-Oct,Add Extra Protein $2.99,1,Salad Bar,Fall 2024,Carbon Label
30-Oct,8 oz Soup,63,Soup,Fall 2024,Carbon Label
30-Oct,Soup 12 oz,32,Soup,Fall 2024,Carbon Label
30-Oct,Side Potato Tots,20,Grab N Go,Fall 2024,Carbon Label
31-Oct,Quesadilla Deluxe Trillium,164,Grill,Fall 2024,Carbon Label
31-Oct,Grilled Hamburger,107,Grill,Fall 2024,Carbon Label
31-Oct,Fried Chicken Tenders,100,Grill,Fall 2024,Carbon Label
31-Oct,Burrito Una Mano Trillium BYO,70,Grill,Fall 2024,Carbon Label
31-Oct,French Fries,135,Grill,Fall 2024,Carbon Label
31-Oct,Grilled Chicken Breast Sandwich,21,Grill,Fall 2024,Carbon Label
31-Oct,Trillium Grill Impossible Burger,13,Grill,Fall 2024,Carbon Label
31-Oct,Quesadilla Cheese,14,Grill,Fall 2024,Carbon Label
31-Oct,Sweet Potato Fries,27,Grill,Fall 2024,Carbon Label
31-Oct,Seared Salmon Burger,7,Grill,Fall 2024,Carbon Label
31-Oct,ADD Beef Patty $2.99,14,Grill,Fall 2024,Carbon Label
31-Oct,ADD Chicken Breast,3,Grill,Fall 2024,Carbon Label
31-Oct,Black Bean Burger,1,Grill,Fall 2024,Carbon Label
31-Oct,ADD Cheese,12,Grill,Fall 2024,Carbon Label
31-Oct,Add Sausage 2 Patty,3,Grill,Fall 2024,Carbon Label
31-Oct,Add Egg $.99,2,Grill,Fall 2024,Carbon Label
31-Oct,1 Entree + 1 Side,226,Asian,Fall 2024,Carbon Label
31-Oct,1 Entree + 2 Side,77,Asian,Fall 2024,Carbon Label
31-Oct,Bowl Ramen Chicken,79,Asian,Fall 2024,Carbon Label
31-Oct,2 Entrees + 2 Sides,29,Asian,Fall 2024,Carbon Label
31-Oct,Bowl Ramen Tofu,10,Asian,Fall 2024,Carbon Label
31-Oct,Side Vegetarian Lo Mein,10,Asian,Fall 2024,Carbon Label
31-Oct,1 Wok Entree,6,Asian,Fall 2024,Carbon Label
31-Oct,Side Vegetarian Fried Rice with,4,Asian,Fall 2024,Carbon Label
31-Oct,Side White or Brown Rice,6,Asian,Fall 2024,Carbon Label
31-Oct,Side Vegetable Spring Rolls,2,Asian,Fall 2024,Carbon Label
31-Oct,Side Vegetables,1,Asian,Fall 2024,Carbon Label
31-Oct,Burrito Breakfast,92,Breakfast,Fall 2024,Carbon Label
31-Oct,Small French Omelet,55,Breakfast,Fall 2024,Carbon Label
31-Oct,Egg Cheese Sausage Breakfast San,34,Breakfast,Fall 2024,Carbon Label
31-Oct,Egg Cheese Bacon Breakfast Sandw,30,Breakfast,Fall 2024,Carbon Label
31-Oct,Grand Slam Breakfast,16,Breakfast,Fall 2024,Carbon Label
31-Oct,Add Bacon,23,Breakfast,Fall 2024,Carbon Label
31-Oct,Two Eggs,19,Breakfast,Fall 2024,Carbon Label
31-Oct,Trillium Home Fries,3,Breakfast,Fall 2024,Carbon Label
31-Oct,Pancake Single,1,Breakfast,Fall 2024,Carbon Label
31-Oct,Toast,2,Breakfast,Fall 2024,Carbon Label
31-Oct,2 Slices Toast,1,Breakfast,Fall 2024,Carbon Label
31-Oct,Create Your Pasta Bowl MEAT,120,Italian,Fall 2024,Carbon Label
31-Oct,Create Your Pasta Bowl VEG,27,Italian,Fall 2024,Carbon Label
31-Oct,Pizza with Toppings,23,Italian,Fall 2024,Carbon Label
31-Oct,Pizza Cheese,25,Italian,Fall 2024,Carbon Label
31-Oct,Add Extra Meat,16,Italian,Fall 2024,Carbon Label
31-Oct,Side Bread Pasta Station,2,Italian,Fall 2024,Carbon Label
31-Oct,Burrito Bowl BYO,93,Mexican,Fall 2024,Carbon Label
31-Oct,Single Taco,2,Mexican,Fall 2024,Carbon Label
31-Oct,Side Guacamole,2,Mexican,Fall 2024,Carbon Label
31-Oct,Side Salsa,1,Mexican,Fall 2024,Carbon Label
31-Oct,Salad by the Pound,62,Salad Bar,Fall 2024,Carbon Label
31-Oct,Add Extra Protein $2.99,2,Salad Bar,Fall 2024,Carbon Label
31-Oct,8 oz Soup,27,Soup,Fall 2024,Carbon Label
31-Oct,Soup 12 oz,21,Soup,Fall 2024,Carbon Label
31-Oct,Side Potato Tots,22,Grab N Go,Fall 2024,Carbon Label
1-Nov,Quesadilla Deluxe Trillium,118,Grill,Fall 2024,Carbon Label
1-Nov,Grilled Hamburger,66,Grill,Fall 2024,Carbon Label
1-Nov,Fried Chicken Tenders,71,Grill,Fall 2024,Carbon Label
1-Nov,Burrito Una Mano Trillium BYO,48,Grill,Fall 2024,Carbon Label
1-Nov,French Fries,95,Grill,Fall 2024,Carbon Label
1-Nov,Quesadilla Cheese,15,Grill,Fall 2024,Carbon Label
1-Nov,Grilled Chicken Breast Sandwich,12,Grill,Fall 2024,Carbon Label
1-Nov,Trillium Grill Impossible Burger,9,Grill,Fall 2024,Carbon Label
1-Nov,Seared Salmon Burger,4,Grill,Fall 2024,Carbon Label
1-Nov,Black Bean Burger,3,Grill,Fall 2024,Carbon Label
1-Nov,ADD Beef Patty $2.99,8,Grill,Fall 2024,Carbon Label
1-Nov,Sweet Potato Fries,4,Grill,Fall 2024,Carbon Label
1-Nov,ADD Chicken Breast,1,Grill,Fall 2024,Carbon Label
1-Nov,Add Sausage 2 Patty,1,Grill,Fall 2024,Carbon Label
1-Nov,Add Egg $.99,1,Grill,Fall 2024,Carbon Label
1-Nov,1 Entree + 1 Side,117,Asian,Fall 2024,Carbon Label
1-Nov,1 Entree + 2 Side,51,Asian,Fall 2024,Carbon Label
1-Nov,Bowl Ramen Chicken,34,Asian,Fall 2024,Carbon Label
1-Nov,2 Entrees + 2 Sides,12,Asian,Fall 2024,Carbon Label
1-Nov,Bowl Ramen Tofu,13,Asian,Fall 2024,Carbon Label
1-Nov,Side Vegetarian Lo Mein,8,Asian,Fall 2024,Carbon Label
1-Nov,1 Wok Entree,4,Asian,Fall 2024,Carbon Label
1-Nov,Side Vegetables,3,Asian,Fall 2024,Carbon Label
1-Nov,Side White or Brown Rice,5,Asian,Fall 2024,Carbon Label
1-Nov,Side Vegetable Spring Rolls,2,Asian,Fall 2024,Carbon Label
1-Nov,Side Vegetarian Fried Rice with,1,Asian,Fall 2024,Carbon Label
1-Nov,Burrito Breakfast,57,Breakfast,Fall 2024,Carbon Label
1-Nov,Grand Slam Breakfast,28,Breakfast,Fall 2024,Carbon Label
1-Nov,Small French Omelet,25,Breakfast,Fall 2024,Carbon Label
1-Nov,Egg Cheese Bacon Breakfast Sandw,24,Breakfast,Fall 2024,Carbon Label
1-Nov,Egg Cheese Sausage Breakfast San,21,Breakfast,Fall 2024,Carbon Label
1-Nov,Add Bacon,18,Breakfast,Fall 2024,Carbon Label
1-Nov,Two Eggs,10,Breakfast,Fall 2024,Carbon Label
1-Nov,Trillium Home Fries,4,Breakfast,Fall 2024,Carbon Label
1-Nov,Pancake Single,4,Breakfast,Fall 2024,Carbon Label
1-Nov,Create Your Pasta Bowl MEAT,87,Italian,Fall 2024,Carbon Label
1-Nov,Pizza with Toppings,17,Italian,Fall 2024,Carbon Label
1-Nov,Create Your Pasta Bowl VEG,8,Italian,Fall 2024,Carbon Label
1-Nov,Pizza Cheese,13,Italian,Fall 2024,Carbon Label
1-Nov,Add Extra Meat,7,Italian,Fall 2024,Carbon Label
1-Nov,Burrito Bowl BYO,59,Mexican,Fall 2024,Carbon Label
1-Nov,Single Taco,6,Mexican,Fall 2024,Carbon Label
1-Nov,Side Guacamole,2,Mexican,Fall 2024,Carbon Label
1-Nov,Salad by the Pound,45,Salad Bar,Fall 2024,Carbon Label
1-Nov,Add Extra Protein $2.99,2,Salad Bar,Fall 2024,Carbon Label
1-Nov,8 oz Soup,40,Soup,Fall 2024,Carbon Label
1-Nov,Soup 12 oz,21,Soup,Fall 2024,Carbon Label
1-Nov,Side Potato Tots,12,Grab N Go,Fall 2024,Carbon Label
4-Nov,Quesadilla Deluxe Trillium,170,Grill,Fall 2024,Carbon Label
4-Nov,Grilled Hamburger,80,Grill,Fall 2024,Carbon Label
4-Nov,Fried Chicken Tenders,95,Grill,Fall 2024,Carbon Label
4-Nov,Burrito Una Mano Trillium BYO,71,Grill,Fall 2024,Carbon Label
4-Nov,French Fries,176,Grill,Fall 2024,Carbon Label
4-Nov,Quesadilla Cheese,15,Grill,Fall 2024,Carbon Label
4-Nov,Grilled Chicken Breast Sandwich,12,Grill,Fall 2024,Carbon Label
4-Nov,Seared Salmon Burger,11,Grill,Fall 2024,Carbon Label
4-Nov,Trillium Grill Impossible Burger,7,Grill,Fall 2024,Carbon Label
4-Nov,ADD Beef Patty $2.99,13,Grill,Fall 2024,Carbon Label
4-Nov,Black Bean Burger,4,Grill,Fall 2024,Carbon Label
4-Nov,ADD Chicken Breast,3,Grill,Fall 2024,Carbon Label
4-Nov,ADD Cheese,5,Grill,Fall 2024,Carbon Label
4-Nov,Add Sausage 2 Patty,1,Grill,Fall 2024,Carbon Label
4-Nov,Add Egg $.99,1,Grill,Fall 2024,Carbon Label
4-Nov,1 Entree + 1 Side,171,Asian,Fall 2024,Carbon Label
4-Nov,1 Entree + 2 Side,84,Asian,Fall 2024,Carbon Label
4-Nov,Bowl Ramen Chicken,65,Asian,Fall 2024,Carbon Label
4-Nov,2 Entrees + 2 Sides,26,Asian,Fall 2024,Carbon Label
4-Nov,Bowl Ramen Tofu,20,Asian,Fall 2024,Carbon Label
4-Nov,1 Wok Entree,7,Asian,Fall 2024,Carbon Label
4-Nov,Side Vegetarian Lo Mein,11,Asian,Fall 2024,Carbon Label
4-Nov,Side Vegetarian Fried Rice with,5,Asian,Fall 2024,Carbon Label
4-Nov,Side Vegetables,3,Asian,Fall 2024,Carbon Label
4-Nov,Side White or Brown Rice,1,Asian,Fall 2024,Carbon Label
4-Nov,Burrito Breakfast,97,Breakfast,Fall 2024,Carbon Label
4-Nov,Small French Omelet,51,Breakfast,Fall 2024,Carbon Label
4-Nov,Egg Cheese Sausage Breakfast San,45,Breakfast,Fall 2024,Carbon Label
4-Nov,Egg Cheese Bacon Breakfast Sandw,42,Breakfast,Fall 2024,Carbon Label
4-Nov,Grand Slam Breakfast,17,Breakfast,Fall 2024,Carbon Label
4-Nov,Add Bacon,28,Breakfast,Fall 2024,Carbon Label
4-Nov,Two Eggs,10,Breakfast,Fall 2024,Carbon Label
4-Nov,Trillium Home Fries,3,Breakfast,Fall 2024,Carbon Label
4-Nov,Pancake Single,3,Breakfast,Fall 2024,Carbon Label
4-Nov,2 Slices Toast,2,Breakfast,Fall 2024,Carbon Label
4-Nov,Toast,1,Breakfast,Fall 2024,Carbon Label
4-Nov,Create Your Pasta Bowl MEAT,118,Italian,Fall 2024,Carbon Label
4-Nov,Create Your Pasta Bowl VEG,34,Italian,Fall 2024,Carbon Label
4-Nov,Pizza with Toppings,27,Italian,Fall 2024,Carbon Label
4-Nov,Pizza Cheese,17,Italian,Fall 2024,Carbon Label
4-Nov,Add Extra Meat,27,Italian,Fall 2024,Carbon Label
4-Nov,Side Bread Pasta Station,1,Italian,Fall 2024,Carbon Label
4-Nov,Burrito Bowl BYO,91,Mexican,Fall 2024,Carbon Label
4-Nov,Single Taco,11,Mexican,Fall 2024,Carbon Label
4-Nov,Side Guacamole,2,Mexican,Fall 2024,Carbon Label
4-Nov,Add Extra Toppings Una Mano,4,Mexican,Fall 2024,Carbon Label
4-Nov,Salad by the Pound,46,Salad Bar,Fall 2024,Carbon Label
4-Nov,Soup 12 oz,44,Soup,Fall 2024,Carbon Label
4-Nov,8 oz Soup,32,Soup,Fall 2024,Carbon Label
4-Nov,Side Potato Tots,9,Grab N Go,Fall 2024,Carbon Label
5-Nov,Quesadilla Deluxe Trillium,165,Grill,Fall 2024,Carbon Label
5-Nov,Grilled Hamburger,107,Grill,Fall 2024,Carbon Label
5-Nov,Fried Chicken Tenders,105,Grill,Fall 2024,Carbon Label
5-Nov,Burrito Una Mano Trillium BYO,63,Grill,Fall 2024,Carbon Label
5-Nov,French Fries,136,Grill,Fall 2024,Carbon Label
5-Nov,Trillium Grill Impossible Burger,14,Grill,Fall 2024,Carbon Label
5-Nov,Grilled Chicken Breast Sandwich,11,Grill,Fall 2024,Carbon Label
5-Nov,Quesadilla Cheese,8,Grill,Fall 2024,Carbon Label
5-Nov,Seared Salmon Burger,4,Grill,Fall 2024,Carbon Label
5-Nov,Sweet Potato Fries,11,Grill,Fall 2024,Carbon Label
5-Nov,ADD Beef Patty $2.99,9,Grill,Fall 2024,Carbon Label
5-Nov,Black Bean Burger,2,Grill,Fall 2024,Carbon Label
5-Nov,ADD Chicken Breast,4,Grill,Fall 2024,Carbon Label
5-Nov,Add Sausage 2 Patty,3,Grill,Fall 2024,Carbon Label
5-Nov,ADD Cheese,2,Grill,Fall 2024,Carbon Label
5-Nov,Add Egg $.99,1,Grill,Fall 2024,Carbon Label
5-Nov,1 Entree + 1 Side,212,Asian,Fall 2024,Carbon Label
5-Nov,1 Entree + 2 Side,79,Asian,Fall 2024,Carbon Label
5-Nov,Bowl Ramen Chicken,73,Asian,Fall 2024,Carbon Label
5-Nov,2 Entrees + 2 Sides,27,Asian,Fall 2024,Carbon Label
5-Nov,Bowl Ramen Tofu,11,Asian,Fall 2024,Carbon Label
5-Nov,Side Vegetarian Lo Mein,10,Asian,Fall 2024,Carbon Label
5-Nov,1 Wok Entree,5,Asian,Fall 2024,Carbon Label
5-Nov,Side Vegetables,1,Asian,Fall 2024,Carbon Label
5-Nov,Burrito Breakfast,83,Breakfast,Fall 2024,Carbon Label
5-Nov,Small French Omelet,52,Breakfast,Fall 2024,Carbon Label
5-Nov,Egg Cheese Bacon Breakfast Sandw,37,Breakfast,Fall 2024,Carbon Label
5-Nov,Egg Cheese Sausage Breakfast San,33,Breakfast,Fall 2024,Carbon Label
5-Nov,Grand Slam Breakfast,15,Breakfast,Fall 2024,Carbon Label
5-Nov,Add Bacon,29,Breakfast,Fall 2024,Carbon Label
5-Nov,Two Eggs,18,Breakfast,Fall 2024,Carbon Label
5-Nov,Pancake Single,5,Breakfast,Fall 2024,Carbon Label
5-Nov,2 Slices Toast,3,Breakfast,Fall 2024,Carbon Label
5-Nov,Toast,1,Breakfast,Fall 2024,Carbon Label
5-Nov,Create Your Pasta Bowl MEAT,103,Italian,Fall 2024,Carbon Label
5-Nov,Pizza with Toppings,38,Italian,Fall 2024,Carbon Label
5-Nov,Create Your Pasta Bowl VEG,20,Italian,Fall 2024,Carbon Label
5-Nov,Pizza Cheese,20,Italian,Fall 2024,Carbon Label
5-Nov,Add Extra Meat,6,Italian,Fall 2024,Carbon Label
5-Nov,Side Bread Pasta Station,1,Italian,Fall 2024,Carbon Label
5-Nov,Burrito Bowl BYO,109,Mexican,Fall 2024,Carbon Label
5-Nov,Single Taco,4,Mexican,Fall 2024,Carbon Label
5-Nov,Add Extra Toppings Una Mano,6,Mexican,Fall 2024,Carbon Label
5-Nov,Side Guacamole,1,Mexican,Fall 2024,Carbon Label
5-Nov,Side Salsa,1,Mexican,Fall 2024,Carbon Label
5-Nov,Salad by the Pound,55,Salad Bar,Fall 2024,Carbon Label
5-Nov,Add Extra Protein $2.99,2,Salad Bar,Fall 2024,Carbon Label
5-Nov,Soup 12 oz,37,Soup,Fall 2024,Carbon Label
5-Nov,8 oz Soup,30,Soup,Fall 2024,Carbon Label
5-Nov,Side Potato Tots,22,Grab N Go,Fall 2024,Carbon Label
6-Nov,Quesadilla Deluxe Trillium,130,Grill,Fall 2024,Carbon Label
6-Nov,Grilled Hamburger,104,Grill,Fall 2024,Carbon Label
6-Nov,Fried Chicken Tenders,94,Grill,Fall 2024,Carbon Label
6-Nov,Burrito Una Mano Trillium BYO,59,Grill,Fall 2024,Carbon Label
6-Nov,French Fries,148,Grill,Fall 2024,Carbon Label
6-Nov,Grilled Chicken Breast Sandwich,16,Grill,Fall 2024,Carbon Label
6-Nov,Sweet Potato Fries,37,Grill,Fall 2024,Carbon Label
6-Nov,Trillium Grill Impossible Burger,9,Grill,Fall 2024,Carbon Label
6-Nov,Quesadilla Cheese,11,Grill,Fall 2024,Carbon Label
6-Nov,Seared Salmon Burger,6,Grill,Fall 2024,Carbon Label
6-Nov,ADD Chicken Breast,8,Grill,Fall 2024,Carbon Label
6-Nov,ADD Beef Patty $2.99,7,Grill,Fall 2024,Carbon Label
6-Nov,Black Bean Burger,2,Grill,Fall 2024,Carbon Label
6-Nov,Add Sausage 2 Patty,6,Grill,Fall 2024,Carbon Label
6-Nov,ADD Cheese,7,Grill,Fall 2024,Carbon Label
6-Nov,Add Egg $.99,3,Grill,Fall 2024,Carbon Label
6-Nov,1 Entree + 1 Side,209,Asian,Fall 2024,Carbon Label
6-Nov,Bowl Ramen Chicken,90,Asian,Fall 2024,Carbon Label
6-Nov,1 Entree + 2 Side,54,Asian,Fall 2024,Carbon Label
6-Nov,2 Entrees + 2 Sides,27,Asian,Fall 2024,Carbon Label
6-Nov,Bowl Ramen Tofu,17,Asian,Fall 2024,Carbon Label
6-Nov,1 Wok Entree,14,Asian,Fall 2024,Carbon Label
6-Nov,Side Vegetarian Lo Mein,9,Asian,Fall 2024,Carbon Label
6-Nov,Side Vegetarian Fried Rice with,7,Asian,Fall 2024,Carbon Label
6-Nov,Side White or Brown Rice,13,Asian,Fall 2024,Carbon Label
6-Nov,Side Vegetables,2,Asian,Fall 2024,Carbon Label
6-Nov,Create Your Pasta Bowl MEAT,136,Italian,Fall 2024,Carbon Label
6-Nov,Create Your Pasta Bowl VEG,30,Italian,Fall 2024,Carbon Label
6-Nov,Pizza with Toppings,38,Italian,Fall 2024,Carbon Label
6-Nov,Pizza Cheese,20,Italian,Fall 2024,Carbon Label
6-Nov,Add Extra Meat,27,Italian,Fall 2024,Carbon Label
6-Nov,Burrito Breakfast,94,Breakfast,Fall 2024,Carbon Label
6-Nov,Small French Omelet,64,Breakfast,Fall 2024,Carbon Label
6-Nov,Grand Slam Breakfast,17,Breakfast,Fall 2024,Carbon Label
6-Nov,Egg Cheese Bacon Breakfast Sandw,24,Breakfast,Fall 2024,Carbon Label
6-Nov,Egg Cheese Sausage Breakfast San,23,Breakfast,Fall 2024,Carbon Label
6-Nov,Add Bacon,27,Breakfast,Fall 2024,Carbon Label
6-Nov,Two Eggs,19,Breakfast,Fall 2024,Carbon Label
6-Nov,Trillium Home Fries,7,Breakfast,Fall 2024,Carbon Label
6-Nov,Pancake Single,6,Breakfast,Fall 2024,Carbon Label
6-Nov,Toast,3,Breakfast,Fall 2024,Carbon Label
6-Nov,PC Peanut Butter,2,Breakfast,Fall 2024,Carbon Label
6-Nov,2 Slices Toast,1,Breakfast,Fall 2024,Carbon Label
6-Nov,Burrito Bowl BYO,109,Mexican,Fall 2024,Carbon Label
6-Nov,Single Taco,5,Mexican,Fall 2024,Carbon Label
6-Nov,Side Sour Cream,1,Mexican,Fall 2024,Carbon Label
6-Nov,Salad by the Pound,59,Salad Bar,Fall 2024,Carbon Label
6-Nov,Add Extra Protein $2.99,1,Salad Bar,Fall 2024,Carbon Label
6-Nov,8 oz Soup,54,Soup,Fall 2024,Carbon Label
6-Nov,Soup 12 oz,40,Soup,Fall 2024,Carbon Label
6-Nov,Side Potato Tots,19,Grab N Go,Fall 2024,Carbon Label
7-Nov,Quesadilla Deluxe Trillium,160,Grill,Fall 2024,Carbon Label
7-Nov,Grilled Hamburger,98,Grill,Fall 2024,Carbon Label
7-Nov,Fried Chicken Tenders,105,Grill,Fall 2024,Carbon Label
7-Nov,Burrito Una Mano Trillium BYO,64,Grill,Fall 2024,Carbon Label
7-Nov,French Fries,141,Grill,Fall 2024,Carbon Label
7-Nov,Grilled Chicken Breast Sandwich,19,Grill,Fall 2024,Carbon Label
7-Nov,Seared Salmon Burger,14,Grill,Fall 2024,Carbon Label
7-Nov,Sweet Potato Fries,33,Grill,Fall 2024,Carbon Label
7-Nov,Trillium Grill Impossible Burger,7,Grill,Fall 2024,Carbon Label
7-Nov,Quesadilla Cheese,9,Grill,Fall 2024,Carbon Label
7-Nov,ADD Beef Patty $2.99,12,Grill,Fall 2024,Carbon Label
7-Nov,Black Bean Burger,4,Grill,Fall 2024,Carbon Label
7-Nov,ADD Chicken Breast,9,Grill,Fall 2024,Carbon Label
7-Nov,Add Sausage 2 Patty,2,Grill,Fall 2024,Carbon Label
7-Nov,Add Egg $.99,3,Grill,Fall 2024,Carbon Label
7-Nov,ADD Cheese,3,Grill,Fall 2024,Carbon Label
7-Nov,1 Entree + 1 Side,193,Asian,Fall 2024,Carbon Label
7-Nov,1 Entree + 2 Side,94,Asian,Fall 2024,Carbon Label
7-Nov,Bowl Ramen Chicken,82,Asian,Fall 2024,Carbon Label
7-Nov,2 Entrees + 2 Sides,30,Asian,Fall 2024,Carbon Label
7-Nov,Bowl Ramen Tofu,14,Asian,Fall 2024,Carbon Label
7-Nov,Side Vegetarian Lo Mein,12,Asian,Fall 2024,Carbon Label
7-Nov,1 Wok Entree,5,Asian,Fall 2024,Carbon Label
7-Nov,Side White or Brown Rice,5,Asian,Fall 2024,Carbon Label
7-Nov,Bowl Ramen Pork,1,Asian,Fall 2024,Carbon Label
7-Nov,Side Vegetable Spring Rolls,2,Asian,Fall 2024,Carbon Label
7-Nov,Create Your Pasta Bowl MEAT,132,Italian,Fall 2024,Carbon Label
7-Nov,Create Your Pasta Bowl VEG,28,Italian,Fall 2024,Carbon Label
7-Nov,Pizza with Toppings,38,Italian,Fall 2024,Carbon Label
7-Nov,Pizza Cheese,21,Italian,Fall 2024,Carbon Label
7-Nov,Add Extra Meat,18,Italian,Fall 2024,Carbon Label
7-Nov,Side Bread Pasta Station,1,Italian,Fall 2024,Carbon Label
7-Nov,Burrito Breakfast,90,Breakfast,Fall 2024,Carbon Label
7-Nov,Small French Omelet,60,Breakfast,Fall 2024,Carbon Label
7-Nov,Grand Slam Breakfast,17,Breakfast,Fall 2024,Carbon Label
7-Nov,Egg Cheese Sausage Breakfast San,24,Breakfast,Fall 2024,Carbon Label
7-Nov,Egg Cheese Bacon Breakfast Sandw,22,Breakfast,Fall 2024,Carbon Label
7-Nov,Add Bacon,24,Breakfast,Fall 2024,Carbon Label
7-Nov,Two Eggs,19,Breakfast,Fall 2024,Carbon Label
7-Nov,Trillium Home Fries,3,Breakfast,Fall 2024,Carbon Label
7-Nov,Pancake Single,2,Breakfast,Fall 2024,Carbon Label
7-Nov,PC Peanut Butter,2,Breakfast,Fall 2024,Carbon Label
7-Nov,Toast,1,Breakfast,Fall 2024,Carbon Label
7-Nov,Burrito Bowl BYO,98,Mexican,Fall 2024,Carbon Label
7-Nov,Single Taco,6,Mexican,Fall 2024,Carbon Label
7-Nov,Side Guacamole,5,Mexican,Fall 2024,Carbon Label
7-Nov,Add Extra Toppings Una Mano,2,Mexican,Fall 2024,Carbon Label
7-Nov,Side Salsa,1,Mexican,Fall 2024,Carbon Label
7-Nov,Salad by the Pound,69,Salad Bar,Fall 2024,Carbon Label
7-Nov,8 oz Soup,41,Soup,Fall 2024,Carbon Label
7-Nov,Soup 12 oz,34,Soup,Fall 2024,Carbon Label
7-Nov,Side Potato Tots,25,Grab N Go,Fall 2024,Carbon Label
8-Nov,Quesadilla Deluxe Trillium,116,Grill,Fall 2024,Carbon Label
8-Nov,Grilled Hamburger,80,Grill,Fall 2024,Carbon Label
8-Nov,Burrito Una Mano Trillium BYO,45,Grill,Fall 2024,Carbon Label
8-Nov,Fried Chicken Tenders,55,Grill,Fall 2024,Carbon Label
8-Nov,French Fries,97,Grill,Fall 2024,Carbon Label
8-Nov,Grilled Chicken Breast Sandwich,12,Grill,Fall 2024,Carbon Label
8-Nov,Quesadilla Cheese,12,Grill,Fall 2024,Carbon Label
8-Nov,Sweet Potato Fries,32,Grill,Fall 2024,Carbon Label
8-Nov,Trillium Grill Impossible Burger,7,Grill,Fall 2024,Carbon Label
8-Nov,Seared Salmon Burger,7,Grill,Fall 2024,Carbon Label
8-Nov,ADD Beef Patty $2.99,5,Grill,Fall 2024,Carbon Label
8-Nov,Add Sausage 2 Patty,4,Grill,Fall 2024,Carbon Label
8-Nov,Black Bean Burger,1,Grill,Fall 2024,Carbon Label
8-Nov,ADD Chicken Breast,2,Grill,Fall 2024,Carbon Label
8-Nov,ADD Cheese,6,Grill,Fall 2024,Carbon Label
8-Nov,Add Egg $.99,2,Grill,Fall 2024,Carbon Label
8-Nov,1 Entree + 1 Side,126,Asian,Fall 2024,Carbon Label
8-Nov,Bowl Ramen Chicken,59,Asian,Fall 2024,Carbon Label
8-Nov,1 Entree + 2 Side,53,Asian,Fall 2024,Carbon Label
8-Nov,2 Entrees + 2 Sides,20,Asian,Fall 2024,Carbon Label
8-Nov,Bowl Ramen Tofu,14,Asian,Fall 2024,Carbon Label
8-Nov,Side Vegetarian Lo Mein,8,Asian,Fall 2024,Carbon Label
8-Nov,1 Wok Entree,2,Asian,Fall 2024,Carbon Label
8-Nov,Side Vegetarian Fried Rice with,3,Asian,Fall 2024,Carbon Label
8-Nov,Burrito Breakfast,97,Breakfast,Fall 2024,Carbon Label
8-Nov,Small French Omelet,57,Breakfast,Fall 2024,Carbon Label
8-Nov,Grand Slam Breakfast,18,Breakfast,Fall 2024,Carbon Label
8-Nov,Egg Cheese Bacon Breakfast Sandw,25,Breakfast,Fall 2024,Carbon Label
8-Nov,Egg Cheese Sausage Breakfast San,23,Breakfast,Fall 2024,Carbon Label
8-Nov,Two Eggs,24,Breakfast,Fall 2024,Carbon Label
8-Nov,Add Bacon,23,Breakfast,Fall 2024,Carbon Label
8-Nov,Pancake Single,5,Breakfast,Fall 2024,Carbon Label
8-Nov,Trillium Home Fries,4,Breakfast,Fall 2024,Carbon Label
8-Nov,2 Slices Toast,1,Breakfast,Fall 2024,Carbon Label
8-Nov,PC Peanut Butter,1,Breakfast,Fall 2024,Carbon Label
8-Nov,Create Your Pasta Bowl MEAT,92,Italian,Fall 2024,Carbon Label
8-Nov,Create Your Pasta Bowl VEG,16,Italian,Fall 2024,Carbon Label
8-Nov,Pizza with Toppings,22,Italian,Fall 2024,Carbon Label
8-Nov,Pizza Cheese,12,Italian,Fall 2024,Carbon Label
8-Nov,Add Extra Meat,12,Italian,Fall 2024,Carbon Label
8-Nov,Side Bread Pasta Station,1,Italian,Fall 2024,Carbon Label
8-Nov,Burrito Bowl BYO,71,Mexican,Fall 2024,Carbon Label
8-Nov,Side Guacamole,3,Mexican,Fall 2024,Carbon Label
8-Nov,Single Taco,1,Mexican,Fall 2024,Carbon Label
8-Nov,Salad by the Pound,41,Salad Bar,Fall 2024,Carbon Label
8-Nov,Add Extra Protein $2.99,1,Salad Bar,Fall 2024,Carbon Label
8-Nov,Soup 12 oz,33,Soup,Fall 2024,Carbon Label
8-Nov,8 oz Soup,29,Soup,Fall 2024,Carbon Label
8-Nov,Side Potato Tots,20,Grab N Go,Fall 2024,Carbon Label
11-Nov,Quesadilla Deluxe Trillium,162,Grill,Fall 2024,Default
11-Nov,Grilled Hamburger,81,Grill,Fall 2024,Default
11-Nov,Fried Chicken Tenders,86,Grill,Fall 2024,Default
11-Nov,Burrito Una Mano Trillium BYO,51,Grill,Fall 2024,Default
11-Nov,French Fries,104,Grill,Fall 2024,Default
11-Nov,Grilled Chicken Breast Sandwich,16,Grill,Fall 2024,Default
11-Nov,Quesadilla Cheese,12,Grill,Fall 2024,Default
11-Nov,Sweet Potato Fries,32,Grill,Fall 2024,Default
11-Nov,Trillium Grill Impossible Burger,8,Grill,Fall 2024,Default
11-Nov,Seared Salmon Burger,4,Grill,Fall 2024,Default
11-Nov,ADD Chicken Breast,8,Grill,Fall 2024,Default
11-Nov,Black Bean Burger,3,Grill,Fall 2024,Default
11-Nov,ADD Beef Patty $2.99,4,Grill,Fall 2024,Default
11-Nov,Add Sausage 2 Patty,3,Grill,Fall 2024,Default
11-Nov,Add Egg $.99,2,Grill,Fall 2024,Default
11-Nov,ADD Cheese,3,Grill,Fall 2024,Default
11-Nov,1 Entree + 1 Side,171,Asian,Fall 2024,Default
11-Nov,1 Entree + 2 Side,79,Asian,Fall 2024,Default
11-Nov,Bowl Ramen Chicken,69,Asian,Fall 2024,Default
11-Nov,2 Entrees + 2 Sides,24,Asian,Fall 2024,Default
11-Nov,Bowl Ramen Tofu,12,Asian,Fall 2024,Default
11-Nov,Side Vegetarian Lo Mein,13,Asian,Fall 2024,Default
11-Nov,1 Wok Entree,2,Asian,Fall 2024,Default
11-Nov,Side White or Brown Rice,2,Asian,Fall 2024,Default
11-Nov,Side Vegetables,1,Asian,Fall 2024,Default
11-Nov,Side Vegetable Spring Rolls,1,Asian,Fall 2024,Default
11-Nov,Side Vegetarian Fried Rice with,1,Asian,Fall 2024,Default
11-Nov,Create Your Pasta Bowl MEAT,119,Italian,Fall 2024,Default
11-Nov,Create Your Pasta Bowl VEG,25,Italian,Fall 2024,Default
11-Nov,Pizza with Toppings,34,Italian,Fall 2024,Default
11-Nov,Pizza Cheese,16,Italian,Fall 2024,Default
11-Nov,Add Extra Meat,26,Italian,Fall 2024,Default
11-Nov,Side Bread Pasta Station,1,Italian,Fall 2024,Default
11-Nov,Burrito Breakfast,91,Breakfast,Fall 2024,Default
11-Nov,Small French Omelet,54,Breakfast,Fall 2024,Default
11-Nov,Grand Slam Breakfast,15,Breakfast,Fall 2024,Default
11-Nov,Egg Cheese Sausage Breakfast San,20,Breakfast,Fall 2024,Default
11-Nov,Egg Cheese Bacon Breakfast Sandw,19,Breakfast,Fall 2024,Default
11-Nov,Add Bacon,28,Breakfast,Fall 2024,Default
11-Nov,Two Eggs,18,Breakfast,Fall 2024,Default
11-Nov,Trillium Home Fries,7,Breakfast,Fall 2024,Default
11-Nov,Pancake Single,3,Breakfast,Fall 2024,Default
11-Nov,2 Slices Toast,3,Breakfast,Fall 2024,Default
11-Nov,PC Peanut Butter,1,Breakfast,Fall 2024,Default
11-Nov,Burrito Bowl BYO,107,Mexican,Fall 2024,Default
11-Nov,Single Taco,3,Mexican,Fall 2024,Default
11-Nov,Salad by the Pound,60,Salad Bar,Fall 2024,Default
11-Nov,Soup 12 oz,49,Soup,Fall 2024,Default
11-Nov,8 oz Soup,48,Soup,Fall 2024,Default
11-Nov,Side Potato Tots,22,Grab N Go,Fall 2024,Default
12-Nov,Quesadilla Deluxe Trillium,166,Grill,Fall 2024,Default
12-Nov,Grilled Hamburger,89,Grill,Fall 2024,Default
12-Nov,Fried Chicken Tenders,96,Grill,Fall 2024,Default
12-Nov,Burrito Una Mano Trillium BYO,61,Grill,Fall 2024,Default
12-Nov,French Fries,162,Grill,Fall 2024,Default
12-Nov,Grilled Chicken Breast Sandwich,27,Grill,Fall 2024,Default
12-Nov,Quesadilla Cheese,11,Grill,Fall 2024,Default
12-Nov,Trillium Grill Impossible Burger,8,Grill,Fall 2024,Default
12-Nov,Seared Salmon Burger,7,Grill,Fall 2024,Default
12-Nov,ADD Beef Patty $2.99,17,Grill,Fall 2024,Default
12-Nov,Black Bean Burger,3,Grill,Fall 2024,Default
12-Nov,ADD Chicken Breast,5,Grill,Fall 2024,Default
12-Nov,ADD Cheese,12,Grill,Fall 2024,Default
12-Nov,Add Sausage 2 Patty,3,Grill,Fall 2024,Default
12-Nov,Add Egg $.99,4,Grill,Fall 2024,Default
12-Nov,1 Entree + 1 Side,186,Asian,Fall 2024,Default
12-Nov,1 Entree + 2 Side,85,Asian,Fall 2024,Default
12-Nov,Bowl Ramen Chicken,75,Asian,Fall 2024,Default
12-Nov,2 Entrees + 2 Sides,32,Asian,Fall 2024,Default
12-Nov,Bowl Ramen Tofu,19,Asian,Fall 2024,Default
12-Nov,1 Wok Entree,10,Asian,Fall 2024,Default
12-Nov,Side Vegetarian Lo Mein,15,Asian,Fall 2024,Default
12-Nov,Side White or Brown Rice,14,Asian,Fall 2024,Default
12-Nov,Bowl Ramen Pork,1,Asian,Fall 2024,Default
12-Nov,Side Vegetables,2,Asian,Fall 2024,Default
12-Nov,Side Vegetable Spring Rolls,2,Asian,Fall 2024,Default
12-Nov,Burrito Breakfast,84,Breakfast,Fall 2024,Default
12-Nov,Small French Omelet,55,Breakfast,Fall 2024,Default
12-Nov,Grand Slam Breakfast,23,Breakfast,Fall 2024,Default
12-Nov,Egg Cheese Sausage Breakfast San,36,Breakfast,Fall 2024,Default
12-Nov,Egg Cheese Bacon Breakfast Sandw,27,Breakfast,Fall 2024,Default
12-Nov,Add Bacon,26,Breakfast,Fall 2024,Default
12-Nov,Two Eggs,26,Breakfast,Fall 2024,Default
12-Nov,Trillium Home Fries,7,Breakfast,Fall 2024,Default
12-Nov,Pancake Single,4,Breakfast,Fall 2024,Default
12-Nov,Toast,3,Breakfast,Fall 2024,Default
12-Nov,Create Your Pasta Bowl MEAT,112,Italian,Fall 2024,Default
12-Nov,Pizza with Toppings,33,Italian,Fall 2024,Default
12-Nov,Create Your Pasta Bowl VEG,20,Italian,Fall 2024,Default
12-Nov,Pizza Cheese,19,Italian,Fall 2024,Default
12-Nov,Add Extra Meat,14,Italian,Fall 2024,Default
12-Nov,Burrito Bowl BYO,93,Mexican,Fall 2024,Default
12-Nov,Single Taco,6,Mexican,Fall 2024,Default
12-Nov,Side Guacamole,1,Mexican,Fall 2024,Default
12-Nov,Add Extra Toppings Una Mano,1,Mexican,Fall 2024,Default
12-Nov,Salad by the Pound,56,Salad Bar,Fall 2024,Default
12-Nov,Add Extra Protein $2.99,3,Salad Bar,Fall 2024,Default
12-Nov,8 oz Soup,59,Soup,Fall 2024,Default
12-Nov,Soup 12 oz,40,Soup,Fall 2024,Default
12-Nov,Side Potato Tots,23,Grab N Go,Fall 2024,Default
13-Nov,Quesadilla Deluxe Trillium,155,Grill,Fall 2024,Default
13-Nov,Grilled Hamburger,107,Grill,Fall 2024,Default
13-Nov,Fried Chicken Tenders,101,Grill,Fall 2024,Default
13-Nov,Burrito Una Mano Trillium BYO,66,Grill,Fall 2024,Default
13-Nov,French Fries,169,Grill,Fall 2024,Default
13-Nov,Grilled Chicken Breast Sandwich,15,Grill,Fall 2024,Default
13-Nov,Quesadilla Cheese,13,Grill,Fall 2024,Default
13-Nov,Seared Salmon Burger,9,Grill,Fall 2024,Default
13-Nov,Trillium Grill Impossible Burger,6,Grill,Fall 2024,Default
13-Nov,ADD Beef Patty $2.99,13,Grill,Fall 2024,Default
13-Nov,ADD Chicken Breast,7,Grill,Fall 2024,Default
13-Nov,Black Bean Burger,2,Grill,Fall 2024,Default
13-Nov,ADD Cheese,4,Grill,Fall 2024,Default
13-Nov,Add Sausage 2 Patty,1,Grill,Fall 2024,Default
13-Nov,Add Egg $.99,2,Grill,Fall 2024,Default
13-Nov,1 Entree + 1 Side,201,Asian,Fall 2024,Default
13-Nov,1 Entree + 2 Side,89,Asian,Fall 2024,Default
13-Nov,Bowl Ramen Chicken,74,Asian,Fall 2024,Default
13-Nov,2 Entrees + 2 Sides,18,Asian,Fall 2024,Default
13-Nov,Bowl Ramen Tofu,17,Asian,Fall 2024,Default
13-Nov,1 Wok Entree,5,Asian,Fall 2024,Default
13-Nov,Side Vegetarian Lo Mein,7,Asian,Fall 2024,Default
13-Nov,Side Vegetables,2,Asian,Fall 2024,Default
13-Nov,Side Vegetable Spring Rolls,2,Asian,Fall 2024,Default
13-Nov,Side White or Brown Rice,3,Asian,Fall 2024,Default
13-Nov,Side Fried Spring Roll,1,Asian,Fall 2024,Default
13-Nov,Create Your Pasta Bowl MEAT,113,Italian,Fall 2024,Default
13-Nov,Create Your Pasta Bowl VEG,26,Italian,Fall 2024,Default
13-Nov,Pizza with Toppings,38,Italian,Fall 2024,Default
13-Nov,Pizza Cheese,19,Italian,Fall 2024,Default
13-Nov,Add Extra Meat,22,Italian,Fall 2024,Default
13-Nov,Side Bread Pasta Station,2,Italian,Fall 2024,Default
13-Nov,Burrito Breakfast,79,Breakfast,Fall 2024,Default
13-Nov,Small French Omelet,54,Breakfast,Fall 2024,Default
13-Nov,Grand Slam Breakfast,23,Breakfast,Fall 2024,Default
13-Nov,Egg Cheese Sausage Breakfast San,31,Breakfast,Fall 2024,Default
13-Nov,Egg Cheese Bacon Breakfast Sandw,23,Breakfast,Fall 2024,Default
13-Nov,Add Bacon,26,Breakfast,Fall 2024,Default
13-Nov,Two Eggs,9,Breakfast,Fall 2024,Default
13-Nov,Trillium Home Fries,1,Breakfast,Fall 2024,Default
13-Nov,2 Slices Toast,2,Breakfast,Fall 2024,Default
13-Nov,Toast,2,Breakfast,Fall 2024,Default
13-Nov,Burrito Bowl BYO,106,Mexican,Fall 2024,Default
13-Nov,Single Taco,13,Mexican,Fall 2024,Default
13-Nov,Salad by the Pound,69,Salad Bar,Fall 2024,Default
13-Nov,Add Extra Protein $2.99,1,Salad Bar,Fall 2024,Default
13-Nov,Soup 12 oz,45,Soup,Fall 2024,Default
13-Nov,8 oz Soup,43,Soup,Fall 2024,Default
13-Nov,Side Potato Tots,17,Grab N Go,Fall 2024,Default
14-Nov,Quesadilla Deluxe Trillium,178,Grill,Fall 2024,Default
14-Nov,Grilled Hamburger,99,Grill,Fall 2024,Default
14-Nov,Fried Chicken Tenders,108,Grill,Fall 2024,Default
14-Nov,Burrito Una Mano Trillium BYO,59,Grill,Fall 2024,Default
14-Nov,French Fries,175,Grill,Fall 2024,Default
14-Nov,Grilled Chicken Breast Sandwich,20,Grill,Fall 2024,Default
14-Nov,Trillium Grill Impossible Burger,15,Grill,Fall 2024,Default
14-Nov,Quesadilla Cheese,12,Grill,Fall 2024,Default
14-Nov,Seared Salmon Burger,8,Grill,Fall 2024,Default
14-Nov,ADD Beef Patty $2.99,10,Grill,Fall 2024,Default
14-Nov,Black Bean Burger,3,Grill,Fall 2024,Default
14-Nov,ADD Chicken Breast,5,Grill,Fall 2024,Default
14-Nov,ADD Cheese,12,Grill,Fall 2024,Default
14-Nov,Sweet Potato Fries,1,Grill,Fall 2024,Default
14-Nov,Add Egg $.99,1,Grill,Fall 2024,Default
14-Nov,1 Entree + 1 Side,175,Asian,Fall 2024,Default
14-Nov,1 Entree + 2 Side,84,Asian,Fall 2024,Default
14-Nov,Bowl Ramen Chicken,78,Asian,Fall 2024,Default
14-Nov,2 Entrees + 2 Sides,33,Asian,Fall 2024,Default
14-Nov,Bowl Ramen Tofu,21,Asian,Fall 2024,Default
14-Nov,Side Vegetarian Lo Mein,11,Asian,Fall 2024,Default
14-Nov,1 Wok Entree,4,Asian,Fall 2024,Default
14-Nov,Side White or Brown Rice,8,Asian,Fall 2024,Default
14-Nov,Side Fried Spring Roll,2,Asian,Fall 2024,Default
14-Nov,Side Vegetarian Fried Rice with,1,Asian,Fall 2024,Default
14-Nov,Burrito Breakfast,82,Breakfast,Fall 2024,Default
14-Nov,Small French Omelet,56,Breakfast,Fall 2024,Default
14-Nov,Grand Slam Breakfast,18,Breakfast,Fall 2024,Default
14-Nov,Egg Cheese Sausage Breakfast San,26,Breakfast,Fall 2024,Default
14-Nov,Egg Cheese Bacon Breakfast Sandw,19,Breakfast,Fall 2024,Default
14-Nov,Add Bacon,33,Breakfast,Fall 2024,Default
14-Nov,Two Eggs,18,Breakfast,Fall 2024,Default
14-Nov,Pancake Single,5,Breakfast,Fall 2024,Default
14-Nov,Trillium Home Fries,4,Breakfast,Fall 2024,Default
14-Nov,2 Slices Toast,3,Breakfast,Fall 2024,Default
14-Nov,Create Your Pasta Bowl MEAT,103,Italian,Fall 2024,Default
14-Nov,Create Your Pasta Bowl VEG,31,Italian,Fall 2024,Default
14-Nov,Pizza with Toppings,38,Italian,Fall 2024,Default
14-Nov,Pizza Cheese,22,Italian,Fall 2024,Default
14-Nov,Add Extra Meat,16,Italian,Fall 2024,Default
14-Nov,Burrito Bowl BYO,86,Mexican,Fall 2024,Default
14-Nov,Single Taco,5,Mexican,Fall 2024,Default
14-Nov,Side Guacamole,3,Mexican,Fall 2024,Default
14-Nov,Side Salsa,1,Mexican,Fall 2024,Default
14-Nov,Salad by the Pound,63,Salad Bar,Fall 2024,Default
14-Nov,Add Extra Protein $2.99,4,Salad Bar,Fall 2024,Default
14-Nov,8 oz Soup,43,Soup,Fall 2024,Default
14-Nov,Soup 12 oz,37,Soup,Fall 2024,Default
14-Nov,Side Potato Tots,23,Grab N Go,Fall 2024,Default
15-Nov,Quesadilla Deluxe Trillium,125,Grill,Fall 2024,Default
15-Nov,Grilled Hamburger,72,Grill,Fall 2024,Default
15-Nov,Burrito Una Mano Trillium BYO,43,Grill,Fall 2024,Default
15-Nov,Fried Chicken Tenders,47,Grill,Fall 2024,Default
15-Nov,French Fries,92,Grill,Fall 2024,Default
15-Nov,Quesadilla Cheese,11,Grill,Fall 2024,Default
15-Nov,Trillium Grill Impossible Burger,7,Grill,Fall 2024,Default
15-Nov,Grilled Chicken Breast Sandwich,7,Grill,Fall 2024,Default
15-Nov,Black Bean Burger,4,Grill,Fall 2024,Default
15-Nov,Seared Salmon Burger,4,Grill,Fall 2024,Default
15-Nov,ADD Beef Patty $2.99,8,Grill,Fall 2024,Default
15-Nov,ADD Chicken Breast,4,Grill,Fall 2024,Default
15-Nov,ADD Burger Salmon Grilled,3,Grill,Fall 2024,Default
15-Nov,ADD Cheese,6,Grill,Fall 2024,Default
15-Nov,Add Egg $.99,2,Grill,Fall 2024,Default
15-Nov,1 Entree + 1 Side,94,Asian,Fall 2024,Default
15-Nov,1 Entree + 2 Side,64,Asian,Fall 2024,Default
15-Nov,Bowl Ramen Chicken,59,Asian,Fall 2024,Default
15-Nov,2 Entrees + 2 Sides,18,Asian,Fall 2024,Default
15-Nov,Bowl Ramen Tofu,17,Asian,Fall 2024,Default
15-Nov,Side Vegetarian Lo Mein,6,Asian,Fall 2024,Default
15-Nov,1 Wok Entree,3,Asian,Fall 2024,Default
15-Nov,Side Vegetarian Fried Rice with,4,Asian,Fall 2024,Default
15-Nov,Side White or Brown Rice,6,Asian,Fall 2024,Default
15-Nov,Side Vegetables,3,Asian,Fall 2024,Default
15-Nov,Side Vegetable Spring Rolls,2,Asian,Fall 2024,Default
15-Nov,Burrito Breakfast,81,Breakfast,Fall 2024,Default
15-Nov,Small French Omelet,39,Breakfast,Fall 2024,Default
15-Nov,Grand Slam Breakfast,20,Breakfast,Fall 2024,Default
15-Nov,Egg Cheese Sausage Breakfast San,28,Breakfast,Fall 2024,Default
15-Nov,Egg Cheese Bacon Breakfast Sandw,19,Breakfast,Fall 2024,Default
15-Nov,Add Bacon,17,Breakfast,Fall 2024,Default
15-Nov,Two Eggs,7,Breakfast,Fall 2024,Default
15-Nov,Trillium Home Fries,4,Breakfast,Fall 2024,Default
15-Nov,Toast,1,Breakfast,Fall 2024,Default
15-Nov,PC Peanut Butter,1,Breakfast,Fall 2024,Default
15-Nov,Create Your Pasta Bowl MEAT,79,Italian,Fall 2024,Default
15-Nov,Pizza with Toppings,23,Italian,Fall 2024,Default
15-Nov,Create Your Pasta Bowl VEG,15,Italian,Fall 2024,Default
15-Nov,Pizza Cheese,12,Italian,Fall 2024,Default
15-Nov,Add Extra Meat,19,Italian,Fall 2024,Default
15-Nov,Side Bread Pasta Station,1,Italian,Fall 2024,Default
15-Nov,Burrito Bowl BYO,56,Mexican,Fall 2024,Default
15-Nov,Single Taco,7,Mexican,Fall 2024,Default
15-Nov,Side Sour Cream,1,Mexican,Fall 2024,Default
15-Nov,Salad by the Pound,39,Salad Bar,Fall 2024,Default
15-Nov,Soup 12 oz,27,Soup,Fall 2024,Default
15-Nov,8 oz Soup,28,Soup,Fall 2024,Default
15-Nov,Side Potato Tots,23,Grab N Go,Fall 2024,Default
18-Nov,Quesadilla Deluxe Trillium,155,Grill,Fall 2024,Default
18-Nov,Grilled Hamburger,82,Grill,Fall 2024,Default
18-Nov,Fried Chicken Tenders,84,Grill,Fall 2024,Default
18-Nov,Burrito Una Mano Trillium BYO,54,Grill,Fall 2024,Default
18-Nov,French Fries,135,Grill,Fall 2024,Default
18-Nov,Grilled Chicken Breast Sandwich,15,Grill,Fall 2024,Default
18-Nov,Trillium Grill Impossible Burger,12,Grill,Fall 2024,Default
18-Nov,Seared Salmon Burger,14,Grill,Fall 2024,Default
18-Nov,Black Bean Burger,7,Grill,Fall 2024,Default
18-Nov,ADD Beef Patty $2.99,16,Grill,Fall 2024,Default
18-Nov,Quesadilla Cheese,5,Grill,Fall 2024,Default
18-Nov,ADD Chicken Breast,6,Grill,Fall 2024,Default
18-Nov,Add Sausage 2 Patty,4,Grill,Fall 2024,Default
18-Nov,ADD Cheese,11,Grill,Fall 2024,Default
18-Nov,Add Egg $.99,2,Grill,Fall 2024,Default
18-Nov,1 Entree + 1 Side,168,Asian,Fall 2024,Default
18-Nov,1 Entree + 2 Side,76,Asian,Fall 2024,Default
18-Nov,Bowl Ramen Chicken,66,Asian,Fall 2024,Default
18-Nov,2 Entrees + 2 Sides,22,Asian,Fall 2024,Default
18-Nov,Bowl Ramen Tofu,11,Asian,Fall 2024,Default
18-Nov,1 Wok Entree,5,Asian,Fall 2024,Default
18-Nov,Side Vegetarian Lo Mein,6,Asian,Fall 2024,Default
18-Nov,Side White or Brown Rice,4,Asian,Fall 2024,Default
18-Nov,Side Vegetable Spring Rolls,2,Asian,Fall 2024,Default
18-Nov,Side Vegetarian Fried Rice with,2,Asian,Fall 2024,Default
18-Nov,Create Your Pasta Bowl MEAT,116,Italian,Fall 2024,Default
18-Nov,Create Your Pasta Bowl VEG,30,Italian,Fall 2024,Default
18-Nov,Pizza with Toppings,35,Italian,Fall 2024,Default
18-Nov,Pizza Cheese,21,Italian,Fall 2024,Default
18-Nov,Add Extra Meat,18,Italian,Fall 2024,Default
18-Nov,Burrito Breakfast,99,Breakfast,Fall 2024,Default
18-Nov,Small French Omelet,62,Breakfast,Fall 2024,Default
18-Nov,Egg Cheese Sausage Breakfast San,25,Breakfast,Fall 2024,Default
18-Nov,Egg Cheese Bacon Breakfast Sandw,19,Breakfast,Fall 2024,Default
18-Nov,Grand Slam Breakfast,10,Breakfast,Fall 2024,Default
18-Nov,Add Bacon,28,Breakfast,Fall 2024,Default
18-Nov,Two Eggs,14,Breakfast,Fall 2024,Default
18-Nov,Trillium Home Fries,3,Breakfast,Fall 2024,Default
18-Nov,Pancake Single,3,Breakfast,Fall 2024,Default
18-Nov,2 Slices Toast,1,Breakfast,Fall 2024,Default
18-Nov,Toast,1,Breakfast,Fall 2024,Default
18-Nov,PC Peanut Butter,1,Breakfast,Fall 2024,Default
18-Nov,Burrito Bowl BYO,109,Mexican,Fall 2024,Default
18-Nov,Single Taco,6,Mexican,Fall 2024,Default
18-Nov,Side Guacamole,1,Mexican,Fall 2024,Default
18-Nov,Side Sour Cream,1,Mexican,Fall 2024,Default
18-Nov,Salad by the Pound,55,Salad Bar,Fall 2024,Default
18-Nov,Soup 12 oz,49,Soup,Fall 2024,Default
18-Nov,8 oz Soup,39,Soup,Fall 2024,Default
18-Nov,Side Potato Tots,16,Grab N Go,Fall 2024,Default
19-Nov,Quesadilla Deluxe Trillium,189,Grill,Fall 2024,Default
19-Nov,Grilled Hamburger,122,Grill,Fall 2024,Default
19-Nov,Fried Chicken Tenders,99,Grill,Fall 2024,Default
19-Nov,Burrito Una Mano Trillium BYO,69,Grill,Fall 2024,Default
19-Nov,French Fries,143,Grill,Fall 2024,Default
19-Nov,Grilled Chicken Breast Sandwich,26,Grill,Fall 2024,Default
19-Nov,Quesadilla Cheese,22,Grill,Fall 2024,Default
19-Nov,Trillium Grill Impossible Burger,10,Grill,Fall 2024,Default
19-Nov,Sweet Potato Fries,31,Grill,Fall 2024,Default
19-Nov,Seared Salmon Burger,6,Grill,Fall 2024,Default
19-Nov,Black Bean Burger,3,Grill,Fall 2024,Default
19-Nov,ADD Chicken Breast,7,Grill,Fall 2024,Default
19-Nov,ADD Beef Patty $2.99,7,Grill,Fall 2024,Default
19-Nov,Add Egg $.99,5,Grill,Fall 2024,Default
19-Nov,ADD Burger Salmon Grilled,1,Grill,Fall 2024,Default
19-Nov,ADD Cheese,5,Grill,Fall 2024,Default
19-Nov,1 Entree + 1 Side,185,Asian,Fall 2024,Default
19-Nov,1 Entree + 2 Side,92,Asian,Fall 2024,Default
19-Nov,Bowl Ramen Chicken,70,Asian,Fall 2024,Default
19-Nov,2 Entrees + 2 Sides,33,Asian,Fall 2024,Default
19-Nov,Bowl Ramen Tofu,28,Asian,Fall 2024,Default
19-Nov,Side Vegetarian Lo Mein,16,Asian,Fall 2024,Default
19-Nov,1 Wok Entree,7,Asian,Fall 2024,Default
19-Nov,Side White or Brown Rice,12,Asian,Fall 2024,Default
19-Nov,Side Vegetable Spring Rolls,2,Asian,Fall 2024,Default
19-Nov,Side Vegetarian Fried Rice with,2,Asian,Fall 2024,Default
19-Nov,Create Your Pasta Bowl MEAT,115,Italian,Fall 2024,Default
19-Nov,Create Your Pasta Bowl VEG,28,Italian,Fall 2024,Default
19-Nov,Pizza with Toppings,38,Italian,Fall 2024,Default
19-Nov,Pizza Cheese,22,Italian,Fall 2024,Default
19-Nov,Add Extra Meat,18,Italian,Fall 2024,Default
19-Nov,Burrito Breakfast,95,Breakfast,Fall 2024,Default
19-Nov,Small French Omelet,47,Breakfast,Fall 2024,Default
19-Nov,Egg Cheese Sausage Breakfast San,30,Breakfast,Fall 2024,Default
19-Nov,Egg Cheese Bacon Breakfast Sandw,23,Breakfast,Fall 2024,Default
19-Nov,Grand Slam Breakfast,12,Breakfast,Fall 2024,Default
19-Nov,Add Bacon,28,Breakfast,Fall 2024,Default
19-Nov,Two Eggs,14,Breakfast,Fall 2024,Default
19-Nov,Pancake Single,8,Breakfast,Fall 2024,Default
19-Nov,Trillium Home Fries,2,Breakfast,Fall 2024,Default
19-Nov,2 Slices Toast,3,Breakfast,Fall 2024,Default
19-Nov,Burrito Bowl BYO,110,Mexican,Fall 2024,Default
19-Nov,Single Taco,11,Mexican,Fall 2024,Default
19-Nov,Side Guacamole,3,Mexican,Fall 2024,Default
19-Nov,Add Extra Toppings Una Mano,3,Mexican,Fall 2024,Default
19-Nov,Salad by the Pound,75,Salad Bar,Fall 2024,Default
19-Nov,Add Extra Protein $2.99,1,Salad Bar,Fall 2024,Default
19-Nov,Soup 12 oz,52,Soup,Fall 2024,Default
19-Nov,8 oz Soup,55,Soup,Fall 2024,Default
19-Nov,Side Potato Tots,21,Grab N Go,Fall 2024,Default
20-Nov,Quesadilla Deluxe Trillium,162,Grill,Fall 2024,Default
20-Nov,Grilled Hamburger,92,Grill,Fall 2024,Default
20-Nov,Fried Chicken Tenders,93,Grill,Fall 2024,Default
20-Nov,Burrito Una Mano Trillium BYO,72,Grill,Fall 2024,Default
20-Nov,French Fries,124,Grill,Fall 2024,Default
20-Nov,Seared Salmon Burger,14,Grill,Fall 2024,Default
20-Nov,Grilled Chicken Breast Sandwich,13,Grill,Fall 2024,Default
20-Nov,Quesadilla Cheese,12,Grill,Fall 2024,Default
20-Nov,Trillium Grill Impossible Burger,7,Grill,Fall 2024,Default
20-Nov,Sweet Potato Fries,24,Grill,Fall 2024,Default
20-Nov,ADD Chicken Breast,9,Grill,Fall 2024,Default
20-Nov,Black Bean Burger,3,Grill,Fall 2024,Default
20-Nov,ADD Beef Patty $2.99,5,Grill,Fall 2024,Default
20-Nov,ADD Cheese,6,Grill,Fall 2024,Default
20-Nov,Add Sausage 2 Patty,1,Grill,Fall 2024,Default
20-Nov,Add Egg $.99,2,Grill,Fall 2024,Default
20-Nov,1 Entree + 1 Side,176,Asian,Fall 2024,Default
20-Nov,1 Entree + 2 Side,97,Asian,Fall 2024,Default
20-Nov,Bowl Ramen Chicken,80,Asian,Fall 2024,Default
20-Nov,2 Entrees + 2 Sides,21,Asian,Fall 2024,Default
20-Nov,Bowl Ramen Tofu,19,Asian,Fall 2024,Default
20-Nov,Side Vegetarian Lo Mein,13,Asian,Fall 2024,Default
20-Nov,Side White or Brown Rice,7,Asian,Fall 2024,Default
20-Nov,1 Wok Entree,2,Asian,Fall 2024,Default
20-Nov,Side Vegetables,2,Asian,Fall 2024,Default
20-Nov,Side Vegetable Spring Rolls,1,Asian,Fall 2024,Default
20-Nov,Side Vegetarian Fried Rice with,1,Asian,Fall 2024,Default
20-Nov,Create Your Pasta Bowl MEAT,143,Italian,Fall 2024,Default
20-Nov,Create Your Pasta Bowl VEG,32,Italian,Fall 2024,Default
20-Nov,Add Extra Meat,20,Italian,Fall 2024,Default
20-Nov,Pizza Cheese,10,Italian,Fall 2024,Default
20-Nov,Pizza with Toppings,8,Italian,Fall 2024,Default
20-Nov,Side Bread Pasta Station,2,Italian,Fall 2024,Default
20-Nov,Burrito Breakfast,91,Breakfast,Fall 2024,Default
20-Nov,Small French Omelet,55,Breakfast,Fall 2024,Default
20-Nov,Grand Slam Breakfast,16,Breakfast,Fall 2024,Default
20-Nov,Egg Cheese Sausage Breakfast San,24,Breakfast,Fall 2024,Default
20-Nov,Egg Cheese Bacon Breakfast Sandw,20,Breakfast,Fall 2024,Default
20-Nov,Add Bacon,22,Breakfast,Fall 2024,Default
20-Nov,Two Eggs,7,Breakfast,Fall 2024,Default
20-Nov,Pancake Single,4,Breakfast,Fall 2024,Default
20-Nov,Trillium Home Fries,1,Breakfast,Fall 2024,Default
20-Nov,2 Slices Toast,1,Breakfast,Fall 2024,Default
20-Nov,Toast,1,Breakfast,Fall 2024,Default
20-Nov,PC Peanut Butter,1,Breakfast,Fall 2024,Default
20-Nov,Burrito Bowl BYO,88,Mexican,Fall 2024,Default
20-Nov,Single Taco,5,Mexican,Fall 2024,Default
20-Nov,Add Extra Toppings Una Mano,2,Mexican,Fall 2024,Default
20-Nov,Salad by the Pound,71,Salad Bar,Fall 2024,Default
20-Nov,Soup 12 oz,56,Soup,Fall 2024,Default
20-Nov,8 oz Soup,35,Soup,Fall 2024,Default
20-Nov,Side Potato Tots,11,Grab N Go,Fall 2024,Default
21-Nov,Quesadilla Deluxe Trillium,197,Grill,Fall 2024,Default
21-Nov,Grilled Hamburger,109,Grill,Fall 2024,Default
21-Nov,Fried Chicken Tenders,93,Grill,Fall 2024,Default
21-Nov,Burrito Una Mano Trillium BYO,66,Grill,Fall 2024,Default
21-Nov,French Fries,113,Grill,Fall 2024,Default
21-Nov,Grilled Chicken Breast Sandwich,13,Grill,Fall 2024,Default
21-Nov,Sweet Potato Fries,32,Grill,Fall 2024,Default
21-Nov,Trillium Grill Impossible Burger,9,Grill,Fall 2024,Default
21-Nov,Quesadilla Cheese,11,Grill,Fall 2024,Default
21-Nov,Seared Salmon Burger,9,Grill,Fall 2024,Default
21-Nov,Black Bean Burger,4,Grill,Fall 2024,Default
21-Nov,ADD Beef Patty $2.99,6,Grill,Fall 2024,Default
21-Nov,ADD Chicken Breast,5,Grill,Fall 2024,Default
21-Nov,Add Sausage 2 Patty,4,Grill,Fall 2024,Default
21-Nov,ADD Burger Salmon Grilled,1,Grill,Fall 2024,Default
21-Nov,ADD Cheese,6,Grill,Fall 2024,Default
21-Nov,Add Egg $.99,3,Grill,Fall 2024,Default
21-Nov,1 Entree + 1 Side,209,Asian,Fall 2024,Default
21-Nov,1 Entree + 2 Side,85,Asian,Fall 2024,Default
21-Nov,Bowl Ramen Chicken,77,Asian,Fall 2024,Default
21-Nov,2 Entrees + 2 Sides,25,Asian,Fall 2024,Default
21-Nov,Bowl Ramen Tofu,20,Asian,Fall 2024,Default
21-Nov,Side Vegetarian Lo Mein,12,Asian,Fall 2024,Default
21-Nov,1 Wok Entree,3,Asian,Fall 2024,Default
21-Nov,Side White or Brown Rice,5,Asian,Fall 2024,Default
21-Nov,Side Vegetarian Fried Rice with,2,Asian,Fall 2024,Default
21-Nov,Create Your Pasta Bowl MEAT,131,Italian,Fall 2024,Default
21-Nov,Pizza with Toppings,38,Italian,Fall 2024,Default
21-Nov,Create Your Pasta Bowl VEG,24,Italian,Fall 2024,Default
21-Nov,Pizza Cheese,22,Italian,Fall 2024,Default
21-Nov,Add Extra Meat,15,Italian,Fall 2024,Default
21-Nov,Burrito Breakfast,75,Breakfast,Fall 2024,Default
21-Nov,Small French Omelet,40,Breakfast,Fall 2024,Default
21-Nov,Grand Slam Breakfast,14,Breakfast,Fall 2024,Default
21-Nov,Egg Cheese Bacon Breakfast Sandw,23,Breakfast,Fall 2024,Default
21-Nov,Egg Cheese Sausage Breakfast San,21,Breakfast,Fall 2024,Default
21-Nov,Add Bacon,33,Breakfast,Fall 2024,Default
21-Nov,Two Eggs,23,Breakfast,Fall 2024,Default
21-Nov,Trillium Home Fries,4,Breakfast,Fall 2024,Default
21-Nov,Pancake Single,2,Breakfast,Fall 2024,Default
21-Nov,2 Slices Toast,5,Breakfast,Fall 2024,Default
21-Nov,Toast,2,Breakfast,Fall 2024,Default
21-Nov,Burrito Bowl BYO,92,Mexican,Fall 2024,Default
21-Nov,Single Taco,4,Mexican,Fall 2024,Default
21-Nov,Side Guacamole,2,Mexican,Fall 2024,Default
21-Nov,Add Extra Toppings Una Mano,1,Mexican,Fall 2024,Default
21-Nov,Soup 12 oz,45,Soup,Fall 2024,Default
21-Nov,8 oz Soup,36,Soup,Fall 2024,Default
21-Nov,Salad by the Pound,39,Salad Bar,Fall 2024,Default
21-Nov,Add Extra Protein $2.99,1,Salad Bar,Fall 2024,Default
21-Nov,Side Potato Tots,35,Grab N Go,Fall 2024,Default
22-Nov,Quesadilla Deluxe Trillium,103,Grill,Fall 2024,Default
22-Nov,Grilled Hamburger,51,Grill,Fall 2024,Default
22-Nov,Fried Chicken Tenders,48,Grill,Fall 2024,Default
22-Nov,Burrito Una Mano Trillium BYO,36,Grill,Fall 2024,Default
22-Nov,French Fries,81,Grill,Fall 2024,Default
22-Nov,Grilled Chicken Breast Sandwich,15,Grill,Fall 2024,Default
22-Nov,Trillium Grill Impossible Burger,8,Grill,Fall 2024,Default
22-Nov,Quesadilla Cheese,5,Grill,Fall 2024,Default
22-Nov,Sweet Potato Fries,13,Grill,Fall 2024,Default
22-Nov,ADD Beef Patty $2.99,7,Grill,Fall 2024,Default
22-Nov,Add Sausage 2 Patty,5,Grill,Fall 2024,Default
22-Nov,Black Bean Burger,1,Grill,Fall 2024,Default
22-Nov,Seared Salmon Burger,1,Grill,Fall 2024,Default
22-Nov,ADD Cheese,6,Grill,Fall 2024,Default
22-Nov,Add Egg $.99,2,Grill,Fall 2024,Default
22-Nov,1 Entree + 1 Side,90,Asian,Fall 2024,Default
22-Nov,1 Entree + 2 Side,45,Asian,Fall 2024,Default
22-Nov,Bowl Ramen Chicken,49,Asian,Fall 2024,Default
22-Nov,2 Entrees + 2 Sides,10,Asian,Fall 2024,Default
22-Nov,Bowl Ramen Tofu,8,Asian,Fall 2024,Default
22-Nov,Side Vegetarian Lo Mein,11,Asian,Fall 2024,Default
22-Nov,Side White or Brown Rice,10,Asian,Fall 2024,Default
22-Nov,1 Wok Entree,2,Asian,Fall 2024,Default
22-Nov,Side Vegetable Spring Rolls,3,Asian,Fall 2024,Default
22-Nov,Side Vegetables,2,Asian,Fall 2024,Default
22-Nov,Side Vegetarian Fried Rice with,1,Asian,Fall 2024,Default
22-Nov,Burrito Breakfast,66,Breakfast,Fall 2024,Default
22-Nov,Small French Omelet,27,Breakfast,Fall 2024,Default
22-Nov,Egg Cheese Bacon Breakfast Sandw,25,Breakfast,Fall 2024,Default
22-Nov,Grand Slam Breakfast,13,Breakfast,Fall 2024,Default
22-Nov,Egg Cheese Sausage Breakfast San,22,Breakfast,Fall 2024,Default
22-Nov,Two Eggs,15,Breakfast,Fall 2024,Default
22-Nov,Add Bacon,14,Breakfast,Fall 2024,Default
22-Nov,Pancake Single,5,Breakfast,Fall 2024,Default
22-Nov,2 Slices Toast,5,Breakfast,Fall 2024,Default
22-Nov,Trillium Home Fries,1,Breakfast,Fall 2024,Default
22-Nov,PC Jelly,2,Breakfast,Fall 2024,Default
22-Nov,PC Peanut Butter,1,Breakfast,Fall 2024,Default
22-Nov,Create Your Pasta Bowl MEAT,70,Italian,Fall 2024,Default
22-Nov,Pizza with Toppings,21,Italian,Fall 2024,Default
22-Nov,Pizza Cheese,18,Italian,Fall 2024,Default
22-Nov,Create Your Pasta Bowl VEG,9,Italian,Fall 2024,Default
22-Nov,Add Extra Meat,11,Italian,Fall 2024,Default
22-Nov,Burrito Bowl BYO,51,Mexican,Fall 2024,Default
22-Nov,Single Taco,6,Mexican,Fall 2024,Default
22-Nov,Soup 12 oz,41,Soup,Fall 2024,Default
22-Nov,8 oz Soup,32,Soup,Fall 2024,Default
22-Nov,Salad by the Pound,30,Salad Bar,Fall 2024,Default
22-Nov,Side Potato Tots,19,Grab N Go,Fall 2024,Default
25-Nov,Quesadilla Deluxe Trillium,120,Grill,Fall 2024,Multimodal
25-Nov,Grilled Hamburger,67,Grill,Fall 2024,Multimodal
25-Nov,Burrito Una Mano Trillium BYO,45,Grill,Fall 2024,Multimodal
25-Nov,Fried Chicken Tenders,45,Grill,Fall 2024,Multimodal
25-Nov,French Fries,77,Grill,Fall 2024,Multimodal
25-Nov,Grilled Chicken Breast Sandwich,14,Grill,Fall 2024,Multimodal
25-Nov,Quesadilla Cheese,12,Grill,Fall 2024,Multimodal
25-Nov,Seared Salmon Burger,9,Grill,Fall 2024,Multimodal
25-Nov,Sweet Potato Fries,22,Grill,Fall 2024,Multimodal
25-Nov,Trillium Grill Impossible Burger,6,Grill,Fall 2024,Multimodal
25-Nov,ADD Beef Patty $2.99,9,Grill,Fall 2024,Multimodal
25-Nov,ADD Chicken Breast,7,Grill,Fall 2024,Multimodal
25-Nov,Black Bean Burger,2,Grill,Fall 2024,Multimodal
25-Nov,ADD Burger Salmon Grilled,2,Grill,Fall 2024,Multimodal
25-Nov,Add Sausage 2 Patty,2,Grill,Fall 2024,Multimodal
25-Nov,ADD Cheese,5,Grill,Fall 2024,Multimodal
25-Nov,Add Egg $.99,3,Grill,Fall 2024,Multimodal
25-Nov,Add Impossible Burger Patty,0,Grill,Fall 2024,Multimodal
25-Nov,1 Entree + 1 Side,104,Asian,Fall 2024,Multimodal
25-Nov,Bowl Ramen Chicken,56,Asian,Fall 2024,Multimodal
25-Nov,1 Entree + 2 Side,47,Asian,Fall 2024,Multimodal
25-Nov,2 Entrees + 2 Sides,10,Asian,Fall 2024,Multimodal
25-Nov,Bowl Ramen Tofu,10,Asian,Fall 2024,Multimodal
25-Nov,Side Vegetarian Lo Mein,8,Asian,Fall 2024,Multimodal
25-Nov,Side White or Brown Rice,6,Asian,Fall 2024,Multimodal
25-Nov,Side Vegetables,3,Asian,Fall 2024,Multimodal
25-Nov,1 Wok Entree,1,Asian,Fall 2024,Multimodal
25-Nov,Side Vegetarian Fried Rice with,1,Asian,Fall 2024,Multimodal
25-Nov,Create Your Pasta Bowl MEAT,55,Italian,Fall 2024,Multimodal
25-Nov,Create Your Pasta Bowl VEG,20,Italian,Fall 2024,Multimodal
25-Nov,Pizza with Toppings,23,Italian,Fall 2024,Multimodal
25-Nov,Pizza Cheese,11,Italian,Fall 2024,Multimodal
25-Nov,Add Extra Meat,10,Italian,Fall 2024,Multimodal
25-Nov,Burrito Breakfast,31,Breakfast,Fall 2024,Multimodal
25-Nov,Small French Omelet,27,Breakfast,Fall 2024,Multimodal
25-Nov,Egg Cheese Sausage Breakfast San,17,Breakfast,Fall 2024,Multimodal
25-Nov,Grand Slam Breakfast,9,Breakfast,Fall 2024,Multimodal
25-Nov,Egg Cheese Bacon Breakfast Sandw,10,Breakfast,Fall 2024,Multimodal
25-Nov,Add Bacon,17,Breakfast,Fall 2024,Multimodal
25-Nov,Two Eggs,4,Breakfast,Fall 2024,Multimodal
25-Nov,Pancake Single,3,Breakfast,Fall 2024,Multimodal
25-Nov,Trillium Home Fries,1,Breakfast,Fall 2024,Multimodal
25-Nov,2 Slices Toast,3,Breakfast,Fall 2024,Multimodal
25-Nov,Burrito Bowl BYO,43,Mexican,Fall 2024,Multimodal
25-Nov,Single Taco,6,Mexican,Fall 2024,Multimodal
25-Nov,Add Extra Toppings Una Mano,1,Mexican,Fall 2024,Multimodal
25-Nov,Salad by the Pound,46,Salad Bar,Fall 2024,Multimodal
25-Nov,Soup 12 oz,24,Soup,Fall 2024,Multimodal
25-Nov,8 oz Soup,14,Soup,Fall 2024,Multimodal
25-Nov,Side Potato Tots,4,Grab N Go,Fall 2024,Multimodal
26-Nov,Quesadilla Deluxe Trillium,121,Grill,Fall 2024,Multimodal
26-Nov,Grilled Hamburger,52,Grill,Fall 2024,Multimodal
26-Nov,Fried Chicken Tenders,42,Grill,Fall 2024,Multimodal
26-Nov,Burrito Una Mano Trillium BYO,31,Grill,Fall 2024,Multimodal
26-Nov,French Fries,71,Grill,Fall 2024,Multimodal
26-Nov,Seared Salmon Burger,12,Grill,Fall 2024,Multimodal
26-Nov,Quesadilla Cheese,8,Grill,Fall 2024,Multimodal
26-Nov,Sweet Potato Fries,20,Grill,Fall 2024,Multimodal
26-Nov,Trillium Grill Impossible Burger,4,Grill,Fall 2024,Multimodal
26-Nov,Grilled Chicken Breast Sandwich,4,Grill,Fall 2024,Multimodal
26-Nov,Black Bean Burger,3,Grill,Fall 2024,Multimodal
26-Nov,ADD Chicken Breast,2,Grill,Fall 2024,Multimodal
26-Nov,ADD Beef Patty $2.99,2,Grill,Fall 2024,Multimodal
26-Nov,ADD Cheese,5,Grill,Fall 2024,Multimodal
26-Nov,1 Entree + 1 Side,77,Asian,Fall 2024,Multimodal
26-Nov,1 Entree + 2 Side,46,Asian,Fall 2024,Multimodal
26-Nov,Bowl Ramen Chicken,45,Asian,Fall 2024,Multimodal
26-Nov,2 Entrees + 2 Sides,17,Asian,Fall 2024,Multimodal
26-Nov,Bowl Ramen Tofu,6,Asian,Fall 2024,Multimodal
26-Nov,Side Vegetarian Lo Mein,3,Asian,Fall 2024,Multimodal
26-Nov,1 Wok Entree,1,Asian,Fall 2024,Multimodal
26-Nov,Side White or Brown Rice,3,Asian,Fall 2024,Multimodal
26-Nov,Side Vegetables,1,Asian,Fall 2024,Multimodal
26-Nov,Burrito Breakfast,41,Breakfast,Fall 2024,Multimodal
26-Nov,Small French Omelet,15,Breakfast,Fall 2024,Multimodal
26-Nov,Grand Slam Breakfast,7,Breakfast,Fall 2024,Multimodal
26-Nov,Add Bacon,12,Breakfast,Fall 2024,Multimodal
26-Nov,Egg Cheese Sausage Breakfast San,4,Breakfast,Fall 2024,Multimodal
26-Nov,Two Eggs,5,Breakfast,Fall 2024,Multimodal
26-Nov,Pancake Single,1,Breakfast,Fall 2024,Multimodal
26-Nov,2 Slices Toast,1,Breakfast,Fall 2024,Multimodal
26-Nov,Toast,1,Breakfast,Fall 2024,Multimodal
26-Nov,Create Your Pasta Bowl MEAT,29,Italian,Fall 2024,Multimodal
26-Nov,Pizza with Toppings,14,Italian,Fall 2024,Multimodal
26-Nov,Create Your Pasta Bowl VEG,6,Italian,Fall 2024,Multimodal
26-Nov,Pizza Cheese,6,Italian,Fall 2024,Multimodal
26-Nov,Add Extra Meat,2,Italian,Fall 2024,Multimodal
26-Nov,Burrito Bowl BYO,42,Mexican,Fall 2024,Multimodal
26-Nov,Single Taco,3,Mexican,Fall 2024,Multimodal
26-Nov,Add Extra Toppings Una Mano,2,Mexican,Fall 2024,Multimodal
26-Nov,Salad by the Pound,31,Salad Bar,Fall 2024,Multimodal
26-Nov,Add Extra Protein $2.99,2,Salad Bar,Fall 2024,Multimodal
26-Nov,Soup 12 oz,25,Soup,Fall 2024,Multimodal
26-Nov,8 oz Soup,24,Soup,Fall 2024,Multimodal
26-Nov,Side Potato Tots,12,Grab N Go,Fall 2024,Multimodal
2-Dec,Quesadilla Deluxe Trillium,144,Grill,Fall 2024,Multimodal
2-Dec,Grilled Hamburger,97,Grill,Fall 2024,Multimodal
2-Dec,Burrito Una Mano Trillium BYO,48,Grill,Fall 2024,Multimodal
2-Dec,Fried Chicken Tenders,60,Grill,Fall 2024,Multimodal
2-Dec,French Fries,101,Grill,Fall 2024,Multimodal
2-Dec,Quesadilla Cheese,16,Grill,Fall 2024,Multimodal
2-Dec,Seared Salmon Burger,9,Grill,Fall 2024,Multimodal
2-Dec,Sweet Potato Fries,23,Grill,Fall 2024,Multimodal
2-Dec,ADD Beef Patty $2.99,19,Grill,Fall 2024,Multimodal
2-Dec,Black Bean Burger,6,Grill,Fall 2024,Multimodal
2-Dec,Grilled Chicken Breast Sandwich,6,Grill,Fall 2024,Multimodal
2-Dec,ADD Chicken Breast,8,Grill,Fall 2024,Multimodal
2-Dec,ADD Cheese,10,Grill,Fall 2024,Multimodal
2-Dec,Add Sausage 2 Patty,2,Grill,Fall 2024,Multimodal
2-Dec,1 Entree + 1 Side,169,Asian,Fall 2024,Multimodal
2-Dec,Bowl Ramen Chicken,89,Asian,Fall 2024,Multimodal
2-Dec,1 Entree + 2 Side,69,Asian,Fall 2024,Multimodal
2-Dec,2 Entrees + 2 Sides,16,Asian,Fall 2024,Multimodal
2-Dec,Bowl Ramen Tofu,19,Asian,Fall 2024,Multimodal
2-Dec,1 Wok Entree,9,Asian,Fall 2024,Multimodal
2-Dec,Bowl Ramen Pork,5,Asian,Fall 2024,Multimodal
2-Dec,Side Vegetarian Lo Mein,9,Asian,Fall 2024,Multimodal
2-Dec,Side White or Brown Rice,9,Asian,Fall 2024,Multimodal
2-Dec,Side Vegetables,1,Asian,Fall 2024,Multimodal
2-Dec,Create Your Pasta Bowl MEAT,128,Italian,Fall 2024,Multimodal
2-Dec,Create Your Pasta Bowl VEG,24,Italian,Fall 2024,Multimodal
2-Dec,Pizza Cheese,32,Italian,Fall 2024,Multimodal
2-Dec,Pizza with Toppings,22,Italian,Fall 2024,Multimodal
2-Dec,Add Extra Meat,21,Italian,Fall 2024,Multimodal
2-Dec,Side Bread Pasta Station,1,Italian,Fall 2024,Multimodal
2-Dec,Burrito Breakfast,79,Breakfast,Fall 2024,Multimodal
2-Dec,Small French Omelet,44,Breakfast,Fall 2024,Multimodal
2-Dec,Grand Slam Breakfast,10,Breakfast,Fall 2024,Multimodal
2-Dec,Egg Cheese Sausage Breakfast San,13,Breakfast,Fall 2024,Multimodal
2-Dec,Egg Cheese Bacon Breakfast Sandw,11,Breakfast,Fall 2024,Multimodal
2-Dec,Add Bacon,15,Breakfast,Fall 2024,Multimodal
2-Dec,Two Eggs,13,Breakfast,Fall 2024,Multimodal
2-Dec,Trillium Home Fries,3,Breakfast,Fall 2024,Multimodal
2-Dec,Pancake Single,3,Breakfast,Fall 2024,Multimodal
2-Dec,2 Slices Toast,3,Breakfast,Fall 2024,Multimodal
2-Dec,PC Peanut Butter,1,Breakfast,Fall 2024,Multimodal
2-Dec,Burrito Bowl BYO,87,Mexican,Fall 2024,Multimodal
2-Dec,Single Taco,4,Mexican,Fall 2024,Multimodal
2-Dec,Side Guacamole,1,Mexican,Fall 2024,Multimodal
2-Dec,Soup 12 oz,56,Soup,Fall 2024,Multimodal
2-Dec,8 oz Soup,40,Soup,Fall 2024,Multimodal
2-Dec,Salad by the Pound,51,Salad Bar,Fall 2024,Multimodal
2-Dec,Add Extra Protein $2.99,1,Salad Bar,Fall 2024,Multimodal
2-Dec,Side Potato Tots,13,Grab N Go,Fall 2024,Multimodal
3-Dec,Quesadilla Deluxe Trillium,184,Grill,Fall 2024,Multimodal
3-Dec,Grilled Hamburger,97,Grill,Fall 2024,Multimodal
3-Dec,Fried Chicken Tenders,97,Grill,Fall 2024,Multimodal
3-Dec,Burrito Una Mano Trillium BYO,64,Grill,Fall 2024,Multimodal
3-Dec,French Fries,134,Grill,Fall 2024,Multimodal
3-Dec,Quesadilla Cheese,17,Grill,Fall 2024,Multimodal
3-Dec,Grilled Chicken Breast Sandwich,14,Grill,Fall 2024,Multimodal
3-Dec,Trillium Grill Impossible Burger,9,Grill,Fall 2024,Multimodal
3-Dec,Sweet Potato Fries,26,Grill,Fall 2024,Multimodal
3-Dec,Seared Salmon Burger,7,Grill,Fall 2024,Multimodal
3-Dec,ADD Beef Patty $2.99,15,Grill,Fall 2024,Multimodal
3-Dec,Black Bean Burger,4,Grill,Fall 2024,Multimodal
3-Dec,ADD Chicken Breast,9,Grill,Fall 2024,Multimodal
3-Dec,ADD Burger Salmon Grilled,2,Grill,Fall 2024,Multimodal
3-Dec,ADD Cheese,13,Grill,Fall 2024,Multimodal
3-Dec,Add Egg $.99,4,Grill,Fall 2024,Multimodal
3-Dec,1 Entree + 1 Side,199,Asian,Fall 2024,Multimodal
3-Dec,1 Entree + 2 Side,81,Asian,Fall 2024,Multimodal
3-Dec,Bowl Ramen Chicken,76,Asian,Fall 2024,Multimodal
3-Dec,2 Entrees + 2 Sides,22,Asian,Fall 2024,Multimodal
3-Dec,Bowl Ramen Tofu,21,Asian,Fall 2024,Multimodal
3-Dec,Side Vegetarian Lo Mein,8,Asian,Fall 2024,Multimodal
3-Dec,Side Vegetable Spring Rolls,4,Asian,Fall 2024,Multimodal
3-Dec,Side White or Brown Rice,6,Asian,Fall 2024,Multimodal
3-Dec,Side Vegetarian Fried Rice with,3,Asian,Fall 2024,Multimodal
3-Dec,Side Fried Spring Roll,1,Asian,Fall 2024,Multimodal
3-Dec,Side Vegetables,1,Asian,Fall 2024,Multimodal
3-Dec,Add Extra Toppings,1,Asian,Fall 2024,Multimodal
3-Dec,Create Your Pasta Bowl MEAT,116,Italian,Fall 2024,Multimodal
3-Dec,Create Your Pasta Bowl VEG,28,Italian,Fall 2024,Multimodal
3-Dec,Pizza with Toppings,39,Italian,Fall 2024,Multimodal
3-Dec,Pizza Cheese,20,Italian,Fall 2024,Multimodal
3-Dec,Add Extra Meat,21,Italian,Fall 2024,Multimodal
3-Dec,Burrito Breakfast,72,Breakfast,Fall 2024,Multimodal
3-Dec,Small French Omelet,57,Breakfast,Fall 2024,Multimodal
3-Dec,Egg Cheese Sausage Breakfast San,36,Breakfast,Fall 2024,Multimodal
3-Dec,Egg Cheese Bacon Breakfast Sandw,33,Breakfast,Fall 2024,Multimodal
3-Dec,Grand Slam Breakfast,13,Breakfast,Fall 2024,Multimodal
3-Dec,Add Bacon,22,Breakfast,Fall 2024,Multimodal
3-Dec,Two Eggs,11,Breakfast,Fall 2024,Multimodal
3-Dec,Trillium Home Fries,2,Breakfast,Fall 2024,Multimodal
3-Dec,Pancake Single,2,Breakfast,Fall 2024,Multimodal
3-Dec,2 Slices Toast,2,Breakfast,Fall 2024,Multimodal
3-Dec,Toast,1,Breakfast,Fall 2024,Multimodal
3-Dec,PC Jelly,1,Breakfast,Fall 2024,Multimodal
3-Dec,Burrito Bowl BYO,115,Mexican,Fall 2024,Multimodal
3-Dec,Single Taco,4,Mexican,Fall 2024,Multimodal
3-Dec,Side Guacamole,6,Mexican,Fall 2024,Multimodal
3-Dec,Add Extra Toppings Una Mano,3,Mexican,Fall 2024,Multimodal
3-Dec,Side Salsa,1,Mexican,Fall 2024,Multimodal
3-Dec,Soup 12 oz,53,Soup,Fall 2024,Multimodal
3-Dec,8 oz Soup,51,Soup,Fall 2024,Multimodal
3-Dec,Salad by the Pound,55,Salad Bar,Fall 2024,Multimodal
3-Dec,Add Extra Protein $2.99,1,Salad Bar,Fall 2024,Multimodal
3-Dec,Side Potato Tots,17,Grab N Go,Fall 2024,Multimodal
4-Dec,Quesadilla Deluxe Trillium,168,Grill,Fall 2024,Multimodal
4-Dec,Grilled Hamburger,117,Grill,Fall 2024,Multimodal
4-Dec,Fried Chicken Tenders,83,Grill,Fall 2024,Multimodal
4-Dec,Burrito Una Mano Trillium BYO,60,Grill,Fall 2024,Multimodal
4-Dec,French Fries,126,Grill,Fall 2024,Multimodal
4-Dec,Grilled Chicken Breast Sandwich,16,Grill,Fall 2024,Multimodal
4-Dec,Quesadilla Cheese,17,Grill,Fall 2024,Multimodal
4-Dec,Sweet Potato Fries,28,Grill,Fall 2024,Multimodal
4-Dec,Trillium Grill Impossible Burger,7,Grill,Fall 2024,Multimodal
4-Dec,Seared Salmon Burger,5,Grill,Fall 2024,Multimodal
4-Dec,ADD Chicken Breast,10,Grill,Fall 2024,Multimodal
4-Dec,ADD Beef Patty $2.99,7,Grill,Fall 2024,Multimodal
4-Dec,Add Sausage 2 Patty,4,Grill,Fall 2024,Multimodal
4-Dec,Black Bean Burger,1,Grill,Fall 2024,Multimodal
4-Dec,ADD Cheese,5,Grill,Fall 2024,Multimodal
4-Dec,Add Egg $.99,3,Grill,Fall 2024,Multimodal
4-Dec,1 Entree + 1 Side,202,Asian,Fall 2024,Multimodal
4-Dec,1 Entree + 2 Side,85,Asian,Fall 2024,Multimodal
4-Dec,Bowl Ramen Chicken,84,Asian,Fall 2024,Multimodal
4-Dec,2 Entrees + 2 Sides,35,Asian,Fall 2024,Multimodal
4-Dec,Bowl Ramen Tofu,13,Asian,Fall 2024,Multimodal
4-Dec,Side Vegetarian Lo Mein,16,Asian,Fall 2024,Multimodal
4-Dec,1 Wok Entree,5,Asian,Fall 2024,Multimodal
4-Dec,Side White or Brown Rice,9,Asian,Fall 2024,Multimodal
4-Dec,Side Vegetables,2,Asian,Fall 2024,Multimodal
4-Dec,Side Fried Spring Roll,1,Asian,Fall 2024,Multimodal
4-Dec,Side Vegetarian Fried Rice with,1,Asian,Fall 2024,Multimodal
4-Dec,Create Your Pasta Bowl MEAT,142,Italian,Fall 2024,Multimodal
4-Dec,Create Your Pasta Bowl VEG,27,Italian,Fall 2024,Multimodal
4-Dec,Pizza with Toppings,22,Italian,Fall 2024,Multimodal
4-Dec,Pizza Cheese,22,Italian,Fall 2024,Multimodal
4-Dec,Add Extra Meat,36,Italian,Fall 2024,Multimodal
4-Dec,Side Bread Pasta Station,2,Italian,Fall 2024,Multimodal
4-Dec,Burrito Breakfast,91,Breakfast,Fall 2024,Multimodal
4-Dec,Small French Omelet,58,Breakfast,Fall 2024,Multimodal
4-Dec,Grand Slam Breakfast,19,Breakfast,Fall 2024,Multimodal
4-Dec,Egg Cheese Sausage Breakfast San,30,Breakfast,Fall 2024,Multimodal
4-Dec,Egg Cheese Bacon Breakfast Sandw,28,Breakfast,Fall 2024,Multimodal
4-Dec,Add Bacon,34,Breakfast,Fall 2024,Multimodal
4-Dec,Two Eggs,18,Breakfast,Fall 2024,Multimodal
4-Dec,Trillium Home Fries,5,Breakfast,Fall 2024,Multimodal
4-Dec,Pancake Single,2,Breakfast,Fall 2024,Multimodal
4-Dec,2 Slices Toast,4,Breakfast,Fall 2024,Multimodal
4-Dec,Toast,1,Breakfast,Fall 2024,Multimodal
4-Dec,Burrito Bowl BYO,84,Mexican,Fall 2024,Multimodal
4-Dec,Single Taco,10,Mexican,Fall 2024,Multimodal
4-Dec,Side Guacamole,2,Mexican,Fall 2024,Multimodal
4-Dec,Add Extra Toppings Una Mano,2,Mexican,Fall 2024,Multimodal
4-Dec,Soup 12 oz,58,Soup,Fall 2024,Multimodal
4-Dec,8 oz Soup,59,Soup,Fall 2024,Multimodal
4-Dec,Salad by the Pound,61,Salad Bar,Fall 2024,Multimodal
4-Dec,Add Extra Protein $2.99,2,Salad Bar,Fall 2024,Multimodal
4-Dec,Side Potato Tots,11,Grab N Go,Fall 2024,Multimodal
5-Dec,Quesadilla Deluxe Trillium,163,Grill,Fall 2024,Multimodal
5-Dec,Grilled Hamburger,118,Grill,Fall 2024,Multimodal
5-Dec,Fried Chicken Tenders,116,Grill,Fall 2024,Multimodal
5-Dec,Burrito Una Mano Trillium BYO,82,Grill,Fall 2024,Multimodal
5-Dec,French Fries,179,Grill,Fall 2024,Multimodal
5-Dec,Grilled Chicken Breast Sandwich,22,Grill,Fall 2024,Multimodal
5-Dec,Trillium Grill Impossible Burger,16,Grill,Fall 2024,Multimodal
5-Dec,Quesadilla Cheese,20,Grill,Fall 2024,Multimodal
5-Dec,Sweet Potato Fries,42,Grill,Fall 2024,Multimodal
5-Dec,Seared Salmon Burger,11,Grill,Fall 2024,Multimodal
5-Dec,Black Bean Burger,6,Grill,Fall 2024,Multimodal
5-Dec,ADD Beef Patty $2.99,15,Grill,Fall 2024,Multimodal
5-Dec,ADD Chicken Breast,4,Grill,Fall 2024,Multimodal
5-Dec,Add Sausage 2 Patty,3,Grill,Fall 2024,Multimodal
5-Dec,ADD Cheese,9,Grill,Fall 2024,Multimodal
5-Dec,Add Egg $.99,3,Grill,Fall 2024,Multimodal
5-Dec,1 Entree + 1 Side,212,Asian,Fall 2024,Multimodal
5-Dec,1 Entree + 2 Side,85,Asian,Fall 2024,Multimodal
5-Dec,Bowl Ramen Chicken,70,Asian,Fall 2024,Multimodal
5-Dec,2 Entrees + 2 Sides,41,Asian,Fall 2024,Multimodal
5-Dec,Bowl Ramen Tofu,22,Asian,Fall 2024,Multimodal
5-Dec,Side Vegetarian Lo Mein,14,Asian,Fall 2024,Multimodal
5-Dec,1 Wok Entree,8,Asian,Fall 2024,Multimodal
5-Dec,Side White or Brown Rice,10,Asian,Fall 2024,Multimodal
5-Dec,Side Fried Spring Roll,2,Asian,Fall 2024,Multimodal
5-Dec,Side Vegetables,2,Asian,Fall 2024,Multimodal
5-Dec,Side Vegetable Spring Rolls,1,Asian,Fall 2024,Multimodal
5-Dec,Create Your Pasta Bowl MEAT,113,Italian,Fall 2024,Multimodal
5-Dec,Create Your Pasta Bowl VEG,32,Italian,Fall 2024,Multimodal
5-Dec,Pizza with Toppings,37,Italian,Fall 2024,Multimodal
5-Dec,Pizza Cheese,23,Italian,Fall 2024,Multimodal
5-Dec,Add Extra Meat,23,Italian,Fall 2024,Multimodal
5-Dec,Side Bread Pasta Station,1,Italian,Fall 2024,Multimodal
5-Dec,Burrito Breakfast,69,Breakfast,Fall 2024,Multimodal
5-Dec,Small French Omelet,36,Breakfast,Fall 2024,Multimodal
5-Dec,Grand Slam Breakfast,18,Breakfast,Fall 2024,Multimodal
5-Dec,Egg Cheese Sausage Breakfast San,24,Breakfast,Fall 2024,Multimodal
5-Dec,Egg Cheese Bacon Breakfast Sandw,20,Breakfast,Fall 2024,Multimodal
5-Dec,Add Bacon,28,Breakfast,Fall 2024,Multimodal
5-Dec,Two Eggs,15,Breakfast,Fall 2024,Multimodal
5-Dec,Trillium Home Fries,2,Breakfast,Fall 2024,Multimodal
5-Dec,2 Slices Toast,2,Breakfast,Fall 2024,Multimodal
5-Dec,Toast,1,Breakfast,Fall 2024,Multimodal
5-Dec,Burrito Bowl BYO,93,Mexican,Fall 2024,Multimodal
5-Dec,Single Taco,4,Mexican,Fall 2024,Multimodal
5-Dec,Side Guacamole,2,Mexican,Fall 2024,Multimodal
5-Dec,Add Extra Toppings Una Mano,2,Mexican,Fall 2024,Multimodal
5-Dec,8 oz Soup,66,Soup,Fall 2024,Multimodal
5-Dec,Soup 12 oz,36,Soup,Fall 2024,Multimodal
5-Dec,Salad by the Pound,47,Salad Bar,Fall 2024,Multimodal
5-Dec,Add Extra Protein $2.99,2,Salad Bar,Fall 2024,Multimodal
5-Dec,Side Potato Tots,11,Grab N Go,Fall 2024,Multimodal
6-Dec,Quesadilla Deluxe Trillium,114,Grill,Fall 2024,Multimodal
6-Dec,Grilled Hamburger,76,Grill,Fall 2024,Multimodal
6-Dec,Burrito Una Mano Trillium BYO,50,Grill,Fall 2024,Multimodal
6-Dec,Fried Chicken Tenders,63,Grill,Fall 2024,Multimodal
6-Dec,French Fries,113,Grill,Fall 2024,Multimodal
6-Dec,Quesadilla Cheese,12,Grill,Fall 2024,Multimodal
6-Dec,Trillium Grill Impossible Burger,8,Grill,Fall 2024,Multimodal
6-Dec,Grilled Chicken Breast Sandwich,8,Grill,Fall 2024,Multimodal
6-Dec,Seared Salmon Burger,6,Grill,Fall 2024,Multimodal
6-Dec,Black Bean Burger,5,Grill,Fall 2024,Multimodal
6-Dec,Sweet Potato Fries,7,Grill,Fall 2024,Multimodal
6-Dec,Add Sausage 2 Patty,4,Grill,Fall 2024,Multimodal
6-Dec,ADD Beef Patty $2.99,2,Grill,Fall 2024,Multimodal
6-Dec,ADD Cheese,5,Grill,Fall 2024,Multimodal
6-Dec,Add Egg $.99,2,Grill,Fall 2024,Multimodal
6-Dec,1 Entree + 1 Side,137,Asian,Fall 2024,Multimodal
6-Dec,1 Entree + 2 Side,61,Asian,Fall 2024,Multimodal
6-Dec,Bowl Ramen Chicken,58,Asian,Fall 2024,Multimodal
6-Dec,2 Entrees + 2 Sides,23,Asian,Fall 2024,Multimodal
6-Dec,Bowl Ramen Tofu,18,Asian,Fall 2024,Multimodal
6-Dec,1 Wok Entree,5,Asian,Fall 2024,Multimodal
6-Dec,Side Vegetarian Lo Mein,5,Asian,Fall 2024,Multimodal
6-Dec,Side Vegetables,1,Asian,Fall 2024,Multimodal
6-Dec,Side Vegetable Spring Rolls,1,Asian,Fall 2024,Multimodal
6-Dec,Side Vegetarian Fried Rice with,1,Asian,Fall 2024,Multimodal
6-Dec,Side White or Brown Rice,1,Asian,Fall 2024,Multimodal
6-Dec,Burrito Breakfast,72,Breakfast,Fall 2024,Multimodal
6-Dec,Small French Omelet,49,Breakfast,Fall 2024,Multimodal
6-Dec,Grand Slam Breakfast,15,Breakfast,Fall 2024,Multimodal
6-Dec,Egg Cheese Sausage Breakfast San,26,Breakfast,Fall 2024,Multimodal
6-Dec,Egg Cheese Bacon Breakfast Sandw,20,Breakfast,Fall 2024,Multimodal
6-Dec,Add Bacon,27,Breakfast,Fall 2024,Multimodal
6-Dec,Two Eggs,18,Breakfast,Fall 2024,Multimodal
6-Dec,Pancake Single,4,Breakfast,Fall 2024,Multimodal
6-Dec,Trillium Home Fries,3,Breakfast,Fall 2024,Multimodal
6-Dec,2 Slices Toast,5,Breakfast,Fall 2024,Multimodal
6-Dec,Toast,1,Breakfast,Fall 2024,Multimodal
6-Dec,PC Peanut Butter,1,Breakfast,Fall 2024,Multimodal
6-Dec,Create Your Pasta Bowl MEAT,83,Italian,Fall 2024,Multimodal
6-Dec,Pizza with Toppings,28,Italian,Fall 2024,Multimodal
6-Dec,Create Your Pasta Bowl VEG,12,Italian,Fall 2024,Multimodal
6-Dec,Pizza Cheese,19,Italian,Fall 2024,Multimodal
6-Dec,Add Extra Meat,26,Italian,Fall 2024,Multimodal
6-Dec,Burrito Bowl BYO,66,Mexican,Fall 2024,Multimodal
6-Dec,Single Taco,6,Mexican,Fall 2024,Multimodal
6-Dec,Soup 12 oz,34,Soup,Fall 2024,Multimodal
6-Dec,8 oz Soup,30,Soup,Fall 2024,Multimodal
6-Dec,Salad by the Pound,34,Salad Bar,Fall 2024,Multimodal
6-Dec,Side Potato Tots,21,Grab N Go,Fall 2024,Multimodal
9-Dec,Quesadilla Deluxe Trillium,170,Grill,Fall 2024,Multimodal
9-Dec,Grilled Hamburger,96,Grill,Fall 2024,Multimodal
9-Dec,Fried Chicken Tenders,78,Grill,Fall 2024,Multimodal
9-Dec,Burrito Una Mano Trillium BYO,54,Grill,Fall 2024,Multimodal
9-Dec,French Fries,116,Grill,Fall 2024,Multimodal
9-Dec,Seared Salmon Burger,12,Grill,Fall 2024,Multimodal
9-Dec,Trillium Grill Impossible Burger,9,Grill,Fall 2024,Multimodal
9-Dec,Grilled Chicken Breast Sandwich,8,Grill,Fall 2024,Multimodal
9-Dec,Sweet Potato Fries,22,Grill,Fall 2024,Multimodal
9-Dec,Quesadilla Cheese,8,Grill,Fall 2024,Multimodal
9-Dec,Black Bean Burger,4,Grill,Fall 2024,Multimodal
9-Dec,ADD Beef Patty $2.99,8,Grill,Fall 2024,Multimodal
9-Dec,ADD Chicken Breast,6,Grill,Fall 2024,Multimodal
9-Dec,ADD Cheese,9,Grill,Fall 2024,Multimodal
9-Dec,Add Egg $.99,4,Grill,Fall 2024,Multimodal
9-Dec,Add Sausage 2 Patty,1,Grill,Fall 2024,Multimodal
9-Dec,1 Entree + 1 Side,165,Asian,Fall 2024,Multimodal
9-Dec,1 Entree + 2 Side,59,Asian,Fall 2024,Multimodal
9-Dec,Bowl Ramen Chicken,57,Asian,Fall 2024,Multimodal
9-Dec,2 Entrees + 2 Sides,17,Asian,Fall 2024,Multimodal
9-Dec,Bowl Ramen Tofu,20,Asian,Fall 2024,Multimodal
9-Dec,Side Vegetarian Lo Mein,11,Asian,Fall 2024,Multimodal
9-Dec,1 Wok Entree,3,Asian,Fall 2024,Multimodal
9-Dec,Side White or Brown Rice,7,Asian,Fall 2024,Multimodal
9-Dec,Side Vegetable Spring Rolls,3,Asian,Fall 2024,Multimodal
9-Dec,Create Your Pasta Bowl MEAT,108,Italian,Fall 2024,Multimodal
9-Dec,Create Your Pasta Bowl VEG,32,Italian,Fall 2024,Multimodal
9-Dec,Pizza with Toppings,28,Italian,Fall 2024,Multimodal
9-Dec,Pizza Cheese,17,Italian,Fall 2024,Multimodal
9-Dec,Add Extra Meat,28,Italian,Fall 2024,Multimodal
9-Dec,Burrito Breakfast,70,Breakfast,Fall 2024,Multimodal
9-Dec,Small French Omelet,44,Breakfast,Fall 2024,Multimodal
9-Dec,Egg Cheese Sausage Breakfast San,25,Breakfast,Fall 2024,Multimodal
9-Dec,Grand Slam Breakfast,12,Breakfast,Fall 2024,Multimodal
9-Dec,Egg Cheese Bacon Breakfast Sandw,21,Breakfast,Fall 2024,Multimodal
9-Dec,Add Bacon,32,Breakfast,Fall 2024,Multimodal
9-Dec,Two Eggs,13,Breakfast,Fall 2024,Multimodal
9-Dec,Pancake Single,6,Breakfast,Fall 2024,Multimodal
9-Dec,Trillium Home Fries,1,Breakfast,Fall 2024,Multimodal
9-Dec,2 Slices Toast,3,Breakfast,Fall 2024,Multimodal
9-Dec,Toast,1,Breakfast,Fall 2024,Multimodal
9-Dec,Burrito Bowl BYO,93,Mexican,Fall 2024,Multimodal
9-Dec,Single Taco,6,Mexican,Fall 2024,Multimodal
9-Dec,Soup 12 oz,47,Soup,Fall 2024,Multimodal
9-Dec,8 oz Soup,32,Soup,Fall 2024,Multimodal
9-Dec,Salad by the Pound,34,Salad Bar,Fall 2024,Multimodal
9-Dec,Side Potato Tots,17,Grab N Go,Fall 2024,Multimodal
10-Dec,Quesadilla Deluxe Trillium,133,Grill,Fall 2024,Multimodal
10-Dec,Grilled Hamburger,52,Grill,Fall 2024,Multimodal
10-Dec,Burrito Una Mano Trillium BYO,30,Grill,Fall 2024,Multimodal
10-Dec,Fried Chicken Tenders,34,Grill,Fall 2024,Multimodal
10-Dec,French Fries,65,Grill,Fall 2024,Multimodal
10-Dec,Trillium Grill Impossible Burger,8,Grill,Fall 2024,Multimodal
10-Dec,Quesadilla Cheese,8,Grill,Fall 2024,Multimodal
10-Dec,Grilled Chicken Breast Sandwich,6,Grill,Fall 2024,Multimodal
10-Dec,Seared Salmon Burger,6,Grill,Fall 2024,Multimodal
10-Dec,Sweet Potato Fries,12,Grill,Fall 2024,Multimodal
10-Dec,ADD Beef Patty $2.99,4,Grill,Fall 2024,Multimodal
10-Dec,ADD Chicken Breast,1,Grill,Fall 2024,Multimodal
10-Dec,Add Egg $.99,1,Grill,Fall 2024,Multimodal
10-Dec,ADD Cheese,1,Grill,Fall 2024,Multimodal
10-Dec,1 Entree + 1 Side,76,Asian,Fall 2024,Multimodal
10-Dec,Bowl Ramen Chicken,37,Asian,Fall 2024,Multimodal
10-Dec,1 Entree + 2 Side,32,Asian,Fall 2024,Multimodal
10-Dec,2 Entrees + 2 Sides,15,Asian,Fall 2024,Multimodal
10-Dec,Bowl Ramen Tofu,4,Asian,Fall 2024,Multimodal
10-Dec,Side Vegetables,2,Asian,Fall 2024,Multimodal
10-Dec,Side Vegetable Spring Rolls,1,Asian,Fall 2024,Multimodal
10-Dec,Side Vegetarian Lo Mein,1,Asian,Fall 2024,Multimodal
10-Dec,Side White or Brown Rice,1,Asian,Fall 2024,Multimodal
10-Dec,Create Your Pasta Bowl MEAT,45,Italian,Fall 2024,Multimodal
10-Dec,Pizza with Toppings,22,Italian,Fall 2024,Multimodal
10-Dec,Create Your Pasta Bowl VEG,9,Italian,Fall 2024,Multimodal
10-Dec,Pizza Cheese,11,Italian,Fall 2024,Multimodal
10-Dec,Add Extra Meat,12,Italian,Fall 2024,Multimodal
10-Dec,Burrito Breakfast,36,Breakfast,Fall 2024,Multimodal
10-Dec,Small French Omelet,22,Breakfast,Fall 2024,Multimodal
10-Dec,Grand Slam Breakfast,8,Breakfast,Fall 2024,Multimodal
10-Dec,Add Bacon,13,Breakfast,Fall 2024,Multimodal
10-Dec,Pancake Single,3,Breakfast,Fall 2024,Multimodal
10-Dec,Egg Cheese Sausage Breakfast San,1,Breakfast,Fall 2024,Multimodal
10-Dec,Two Eggs,2,Breakfast,Fall 2024,Multimodal
10-Dec,2 Slices Toast,2,Breakfast,Fall 2024,Multimodal
10-Dec,Burrito Bowl BYO,40,Mexican,Fall 2024,Multimodal
10-Dec,Single Taco,8,Mexican,Fall 2024,Multimodal
10-Dec,Side Guacamole,1,Mexican,Fall 2024,Multimodal
10-Dec,Add Extra Toppings Una Mano,1,Mexican,Fall 2024,Multimodal
10-Dec,Salad by the Pound,32,Salad Bar,Fall 2024,Multimodal
10-Dec,8 oz Soup,24,Soup,Fall 2024,Multimodal
10-Dec,Soup 12 oz,18,Soup,Fall 2024,Multimodal
10-Dec,Side Potato Tots,6,Grab N Go,Fall 2024,Multimodal
11-Dec,Quesadilla Deluxe Trillium,111,Grill,Fall 2024,Multimodal
11-Dec,Grilled Hamburger,47,Grill,Fall 2024,Multimodal
11-Dec,Burrito Una Mano Trillium BYO,38,Grill,Fall 2024,Multimodal
11-Dec,French Fries,71,Grill,Fall 2024,Multimodal
11-Dec,Fried Chicken Tenders,28,Grill,Fall 2024,Multimodal
11-Dec,Quesadilla Cheese,11,Grill,Fall 2024,Multimodal
11-Dec,Grilled Chicken Breast Sandwich,8,Grill,Fall 2024,Multimodal
11-Dec,Trillium Grill Impossible Burger,5,Grill,Fall 2024,Multimodal
11-Dec,Seared Salmon Burger,6,Grill,Fall 2024,Multimodal
11-Dec,Black Bean Burger,2,Grill,Fall 2024,Multimodal
11-Dec,ADD Beef Patty $2.99,4,Grill,Fall 2024,Multimodal
11-Dec,ADD Burger Salmon Grilled,2,Grill,Fall 2024,Multimodal
11-Dec,Add Egg $.99,4,Grill,Fall 2024,Multimodal
11-Dec,Add Sausage 2 Patty,1,Grill,Fall 2024,Multimodal
11-Dec,ADD Cheese,3,Grill,Fall 2024,Multimodal
11-Dec,1 Entree + 1 Side,70,Asian,Fall 2024,Multimodal
11-Dec,Bowl Ramen Chicken,42,Asian,Fall 2024,Multimodal
11-Dec,1 Entree + 2 Side,31,Asian,Fall 2024,Multimodal
11-Dec,2 Entrees + 2 Sides,15,Asian,Fall 2024,Multimodal
11-Dec,Bowl Ramen Tofu,7,Asian,Fall 2024,Multimodal
11-Dec,1 Wok Entree,4,Asian,Fall 2024,Multimodal
11-Dec,Side Vegetables,5,Asian,Fall 2024,Multimodal
11-Dec,Side Vegetarian Lo Mein,3,Asian,Fall 2024,Multimodal
11-Dec,Side White or Brown Rice,5,Asian,Fall 2024,Multimodal
11-Dec,Side Vegetarian Fried Rice with,2,Asian,Fall 2024,Multimodal
11-Dec,Side Vegetable Spring Rolls,1,Asian,Fall 2024,Multimodal
11-Dec,Create Your Pasta Bowl MEAT,41,Italian,Fall 2024,Multimodal
11-Dec,Create Your Pasta Bowl VEG,15,Italian,Fall 2024,Multimodal
11-Dec,Pizza with Toppings,17,Italian,Fall 2024,Multimodal
11-Dec,Pizza Cheese,6,Italian,Fall 2024,Multimodal
11-Dec,Add Extra Meat,5,Italian,Fall 2024,Multimodal
11-Dec,Burrito Breakfast,37,Breakfast,Fall 2024,Multimodal
11-Dec,Small French Omelet,24,Breakfast,Fall 2024,Multimodal
11-Dec,Egg Cheese Sausage Breakfast San,9,Breakfast,Fall 2024,Multimodal
11-Dec,Grand Slam Breakfast,4,Breakfast,Fall 2024,Multimodal
11-Dec,Add Bacon,6,Breakfast,Fall 2024,Multimodal
11-Dec,Egg Cheese Bacon Breakfast Sandw,2,Breakfast,Fall 2024,Multimodal
11-Dec,Pancake Single,4,Breakfast,Fall 2024,Multimodal
11-Dec,Two Eggs,3,Breakfast,Fall 2024,Multimodal
11-Dec,Trillium Home Fries,1,Breakfast,Fall 2024,Multimodal
11-Dec,Burrito Bowl BYO,49,Mexican,Fall 2024,Multimodal
11-Dec,Single Taco,2,Mexican,Fall 2024,Multimodal
11-Dec,Side Guacamole,1,Mexican,Fall 2024,Multimodal
11-Dec,Salad by the Pound,30,Salad Bar,Fall 2024,Multimodal
11-Dec,Soup 12 oz,20,Soup,Fall 2024,Multimodal
11-Dec,8 oz Soup,18,Soup,Fall 2024,Multimodal
11-Dec,Side Potato Tots,11,Grab N Go,Fall 2024,Multimodal
12-Dec,Quesadilla Deluxe Trillium,144,Grill,Fall 2024,Multimodal
12-Dec,Grilled Hamburger,69,Grill,Fall 2024,Multimodal
12-Dec,Burrito Una Mano Trillium BYO,33,Grill,Fall 2024,Multimodal
12-Dec,Fried Chicken Tenders,39,Grill,Fall 2024,Multimodal
12-Dec,French Fries,73,Grill,Fall 2024,Multimodal
12-Dec,Grilled Chicken Breast Sandwich,13,Grill,Fall 2024,Multimodal
12-Dec,Trillium Grill Impossible Burger,8,Grill,Fall 2024,Multimodal
12-Dec,Seared Salmon Burger,8,Grill,Fall 2024,Multimodal
12-Dec,Quesadilla Cheese,8,Grill,Fall 2024,Multimodal
12-Dec,Sweet Potato Fries,15,Grill,Fall 2024,Multimodal
12-Dec,ADD Beef Patty $2.99,12,Grill,Fall 2024,Multimodal
12-Dec,ADD Chicken Breast,5,Grill,Fall 2024,Multimodal
12-Dec,Black Bean Burger,1,Grill,Fall 2024,Multimodal
12-Dec,ADD Cheese,10,Grill,Fall 2024,Multimodal
12-Dec,ADD Burger Salmon Grilled,1,Grill,Fall 2024,Multimodal
12-Dec,Add Egg $.99,2,Grill,Fall 2024,Multimodal
12-Dec,1 Entree + 1 Side,83,Asian,Fall 2024,Multimodal
12-Dec,1 Entree + 2 Side,44,Asian,Fall 2024,Multimodal
12-Dec,Bowl Ramen Chicken,46,Asian,Fall 2024,Multimodal
12-Dec,2 Entrees + 2 Sides,9,Asian,Fall 2024,Multimodal
12-Dec,Bowl Ramen Tofu,9,Asian,Fall 2024,Multimodal
12-Dec,Side Vegetarian Lo Mein,7,Asian,Fall 2024,Multimodal
12-Dec,1 Wok Entree,4,Asian,Fall 2024,Multimodal
12-Dec,Side White or Brown Rice,6,Asian,Fall 2024,Multimodal
12-Dec,Side Vegetarian Fried Rice with,2,Asian,Fall 2024,Multimodal
12-Dec,Side Fried Spring Roll,1,Asian,Fall 2024,Multimodal
12-Dec,Side Vegetables,1,Asian,Fall 2024,Multimodal
12-Dec,Side Vegetable Spring Rolls,1,Asian,Fall 2024,Multimodal
12-Dec,Small French Omelet,34,Breakfast,Fall 2024,Multimodal
12-Dec,Burrito Breakfast,36,Breakfast,Fall 2024,Multimodal
12-Dec,Grand Slam Breakfast,7,Breakfast,Fall 2024,Multimodal
12-Dec,Egg Cheese Sausage Breakfast San,11,Breakfast,Fall 2024,Multimodal
12-Dec,Add Bacon,24,Breakfast,Fall 2024,Multimodal
12-Dec,Egg Cheese Bacon Breakfast Sandw,8,Breakfast,Fall 2024,Multimodal
12-Dec,Two Eggs,6,Breakfast,Fall 2024,Multimodal
12-Dec,Trillium Home Fries,1,Breakfast,Fall 2024,Multimodal
12-Dec,Pancake Single,1,Breakfast,Fall 2024,Multimodal
12-Dec,Toast,1,Breakfast,Fall 2024,Multimodal
12-Dec,PC Jelly,1,Breakfast,Fall 2024,Multimodal
12-Dec,Create Your Pasta Bowl MEAT,34,Italian,Fall 2024,Multimodal
12-Dec,Create Your Pasta Bowl VEG,14,Italian,Fall 2024,Multimodal
12-Dec,Pizza with Toppings,19,Italian,Fall 2024,Multimodal
12-Dec,Pizza Cheese,9,Italian,Fall 2024,Multimodal
12-Dec,Add Extra Meat,9,Italian,Fall 2024,Multimodal
12-Dec,Burrito Bowl BYO,55,Mexican,Fall 2024,Multimodal
12-Dec,Single Taco,11,Mexican,Fall 2024,Multimodal
12-Dec,Side Guacamole,3,Mexican,Fall 2024,Multimodal
12-Dec,Add Extra Toppings Una Mano,2,Mexican,Fall 2024,Multimodal
12-Dec,Salad by the Pound,38,Salad Bar,Fall 2024,Multimodal
12-Dec,8 oz Soup,30,Soup,Fall 2024,Multimodal
12-Dec,Soup 12 oz,18,Soup,Fall 2024,Multimodal
12-Dec,Side Potato Tots,7,Grab N Go,Fall 2024,Multimodal
13-Dec,Quesadilla Deluxe Trillium,118,Grill,Fall 2024,Multimodal
13-Dec,Grilled Hamburger,49,Grill,Fall 2024,Multimodal
13-Dec,Burrito Una Mano Trillium BYO,43,Grill,Fall 2024,Multimodal
13-Dec,Fried Chicken Tenders,34,Grill,Fall 2024,Multimodal
13-Dec,French Fries,84,Grill,Fall 2024,Multimodal
13-Dec,Grilled Chicken Breast Sandwich,13,Grill,Fall 2024,Multimodal
13-Dec,Quesadilla Cheese,12,Grill,Fall 2024,Multimodal
13-Dec,ADD Beef Patty $2.99,9,Grill,Fall 2024,Multimodal
13-Dec,Seared Salmon Burger,2,Grill,Fall 2024,Multimodal
13-Dec,Trillium Grill Impossible Burger,1,Grill,Fall 2024,Multimodal
13-Dec,ADD Chicken Breast,3,Grill,Fall 2024,Multimodal
13-Dec,Black Bean Burger,1,Grill,Fall 2024,Multimodal
13-Dec,Add Sausage 2 Patty,2,Grill,Fall 2024,Multimodal
13-Dec,ADD Cheese,5,Grill,Fall 2024,Multimodal
13-Dec,Add Egg $.99,3,Grill,Fall 2024,Multimodal
13-Dec,1 Entree + 1 Side,87,Asian,Fall 2024,Multimodal
13-Dec,Bowl Ramen Chicken,50,Asian,Fall 2024,Multimodal
13-Dec,1 Entree + 2 Side,44,Asian,Fall 2024,Multimodal
13-Dec,2 Entrees + 2 Sides,9,Asian,Fall 2024,Multimodal
13-Dec,Bowl Ramen Tofu,7,Asian,Fall 2024,Multimodal
13-Dec,Side Vegetarian Lo Mein,5,Asian,Fall 2024,Multimodal
13-Dec,Side White or Brown Rice,6,Asian,Fall 2024,Multimodal
13-Dec,Side Vegetarian Fried Rice with,2,Asian,Fall 2024,Multimodal
13-Dec,1 Wok Entree,1,Asian,Fall 2024,Multimodal
13-Dec,Side Vegetables,1,Asian,Fall 2024,Multimodal
13-Dec,Side Vegetable Spring Rolls,1,Asian,Fall 2024,Multimodal
13-Dec,Burrito Breakfast,44,Breakfast,Fall 2024,Multimodal
13-Dec,Small French Omelet,32,Breakfast,Fall 2024,Multimodal
13-Dec,Grand Slam Breakfast,7,Breakfast,Fall 2024,Multimodal
13-Dec,Add Bacon,17,Breakfast,Fall 2024,Multimodal
13-Dec,Two Eggs,6,Breakfast,Fall 2024,Multimodal
13-Dec,Pancake Single,3,Breakfast,Fall 2024,Multimodal
13-Dec,Trillium Home Fries,1,Breakfast,Fall 2024,Multimodal
13-Dec,2 Slices Toast,1,Breakfast,Fall 2024,Multimodal
13-Dec,Create Your Pasta Bowl MEAT,45,Italian,Fall 2024,Multimodal
13-Dec,Pizza with Toppings,13,Italian,Fall 2024,Multimodal
13-Dec,Pizza Cheese,10,Italian,Fall 2024,Multimodal
13-Dec,Create Your Pasta Bowl VEG,5,Italian,Fall 2024,Multimodal
13-Dec,Add Extra Meat,5,Italian,Fall 2024,Multimodal
13-Dec,Burrito Bowl BYO,32,Mexican,Fall 2024,Multimodal
13-Dec,Single Taco,3,Mexican,Fall 2024,Multimodal
13-Dec,Side Guacamole,1,Mexican,Fall 2024,Multimodal
13-Dec,Add Extra Toppings Una Mano,2,Mexican,Fall 2024,Multimodal
13-Dec,8 oz Soup,28,Soup,Fall 2024,Multimodal
13-Dec,Soup 12 oz,22,Soup,Fall 2024,Multimodal
13-Dec,Salad by the Pound,25,Salad Bar,Fall 2024,Multimodal
13-Dec,Side Potato Tots,3,Grab N Go,Fall 2024,Multimodal
16-Dec,Quesadilla Deluxe Trillium,114,Grill,Fall 2024,Multimodal
16-Dec,Grilled Hamburger,55,Grill,Fall 2024,Multimodal
16-Dec,Fried Chicken Tenders,41,Grill,Fall 2024,Multimodal
16-Dec,Burrito Una Mano Trillium BYO,26,Grill,Fall 2024,Multimodal
16-Dec,French Fries,71,Grill,Fall 2024,Multimodal
16-Dec,Quesadilla Cheese,14,Grill,Fall 2024,Multimodal
16-Dec,Seared Salmon Burger,6,Grill,Fall 2024,Multimodal
16-Dec,Trillium Grill Impossible Burger,4,Grill,Fall 2024,Multimodal
16-Dec,Grilled Chicken Breast Sandwich,4,Grill,Fall 2024,Multimodal
16-Dec,Sweet Potato Fries,10,Grill,Fall 2024,Multimodal
16-Dec,ADD Beef Patty $2.99,6,Grill,Fall 2024,Multimodal
16-Dec,ADD Chicken Breast,3,Grill,Fall 2024,Multimodal
16-Dec,Black Bean Burger,1,Grill,Fall 2024,Multimodal
16-Dec,Add Sausage 2 Patty,2,Grill,Fall 2024,Multimodal
16-Dec,ADD Burger Salmon Grilled,1,Grill,Fall 2024,Multimodal
16-Dec,Add Egg $.99,4,Grill,Fall 2024,Multimodal
16-Dec,ADD Cheese,5,Grill,Fall 2024,Multimodal
16-Dec,1 Entree + 1 Side,65,Asian,Fall 2024,Multimodal
16-Dec,Bowl Ramen Chicken,40,Asian,Fall 2024,Multimodal
16-Dec,1 Entree + 2 Side,33,Asian,Fall 2024,Multimodal
16-Dec,2 Entrees + 2 Sides,9,Asian,Fall 2024,Multimodal
16-Dec,Bowl Ramen Tofu,7,Asian,Fall 2024,Multimodal
16-Dec,1 Wok Entree,5,Asian,Fall 2024,Multimodal
16-Dec,Side Vegetarian Lo Mein,6,Asian,Fall 2024,Multimodal
16-Dec,Side White or Brown Rice,8,Asian,Fall 2024,Multimodal
16-Dec,Side Vegetables,2,Asian,Fall 2024,Multimodal
16-Dec,Side Vegetarian Fried Rice with,1,Asian,Fall 2024,Multimodal
16-Dec,Burrito Breakfast,47,Breakfast,Fall 2024,Multimodal
16-Dec,Small French Omelet,23,Breakfast,Fall 2024,Multimodal
16-Dec,Grand Slam Breakfast,8,Breakfast,Fall 2024,Multimodal
16-Dec,Add Bacon,18,Breakfast,Fall 2024,Multimodal
16-Dec,Two Eggs,11,Breakfast,Fall 2024,Multimodal
16-Dec,Trillium Home Fries,1,Breakfast,Fall 2024,Multimodal
16-Dec,2 Slices Toast,2,Breakfast,Fall 2024,Multimodal
16-Dec,Create Your Pasta Bowl MEAT,46,Italian,Fall 2024,Multimodal
16-Dec,Pizza with Toppings,16,Italian,Fall 2024,Multimodal
16-Dec,Create Your Pasta Bowl VEG,7,Italian,Fall 2024,Multimodal
16-Dec,Pizza Cheese,8,Italian,Fall 2024,Multimodal
16-Dec,Add Extra Meat,9,Italian,Fall 2024,Multimodal
16-Dec,Burrito Bowl BYO,32,Mexican,Fall 2024,Multimodal
16-Dec,Salad by the Pound,26,Salad Bar,Fall 2024,Multimodal
16-Dec,8 oz Soup,18,Soup,Fall 2024,Multimodal
16-Dec,Soup 12 oz,15,Soup,Fall 2024,Multimodal
16-Dec,Side Potato Tots,10,Grab N Go,Fall 2024,Multimodal
17-Dec,Quesadilla Deluxe Trillium,104,Grill,Fall 2024,Multimodal
17-Dec,Grilled Hamburger,61,Grill,Fall 2024,Multimodal
17-Dec,Burrito Una Mano Trillium BYO,23,Grill,Fall 2024,Multimodal
17-Dec,French Fries,64,Grill,Fall 2024,Multimodal
17-Dec,Fried Chicken Tenders,25,Grill,Fall 2024,Multimodal
17-Dec,Quesadilla Cheese,12,Grill,Fall 2024,Multimodal
17-Dec,Grilled Chicken Breast Sandwich,10,Grill,Fall 2024,Multimodal
17-Dec,Trillium Grill Impossible Burger,6,Grill,Fall 2024,Multimodal
17-Dec,Seared Salmon Burger,7,Grill,Fall 2024,Multimodal
17-Dec,Sweet Potato Fries,13,Grill,Fall 2024,Multimodal
17-Dec,Black Bean Burger,3,Grill,Fall 2024,Multimodal
17-Dec,ADD Beef Patty $2.99,5,Grill,Fall 2024,Multimodal
17-Dec,ADD Chicken Breast,1,Grill,Fall 2024,Multimodal
17-Dec,ADD Cheese,5,Grill,Fall 2024,Multimodal
17-Dec,Add Sausage 2 Patty,1,Grill,Fall 2024,Multimodal
17-Dec,1 Entree + 1 Side,62,Asian,Fall 2024,Multimodal
17-Dec,1 Entree + 2 Side,47,Asian,Fall 2024,Multimodal
17-Dec,Bowl Ramen Chicken,35,Asian,Fall 2024,Multimodal
17-Dec,2 Entrees + 2 Sides,10,Asian,Fall 2024,Multimodal
17-Dec,Bowl Ramen Tofu,6,Asian,Fall 2024,Multimodal
17-Dec,1 Wok Entree,7,Asian,Fall 2024,Multimodal
17-Dec,Side Vegetarian Lo Mein,3,Asian,Fall 2024,Multimodal
17-Dec,Side White or Brown Rice,5,Asian,Fall 2024,Multimodal
17-Dec,Side Vegetable Spring Rolls,2,Asian,Fall 2024,Multimodal
17-Dec,Burrito Breakfast,39,Breakfast,Fall 2024,Multimodal
17-Dec,Small French Omelet,18,Breakfast,Fall 2024,Multimodal
17-Dec,Grand Slam Breakfast,4,Breakfast,Fall 2024,Multimodal
17-Dec,Add Bacon,15,Breakfast,Fall 2024,Multimodal
17-Dec,Two Eggs,6,Breakfast,Fall 2024,Multimodal
17-Dec,2 Slices Toast,2,Breakfast,Fall 2024,Multimodal
17-Dec,Create Your Pasta Bowl MEAT,30,Italian,Fall 2024,Multimodal
17-Dec,Pizza with Toppings,16,Italian,Fall 2024,Multimodal
17-Dec,Create Your Pasta Bowl VEG,10,Italian,Fall 2024,Multimodal
17-Dec,Pizza Cheese,12,Italian,Fall 2024,Multimodal
17-Dec,Add Extra Meat,2,Italian,Fall 2024,Multimodal
17-Dec,Burrito Bowl BYO,45,Mexican,Fall 2024,Multimodal
17-Dec,Side Guacamole,2,Mexican,Fall 2024,Multimodal
17-Dec,Soup 12 oz,25,Soup,Fall 2024,Multimodal
17-Dec,8 oz Soup,18,Soup,Fall 2024,Multimodal
17-Dec,Salad by the Pound,24,Salad Bar,Fall 2024,Multimodal
17-Dec,Side Potato Tots,4,Grab N Go,Fall 2024,Multimodal
18-Dec,Quesadilla Deluxe Trillium,83,Grill,Fall 2024,Multimodal
18-Dec,Grilled Hamburger,47,Grill,Fall 2024,Multimodal
18-Dec,Burrito Una Mano Trillium BYO,21,Grill,Fall 2024,Multimodal
18-Dec,Fried Chicken Tenders,25,Grill,Fall 2024,Multimodal
18-Dec,French Fries,61,Grill,Fall 2024,Multimodal
18-Dec,Grilled Chicken Breast Sandwich,10,Grill,Fall 2024,Multimodal
18-Dec,Trillium Grill Impossible Burger,6,Grill,Fall 2024,Multimodal
18-Dec,Seared Salmon Burger,7,Grill,Fall 2024,Multimodal
18-Dec,Quesadilla Cheese,7,Grill,Fall 2024,Multimodal
18-Dec,Sweet Potato Fries,13,Grill,Fall 2024,Multimodal
18-Dec,Black Bean Burger,1,Grill,Fall 2024,Multimodal
18-Dec,ADD Chicken Breast,2,Grill,Fall 2024,Multimodal
18-Dec,ADD Beef Patty $2.99,2,Grill,Fall 2024,Multimodal
18-Dec,Add Egg $.99,4,Grill,Fall 2024,Multimodal
18-Dec,Add Sausage 2 Patty,1,Grill,Fall 2024,Multimodal
18-Dec,ADD Cheese,2,Grill,Fall 2024,Multimodal
18-Dec,1 Entree + 1 Side,57,Asian,Fall 2024,Multimodal
18-Dec,Bowl Ramen Chicken,38,Asian,Fall 2024,Multimodal
18-Dec,1 Entree + 2 Side,30,Asian,Fall 2024,Multimodal
18-Dec,2 Entrees + 2 Sides,9,Asian,Fall 2024,Multimodal
18-Dec,Bowl Ramen Tofu,7,Asian,Fall 2024,Multimodal
18-Dec,Side White or Brown Rice,5,Asian,Fall 2024,Multimodal
18-Dec,Bowl Ramen Pork,1,Asian,Fall 2024,Multimodal
18-Dec,Side Vegetarian Lo Mein,2,Asian,Fall 2024,Multimodal
18-Dec,Side Vegetarian Fried Rice with,1,Asian,Fall 2024,Multimodal
18-Dec,Burrito Breakfast,38,Breakfast,Fall 2024,Multimodal
18-Dec,Small French Omelet,14,Breakfast,Fall 2024,Multimodal
18-Dec,Grand Slam Breakfast,8,Breakfast,Fall 2024,Multimodal
18-Dec,Add Bacon,13,Breakfast,Fall 2024,Multimodal
18-Dec,Two Eggs,6,Breakfast,Fall 2024,Multimodal
18-Dec,Pancake Single,2,Breakfast,Fall 2024,Multimodal
18-Dec,Trillium Home Fries,1,Breakfast,Fall 2024,Multimodal
18-Dec,2 Slices Toast,1,Breakfast,Fall 2024,Multimodal
18-Dec,Toast,1,Breakfast,Fall 2024,Multimodal
18-Dec,Create Your Pasta Bowl MEAT,25,Italian,Fall 2024,Multimodal
18-Dec,Pizza with Toppings,19,Italian,Fall 2024,Multimodal
18-Dec,Create Your Pasta Bowl VEG,11,Italian,Fall 2024,Multimodal
18-Dec,Pizza Cheese,10,Italian,Fall 2024,Multimodal
18-Dec,Add Extra Meat,4,Italian,Fall 2024,Multimodal
18-Dec,Burrito Bowl BYO,27,Mexican,Fall 2024,Multimodal
18-Dec,Single Taco,3,Mexican,Fall 2024,Multimodal
18-Dec,Soup 12 oz,20,Soup,Fall 2024,Multimodal
18-Dec,8 oz Soup,16,Soup,Fall 2024,Multimodal
18-Dec,Salad by the Pound,14,Salad Bar,Fall 2024,Multimodal
18-Dec,Side Potato Tots,7,Grab N Go,Fall 2024,Multimodal
19-Dec,Quesadilla Deluxe Trillium,59,Grill,Fall 2024,Multimodal
19-Dec,Grilled Hamburger,33,Grill,Fall 2024,Multimodal
19-Dec,Burrito Una Mano Trillium BYO,17,Grill,Fall 2024,Multimodal
19-Dec,French Fries,44,Grill,Fall 2024,Multimodal
19-Dec,Fried Chicken Tenders,16,Grill,Fall 2024,Multimodal
19-Dec,Trillium Grill Impossible Burger,7,Grill,Fall 2024,Multimodal
19-Dec,Grilled Chicken Breast Sandwich,6,Grill,Fall 2024,Multimodal
19-Dec,Quesadilla Cheese,6,Grill,Fall 2024,Multimodal
19-Dec,Sweet Potato Fries,15,Grill,Fall 2024,Multimodal
19-Dec,Seared Salmon Burger,4,Grill,Fall 2024,Multimodal
19-Dec,ADD Chicken Breast,1,Grill,Fall 2024,Multimodal
19-Dec,ADD Beef Patty $2.99,1,Grill,Fall 2024,Multimodal
19-Dec,Add Egg $.99,3,Grill,Fall 2024,Multimodal
19-Dec,ADD Cheese,2,Grill,Fall 2024,Multimodal
19-Dec,1 Entree + 1 Side,40,Asian,Fall 2024,Multimodal
19-Dec,1 Entree + 2 Side,23,Asian,Fall 2024,Multimodal
19-Dec,2 Entrees + 2 Sides,7,Asian,Fall 2024,Multimodal
19-Dec,Bowl Ramen Chicken,10,Asian,Fall 2024,Multimodal
19-Dec,Bowl Ramen Tofu,4,Asian,Fall 2024,Multimodal
19-Dec,1 Wok Entree,1,Asian,Fall 2024,Multimodal
19-Dec,Side Vegetarian Lo Mein,1,Asian,Fall 2024,Multimodal
19-Dec,Side White or Brown Rice,1,Asian,Fall 2024,Multimodal
19-Dec,Burrito Breakfast,21,Breakfast,Fall 2024,Multimodal
19-Dec,Small French Omelet,13,Breakfast,Fall 2024,Multimodal
19-Dec,Grand Slam Breakfast,6,Breakfast,Fall 2024,Multimodal
19-Dec,Add Bacon,8,Breakfast,Fall 2024,Multimodal
19-Dec,Egg Cheese Bacon Breakfast Sandw,2,Breakfast,Fall 2024,Multimodal
19-Dec,Two Eggs,3,Breakfast,Fall 2024,Multimodal
19-Dec,Trillium Home Fries,1,Breakfast,Fall 2024,Multimodal
19-Dec,2 Slices Toast,1,Breakfast,Fall 2024,Multimodal
19-Dec,Toast,1,Breakfast,Fall 2024,Multimodal
19-Dec,Create Your Pasta Bowl MEAT,12,Italian,Fall 2024,Multimodal
19-Dec,Pizza with Toppings,13,Italian,Fall 2024,Multimodal
19-Dec,Pizza Cheese,11,Italian,Fall 2024,Multimodal
19-Dec,Create Your Pasta Bowl VEG,4,Italian,Fall 2024,Multimodal
19-Dec,Add Extra Meat,4,Italian,Fall 2024,Multimodal
19-Dec,Burrito Bowl BYO,26,Mexican,Fall 2024,Multimodal
19-Dec,Soup 12 oz,14,Soup,Fall 2024,Multimodal
19-Dec,8 oz Soup,8,Soup,Fall 2024,Multimodal
19-Dec,Salad by the Pound,10,Salad Bar,Fall 2024,Multimodal
19-Dec,Side Potato Tots,3,Grab N Go,Fall 2024,Multimodal
20-Dec,Quesadilla Deluxe Trillium,40,Grill,Fall 2024,Multimodal
20-Dec,Grilled Hamburger,24,Grill,Fall 2024,Multimodal
20-Dec,Burrito Una Mano Trillium BYO,15,Grill,Fall 2024,Multimodal
20-Dec,French Fries,29,Grill,Fall 2024,Multimodal
20-Dec,Seared Salmon Burger,8,Grill,Fall 2024,Multimodal
20-Dec,Fried Chicken Tenders,9,Grill,Fall 2024,Multimodal
20-Dec,Quesadilla Cheese,6,Grill,Fall 2024,Multimodal
20-Dec,Sweet Potato Fries,11,Grill,Fall 2024,Multimodal
20-Dec,Trillium Grill Impossible Burger,3,Grill,Fall 2024,Multimodal
20-Dec,Grilled Chicken Breast Sandwich,3,Grill,Fall 2024,Multimodal
20-Dec,Black Bean Burger,1,Grill,Fall 2024,Multimodal
20-Dec,Add Sausage 2 Patty,3,Grill,Fall 2024,Multimodal
20-Dec,ADD Beef Patty $2.99,2,Grill,Fall 2024,Multimodal
20-Dec,Add Egg $.99,1,Grill,Fall 2024,Multimodal
20-Dec,Bowl Ramen Chicken,20,Asian,Fall 2024,Multimodal
20-Dec,1 Entree + 1 Side,20,Asian,Fall 2024,Multimodal
20-Dec,1 Entree + 2 Side,15,Asian,Fall 2024,Multimodal
20-Dec,2 Entrees + 2 Sides,10,Asian,Fall 2024,Multimodal
20-Dec,Bowl Ramen Tofu,2,Asian,Fall 2024,Multimodal
20-Dec,Bowl Ramen Pork,1,Asian,Fall 2024,Multimodal
20-Dec,1 Wok Entree,1,Asian,Fall 2024,Multimodal
20-Dec,Burrito Breakfast,28,Breakfast,Fall 2024,Multimodal
20-Dec,Grand Slam Breakfast,8,Breakfast,Fall 2024,Multimodal
20-Dec,Small French Omelet,8,Breakfast,Fall 2024,Multimodal
20-Dec,Add Bacon,7,Breakfast,Fall 2024,Multimodal
20-Dec,Two Eggs,4,Breakfast,Fall 2024,Multimodal
20-Dec,2 Slices Toast,3,Breakfast,Fall 2024,Multimodal
20-Dec,Create Your Pasta Bowl MEAT,16,Italian,Fall 2024,Multimodal
20-Dec,Create Your Pasta Bowl VEG,5,Italian,Fall 2024,Multimodal
20-Dec,Pizza with Toppings,6,Italian,Fall 2024,Multimodal
20-Dec,Pizza Cheese,5,Italian,Fall 2024,Multimodal
20-Dec,Add Extra Meat,1,Italian,Fall 2024,Multimodal
20-Dec,Burrito Bowl BYO,14,Mexican,Fall 2024,Multimodal
20-Dec,Single Taco,3,Mexican,Fall 2024,Multimodal
20-Dec,Side Guacamole,1,Mexican,Fall 2024,Multimodal
20-Dec,Add Extra Toppings Una Mano,1,Mexican,Fall 2024,Multimodal
20-Dec,Soup 12 oz,14,Soup,Fall 2024,Multimodal
20-Dec,8 oz Soup,15,Soup,Fall 2024,Multimodal
20-Dec,Salad by the Pound,10,Salad Bar,Fall 2024,Multimodal
20-Dec,Side Potato Tots,7,Grab N Go,Fall 2024,Multimodal
21-Jan,Quesadilla Deluxe Trillium,160,Grill,Spring 2025,Control
21-Jan,Grilled Hamburger,94,Grill,Spring 2025,Control
21-Jan,Fried Chicken Tenders,101,Grill,Spring 2025,Control
21-Jan,Burrito Una Mano Trillium BYO,66,Grill,Spring 2025,Control
21-Jan,French Fries,142,Grill,Spring 2025,Control
21-Jan,Grilled Chicken Breast Sandwich,17,Grill,Spring 2025,Control
21-Jan,Quesadilla Cheese,13,Grill,Spring 2025,Control
21-Jan,Sweet Potato Fries,30,Grill,Spring 2025,Control
21-Jan,Trillium Grill Impossible Burger,8,Grill,Spring 2025,Control
21-Jan,ADD Beef Patty,15,Grill,Spring 2025,Control
21-Jan,Seared Salmon Burger,6,Grill,Spring 2025,Control
21-Jan,Side Potato Tots,15,Grill,Spring 2025,Control
21-Jan,ADD Chicken Breast,6,Grill,Spring 2025,Control
21-Jan,Black Bean Burger,2,Grill,Spring 2025,Control
21-Jan,Add Sausage 2 Patty,4,Grill,Spring 2025,Control
21-Jan,ADD Cheese,15,Grill,Spring 2025,Control
21-Jan,Add Egg $.99,4,Grill,Spring 2025,Control
21-Jan,1 Entree + 1 Side,219,Asian,Spring 2025,Control
21-Jan,Bowl Ramen Chicken,83,Asian,Spring 2025,Control
21-Jan,1 Entree + 2 Side,75,Asian,Spring 2025,Control
21-Jan,2 Entrees + 2 Sides,30,Asian,Spring 2025,Control
21-Jan,Bowl Ramen Tofu,19,Asian,Spring 2025,Control
21-Jan,1 Wok Entree,7,Asian,Spring 2025,Control
21-Jan,Side Vegetarian Lo Mein,10,Asian,Spring 2025,Control
21-Jan,Side Vegetarian Fried Rice with,4,Asian,Spring 2025,Control
21-Jan,Side White or Brown Rice,7,Asian,Spring 2025,Control
21-Jan,Side Vegetable Spring Rolls,2,Asian,Spring 2025,Control
21-Jan,Side Fried Spring Roll,1,Asian,Spring 2025,Control
21-Jan,Create Your Pasta Bowl MEAT,138,Italian,Spring 2025,Control
21-Jan,Create Your Pasta Bowl VEG,42,Italian,Spring 2025,Control
21-Jan,Pizza with Toppings,34,Italian,Spring 2025,Control
21-Jan,Pizza Cheese,24,Italian,Spring 2025,Control
21-Jan,Add Extra Meat,14,Italian,Spring 2025,Control
21-Jan,Burrito Breakfast,87,Breakfast,Spring 2025,Control
21-Jan,Small French Omelet,46,Breakfast,Spring 2025,Control
21-Jan,Egg Cheese Bacon Breakfast Sandw,22,Breakfast,Spring 2025,Control
21-Jan,Grand Slam Breakfast,12,Breakfast,Spring 2025,Control
21-Jan,Egg Cheese Sausage Breakfast San,21,Breakfast,Spring 2025,Control
21-Jan,Add Bacon,23,Breakfast,Spring 2025,Control
21-Jan,Two Eggs,19,Breakfast,Spring 2025,Control
21-Jan,Pancake Single,3,Breakfast,Spring 2025,Control
21-Jan,Trillium Home Fries,2,Breakfast,Spring 2025,Control
21-Jan,2 Slices Toast,1,Breakfast,Spring 2025,Control
21-Jan,Toast,1,Breakfast,Spring 2025,Control
21-Jan,PC Jelly,1,Breakfast,Spring 2025,Control
21-Jan,Burrito Bowl BYO,148,Mexican,Spring 2025,Control
21-Jan,Single Taco,4,Mexican,Spring 2025,Control
21-Jan,Salad by the Pound,58,Salad Bar,Spring 2025,Control
21-Jan,Soup 12 oz,43,Soup,Spring 2025,Control
21-Jan,8 oz Soup,41,Soup,Spring 2025,Control
22-Jan,Quesadilla Deluxe Trillium,157,Grill,Spring 2025,Control
22-Jan,Grilled Hamburger,105,Grill,Spring 2025,Control
22-Jan,Fried Chicken Tenders,87,Grill,Spring 2025,Control
22-Jan,Burrito Una Mano Trillium BYO,64,Grill,Spring 2025,Control
22-Jan,French Fries,104,Grill,Spring 2025,Control
22-Jan,Grilled Chicken Breast Sandwich,14,Grill,Spring 2025,Control
22-Jan,Trillium Grill Impossible Burger,11,Grill,Spring 2025,Control
22-Jan,Quesadilla Cheese,13,Grill,Spring 2025,Control
22-Jan,Sweet Potato Fries,33,Grill,Spring 2025,Control
22-Jan,ADD Beef Patty,21,Grill,Spring 2025,Control
22-Jan,Seared Salmon Burger,9,Grill,Spring 2025,Control
22-Jan,Side Potato Tots,13,Grill,Spring 2025,Control
22-Jan,Black Bean Burger,3,Grill,Spring 2025,Control
22-Jan,ADD Chicken Breast,6,Grill,Spring 2025,Control
22-Jan,Add Sausage 2 Patty,3,Grill,Spring 2025,Control
22-Jan,ADD Cheese,9,Grill,Spring 2025,Control
22-Jan,Add Egg $.99,3,Grill,Spring 2025,Control
22-Jan,1 Entree + 1 Side,229,Asian,Spring 2025,Control
22-Jan,Bowl Ramen Chicken,90,Asian,Spring 2025,Control
22-Jan,1 Entree + 2 Side,71,Asian,Spring 2025,Control
22-Jan,2 Entrees + 2 Sides,28,Asian,Spring 2025,Control
22-Jan,Bowl Ramen Tofu,12,Asian,Spring 2025,Control
22-Jan,1 Wok Entree,9,Asian,Spring 2025,Control
22-Jan,Side Vegetarian Lo Mein,12,Asian,Spring 2025,Control
22-Jan,Side Vegetables,5,Asian,Spring 2025,Control
22-Jan,Side White or Brown Rice,7,Asian,Spring 2025,Control
22-Jan,Side Vegetarian Fried Rice with,3,Asian,Spring 2025,Control
22-Jan,Side Vegetable Spring Rolls,1,Asian,Spring 2025,Control
22-Jan,Create Your Pasta Bowl MEAT,175,Italian,Spring 2025,Control
22-Jan,Create Your Pasta Bowl VEG,23,Italian,Spring 2025,Control
22-Jan,Pizza with Toppings,32,Italian,Spring 2025,Control
22-Jan,Add Extra Meat,38,Italian,Spring 2025,Control
22-Jan,Pizza Cheese,22,Italian,Spring 2025,Control
22-Jan,Burrito Breakfast,93,Breakfast,Spring 2025,Control
22-Jan,Small French Omelet,53,Breakfast,Spring 2025,Control
22-Jan,Grand Slam Breakfast,17,Breakfast,Spring 2025,Control
22-Jan,Add Bacon,37,Breakfast,Spring 2025,Control
22-Jan,Two Eggs,16,Breakfast,Spring 2025,Control
22-Jan,Trillium Home Fries,9,Breakfast,Spring 2025,Control
22-Jan,Pancake Single,1,Breakfast,Spring 2025,Control
22-Jan,Toast,2,Breakfast,Spring 2025,Control
22-Jan,2 Slices Toast,1,Breakfast,Spring 2025,Control
22-Jan,Burrito Bowl BYO,122,Mexican,Spring 2025,Control
22-Jan,Side Guacamole,2,Mexican,Spring 2025,Control
22-Jan,Salad by the Pound,68,Salad Bar,Spring 2025,Control
22-Jan,Add Extra Protein $3.99,1,Salad Bar,Spring 2025,Control
22-Jan,Soup 12 oz,55,Soup,Spring 2025,Control
22-Jan,8 oz Soup,42,Soup,Spring 2025,Control
22-Jan,Egg Cheese Bacon Breakfast Sandwich,27,Grab N Go,Spring 2025,Control
22-Jan,Egg Cheese Sausage Breakfast Sandwich,20,Grab N Go,Spring 2025,Control
23-Jan,Quesadilla Deluxe Trillium,182,Grill,Spring 2025,Control
23-Jan,Grilled Hamburger,94,Grill,Spring 2025,Control
23-Jan,Burrito Una Mano Trillium BYO,72,Grill,Spring 2025,Control
23-Jan,Fried Chicken Tenders,91,Grill,Spring 2025,Control
23-Jan,French Fries,143,Grill,Spring 2025,Control
23-Jan,Grilled Chicken Breast Sandwich,15,Grill,Spring 2025,Control
23-Jan,Quesadilla Cheese,12,Grill,Spring 2025,Control
23-Jan,Trillium Grill Impossible Burger,9,Grill,Spring 2025,Control
23-Jan,Seared Salmon Burger,11,Grill,Spring 2025,Control
23-Jan,Sweet Potato Fries,27,Grill,Spring 2025,Control
23-Jan,ADD Beef Patty,19,Grill,Spring 2025,Control
23-Jan,Side Potato Tots,16,Grill,Spring 2025,Control
23-Jan,ADD Chicken Breast,6,Grill,Spring 2025,Control
23-Jan,Black Bean Burger,2,Grill,Spring 2025,Control
23-Jan,Add Sausage 2 Patty,4,Grill,Spring 2025,Control
23-Jan,ADD Cheese,8,Grill,Spring 2025,Control
23-Jan,Add Egg $.99,3,Grill,Spring 2025,Control
23-Jan,1 Entree + 1 Side,230,Asian,Spring 2025,Control
23-Jan,Bowl Ramen Chicken,92,Asian,Spring 2025,Control
23-Jan,1 Entree + 2 Side,75,Asian,Spring 2025,Control
23-Jan,2 Entrees + 2 Sides,32,Asian,Spring 2025,Control
23-Jan,Bowl Ramen Tofu,18,Asian,Spring 2025,Control
23-Jan,Side Vegetarian Lo Mein,7,Asian,Spring 2025,Control
23-Jan,1 Wok Entree,3,Asian,Spring 2025,Control
23-Jan,Side White or Brown Rice,5,Asian,Spring 2025,Control
23-Jan,Side Vegetable Spring Rolls,2,Asian,Spring 2025,Control
23-Jan,Side Vegetarian Fried Rice with,1,Asian,Spring 2025,Control
23-Jan,Create Your Pasta Bowl MEAT,105,Italian,Spring 2025,Control
23-Jan,Create Your Pasta Bowl VEG,27,Italian,Spring 2025,Control
23-Jan,Pizza with Toppings,28,Italian,Spring 2025,Control
23-Jan,Pizza Cheese,18,Italian,Spring 2025,Control
23-Jan,Add Extra Meat,21,Italian,Spring 2025,Control
23-Jan,Side Bread Pasta Station,1,Italian,Spring 2025,Control
23-Jan,Burrito Breakfast,86,Breakfast,Spring 2025,Control
23-Jan,Small French Omelet,41,Breakfast,Spring 2025,Control
23-Jan,Grand Slam Breakfast,12,Breakfast,Spring 2025,Control
23-Jan,Add Bacon,37,Breakfast,Spring 2025,Control
23-Jan,Two Eggs,17,Breakfast,Spring 2025,Control
23-Jan,Pancake Single,4,Breakfast,Spring 2025,Control
23-Jan,2 Slices Toast,1,Breakfast,Spring 2025,Control
23-Jan,Toast,1,Breakfast,Spring 2025,Control
23-Jan,PC Jelly,1,Breakfast,Spring 2025,Control
23-Jan,Burrito Bowl BYO,122,Mexican,Spring 2025,Control
23-Jan,Single Taco,9,Mexican,Spring 2025,Control
23-Jan,Side Guacamole,3,Mexican,Spring 2025,Control
23-Jan,Add Extra Toppings Una Mano,3,Mexican,Spring 2025,Control
23-Jan,Side Salsa,1,Mexican,Spring 2025,Control
23-Jan,Salad by the Pound,51,Salad Bar,Spring 2025,Control
23-Jan,Add Extra Protein $3.99,2,Salad Bar,Spring 2025,Control
23-Jan,Soup 12 oz,36,Soup,Spring 2025,Control
23-Jan,8 oz Soup,31,Soup,Spring 2025,Control
23-Jan,Egg Cheese Bacon Breakfast Sandwich,24,Grab N Go,Spring 2025,Control
23-Jan,Egg Cheese Sausage Breakfast Sandwich,22,Grab N Go,Spring 2025,Control
24-Jan,Quesadilla Deluxe Trillium,129,Grill,Spring 2025,Control
24-Jan,Fried Chicken Tenders,79,Grill,Spring 2025,Control
24-Jan,Grilled Hamburger,63,Grill,Spring 2025,Control
24-Jan,Burrito Una Mano Trillium BYO,53,Grill,Spring 2025,Control
24-Jan,French Fries,102,Grill,Spring 2025,Control
24-Jan,Grilled Chicken Breast Sandwich,13,Grill,Spring 2025,Control
24-Jan,Trillium Grill Impossible Burger,7,Grill,Spring 2025,Control
24-Jan,Quesadilla Cheese,9,Grill,Spring 2025,Control
24-Jan,Sweet Potato Fries,23,Grill,Spring 2025,Control
24-Jan,ADD Beef Patty,15,Grill,Spring 2025,Control
24-Jan,Seared Salmon Burger,5,Grill,Spring 2025,Control
24-Jan,Side Potato Tots,7,Grill,Spring 2025,Control
24-Jan,ADD Chicken Breast,5,Grill,Spring 2025,Control
24-Jan,Black Bean Burger,1,Grill,Spring 2025,Control
24-Jan,ADD Cheese,7,Grill,Spring 2025,Control
24-Jan,Add Sausage 2 Patty,1,Grill,Spring 2025,Control
24-Jan,Add Egg $.99,2,Grill,Spring 2025,Control
24-Jan,1 Entree + 1 Side,122,Asian,Spring 2025,Control
24-Jan,1 Entree + 2 Side,65,Asian,Spring 2025,Control
24-Jan,Bowl Ramen Chicken,67,Asian,Spring 2025,Control
24-Jan,2 Entrees + 2 Sides,14,Asian,Spring 2025,Control
24-Jan,Bowl Ramen Tofu,11,Asian,Spring 2025,Control
24-Jan,Side Vegetarian Lo Mein,9,Asian,Spring 2025,Control
24-Jan,1 Wok Entree,4,Asian,Spring 2025,Control
24-Jan,Side White or Brown Rice,7,Asian,Spring 2025,Control
24-Jan,Side Vegetables,3,Asian,Spring 2025,Control
24-Jan,Side Fried Spring Roll,1,Asian,Spring 2025,Control
24-Jan,Create Your Pasta Bowl MEAT,86,Italian,Spring 2025,Control
24-Jan,Pizza with Toppings,26,Italian,Spring 2025,Control
24-Jan,Create Your Pasta Bowl VEG,15,Italian,Spring 2025,Control
24-Jan,Pizza Cheese,14,Italian,Spring 2025,Control
24-Jan,Add Extra Meat,19,Italian,Spring 2025,Control
24-Jan,Burrito Breakfast,70,Breakfast,Spring 2025,Control
24-Jan,Small French Omelet,50,Breakfast,Spring 2025,Control
24-Jan,Grand Slam Breakfast,10,Breakfast,Spring 2025,Control
24-Jan,Add Bacon,19,Breakfast,Spring 2025,Control
24-Jan,Pancake Single,6,Breakfast,Spring 2025,Control
24-Jan,Trillium Home Fries,2,Breakfast,Spring 2025,Control
24-Jan,Two Eggs,3,Breakfast,Spring 2025,Control
24-Jan,Burrito Bowl BYO,56,Mexican,Spring 2025,Control
24-Jan,Side Guacamole,2,Mexican,Spring 2025,Control
24-Jan,Side Salsa,1,Mexican,Spring 2025,Control
24-Jan,Add Extra Toppings Una Mano,1,Mexican,Spring 2025,Control
24-Jan,Soup 12 oz,38,Soup,Spring 2025,Control
24-Jan,8 oz Soup,30,Soup,Spring 2025,Control
24-Jan,Salad by the Pound,38,Salad Bar,Spring 2025,Control
24-Jan,Add Extra Protein $3.99,3,Salad Bar,Spring 2025,Control
24-Jan,Egg Cheese Sausage Breakfast Sandwich,23,Grab N Go,Spring 2025,Control
24-Jan,Egg Cheese Bacon Breakfast Sandwich,17,Grab N Go,Spring 2025,Control
27-Jan,Quesadilla Deluxe Trillium,176,Grill,Spring 2025,Control
27-Jan,Grilled Hamburger,92,Grill,Spring 2025,Control
27-Jan,Fried Chicken Tenders,90,Grill,Spring 2025,Control
27-Jan,Burrito Una Mano Trillium BYO,71,Grill,Spring 2025,Control
27-Jan,French Fries,113,Grill,Spring 2025,Control
27-Jan,Grilled Chicken Breast Sandwich,22,Grill,Spring 2025,Control
27-Jan,Trillium Grill Impossible Burger,12,Grill,Spring 2025,Control
27-Jan,Sweet Potato Fries,40,Grill,Spring 2025,Control
27-Jan,Seared Salmon Burger,10,Grill,Spring 2025,Control
27-Jan,ADD Beef Patty,16,Grill,Spring 2025,Control
27-Jan,Quesadilla Cheese,7,Grill,Spring 2025,Control
27-Jan,Side Potato Tots,12,Grill,Spring 2025,Control
27-Jan,Black Bean Burger,4,Grill,Spring 2025,Control
27-Jan,ADD Chicken Breast,7,Grill,Spring 2025,Control
27-Jan,Add Sausage 2 Patty,3,Grill,Spring 2025,Control
27-Jan,ADD Cheese,6,Grill,Spring 2025,Control
27-Jan,Add Egg $.99,2,Grill,Spring 2025,Control
27-Jan,1 Entree + 1 Side,197,Asian,Spring 2025,Control
27-Jan,Bowl Ramen Chicken,79,Asian,Spring 2025,Control
27-Jan,1 Entree + 2 Side,67,Asian,Spring 2025,Control
27-Jan,2 Entrees + 2 Sides,34,Asian,Spring 2025,Control
27-Jan,Bowl Ramen Tofu,11,Asian,Spring 2025,Control
27-Jan,Side Vegetarian Lo Mein,11,Asian,Spring 2025,Control
27-Jan,1 Wok Entree,4,Asian,Spring 2025,Control
27-Jan,Side Vegetables,3,Asian,Spring 2025,Control
27-Jan,Side Vegetarian Fried Rice with,3,Asian,Spring 2025,Control
27-Jan,Side White or Brown Rice,5,Asian,Spring 2025,Control
27-Jan,Bowl Ramen Pork,1,Asian,Spring 2025,Control
27-Jan,Create Your Pasta Bowl MEAT,162,Italian,Spring 2025,Control
27-Jan,Create Your Pasta Bowl VEG,21,Italian,Spring 2025,Control
27-Jan,Pizza with Toppings,26,Italian,Spring 2025,Control
27-Jan,Add Extra Meat,34,Italian,Spring 2025,Control
27-Jan,Pizza Cheese,16,Italian,Spring 2025,Control
27-Jan,Side Bread Pasta Station,1,Italian,Spring 2025,Control
27-Jan,Burrito Breakfast,93,Breakfast,Spring 2025,Control
27-Jan,Small French Omelet,52,Breakfast,Spring 2025,Control
27-Jan,Grand Slam Breakfast,8,Breakfast,Spring 2025,Control
27-Jan,Add Bacon,24,Breakfast,Spring 2025,Control
27-Jan,Two Eggs,10,Breakfast,Spring 2025,Control
27-Jan,Trillium Home Fries,4,Breakfast,Spring 2025,Control
27-Jan,Pancake Single,3,Breakfast,Spring 2025,Control
27-Jan,Burrito Bowl BYO,133,Mexican,Spring 2025,Control
27-Jan,Single Taco,6,Mexican,Spring 2025,Control
27-Jan,Side Guacamole,1,Mexican,Spring 2025,Control
27-Jan,Salad by the Pound,72,Salad Bar,Spring 2025,Control
27-Jan,Add Extra Protein $3.99,1,Salad Bar,Spring 2025,Control
27-Jan,8 oz Soup,59,Soup,Spring 2025,Control
27-Jan,Soup 12 oz,33,Soup,Spring 2025,Control
27-Jan,Egg Cheese Bacon Breakfast Sandwich,24,Grab N Go,Spring 2025,Control
27-Jan,Egg Cheese Sausage Breakfast Sandwich,22,Grab N Go,Spring 2025,Control
28-Jan,Quesadilla Deluxe Trillium,207,Grill,Spring 2025,Control
28-Jan,Grilled Hamburger,105,Grill,Spring 2025,Control
28-Jan,Fried Chicken Tenders,101,Grill,Spring 2025,Control
28-Jan,Burrito Una Mano Trillium BYO,67,Grill,Spring 2025,Control
28-Jan,French Fries,153,Grill,Spring 2025,Control
28-Jan,Grilled Chicken Breast Sandwich,19,Grill,Spring 2025,Control
28-Jan,Trillium Grill Impossible Burger,10,Grill,Spring 2025,Control
28-Jan,Sweet Potato Fries,34,Grill,Spring 2025,Control
28-Jan,ADD Beef Patty,27,Grill,Spring 2025,Control
28-Jan,Quesadilla Cheese,9,Grill,Spring 2025,Control
28-Jan,ADD Chicken Breast,17,Grill,Spring 2025,Control
28-Jan,Seared Salmon Burger,7,Grill,Spring 2025,Control
28-Jan,Side Potato Tots,18,Grill,Spring 2025,Control
28-Jan,Black Bean Burger,5,Grill,Spring 2025,Control
28-Jan,ADD Cheese,13,Grill,Spring 2025,Control
28-Jan,Add Sausage 2 Patty,2,Grill,Spring 2025,Control
28-Jan,Add Egg $.99,4,Grill,Spring 2025,Control
28-Jan,1 Entree + 1 Side,225,Asian,Spring 2025,Control
28-Jan,Bowl Ramen Chicken,88,Asian,Spring 2025,Control
28-Jan,1 Entree + 2 Side,72,Asian,Spring 2025,Control
28-Jan,2 Entrees + 2 Sides,30,Asian,Spring 2025,Control
28-Jan,Bowl Ramen Tofu,21,Asian,Spring 2025,Control
28-Jan,Side Vegetarian Lo Mein,11,Asian,Spring 2025,Control
28-Jan,Side White or Brown Rice,14,Asian,Spring 2025,Control
28-Jan,1 Wok Entree,3,Asian,Spring 2025,Control
28-Jan,Side Vegetable Spring Rolls,2,Asian,Spring 2025,Control
28-Jan,Side Fried Spring Roll,1,Asian,Spring 2025,Control
28-Jan,Side Vegetarian Fried Rice with,1,Asian,Spring 2025,Control
28-Jan,Create Your Pasta Bowl MEAT,102,Italian,Spring 2025,Control
28-Jan,Create Your Pasta Bowl VEG,35,Italian,Spring 2025,Control
28-Jan,Pizza with Toppings,31,Italian,Spring 2025,Control
28-Jan,Pizza Cheese,25,Italian,Spring 2025,Control
28-Jan,Add Extra Meat,18,Italian,Spring 2025,Control
28-Jan,Side Bread Pasta Station,3,Italian,Spring 2025,Control
28-Jan,Burrito Breakfast,87,Breakfast,Spring 2025,Control
28-Jan,Small French Omelet,59,Breakfast,Spring 2025,Control
28-Jan,Grand Slam Breakfast,11,Breakfast,Spring 2025,Control
28-Jan,Add Bacon,44,Breakfast,Spring 2025,Control
28-Jan,Two Eggs,14,Breakfast,Spring 2025,Control
28-Jan,Pancake Single,6,Breakfast,Spring 2025,Control
28-Jan,2 Slices Toast,4,Breakfast,Spring 2025,Control
28-Jan,Trillium Home Fries,1,Breakfast,Spring 2025,Control
28-Jan,Burrito Bowl BYO,116,Mexican,Spring 2025,Control
28-Jan,Single Taco,4,Mexican,Spring 2025,Control
28-Jan,Side Guacamole,2,Mexican,Spring 2025,Control
28-Jan,Add Extra Toppings Una Mano,2,Mexican,Spring 2025,Control
28-Jan,8 oz Soup,59,Soup,Spring 2025,Control
28-Jan,Soup 12 oz,47,Soup,Spring 2025,Control
28-Jan,Salad by the Pound,50,Salad Bar,Spring 2025,Control
28-Jan,Add Extra Protein $3.99,2,Salad Bar,Spring 2025,Control
28-Jan,Egg Cheese Bacon Breakfast Sandwich,24,Grab N Go,Spring 2025,Control
28-Jan,Egg Cheese Sausage Breakfast Sandwich,20,Grab N Go,Spring 2025,Control
29-Jan,Quesadilla Deluxe Trillium,190,Grill,Spring 2025,Control
29-Jan,Grilled Hamburger,88,Grill,Spring 2025,Control
29-Jan,Fried Chicken Tenders,103,Grill,Spring 2025,Control
29-Jan,Burrito Una Mano Trillium BYO,72,Grill,Spring 2025,Control
29-Jan,French Fries,126,Grill,Spring 2025,Control
29-Jan,Quesadilla Cheese,14,Grill,Spring 2025,Control
29-Jan,Grilled Chicken Breast Sandwich,12,Grill,Spring 2025,Control
29-Jan,Seared Salmon Burger,11,Grill,Spring 2025,Control
29-Jan,Sweet Potato Fries,31,Grill,Spring 2025,Control
29-Jan,Trillium Grill Impossible Burger,5,Grill,Spring 2025,Control
29-Jan,Side Potato Tots,14,Grill,Spring 2025,Control
29-Jan,ADD Chicken Breast,10,Grill,Spring 2025,Control
29-Jan,Black Bean Burger,4,Grill,Spring 2025,Control
29-Jan,ADD Beef Patty,8,Grill,Spring 2025,Control
29-Jan,Add Impossible Burger Patty,1,Grill,Spring 2025,Control
29-Jan,Add Sausage 2 Patty,3,Grill,Spring 2025,Control
29-Jan,ADD Burger Salmon Grilled,1,Grill,Spring 2025,Control
29-Jan,Add Egg $.99,4,Grill,Spring 2025,Control
29-Jan,ADD Cheese,5,Grill,Spring 2025,Control
29-Jan,1 Entree + 1 Side,206,Asian,Spring 2025,Control
29-Jan,1 Entree + 2 Side,94,Asian,Spring 2025,Control
29-Jan,Bowl Ramen Chicken,85,Asian,Spring 2025,Control
29-Jan,2 Entrees + 2 Sides,31,Asian,Spring 2025,Control
29-Jan,Bowl Ramen Tofu,21,Asian,Spring 2025,Control
29-Jan,Side Vegetarian Lo Mein,9,Asian,Spring 2025,Control
29-Jan,1 Wok Entree,4,Asian,Spring 2025,Control
29-Jan,Side White or Brown Rice,7,Asian,Spring 2025,Control
29-Jan,Side Vegetable Spring Rolls,3,Asian,Spring 2025,Control
29-Jan,Create Your Pasta Bowl MEAT,150,Italian,Spring 2025,Control
29-Jan,Pizza with Toppings,38,Italian,Spring 2025,Control
29-Jan,Create Your Pasta Bowl VEG,22,Italian,Spring 2025,Control
29-Jan,Pizza Cheese,23,Italian,Spring 2025,Control
29-Jan,Add Extra Meat,32,Italian,Spring 2025,Control
29-Jan,Burrito Breakfast,86,Breakfast,Spring 2025,Control
29-Jan,Small French Omelet,74,Breakfast,Spring 2025,Control
29-Jan,Grand Slam Breakfast,16,Breakfast,Spring 2025,Control
29-Jan,Add Bacon,18,Breakfast,Spring 2025,Control
29-Jan,Two Eggs,12,Breakfast,Spring 2025,Control
29-Jan,Pancake Single,5,Breakfast,Spring 2025,Control
29-Jan,Trillium Home Fries,3,Breakfast,Spring 2025,Control
29-Jan,2 Slices Toast,1,Breakfast,Spring 2025,Control
29-Jan,PC Peanut Butter,1,Breakfast,Spring 2025,Control
29-Jan,Burrito Bowl BYO,120,Mexican,Spring 2025,Control
29-Jan,Single Taco,18,Mexican,Spring 2025,Control
29-Jan,Add Extra Toppings Una Mano,1,Mexican,Spring 2025,Control
29-Jan,8 oz Soup,80,Soup,Spring 2025,Control
29-Jan,Soup 12 oz,34,Soup,Spring 2025,Control
29-Jan,Salad by the Pound,52,Salad Bar,Spring 2025,Control
29-Jan,Egg Cheese Bacon Breakfast Sandwich,24,Grab N Go,Spring 2025,Control
29-Jan,Egg Cheese Sausage Breakfast Sandwich,22,Grab N Go,Spring 2025,Control
30-Jan,Quesadilla Deluxe Trillium,187,Grill,Spring 2025,Control
30-Jan,Grilled Hamburger,109,Grill,Spring 2025,Control
30-Jan,Burrito Una Mano Trillium BYO,83,Grill,Spring 2025,Control
30-Jan,Fried Chicken Tenders,99,Grill,Spring 2025,Control
30-Jan,French Fries,144,Grill,Spring 2025,Control
30-Jan,Sweet Potato Fries,47,Grill,Spring 2025,Control
30-Jan,Quesadilla Cheese,16,Grill,Spring 2025,Control
30-Jan,Grilled Chicken Breast Sandwich,14,Grill,Spring 2025,Control
30-Jan,Trillium Grill Impossible Burger,8,Grill,Spring 2025,Control
30-Jan,Seared Salmon Burger,8,Grill,Spring 2025,Control
30-Jan,ADD Beef Patty,17,Grill,Spring 2025,Control
30-Jan,Side Potato Tots,12,Grill,Spring 2025,Control
30-Jan,Black Bean Burger,3,Grill,Spring 2025,Control
30-Jan,ADD Burger Salmon Grilled,2,Grill,Spring 2025,Control
30-Jan,ADD Chicken Breast,2,Grill,Spring 2025,Control
30-Jan,Add Egg $.99,6,Grill,Spring 2025,Control
30-Jan,ADD Cheese,9,Grill,Spring 2025,Control
30-Jan,Add Sausage 2 Patty,1,Grill,Spring 2025,Control
30-Jan,1 Entree + 1 Side,209,Asian,Spring 2025,Control
30-Jan,1 Entree + 2 Side,93,Asian,Spring 2025,Control
30-Jan,Bowl Ramen Chicken,83,Asian,Spring 2025,Control
30-Jan,2 Entrees + 2 Sides,24,Asian,Spring 2025,Control
30-Jan,Bowl Ramen Tofu,26,Asian,Spring 2025,Control
30-Jan,Side Vegetarian Lo Mein,4,Asian,Spring 2025,Control
30-Jan,Side White or Brown Rice,7,Asian,Spring 2025,Control
30-Jan,1 Wok Entree,2,Asian,Spring 2025,Control
30-Jan,Side Fried Spring Roll,1,Asian,Spring 2025,Control
30-Jan,Side Vegetables,1,Asian,Spring 2025,Control
30-Jan,Side Vegetarian Fried Rice with,1,Asian,Spring 2025,Control
30-Jan,Create Your Pasta Bowl MEAT,118,Italian,Spring 2025,Control
30-Jan,Create Your Pasta Bowl VEG,33,Italian,Spring 2025,Control
30-Jan,Pizza with Toppings,45,Italian,Spring 2025,Control
30-Jan,Pizza Cheese,27,Italian,Spring 2025,Control
30-Jan,Add Extra Meat,31,Italian,Spring 2025,Control
30-Jan,Burrito Breakfast,94,Breakfast,Spring 2025,Control
30-Jan,Small French Omelet,59,Breakfast,Spring 2025,Control
30-Jan,Grand Slam Breakfast,9,Breakfast,Spring 2025,Control
30-Jan,Add Bacon,29,Breakfast,Spring 2025,Control
30-Jan,Two Eggs,11,Breakfast,Spring 2025,Control
30-Jan,Pancake Single,3,Breakfast,Spring 2025,Control
30-Jan,2 Slices Toast,2,Breakfast,Spring 2025,Control
30-Jan,PC Jelly,1,Breakfast,Spring 2025,Control
30-Jan,Burrito Bowl BYO,102,Mexican,Spring 2025,Control
30-Jan,Single Taco,6,Mexican,Spring 2025,Control
30-Jan,Side Guacamole,4,Mexican,Spring 2025,Control
30-Jan,Add Extra Toppings Una Mano,1,Mexican,Spring 2025,Control
30-Jan,Salad by the Pound,64,Salad Bar,Spring 2025,Control
30-Jan,Add Extra Protein $3.99,4,Salad Bar,Spring 2025,Control
30-Jan,8 oz Soup,39,Soup,Spring 2025,Control
30-Jan,Soup 12 oz,26,Soup,Spring 2025,Control
30-Jan,Egg Cheese Sausage Breakfast Sandwich,23,Grab N Go,Spring 2025,Control
30-Jan,Egg Cheese Bacon Breakfast Sandwich,20,Grab N Go,Spring 2025,Control
31-Jan,Quesadilla Deluxe Trillium,129,Grill,Spring 2025,Control
31-Jan,Grilled Hamburger,64,Grill,Spring 2025,Control
31-Jan,Burrito Una Mano Trillium BYO,60,Grill,Spring 2025,Control
31-Jan,Fried Chicken Tenders,60,Grill,Spring 2025,Control
31-Jan,French Fries,111,Grill,Spring 2025,Control
31-Jan,Grilled Chicken Breast Sandwich,9,Grill,Spring 2025,Control
31-Jan,ADD Beef Patty,21,Grill,Spring 2025,Control
31-Jan,Quesadilla Cheese,9,Grill,Spring 2025,Control
31-Jan,Trillium Grill Impossible Burger,6,Grill,Spring 2025,Control
31-Jan,Seared Salmon Burger,5,Grill,Spring 2025,Control
31-Jan,Side Potato Tots,13,Grill,Spring 2025,Control
31-Jan,ADD Chicken Breast,4,Grill,Spring 2025,Control
31-Jan,ADD Cheese,17,Grill,Spring 2025,Control
31-Jan,Black Bean Burger,1,Grill,Spring 2025,Control
31-Jan,Add Egg $.99,5,Grill,Spring 2025,Control
31-Jan,Add Sausage 2 Patty,2,Grill,Spring 2025,Control
31-Jan,1 Entree + 1 Side,136,Asian,Spring 2025,Control
31-Jan,Bowl Ramen Chicken,71,Asian,Spring 2025,Control
31-Jan,1 Entree + 2 Side,62,Asian,Spring 2025,Control
31-Jan,2 Entrees + 2 Sides,22,Asian,Spring 2025,Control
31-Jan,Bowl Ramen Tofu,13,Asian,Spring 2025,Control
31-Jan,Side White or Brown Rice,9,Asian,Spring 2025,Control
31-Jan,Side Vegetarian Lo Mein,3,Asian,Spring 2025,Control
31-Jan,Bowl Ramen Pork,1,Asian,Spring 2025,Control
31-Jan,Side Vegetable Spring Rolls,1,Asian,Spring 2025,Control
31-Jan,Side Vegetarian Fried Rice with,1,Asian,Spring 2025,Control
31-Jan,Create Your Pasta Bowl MEAT,90,Italian,Spring 2025,Control
31-Jan,Pizza with Toppings,35,Italian,Spring 2025,Control
31-Jan,Pizza Cheese,18,Italian,Spring 2025,Control
31-Jan,Create Your Pasta Bowl VEG,8,Italian,Spring 2025,Control
31-Jan,Add Extra Meat,22,Italian,Spring 2025,Control
31-Jan,Side Bread Pasta Station,1,Italian,Spring 2025,Control
31-Jan,Burrito Breakfast,74,Breakfast,Spring 2025,Control
31-Jan,Small French Omelet,46,Breakfast,Spring 2025,Control
31-Jan,Grand Slam Breakfast,8,Breakfast,Spring 2025,Control
31-Jan,Add Bacon,19,Breakfast,Spring 2025,Control
31-Jan,Two Eggs,9,Breakfast,Spring 2025,Control
31-Jan,Pancake Single,4,Breakfast,Spring 2025,Control
31-Jan,Trillium Home Fries,3,Breakfast,Spring 2025,Control
31-Jan,2 Slices Toast,1,Breakfast,Spring 2025,Control
31-Jan,Burrito Bowl BYO,68,Mexican,Spring 2025,Control
31-Jan,Single Taco,3,Mexican,Spring 2025,Control
31-Jan,Side Guacamole,4,Mexican,Spring 2025,Control
31-Jan,Add Extra Toppings Una Mano,2,Mexican,Spring 2025,Control
31-Jan,8 oz Soup,37,Soup,Spring 2025,Control
31-Jan,Soup 12 oz,28,Soup,Spring 2025,Control
31-Jan,Salad by the Pound,38,Salad Bar,Spring 2025,Control
31-Jan,Add Extra Protein $3.99,1,Salad Bar,Spring 2025,Control
31-Jan,Egg Cheese Bacon Breakfast Sandwich,25,Grab N Go,Spring 2025,Control
31-Jan,Egg Cheese Sausage Breakfast Sandwich,17,Grab N Go,Spring 2025,Control
3-Feb,Quesadilla Deluxe Trillium,192,Grill,Spring 2025,Multimodal
3-Feb,Grilled Hamburger,90,Grill,Spring 2025,Multimodal
3-Feb,Burrito Una Mano Trillium BYO,73,Grill,Spring 2025,Multimodal
3-Feb,Fried Chicken Tenders,73,Grill,Spring 2025,Multimodal
3-Feb,French Fries,128,Grill,Spring 2025,Multimodal
3-Feb,Grilled Chicken Breast Sandwich,15,Grill,Spring 2025,Multimodal
3-Feb,Trillium Grill Impossible Burger,12,Grill,Spring 2025,Multimodal
3-Feb,Quesadilla Cheese,15,Grill,Spring 2025,Multimodal
3-Feb,Seared Salmon Burger,8,Grill,Spring 2025,Multimodal
3-Feb,Sweet Potato Fries,20,Grill,Spring 2025,Multimodal
3-Feb,ADD Beef Patty,13,Grill,Spring 2025,Multimodal
3-Feb,Side Potato Tots,15,Grill,Spring 2025,Multimodal
3-Feb,ADD Chicken Breast,6,Grill,Spring 2025,Multimodal
3-Feb,Add Sausage 2 Patty,5,Grill,Spring 2025,Multimodal
3-Feb,ADD Cheese,12,Grill,Spring 2025,Multimodal
3-Feb,Add Egg $.99,3,Grill,Spring 2025,Multimodal
3-Feb,1 Entree + 1 Side,181,Asian,Spring 2025,Multimodal
3-Feb,1 Entree + 2 Side,103,Asian,Spring 2025,Multimodal
3-Feb,Bowl Ramen Chicken,81,Asian,Spring 2025,Multimodal
3-Feb,2 Entrees + 2 Sides,29,Asian,Spring 2025,Multimodal
3-Feb,Bowl Ramen Tofu,12,Asian,Spring 2025,Multimodal
3-Feb,1 Wok Entree,8,Asian,Spring 2025,Multimodal
3-Feb,Side Vegetarian Lo Mein,8,Asian,Spring 2025,Multimodal
3-Feb,Side White or Brown Rice,10,Asian,Spring 2025,Multimodal
3-Feb,Side Vegetable Spring Rolls,3,Asian,Spring 2025,Multimodal
3-Feb,Side Vegetables,1,Asian,Spring 2025,Multimodal
3-Feb,Side Vegetarian Fried Rice with,1,Asian,Spring 2025,Multimodal
3-Feb,Create Your Pasta Bowl MEAT,140,Italian,Spring 2025,Multimodal
3-Feb,Pizza with Toppings,39,Italian,Spring 2025,Multimodal
3-Feb,Create Your Pasta Bowl VEG,18,Italian,Spring 2025,Multimodal
3-Feb,Add Extra Meat,36,Italian,Spring 2025,Multimodal
3-Feb,Pizza Cheese,16,Italian,Spring 2025,Multimodal
3-Feb,Side Bread Pasta Station,1,Italian,Spring 2025,Multimodal
3-Feb,Burrito Breakfast,85,Breakfast,Spring 2025,Multimodal
3-Feb,Small French Omelet,66,Breakfast,Spring 2025,Multimodal
3-Feb,Grand Slam Breakfast,7,Breakfast,Spring 2025,Multimodal
3-Feb,Add Bacon,30,Breakfast,Spring 2025,Multimodal
3-Feb,Two Eggs,27,Breakfast,Spring 2025,Multimodal
3-Feb,Trillium Home Fries,5,Breakfast,Spring 2025,Multimodal
3-Feb,Pancake Single,1,Breakfast,Spring 2025,Multimodal
3-Feb,2 Slices Toast,2,Breakfast,Spring 2025,Multimodal
3-Feb,PC Peanut Butter,2,Breakfast,Spring 2025,Multimodal
3-Feb,Toast,1,Breakfast,Spring 2025,Multimodal
3-Feb,Burrito Bowl BYO,110,Mexican,Spring 2025,Multimodal
3-Feb,Single Taco,4,Mexican,Spring 2025,Multimodal
3-Feb,Side Guacamole,1,Mexican,Spring 2025,Multimodal
3-Feb,Salad by the Pound,64,Salad Bar,Spring 2025,Multimodal
3-Feb,Add Extra Protein $3.99,3,Salad Bar,Spring 2025,Multimodal
3-Feb,8 oz Soup,56,Soup,Spring 2025,Multimodal
3-Feb,Soup 12 oz,38,Soup,Spring 2025,Multimodal
3-Feb,Egg Cheese Bacon Breakfast Sandwich,24,Grab N Go,Spring 2025,Multimodal
3-Feb,Egg Cheese Sausage Breakfast Sandwich,19,Grab N Go,Spring 2025,Multimodal
4-Feb,Quesadilla Deluxe Trillium,196,Grill,Spring 2025,Multimodal
4-Feb,Grilled Hamburger,108,Grill,Spring 2025,Multimodal
4-Feb,Fried Chicken Tenders,107,Grill,Spring 2025,Multimodal
4-Feb,Burrito Una Mano Trillium BYO,75,Grill,Spring 2025,Multimodal
4-Feb,French Fries,130,Grill,Spring 2025,Multimodal
4-Feb,Grilled Chicken Breast Sandwich,19,Grill,Spring 2025,Multimodal
4-Feb,Sweet Potato Fries,45,Grill,Spring 2025,Multimodal
4-Feb,ADD Beef Patty,21,Grill,Spring 2025,Multimodal
4-Feb,Quesadilla Cheese,8,Grill,Spring 2025,Multimodal
4-Feb,Seared Salmon Burger,7,Grill,Spring 2025,Multimodal
4-Feb,Side Potato Tots,16,Grill,Spring 2025,Multimodal
4-Feb,ADD Chicken Breast,8,Grill,Spring 2025,Multimodal
4-Feb,Black Bean Burger,3,Grill,Spring 2025,Multimodal
4-Feb,Trillium Grill Impossible Burger,2,Grill,Spring 2025,Multimodal
4-Feb,Add Sausage 2 Patty,5,Grill,Spring 2025,Multimodal
4-Feb,ADD Cheese,16,Grill,Spring 2025,Multimodal
4-Feb,Add Egg $.99,7,Grill,Spring 2025,Multimodal
4-Feb,ADD Burger Salmon Grilled,1,Grill,Spring 2025,Multimodal
4-Feb,1 Entree + 1 Side,213,Asian,Spring 2025,Multimodal
4-Feb,1 Entree + 2 Side,82,Asian,Spring 2025,Multimodal
4-Feb,Bowl Ramen Chicken,86,Asian,Spring 2025,Multimodal
4-Feb,2 Entrees + 2 Sides,34,Asian,Spring 2025,Multimodal
4-Feb,Bowl Ramen Tofu,25,Asian,Spring 2025,Multimodal
4-Feb,1 Wok Entree,8,Asian,Spring 2025,Multimodal
4-Feb,Side Vegetarian Lo Mein,7,Asian,Spring 2025,Multimodal
4-Feb,Side White or Brown Rice,9,Asian,Spring 2025,Multimodal
4-Feb,Side Vegetables,3,Asian,Spring 2025,Multimodal
4-Feb,Side Vegetarian Fried Rice with,3,Asian,Spring 2025,Multimodal
4-Feb,Side Vegetable Spring Rolls,1,Asian,Spring 2025,Multimodal
4-Feb,Create Your Pasta Bowl MEAT,101,Italian,Spring 2025,Multimodal
4-Feb,Pizza with Toppings,52,Italian,Spring 2025,Multimodal
4-Feb,Create Your Pasta Bowl VEG,24,Italian,Spring 2025,Multimodal
4-Feb,Pizza Cheese,20,Italian,Spring 2025,Multimodal
4-Feb,Add Extra Meat,17,Italian,Spring 2025,Multimodal
4-Feb,Side Bread Pasta Station,2,Italian,Spring 2025,Multimodal
4-Feb,Burrito Breakfast,96,Breakfast,Spring 2025,Multimodal
4-Feb,Small French Omelet,52,Breakfast,Spring 2025,Multimodal
4-Feb,Grand Slam Breakfast,14,Breakfast,Spring 2025,Multimodal
4-Feb,Add Bacon,26,Breakfast,Spring 2025,Multimodal
4-Feb,Two Eggs,15,Breakfast,Spring 2025,Multimodal
4-Feb,Pancake Single,4,Breakfast,Spring 2025,Multimodal
4-Feb,Trillium Home Fries,3,Breakfast,Spring 2025,Multimodal
4-Feb,2 Slices Toast,1,Breakfast,Spring 2025,Multimodal
4-Feb,Burrito Bowl BYO,100,Mexican,Spring 2025,Multimodal
4-Feb,Single Taco,7,Mexican,Spring 2025,Multimodal
4-Feb,Side Guacamole,3,Mexican,Spring 2025,Multimodal
4-Feb,8 oz Soup,60,Soup,Spring 2025,Multimodal
4-Feb,Soup 12 oz,41,Soup,Spring 2025,Multimodal
4-Feb,Salad by the Pound,50,Salad Bar,Spring 2025,Multimodal
4-Feb,Add Extra Protein $3.99,3,Salad Bar,Spring 2025,Multimodal
4-Feb,Egg Cheese Sausage Breakfast Sandwich,28,Grab N Go,Spring 2025,Multimodal
4-Feb,Egg Cheese Bacon Breakfast Sandwich,18,Grab N Go,Spring 2025,Multimodal
5-Feb,Quesadilla Deluxe Trillium,185,Grill,Spring 2025,Multimodal
5-Feb,Grilled Hamburger,97,Grill,Spring 2025,Multimodal
5-Feb,Burrito Una Mano Trillium BYO,72,Grill,Spring 2025,Multimodal
5-Feb,Fried Chicken Tenders,81,Grill,Spring 2025,Multimodal
5-Feb,French Fries,124,Grill,Spring 2025,Multimodal
5-Feb,Grilled Chicken Breast Sandwich,23,Grill,Spring 2025,Multimodal
5-Feb,ADD Beef Patty,24,Grill,Spring 2025,Multimodal
5-Feb,Sweet Potato Fries,27,Grill,Spring 2025,Multimodal
5-Feb,Trillium Grill Impossible Burger,7,Grill,Spring 2025,Multimodal
5-Feb,Quesadilla Cheese,8,Grill,Spring 2025,Multimodal
5-Feb,Side Potato Tots,20,Grill,Spring 2025,Multimodal
5-Feb,Seared Salmon Burger,6,Grill,Spring 2025,Multimodal
5-Feb,Black Bean Burger,3,Grill,Spring 2025,Multimodal
5-Feb,ADD Chicken Breast,4,Grill,Spring 2025,Multimodal
5-Feb,ADD Cheese,21,Grill,Spring 2025,Multimodal
5-Feb,Add Sausage 2 Patty,3,Grill,Spring 2025,Multimodal
5-Feb,Add Egg $.99,4,Grill,Spring 2025,Multimodal
5-Feb,1 Entree + 1 Side,203,Asian,Spring 2025,Multimodal
5-Feb,1 Entree + 2 Side,98,Asian,Spring 2025,Multimodal
5-Feb,Bowl Ramen Chicken,78,Asian,Spring 2025,Multimodal
5-Feb,2 Entrees + 2 Sides,34,Asian,Spring 2025,Multimodal
5-Feb,Bowl Ramen Tofu,14,Asian,Spring 2025,Multimodal
5-Feb,1 Wok Entree,8,Asian,Spring 2025,Multimodal
5-Feb,Side Vegetarian Lo Mein,4,Asian,Spring 2025,Multimodal
5-Feb,Side Vegetables,3,Asian,Spring 2025,Multimodal
5-Feb,Side Vegetable Spring Rolls,2,Asian,Spring 2025,Multimodal
5-Feb,Side White or Brown Rice,3,Asian,Spring 2025,Multimodal
5-Feb,Side Vegetarian Fried Rice with,1,Asian,Spring 2025,Multimodal
5-Feb,Create Your Pasta Bowl MEAT,144,Italian,Spring 2025,Multimodal
5-Feb,Pizza with Toppings,42,Italian,Spring 2025,Multimodal
5-Feb,Create Your Pasta Bowl VEG,26,Italian,Spring 2025,Multimodal
5-Feb,Add Extra Meat,40,Italian,Spring 2025,Multimodal
5-Feb,Pizza Cheese,15,Italian,Spring 2025,Multimodal
5-Feb,Side Bread Pasta Station,1,Italian,Spring 2025,Multimodal
5-Feb,Burrito Breakfast,96,Breakfast,Spring 2025,Multimodal
5-Feb,Small French Omelet,51,Breakfast,Spring 2025,Multimodal
5-Feb,Grand Slam Breakfast,17,Breakfast,Spring 2025,Multimodal
5-Feb,Add Bacon,31,Breakfast,Spring 2025,Multimodal
5-Feb,Two Eggs,13,Breakfast,Spring 2025,Multimodal
5-Feb,Trillium Home Fries,4,Breakfast,Spring 2025,Multimodal
5-Feb,Pancake Single,3,Breakfast,Spring 2025,Multimodal
5-Feb,PC Peanut Butter,1,Breakfast,Spring 2025,Multimodal
5-Feb,Burrito Bowl BYO,139,Mexican,Spring 2025,Multimodal
5-Feb,Side Guacamole,1,Mexican,Spring 2025,Multimodal
5-Feb,Side Salsa,1,Mexican,Spring 2025,Multimodal
5-Feb,Add Extra Toppings Una Mano,1,Mexican,Spring 2025,Multimodal
5-Feb,8 oz Soup,58,Soup,Spring 2025,Multimodal
5-Feb,Soup 12 oz,49,Soup,Spring 2025,Multimodal
5-Feb,Salad by the Pound,47,Salad Bar,Spring 2025,Multimodal
5-Feb,Add Extra Protein $3.99,3,Salad Bar,Spring 2025,Multimodal
5-Feb,Egg Cheese Sausage Breakfast Sandwich,34,Grab N Go,Spring 2025,Multimodal
5-Feb,Egg Cheese Bacon Breakfast Sandwich,29,Grab N Go,Spring 2025,Multimodal
6-Feb,1 Entree + 1 Side,260,Asian,Spring 2025,Multimodal
6-Feb,1 Entree + 2 Side,95,Asian,Spring 2025,Multimodal
6-Feb,Bowl Ramen Chicken,98,Asian,Spring 2025,Multimodal
6-Feb,2 Entrees + 2 Sides,62,Asian,Spring 2025,Multimodal
6-Feb,Bowl Ramen Tofu,12,Asian,Spring 2025,Multimodal
6-Feb,1 Wok Entree,7,Asian,Spring 2025,Multimodal
6-Feb,Side Vegetarian Lo Mein,6,Asian,Spring 2025,Multimodal
6-Feb,Side White or Brown Rice,5,Asian,Spring 2025,Multimodal
6-Feb,Side Fried Spring Roll,2,Asian,Spring 2025,Multimodal
6-Feb,Side Vegetable Spring Rolls,2,Asian,Spring 2025,Multimodal
6-Feb,Side Vegetables,1,Asian,Spring 2025,Multimodal
6-Feb,Side Vegetarian Fried Rice with,1,Asian,Spring 2025,Multimodal
6-Feb,Fried Chicken Tenders,164,Grill,Spring 2025,Multimodal
6-Feb,Burrito Una Mano Trillium BYO,101,Grill,Spring 2025,Multimodal
6-Feb,Quesadilla Cheese,87,Grill,Spring 2025,Multimodal
6-Feb,French Fries,147,Grill,Spring 2025,Multimodal
6-Feb,Sweet Potato Fries,28,Grill,Spring 2025,Multimodal
6-Feb,Add Egg $.99,8,Grill,Spring 2025,Multimodal
6-Feb,Side Potato Tots,2,Grill,Spring 2025,Multimodal
6-Feb,Create Your Pasta Bowl MEAT,116,Italian,Spring 2025,Multimodal
6-Feb,Create Your Pasta Bowl VEG,42,Italian,Spring 2025,Multimodal
6-Feb,Pizza with Toppings,61,Italian,Spring 2025,Multimodal
6-Feb,Pizza Cheese,22,Italian,Spring 2025,Multimodal
6-Feb,Add Extra Meat,18,Italian,Spring 2025,Multimodal
6-Feb,Side Bread Pasta Station,1,Italian,Spring 2025,Multimodal
6-Feb,Burrito Bowl BYO,130,Mexican,Spring 2025,Multimodal
6-Feb,Single Taco,11,Mexican,Spring 2025,Multimodal
6-Feb,Add Extra Toppings Una Mano,1,Mexican,Spring 2025,Multimodal
6-Feb,Small French Omelet,97,Breakfast,Spring 2025,Multimodal
6-Feb,Trillium Home Fries,1,Breakfast,Spring 2025,Multimodal
6-Feb,2 Slices Toast,2,Breakfast,Spring 2025,Multimodal
6-Feb,Toast,1,Breakfast,Spring 2025,Multimodal
6-Feb,8 oz Soup,60,Soup,Spring 2025,Multimodal
6-Feb,Soup 12 oz,49,Soup,Spring 2025,Multimodal
6-Feb,Salad by the Pound,49,Salad Bar,Spring 2025,Multimodal
6-Feb,Add Extra Protein $3.99,2,Salad Bar,Spring 2025,Multimodal
6-Feb,Egg Cheese Bacon Breakfast Sandwich,22,Grab N Go,Spring 2025,Multimodal
6-Feb,LTO Spicy Chicken Sandwich,1,Grab N Go,Spring 2025,Multimodal
7-Feb,Quesadilla Deluxe Trillium,123,Grill,Spring 2025,Multimodal
7-Feb,Grilled Hamburger,86,Grill,Spring 2025,Multimodal
7-Feb,Burrito Una Mano Trillium BYO,50,Grill,Spring 2025,Multimodal
7-Feb,Fried Chicken Tenders,60,Grill,Spring 2025,Multimodal
7-Feb,French Fries,99,Grill,Spring 2025,Multimodal
7-Feb,Quesadilla Cheese,13,Grill,Spring 2025,Multimodal
7-Feb,Sweet Potato Fries,24,Grill,Spring 2025,Multimodal
7-Feb,ADD Beef Patty,18,Grill,Spring 2025,Multimodal
7-Feb,Seared Salmon Burger,8,Grill,Spring 2025,Multimodal
7-Feb,Trillium Grill Impossible Burger,6,Grill,Spring 2025,Multimodal
7-Feb,Grilled Chicken Breast Sandwich,7,Grill,Spring 2025,Multimodal
7-Feb,Side Potato Tots,16,Grill,Spring 2025,Multimodal
7-Feb,Black Bean Burger,2,Grill,Spring 2025,Multimodal
7-Feb,Add Sausage 2 Patty,3,Grill,Spring 2025,Multimodal
7-Feb,ADD Cheese,6,Grill,Spring 2025,Multimodal
7-Feb,Add Egg $.99,2,Grill,Spring 2025,Multimodal
7-Feb,1 Entree + 1 Side,129,Asian,Spring 2025,Multimodal
7-Feb,1 Entree + 2 Side,53,Asian,Spring 2025,Multimodal
7-Feb,Bowl Ramen Chicken,43,Asian,Spring 2025,Multimodal
7-Feb,2 Entrees + 2 Sides,22,Asian,Spring 2025,Multimodal
7-Feb,Bowl Ramen Tofu,18,Asian,Spring 2025,Multimodal
7-Feb,Side Vegetarian Lo Mein,6,Asian,Spring 2025,Multimodal
7-Feb,Side Vegetable Spring Rolls,4,Asian,Spring 2025,Multimodal
7-Feb,1 Wok Entree,2,Asian,Spring 2025,Multimodal
7-Feb,Side White or Brown Rice,3,Asian,Spring 2025,Multimodal
7-Feb,Side Vegetarian Fried Rice with,1,Asian,Spring 2025,Multimodal
7-Feb,Burrito Breakfast,60,Breakfast,Spring 2025,Multimodal
7-Feb,Small French Omelet,47,Breakfast,Spring 2025,Multimodal
7-Feb,Grand Slam Breakfast,22,Breakfast,Spring 2025,Multimodal
7-Feb,Add Bacon,34,Breakfast,Spring 2025,Multimodal
7-Feb,Two Eggs,15,Breakfast,Spring 2025,Multimodal
7-Feb,Pancake Single,8,Breakfast,Spring 2025,Multimodal
7-Feb,Trillium Home Fries,4,Breakfast,Spring 2025,Multimodal
7-Feb,2 Slices Toast,1,Breakfast,Spring 2025,Multimodal
7-Feb,PC Peanut Butter,1,Breakfast,Spring 2025,Multimodal
7-Feb,Create Your Pasta Bowl MEAT,80,Italian,Spring 2025,Multimodal
7-Feb,Create Your Pasta Bowl VEG,15,Italian,Spring 2025,Multimodal
7-Feb,Pizza with Toppings,18,Italian,Spring 2025,Multimodal
7-Feb,Add Extra Meat,28,Italian,Spring 2025,Multimodal
7-Feb,Pizza Cheese,10,Italian,Spring 2025,Multimodal
7-Feb,Burrito Bowl BYO,50,Mexican,Spring 2025,Multimodal
7-Feb,LTO Spicy Chicken Sandwich,26,Grab N Go,Spring 2025,Multimodal
7-Feb,Egg Cheese Bacon Breakfast Sandwich,22,Grab N Go,Spring 2025,Multimodal
7-Feb,Egg Cheese Sausage Breakfast Sandwich,22,Grab N Go,Spring 2025,Multimodal
7-Feb,Soup 12 oz,32,Soup,Spring 2025,Multimodal
7-Feb,8 oz Soup,35,Soup,Spring 2025,Multimodal
7-Feb,Salad by the Pound,33,Salad Bar,Spring 2025,Multimodal
10-Feb,Quesadilla Deluxe Trillium,187,Grill,Spring 2025,Multimodal
10-Feb,Grilled Hamburger,101,Grill,Spring 2025,Multimodal
10-Feb,Burrito Una Mano Trillium BYO,60,Grill,Spring 2025,Multimodal
10-Feb,Fried Chicken Tenders,63,Grill,Spring 2025,Multimodal
10-Feb,French Fries,99,Grill,Spring 2025,Multimodal
10-Feb,Sweet Potato Fries,40,Grill,Spring 2025,Multimodal
10-Feb,Grilled Chicken Breast Sandwich,14,Grill,Spring 2025,Multimodal
10-Feb,Seared Salmon Burger,14,Grill,Spring 2025,Multimodal
10-Feb,Quesadilla Cheese,13,Grill,Spring 2025,Multimodal
10-Feb,ADD Beef Patty,17,Grill,Spring 2025,Multimodal
10-Feb,Side Potato Tots,17,Grill,Spring 2025,Multimodal
10-Feb,Trillium Grill Impossible Burger,4,Grill,Spring 2025,Multimodal
10-Feb,Black Bean Burger,4,Grill,Spring 2025,Multimodal
10-Feb,ADD Chicken Breast,5,Grill,Spring 2025,Multimodal
10-Feb,Add Sausage 2 Patty,2,Grill,Spring 2025,Multimodal
10-Feb,Add Egg $.99,4,Grill,Spring 2025,Multimodal
10-Feb,ADD Cheese,5,Grill,Spring 2025,Multimodal
10-Feb,1 Entree + 1 Side,200,Asian,Spring 2025,Multimodal
10-Feb,1 Entree + 2 Side,69,Asian,Spring 2025,Multimodal
10-Feb,Bowl Ramen Chicken,58,Asian,Spring 2025,Multimodal
10-Feb,2 Entrees + 2 Sides,18,Asian,Spring 2025,Multimodal
10-Feb,Bowl Ramen Tofu,21,Asian,Spring 2025,Multimodal
10-Feb,Side Vegetarian Lo Mein,11,Asian,Spring 2025,Multimodal
10-Feb,1 Wok Entree,6,Asian,Spring 2025,Multimodal
10-Feb,Side White or Brown Rice,6,Asian,Spring 2025,Multimodal
10-Feb,Side Vegetables,2,Asian,Spring 2025,Multimodal
10-Feb,Side Vegetarian Fried Rice with,1,Asian,Spring 2025,Multimodal
10-Feb,Create Your Pasta Bowl MEAT,121,Italian,Spring 2025,Multimodal
10-Feb,Create Your Pasta Bowl VEG,19,Italian,Spring 2025,Multimodal
10-Feb,Add Extra Meat,33,Italian,Spring 2025,Multimodal
10-Feb,Pizza Cheese,16,Italian,Spring 2025,Multimodal
10-Feb,Pizza with Toppings,12,Italian,Spring 2025,Multimodal
10-Feb,Burrito Breakfast,87,Breakfast,Spring 2025,Multimodal
10-Feb,Small French Omelet,49,Breakfast,Spring 2025,Multimodal
10-Feb,Grand Slam Breakfast,11,Breakfast,Spring 2025,Multimodal
10-Feb,Add Bacon,29,Breakfast,Spring 2025,Multimodal
10-Feb,Two Eggs,11,Breakfast,Spring 2025,Multimodal
10-Feb,Trillium Home Fries,4,Breakfast,Spring 2025,Multimodal
10-Feb,2 Slices Toast,4,Breakfast,Spring 2025,Multimodal
10-Feb,Toast,1,Breakfast,Spring 2025,Multimodal
10-Feb,Burrito Bowl BYO,104,Mexican,Spring 2025,Multimodal
10-Feb,Single Taco,8,Mexican,Spring 2025,Multimodal
10-Feb,Side Guacamole,4,Mexican,Spring 2025,Multimodal
10-Feb,Add Extra Toppings Una Mano,1,Mexican,Spring 2025,Multimodal
10-Feb,LTO Spicy Chicken Sandwich,46,Grab N Go,Spring 2025,Multimodal
10-Feb,Egg Cheese Bacon Breakfast Sandwich,26,Grab N Go,Spring 2025,Multimodal
10-Feb,Egg Cheese Sausage Breakfast Sandwich,23,Grab N Go,Spring 2025,Multimodal
10-Feb,Salad by the Pound,52,Salad Bar,Spring 2025,Multimodal
10-Feb,Add Extra Protein $3.99,1,Salad Bar,Spring 2025,Multimodal
10-Feb,Soup 12 oz,35,Soup,Spring 2025,Multimodal
10-Feb,8 oz Soup,36,Soup,Spring 2025,Multimodal
11-Feb,Quesadilla Deluxe Trillium,199,Grill,Spring 2025,Multimodal
11-Feb,Grilled Hamburger,86,Grill,Spring 2025,Multimodal
11-Feb,Fried Chicken Tenders,95,Grill,Spring 2025,Multimodal
11-Feb,Burrito Una Mano Trillium BYO,63,Grill,Spring 2025,Multimodal
11-Feb,French Fries,142,Grill,Spring 2025,Multimodal
11-Feb,Grilled Chicken Breast Sandwich,26,Grill,Spring 2025,Multimodal
11-Feb,Quesadilla Cheese,11,Grill,Spring 2025,Multimodal
11-Feb,Sweet Potato Fries,28,Grill,Spring 2025,Multimodal
11-Feb,ADD Beef Patty,18,Grill,Spring 2025,Multimodal
11-Feb,Seared Salmon Burger,8,Grill,Spring 2025,Multimodal
11-Feb,Trillium Grill Impossible Burger,6,Grill,Spring 2025,Multimodal
11-Feb,Side Potato Tots,15,Grill,Spring 2025,Multimodal
11-Feb,ADD Chicken Breast,7,Grill,Spring 2025,Multimodal
11-Feb,Black Bean Burger,3,Grill,Spring 2025,Multimodal
11-Feb,Add Sausage 2 Patty,4,Grill,Spring 2025,Multimodal
11-Feb,ADD Cheese,9,Grill,Spring 2025,Multimodal
11-Feb,Add Egg $.99,3,Grill,Spring 2025,Multimodal
11-Feb,1 Entree + 1 Side,217,Asian,Spring 2025,Multimodal
11-Feb,1 Entree + 2 Side,86,Asian,Spring 2025,Multimodal
11-Feb,Bowl Ramen Chicken,94,Asian,Spring 2025,Multimodal
11-Feb,2 Entrees + 2 Sides,33,Asian,Spring 2025,Multimodal
11-Feb,Bowl Ramen Tofu,20,Asian,Spring 2025,Multimodal
11-Feb,Side Vegetarian Lo Mein,13,Asian,Spring 2025,Multimodal
11-Feb,Side White or Brown Rice,12,Asian,Spring 2025,Multimodal
11-Feb,Side Vegetarian Fried Rice with,5,Asian,Spring 2025,Multimodal
11-Feb,1 Wok Entree,2,Asian,Spring 2025,Multimodal
11-Feb,Side Vegetables,3,Asian,Spring 2025,Multimodal
11-Feb,Bowl Ramen Pork,1,Asian,Spring 2025,Multimodal
11-Feb,Side Vegetable Spring Rolls,1,Asian,Spring 2025,Multimodal
11-Feb,Create Your Pasta Bowl MEAT,111,Italian,Spring 2025,Multimodal
11-Feb,Create Your Pasta Bowl VEG,23,Italian,Spring 2025,Multimodal
11-Feb,Pizza with Toppings,23,Italian,Spring 2025,Multimodal
11-Feb,Pizza Cheese,21,Italian,Spring 2025,Multimodal
11-Feb,Add Extra Meat,20,Italian,Spring 2025,Multimodal
11-Feb,Burrito Breakfast,79,Breakfast,Spring 2025,Multimodal
11-Feb,Small French Omelet,52,Breakfast,Spring 2025,Multimodal
11-Feb,Grand Slam Breakfast,13,Breakfast,Spring 2025,Multimodal
11-Feb,Add Bacon,33,Breakfast,Spring 2025,Multimodal
11-Feb,Two Eggs,15,Breakfast,Spring 2025,Multimodal
11-Feb,Pancake Single,3,Breakfast,Spring 2025,Multimodal
11-Feb,Trillium Home Fries,2,Breakfast,Spring 2025,Multimodal
11-Feb,2 Slices Toast,3,Breakfast,Spring 2025,Multimodal
11-Feb,Toast,2,Breakfast,Spring 2025,Multimodal
11-Feb,PC Jelly,1,Breakfast,Spring 2025,Multimodal
11-Feb,Burrito Bowl BYO,107,Mexican,Spring 2025,Multimodal
11-Feb,Single Taco,4,Mexican,Spring 2025,Multimodal
11-Feb,Side Guacamole,3,Mexican,Spring 2025,Multimodal
11-Feb,LTO Spicy Chicken Sandwich,35,Grab N Go,Spring 2025,Multimodal
11-Feb,Egg Cheese Bacon Breakfast Sandwich,25,Grab N Go,Spring 2025,Multimodal
11-Feb,LTO Meatball Sub,14,Grab N Go,Spring 2025,Multimodal
11-Feb,Egg Cheese Sausage Breakfast Sandwich,20,Grab N Go,Spring 2025,Multimodal
11-Feb,Salad by the Pound,51,Salad Bar,Spring 2025,Multimodal
11-Feb,Add Extra Protein $3.99,3,Salad Bar,Spring 2025,Multimodal
11-Feb,Soup 12 oz,60,Soup,Spring 2025,Multimodal
11-Feb,8 oz Soup,32,Soup,Spring 2025,Multimodal
12-Feb,Quesadilla Deluxe Trillium,184,Grill,Spring 2025,Multimodal
12-Feb,Grilled Hamburger,101,Grill,Spring 2025,Multimodal
12-Feb,Fried Chicken Tenders,86,Grill,Spring 2025,Multimodal
12-Feb,Burrito Una Mano Trillium BYO,62,Grill,Spring 2025,Multimodal
12-Feb,French Fries,117,Grill,Spring 2025,Multimodal
12-Feb,Grilled Chicken Breast Sandwich,21,Grill,Spring 2025,Multimodal
12-Feb,Sweet Potato Fries,46,Grill,Spring 2025,Multimodal
12-Feb,Quesadilla Cheese,14,Grill,Spring 2025,Multimodal
12-Feb,Seared Salmon Burger,12,Grill,Spring 2025,Multimodal
12-Feb,Trillium Grill Impossible Burger,7,Grill,Spring 2025,Multimodal
12-Feb,Side Potato Tots,18,Grill,Spring 2025,Multimodal
12-Feb,ADD Beef Patty,13,Grill,Spring 2025,Multimodal
12-Feb,ADD Chicken Breast,7,Grill,Spring 2025,Multimodal
12-Feb,Black Bean Burger,3,Grill,Spring 2025,Multimodal
12-Feb,Add Sausage 2 Patty,3,Grill,Spring 2025,Multimodal
12-Feb,ADD Cheese,6,Grill,Spring 2025,Multimodal
12-Feb,Add Egg $.99,2,Grill,Spring 2025,Multimodal
12-Feb,1 Entree + 1 Side,218,Asian,Spring 2025,Multimodal
12-Feb,1 Entree + 2 Side,81,Asian,Spring 2025,Multimodal
12-Feb,Bowl Ramen Chicken,78,Asian,Spring 2025,Multimodal
12-Feb,2 Entrees + 2 Sides,27,Asian,Spring 2025,Multimodal
12-Feb,Bowl Ramen Tofu,11,Asian,Spring 2025,Multimodal
12-Feb,1 Wok Entree,9,Asian,Spring 2025,Multimodal
12-Feb,Side Vegetarian Lo Mein,6,Asian,Spring 2025,Multimodal
12-Feb,Side Vegetarian Fried Rice with,4,Asian,Spring 2025,Multimodal
12-Feb,Bowl Ramen Pork,1,Asian,Spring 2025,Multimodal
12-Feb,Side Vegetables,2,Asian,Spring 2025,Multimodal
12-Feb,Side White or Brown Rice,2,Asian,Spring 2025,Multimodal
12-Feb,Create Your Pasta Bowl MEAT,133,Italian,Spring 2025,Multimodal
12-Feb,Create Your Pasta Bowl VEG,22,Italian,Spring 2025,Multimodal
12-Feb,Pizza Cheese,25,Italian,Spring 2025,Multimodal
12-Feb,Add Extra Meat,39,Italian,Spring 2025,Multimodal
12-Feb,Pizza with Toppings,17,Italian,Spring 2025,Multimodal
12-Feb,Burrito Breakfast,85,Breakfast,Spring 2025,Multimodal
12-Feb,Small French Omelet,62,Breakfast,Spring 2025,Multimodal
12-Feb,Grand Slam Breakfast,13,Breakfast,Spring 2025,Multimodal
12-Feb,Add Bacon,29,Breakfast,Spring 2025,Multimodal
12-Feb,Two Eggs,15,Breakfast,Spring 2025,Multimodal
12-Feb,Pancake Single,4,Breakfast,Spring 2025,Multimodal
12-Feb,Trillium Home Fries,1,Breakfast,Spring 2025,Multimodal
12-Feb,Toast,2,Breakfast,Spring 2025,Multimodal
12-Feb,Burrito Bowl BYO,116,Mexican,Spring 2025,Multimodal
12-Feb,Single Taco,7,Mexican,Spring 2025,Multimodal
12-Feb,Side Guacamole,4,Mexican,Spring 2025,Multimodal
12-Feb,Add Extra Toppings Una Mano,2,Mexican,Spring 2025,Multimodal
12-Feb,LTO Spicy Chicken Sandwich,33,Grab N Go,Spring 2025,Multimodal
12-Feb,Egg Cheese Sausage Breakfast Sandwich,23,Grab N Go,Spring 2025,Multimodal
12-Feb,Egg Cheese Bacon Breakfast Sandwich,20,Grab N Go,Spring 2025,Multimodal
12-Feb,Soup 12 oz,48,Soup,Spring 2025,Multimodal
12-Feb,8 oz Soup,41,Soup,Spring 2025,Multimodal
12-Feb,Salad by the Pound,49,Salad Bar,Spring 2025,Multimodal
12-Feb,Add Extra Protein $3.99,2,Salad Bar,Spring 2025,Multimodal
13-Feb,Quesadilla Deluxe Trillium,190,Grill,Spring 2025,Multimodal
13-Feb,Grilled Hamburger,83,Grill,Spring 2025,Multimodal
13-Feb,Burrito Una Mano Trillium BYO,64,Grill,Spring 2025,Multimodal
13-Feb,Fried Chicken Tenders,76,Grill,Spring 2025,Multimodal
13-Feb,French Fries,123,Grill,Spring 2025,Multimodal
13-Feb,Trillium Grill Impossible Burger,10,Grill,Spring 2025,Multimodal
13-Feb,Grilled Chicken Breast Sandwich,12,Grill,Spring 2025,Multimodal
13-Feb,Seared Salmon Burger,11,Grill,Spring 2025,Multimodal
13-Feb,Quesadilla Cheese,11,Grill,Spring 2025,Multimodal
13-Feb,Sweet Potato Fries,27,Grill,Spring 2025,Multimodal
13-Feb,Side Potato Tots,17,Grill,Spring 2025,Multimodal
13-Feb,ADD Chicken Breast,7,Grill,Spring 2025,Multimodal
13-Feb,Black Bean Burger,3,Grill,Spring 2025,Multimodal
13-Feb,ADD Beef Patty,3,Grill,Spring 2025,Multimodal
13-Feb,Add Egg $.99,7,Grill,Spring 2025,Multimodal
13-Feb,Add Sausage 2 Patty,3,Grill,Spring 2025,Multimodal
13-Feb,ADD Cheese,6,Grill,Spring 2025,Multimodal
13-Feb,1 Entree + 1 Side,185,Asian,Spring 2025,Multimodal
13-Feb,1 Entree + 2 Side,71,Asian,Spring 2025,Multimodal
13-Feb,Bowl Ramen Chicken,66,Asian,Spring 2025,Multimodal
13-Feb,2 Entrees + 2 Sides,34,Asian,Spring 2025,Multimodal
13-Feb,Bowl Ramen Tofu,21,Asian,Spring 2025,Multimodal
13-Feb,1 Wok Entree,9,Asian,Spring 2025,Multimodal
13-Feb,Side White or Brown Rice,8,Asian,Spring 2025,Multimodal
13-Feb,Side Vegetarian Lo Mein,3,Asian,Spring 2025,Multimodal
13-Feb,Side Vegetables,2,Asian,Spring 2025,Multimodal
13-Feb,Side Fried Spring Roll,1,Asian,Spring 2025,Multimodal
13-Feb,Side Vegetable Spring Rolls,1,Asian,Spring 2025,Multimodal
13-Feb,Side Vegetarian Fried Rice with,1,Asian,Spring 2025,Multimodal
13-Feb,Burrito Breakfast,83,Breakfast,Spring 2025,Multimodal
13-Feb,Small French Omelet,58,Breakfast,Spring 2025,Multimodal
13-Feb,Grand Slam Breakfast,11,Breakfast,Spring 2025,Multimodal
13-Feb,Add Bacon,26,Breakfast,Spring 2025,Multimodal
13-Feb,Two Eggs,7,Breakfast,Spring 2025,Multimodal
13-Feb,Pancake Single,4,Breakfast,Spring 2025,Multimodal
13-Feb,Trillium Home Fries,1,Breakfast,Spring 2025,Multimodal
13-Feb,2 Slices Toast,2,Breakfast,Spring 2025,Multimodal
13-Feb,Toast,1,Breakfast,Spring 2025,Multimodal
13-Feb,PC Peanut Butter,1,Breakfast,Spring 2025,Multimodal
13-Feb,Create Your Pasta Bowl MEAT,81,Italian,Spring 2025,Multimodal
13-Feb,Create Your Pasta Bowl VEG,20,Italian,Spring 2025,Multimodal
13-Feb,Pizza with Toppings,30,Italian,Spring 2025,Multimodal
13-Feb,Pizza Cheese,17,Italian,Spring 2025,Multimodal
13-Feb,Add Extra Meat,19,Italian,Spring 2025,Multimodal
13-Feb,Burrito Bowl BYO,73,Mexican,Spring 2025,Multimodal
13-Feb,Single Taco,3,Mexican,Spring 2025,Multimodal
13-Feb,Side Guacamole,1,Mexican,Spring 2025,Multimodal
13-Feb,Add Extra Toppings Una Mano,2,Mexican,Spring 2025,Multimodal
13-Feb,LTO Spicy Chicken Sandwich,35,Grab N Go,Spring 2025,Multimodal
13-Feb,Egg Cheese Sausage Breakfast Sandwich,28,Grab N Go,Spring 2025,Multimodal
13-Feb,Egg Cheese Bacon Breakfast Sandwich,24,Grab N Go,Spring 2025,Multimodal
13-Feb,LTO Meatball Sub,12,Grab N Go,Spring 2025,Multimodal
13-Feb,Burrito Breakfast G&G,1,Grab N Go,Spring 2025,Multimodal
13-Feb,Soup 12 oz,52,Soup,Spring 2025,Multimodal
13-Feb,8 oz Soup,42,Soup,Spring 2025,Multimodal
13-Feb,Salad by the Pound,33,Salad Bar,Spring 2025,Multimodal
13-Feb,Add Extra Protein $3.99,2,Salad Bar,Spring 2025,Multimodal
14-Feb,Quesadilla Deluxe Trillium,100,Grill,Spring 2025,Multimodal
14-Feb,Grilled Hamburger,72,Grill,Spring 2025,Multimodal
14-Feb,Fried Chicken Tenders,53,Grill,Spring 2025,Multimodal
14-Feb,French Fries,106,Grill,Spring 2025,Multimodal
14-Feb,Burrito Una Mano Trillium BYO,33,Grill,Spring 2025,Multimodal
14-Feb,Quesadilla Cheese,8,Grill,Spring 2025,Multimodal
14-Feb,Side Potato Tots,16,Grill,Spring 2025,Multimodal
14-Feb,Grilled Chicken Breast Sandwich,5,Grill,Spring 2025,Multimodal
14-Feb,Seared Salmon Burger,5,Grill,Spring 2025,Multimodal
14-Feb,Trillium Grill Impossible Burger,4,Grill,Spring 2025,Multimodal
14-Feb,Black Bean Burger,2,Grill,Spring 2025,Multimodal
14-Feb,Add Sausage 2 Patty,4,Grill,Spring 2025,Multimodal
14-Feb,Add Egg $.99,2,Grill,Spring 2025,Multimodal
14-Feb,1 Entree + 1 Side,90,Asian,Spring 2025,Multimodal
14-Feb,1 Entree + 2 Side,46,Asian,Spring 2025,Multimodal
14-Feb,Bowl Ramen Chicken,42,Asian,Spring 2025,Multimodal
14-Feb,2 Entrees + 2 Sides,12,Asian,Spring 2025,Multimodal
14-Feb,Bowl Ramen Tofu,15,Asian,Spring 2025,Multimodal
14-Feb,Bowl Ramen Pork,1,Asian,Spring 2025,Multimodal
14-Feb,Side Vegetable Spring Rolls,2,Asian,Spring 2025,Multimodal
14-Feb,Side Vegetarian Lo Mein,2,Asian,Spring 2025,Multimodal
14-Feb,1 Wok Entree,1,Asian,Spring 2025,Multimodal
14-Feb,Side White or Brown Rice,1,Asian,Spring 2025,Multimodal
14-Feb,Burrito Breakfast,72,Breakfast,Spring 2025,Multimodal
14-Feb,Small French Omelet,29,Breakfast,Spring 2025,Multimodal
14-Feb,Grand Slam Breakfast,5,Breakfast,Spring 2025,Multimodal
14-Feb,Add Bacon,18,Breakfast,Spring 2025,Multimodal
14-Feb,Two Eggs,14,Breakfast,Spring 2025,Multimodal
14-Feb,Pancake Single,5,Breakfast,Spring 2025,Multimodal
14-Feb,Trillium Home Fries,2,Breakfast,Spring 2025,Multimodal
14-Feb,Toast,1,Breakfast,Spring 2025,Multimodal
14-Feb,Create Your Pasta Bowl MEAT,34,Italian,Spring 2025,Multimodal
14-Feb,Create Your Pasta Bowl VEG,16,Italian,Spring 2025,Multimodal
14-Feb,Pizza with Toppings,16,Italian,Spring 2025,Multimodal
14-Feb,Pizza Cheese,13,Italian,Spring 2025,Multimodal
14-Feb,Add Extra Meat,14,Italian,Spring 2025,Multimodal
14-Feb,LTO Spicy Chicken Sandwich,22,Grab N Go,Spring 2025,Multimodal
14-Feb,Egg Cheese Sausage Breakfast Sandwich,23,Grab N Go,Spring 2025,Multimodal
14-Feb,Egg Cheese Bacon Breakfast Sandwich,17,Grab N Go,Spring 2025,Multimodal
14-Feb,Burrito Bowl BYO,34,Mexican,Spring 2025,Multimodal
14-Feb,Single Taco,3,Mexican,Spring 2025,Multimodal
14-Feb,Side Guacamole,2,Mexican,Spring 2025,Multimodal
14-Feb,8 oz Soup,23,Soup,Spring 2025,Multimodal
14-Feb,Soup 12 oz,17,Soup,Spring 2025,Multimodal
14-Feb,Salad by the Pound,20,Salad Bar,Spring 2025,Multimodal
14-Feb,Add Extra Protein $3.99,1,Salad Bar,Spring 2025,Multimodal
19-Feb,Quesadilla Deluxe Trillium,181,Grill,Spring 2025,Multimodal
19-Feb,Grilled Hamburger,84,Grill,Spring 2025,Multimodal
19-Feb,Fried Chicken Tenders,71,Grill,Spring 2025,Multimodal
19-Feb,Burrito Una Mano Trillium BYO,50,Grill,Spring 2025,Multimodal
19-Feb,French Fries,128,Grill,Spring 2025,Multimodal
19-Feb,Quesadilla Cheese,20,Grill,Spring 2025,Multimodal
19-Feb,Grilled Chicken Breast Sandwich,17,Grill,Spring 2025,Multimodal
19-Feb,ADD Beef Patty,19,Grill,Spring 2025,Multimodal
19-Feb,Sweet Potato Fries,23,Grill,Spring 2025,Multimodal
19-Feb,Seared Salmon Burger,5,Grill,Spring 2025,Multimodal
19-Feb,Side Potato Tots,11,Grill,Spring 2025,Multimodal
19-Feb,Trillium Grill Impossible Burger,3,Grill,Spring 2025,Multimodal
19-Feb,Black Bean Burger,1,Grill,Spring 2025,Multimodal
19-Feb,Add Sausage 2 Patty,3,Grill,Spring 2025,Multimodal
19-Feb,ADD Cheese,10,Grill,Spring 2025,Multimodal
19-Feb,ADD Chicken Breast,1,Grill,Spring 2025,Multimodal
19-Feb,Add Egg $.99,3,Grill,Spring 2025,Multimodal
19-Feb,1 Entree + 1 Side,200,Asian,Spring 2025,Multimodal
19-Feb,1 Entree + 2 Side,78,Asian,Spring 2025,Multimodal
19-Feb,Bowl Ramen Chicken,80,Asian,Spring 2025,Multimodal
19-Feb,2 Entrees + 2 Sides,21,Asian,Spring 2025,Multimodal
19-Feb,Bowl Ramen Tofu,15,Asian,Spring 2025,Multimodal
19-Feb,1 Wok Entree,10,Asian,Spring 2025,Multimodal
19-Feb,Side Vegetarian Lo Mein,4,Asian,Spring 2025,Multimodal
19-Feb,Side White or Brown Rice,7,Asian,Spring 2025,Multimodal
19-Feb,Side Vegetable Spring Rolls,3,Asian,Spring 2025,Multimodal
19-Feb,Bowl Ramen Pork,1,Asian,Spring 2025,Multimodal
19-Feb,Side Vegetables,2,Asian,Spring 2025,Multimodal
19-Feb,Side Vegetarian Fried Rice with,2,Asian,Spring 2025,Multimodal
19-Feb,Create Your Pasta Bowl MEAT,104,Italian,Spring 2025,Multimodal
19-Feb,Create Your Pasta Bowl VEG,28,Italian,Spring 2025,Multimodal
19-Feb,Pizza with Toppings,20,Italian,Spring 2025,Multimodal
19-Feb,Pizza Cheese,24,Italian,Spring 2025,Multimodal
19-Feb,Add Extra Meat,27,Italian,Spring 2025,Multimodal
19-Feb,Burrito Breakfast,76,Breakfast,Spring 2025,Multimodal
19-Feb,Small French Omelet,58,Breakfast,Spring 2025,Multimodal
19-Feb,Grand Slam Breakfast,7,Breakfast,Spring 2025,Multimodal
19-Feb,Add Bacon,27,Breakfast,Spring 2025,Multimodal
19-Feb,Two Eggs,11,Breakfast,Spring 2025,Multimodal
19-Feb,Trillium Home Fries,4,Breakfast,Spring 2025,Multimodal
19-Feb,Pancake Single,1,Breakfast,Spring 2025,Multimodal
19-Feb,Toast,1,Breakfast,Spring 2025,Multimodal
19-Feb,Burrito Bowl BYO,103,Mexican,Spring 2025,Multimodal
19-Feb,Single Taco,2,Mexican,Spring 2025,Multimodal
19-Feb,Side Guacamole,2,Mexican,Spring 2025,Multimodal
19-Feb,Soup 12 oz,47,Soup,Spring 2025,Multimodal
19-Feb,8 oz Soup,42,Soup,Spring 2025,Multimodal
19-Feb,LTO Spicy Chicken Sandwich,24,Grab N Go,Spring 2025,Multimodal
19-Feb,Egg Cheese Bacon Breakfast Sandwich,24,Grab N Go,Spring 2025,Multimodal
19-Feb,Egg Cheese Sausage Breakfast Sandwich,23,Grab N Go,Spring 2025,Multimodal
19-Feb,Salad by the Pound,47,Salad Bar,Spring 2025,Multimodal
19-Feb,Add Extra Protein $3.99,2,Salad Bar,Spring 2025,Multimodal
19-Feb,LTO Sandwich,5,Deli,Spring 2025,Multimodal
20-Feb,Quesadilla Deluxe Trillium,172,Grill,Spring 2025,Multimodal
20-Feb,Grilled Hamburger,102,Grill,Spring 2025,Multimodal
20-Feb,Fried Chicken Tenders,82,Grill,Spring 2025,Multimodal
20-Feb,Burrito Una Mano Trillium BYO,54,Grill,Spring 2025,Multimodal
20-Feb,French Fries,133,Grill,Spring 2025,Multimodal
20-Feb,Grilled Chicken Breast Sandwich,17,Grill,Spring 2025,Multimodal
20-Feb,Sweet Potato Fries,38,Grill,Spring 2025,Multimodal
20-Feb,Trillium Grill Impossible Burger,10,Grill,Spring 2025,Multimodal
20-Feb,Quesadilla Cheese,10,Grill,Spring 2025,Multimodal
20-Feb,ADD Beef Patty,19,Grill,Spring 2025,Multimodal
20-Feb,Side Potato Tots,16,Grill,Spring 2025,Multimodal
20-Feb,Seared Salmon Burger,5,Grill,Spring 2025,Multimodal
20-Feb,Black Bean Burger,4,Grill,Spring 2025,Multimodal
20-Feb,ADD Chicken Breast,3,Grill,Spring 2025,Multimodal
20-Feb,Add Sausage 2 Patty,3,Grill,Spring 2025,Multimodal
20-Feb,ADD Cheese,8,Grill,Spring 2025,Multimodal
20-Feb,Add Egg $.99,1,Grill,Spring 2025,Multimodal
20-Feb,1 Entree + 1 Side,178,Asian,Spring 2025,Multimodal
20-Feb,1 Entree + 2 Side,70,Asian,Spring 2025,Multimodal
20-Feb,Bowl Ramen Chicken,62,Asian,Spring 2025,Multimodal
20-Feb,2 Entrees + 2 Sides,23,Asian,Spring 2025,Multimodal
20-Feb,Bowl Ramen Tofu,15,Asian,Spring 2025,Multimodal
20-Feb,Side Vegetarian Lo Mein,6,Asian,Spring 2025,Multimodal
20-Feb,1 Wok Entree,3,Asian,Spring 2025,Multimodal
20-Feb,Side White or Brown Rice,4,Asian,Spring 2025,Multimodal
20-Feb,Side Vegetarian Fried Rice with,2,Asian,Spring 2025,Multimodal
20-Feb,Side Fried Spring Roll,1,Asian,Spring 2025,Multimodal
20-Feb,Create Your Pasta Bowl MEAT,93,Italian,Spring 2025,Multimodal
20-Feb,Create Your Pasta Bowl VEG,27,Italian,Spring 2025,Multimodal
20-Feb,Pizza with Toppings,32,Italian,Spring 2025,Multimodal
20-Feb,Pizza Cheese,19,Italian,Spring 2025,Multimodal
20-Feb,Add Extra Meat,24,Italian,Spring 2025,Multimodal
20-Feb,Burrito Breakfast,80,Breakfast,Spring 2025,Multimodal
20-Feb,Small French Omelet,65,Breakfast,Spring 2025,Multimodal
20-Feb,Grand Slam Breakfast,13,Breakfast,Spring 2025,Multimodal
20-Feb,Add Bacon,38,Breakfast,Spring 2025,Multimodal
20-Feb,Two Eggs,17,Breakfast,Spring 2025,Multimodal
20-Feb,Trillium Home Fries,4,Breakfast,Spring 2025,Multimodal
20-Feb,Pancake Single,2,Breakfast,Spring 2025,Multimodal
20-Feb,2 Slices Toast,2,Breakfast,Spring 2025,Multimodal
20-Feb,Burrito Bowl BYO,98,Mexican,Spring 2025,Multimodal
20-Feb,Single Taco,5,Mexican,Spring 2025,Multimodal
20-Feb,Side Guacamole,1,Mexican,Spring 2025,Multimodal
20-Feb,Side Sour Cream,1,Mexican,Spring 2025,Multimodal
20-Feb,LTO Spicy Chicken Sandwich,27,Grab N Go,Spring 2025,Multimodal
20-Feb,LTO Meatball Sub,25,Grab N Go,Spring 2025,Multimodal
20-Feb,Egg Cheese Sausage Breakfast Sandwich,31,Grab N Go,Spring 2025,Multimodal
20-Feb,Egg Cheese Bacon Breakfast Sandwich,14,Grab N Go,Spring 2025,Multimodal
20-Feb,Soup 12 oz,42,Soup,Spring 2025,Multimodal
20-Feb,8 oz Soup,37,Soup,Spring 2025,Multimodal
20-Feb,Salad by the Pound,34,Salad Bar,Spring 2025,Multimodal
20-Feb,Add Extra Protein $3.99,7,Salad Bar,Spring 2025,Multimodal
21-Feb,Quesadilla Deluxe Trillium,134,Grill,Spring 2025,Multimodal
21-Feb,Grilled Hamburger,73,Grill,Spring 2025,Multimodal
21-Feb,Burrito Una Mano Trillium BYO,55,Grill,Spring 2025,Multimodal
21-Feb,Fried Chicken Tenders,56,Grill,Spring 2025,Multimodal
21-Feb,French Fries,105,Grill,Spring 2025,Multimodal
21-Feb,Grilled Chicken Breast Sandwich,17,Grill,Spring 2025,Multimodal
21-Feb,Quesadilla Cheese,11,Grill,Spring 2025,Multimodal
21-Feb,Sweet Potato Fries,26,Grill,Spring 2025,Multimodal
21-Feb,Seared Salmon Burger,8,Grill,Spring 2025,Multimodal
21-Feb,ADD Beef Patty,12,Grill,Spring 2025,Multimodal
21-Feb,Side Potato Tots,13,Grill,Spring 2025,Multimodal
21-Feb,Trillium Grill Impossible Burger,3,Grill,Spring 2025,Multimodal
21-Feb,Black Bean Burger,2,Grill,Spring 2025,Multimodal
21-Feb,ADD Cheese,5,Grill,Spring 2025,Multimodal
21-Feb,Add Egg $.99,1,Grill,Spring 2025,Multimodal
21-Feb,1 Entree + 1 Side,133,Asian,Spring 2025,Multimodal
21-Feb,1 Entree + 2 Side,55,Asian,Spring 2025,Multimodal
21-Feb,Bowl Ramen Chicken,58,Asian,Spring 2025,Multimodal
21-Feb,2 Entrees + 2 Sides,18,Asian,Spring 2025,Multimodal
21-Feb,Bowl Ramen Tofu,14,Asian,Spring 2025,Multimodal
21-Feb,1 Wok Entree,6,Asian,Spring 2025,Multimodal
21-Feb,Side Vegetarian Lo Mein,3,Asian,Spring 2025,Multimodal
21-Feb,Side White or Brown Rice,5,Asian,Spring 2025,Multimodal
21-Feb,Side Fried Spring Roll,1,Asian,Spring 2025,Multimodal
21-Feb,Side Vegetable Spring Rolls,1,Asian,Spring 2025,Multimodal
21-Feb,Create Your Pasta Bowl MEAT,78,Italian,Spring 2025,Multimodal
21-Feb,Pizza with Toppings,28,Italian,Spring 2025,Multimodal
21-Feb,Create Your Pasta Bowl VEG,16,Italian,Spring 2025,Multimodal
21-Feb,Pizza Cheese,15,Italian,Spring 2025,Multimodal
21-Feb,Add Extra Meat,12,Italian,Spring 2025,Multimodal
21-Feb,Burrito Breakfast,66,Breakfast,Spring 2025,Multimodal
21-Feb,Small French Omelet,42,Breakfast,Spring 2025,Multimodal
21-Feb,Grand Slam Breakfast,8,Breakfast,Spring 2025,Multimodal
21-Feb,Add Bacon,18,Breakfast,Spring 2025,Multimodal
21-Feb,Two Eggs,7,Breakfast,Spring 2025,Multimodal
21-Feb,Trillium Home Fries,2,Breakfast,Spring 2025,Multimodal
21-Feb,Pancake Single,1,Breakfast,Spring 2025,Multimodal
21-Feb,PC Peanut Butter,1,Breakfast,Spring 2025,Multimodal
21-Feb,Burrito Bowl BYO,66,Mexican,Spring 2025,Multimodal
21-Feb,Single Taco,4,Mexican,Spring 2025,Multimodal
21-Feb,Side Guacamole,3,Mexican,Spring 2025,Multimodal
21-Feb,LTO Spicy Chicken Sandwich,25,Grab N Go,Spring 2025,Multimodal
21-Feb,Egg Cheese Bacon Breakfast Sandwich,25,Grab N Go,Spring 2025,Multimodal
21-Feb,Egg Cheese Sausage Breakfast Sandwich,21,Grab N Go,Spring 2025,Multimodal
21-Feb,Soup 12 oz,37,Soup,Spring 2025,Multimodal
21-Feb,8 oz Soup,39,Soup,Spring 2025,Multimodal
21-Feb,Salad by the Pound,32,Salad Bar,Spring 2025,Multimodal
21-Feb,Add Extra Protein $3.99,3,Salad Bar,Spring 2025,Multimodal
24-Feb,Quesadilla Deluxe Trillium,186,Grill,Spring 2025,Control
24-Feb,Grilled Hamburger,95,Grill,Spring 2025,Control
24-Feb,Fried Chicken Tenders,85,Grill,Spring 2025,Control
24-Feb,Burrito Una Mano Trillium BYO,55,Grill,Spring 2025,Control
24-Feb,French Fries,132,Grill,Spring 2025,Control
24-Feb,Quesadilla Cheese,16,Grill,Spring 2025,Control
24-Feb,Grilled Chicken Breast Sandwich,15,Grill,Spring 2025,Control
24-Feb,Seared Salmon Burger,14,Grill,Spring 2025,Control
24-Feb,ADD Beef Patty,25,Grill,Spring 2025,Control
24-Feb,Sweet Potato Fries,29,Grill,Spring 2025,Control
24-Feb,Trillium Grill Impossible Burger,6,Grill,Spring 2025,Control
24-Feb,Side Potato Tots,17,Grill,Spring 2025,Control
24-Feb,Add Sausage 2 Patty,4,Grill,Spring 2025,Control
24-Feb,Black Bean Burger,1,Grill,Spring 2025,Control
24-Feb,ADD Chicken Breast,2,Grill,Spring 2025,Control
24-Feb,ADD Cheese,4,Grill,Spring 2025,Control
24-Feb,Add Egg $.99,1,Grill,Spring 2025,Control
24-Feb,1 Entree + 1 Side,235,Asian,Spring 2025,Control
24-Feb,1 Entree + 2 Side,82,Asian,Spring 2025,Control
24-Feb,Bowl Ramen Chicken,79,Asian,Spring 2025,Control
24-Feb,2 Entrees + 2 Sides,22,Asian,Spring 2025,Control
24-Feb,Bowl Ramen Tofu,14,Asian,Spring 2025,Control
24-Feb,1 Wok Entree,8,Asian,Spring 2025,Control
24-Feb,Side Vegetarian Lo Mein,4,Asian,Spring 2025,Control
24-Feb,Side White or Brown Rice,6,Asian,Spring 2025,Control
24-Feb,Side Vegetable Spring Rolls,1,Asian,Spring 2025,Control
24-Feb,Side Vegetarian Fried Rice with,1,Asian,Spring 2025,Control
24-Feb,Create Your Pasta Bowl MEAT,130,Italian,Spring 2025,Control
24-Feb,Create Your Pasta Bowl VEG,22,Italian,Spring 2025,Control
24-Feb,Pizza with Toppings,32,Italian,Spring 2025,Control
24-Feb,Add Extra Meat,31,Italian,Spring 2025,Control
24-Feb,Pizza Cheese,15,Italian,Spring 2025,Control
24-Feb,Burrito Breakfast,91,Breakfast,Spring 2025,Control
24-Feb,Small French Omelet,60,Breakfast,Spring 2025,Control
24-Feb,Grand Slam Breakfast,8,Breakfast,Spring 2025,Control
24-Feb,Add Bacon,25,Breakfast,Spring 2025,Control
24-Feb,Two Eggs,14,Breakfast,Spring 2025,Control
24-Feb,Trillium Home Fries,4,Breakfast,Spring 2025,Control
24-Feb,Pancake Single,2,Breakfast,Spring 2025,Control
24-Feb,2 Slices Toast,1,Breakfast,Spring 2025,Control
24-Feb,Toast,1,Breakfast,Spring 2025,Control
24-Feb,Burrito Bowl BYO,120,Mexican,Spring 2025,Control
24-Feb,Single Taco,7,Mexican,Spring 2025,Control
24-Feb,Side Guacamole,3,Mexican,Spring 2025,Control
24-Feb,Add Extra Toppings Una Mano,2,Mexican,Spring 2025,Control
24-Feb,Salad by the Pound,59,Salad Bar,Spring 2025,Control
24-Feb,Add Extra Protein $3.99,2,Salad Bar,Spring 2025,Control
24-Feb,LTO Spicy Chicken Sandwich,29,Grab N Go,Spring 2025,Control
24-Feb,Egg Cheese Bacon Breakfast Sandwich,23,Grab N Go,Spring 2025,Control
24-Feb,Egg Cheese Sausage Breakfast Sandwich,22,Grab N Go,Spring 2025,Control
24-Feb,8 oz Soup,46,Soup,Spring 2025,Control
24-Feb,Soup 12 oz,40,Soup,Spring 2025,Control
24-Feb,LTO Sandwich,2,Deli,Spring 2025,Control
25-Feb,Quesadilla Deluxe Trillium,186,Grill,Spring 2025,Control
25-Feb,Grilled Hamburger,102,Grill,Spring 2025,Control
25-Feb,Fried Chicken Tenders,85,Grill,Spring 2025,Control
25-Feb,Burrito Una Mano Trillium BYO,64,Grill,Spring 2025,Control
25-Feb,French Fries,142,Grill,Spring 2025,Control
25-Feb,Quesadilla Cheese,24,Grill,Spring 2025,Control
25-Feb,Grilled Chicken Breast Sandwich,20,Grill,Spring 2025,Control
25-Feb,Sweet Potato Fries,37,Grill,Spring 2025,Control
25-Feb,Trillium Grill Impossible Burger,8,Grill,Spring 2025,Control
25-Feb,Seared Salmon Burger,6,Grill,Spring 2025,Control
25-Feb,Black Bean Burger,4,Grill,Spring 2025,Control
25-Feb,Side Potato Tots,9,Grill,Spring 2025,Control
25-Feb,ADD Beef Patty,7,Grill,Spring 2025,Control
25-Feb,Add Impossible Burger Patty,1,Grill,Spring 2025,Control
25-Feb,ADD Chicken Breast,1,Grill,Spring 2025,Control
25-Feb,Add Sausage 2 Patty,1,Grill,Spring 2025,Control
25-Feb,1 Entree + 1 Side,181,Asian,Spring 2025,Control
25-Feb,Bowl Ramen Chicken,101,Asian,Spring 2025,Control
25-Feb,1 Entree + 2 Side,71,Asian,Spring 2025,Control
25-Feb,2 Entrees + 2 Sides,37,Asian,Spring 2025,Control
25-Feb,Bowl Ramen Tofu,24,Asian,Spring 2025,Control
25-Feb,1 Wok Entree,4,Asian,Spring 2025,Control
25-Feb,Side Vegetarian Lo Mein,5,Asian,Spring 2025,Control
25-Feb,Side Vegetarian Fried Rice with,2,Asian,Spring 2025,Control
25-Feb,Side White or Brown Rice,3,Asian,Spring 2025,Control
25-Feb,Side Vegetable Spring Rolls,1,Asian,Spring 2025,Control
25-Feb,Create Your Pasta Bowl MEAT,105,Italian,Spring 2025,Control
25-Feb,Pizza with Toppings,42,Italian,Spring 2025,Control
25-Feb,Create Your Pasta Bowl VEG,16,Italian,Spring 2025,Control
25-Feb,Pizza Cheese,23,Italian,Spring 2025,Control
25-Feb,Add Extra Meat,24,Italian,Spring 2025,Control
25-Feb,Side Bread Pasta Station,1,Italian,Spring 2025,Control
25-Feb,Burrito Breakfast,96,Breakfast,Spring 2025,Control
25-Feb,Small French Omelet,59,Breakfast,Spring 2025,Control
25-Feb,Grand Slam Breakfast,13,Breakfast,Spring 2025,Control
25-Feb,Add Bacon,38,Breakfast,Spring 2025,Control
25-Feb,Two Eggs,11,Breakfast,Spring 2025,Control
25-Feb,Pancake Single,4,Breakfast,Spring 2025,Control
25-Feb,Trillium Home Fries,2,Breakfast,Spring 2025,Control
25-Feb,2 Slices Toast,2,Breakfast,Spring 2025,Control
25-Feb,Burrito Bowl BYO,90,Mexican,Spring 2025,Control
25-Feb,Single Taco,9,Mexican,Spring 2025,Control
25-Feb,Side Guacamole,8,Mexican,Spring 2025,Control
25-Feb,Add Extra Toppings Una Mano,2,Mexican,Spring 2025,Control
25-Feb,Side Salsa,1,Mexican,Spring 2025,Control
25-Feb,LTO Spicy Chicken Sandwich,26,Grab N Go,Spring 2025,Control
25-Feb,Egg Cheese Sausage Breakfast Sandwich,24,Grab N Go,Spring 2025,Control
25-Feb,Egg Cheese Bacon Breakfast Sandwich,22,Grab N Go,Spring 2025,Control
25-Feb,LTO Meatball Sub,12,Grab N Go,Spring 2025,Control
25-Feb,Salad by the Pound,52,Salad Bar,Spring 2025,Control
25-Feb,Soup 12 oz,63,Soup,Spring 2025,Control
25-Feb,8 oz Soup,32,Soup,Spring 2025,Control
25-Feb,LTO Sandwich,8,Deli,Spring 2025,Control
26-Feb,Quesadilla Deluxe Trillium,177,Grill,Spring 2025,Control
26-Feb,Grilled Hamburger,90,Grill,Spring 2025,Control
26-Feb,Fried Chicken Tenders,99,Grill,Spring 2025,Control
26-Feb,Burrito Una Mano Trillium BYO,69,Grill,Spring 2025,Control
26-Feb,French Fries,143,Grill,Spring 2025,Control
26-Feb,Grilled Chicken Breast Sandwich,28,Grill,Spring 2025,Control
26-Feb,Quesadilla Cheese,19,Grill,Spring 2025,Control
26-Feb,Seared Salmon Burger,15,Grill,Spring 2025,Control
26-Feb,Sweet Potato Fries,26,Grill,Spring 2025,Control
26-Feb,ADD Beef Patty,19,Grill,Spring 2025,Control
26-Feb,Side Potato Tots,13,Grill,Spring 2025,Control
26-Feb,Trillium Grill Impossible Burger,3,Grill,Spring 2025,Control
26-Feb,Black Bean Burger,1,Grill,Spring 2025,Control
26-Feb,Add Sausage 2 Patty,3,Grill,Spring 2025,Control
26-Feb,ADD Cheese,8,Grill,Spring 2025,Control
26-Feb,ADD Chicken Breast,1,Grill,Spring 2025,Control
26-Feb,Add Egg $.99,1,Grill,Spring 2025,Control
26-Feb,1 Entree + 1 Side,217,Asian,Spring 2025,Control
26-Feb,1 Entree + 2 Side,83,Asian,Spring 2025,Control
26-Feb,Bowl Ramen Chicken,63,Asian,Spring 2025,Control
26-Feb,2 Entrees + 2 Sides,23,Asian,Spring 2025,Control
26-Feb,Bowl Ramen Tofu,12,Asian,Spring 2025,Control
26-Feb,1 Wok Entree,5,Asian,Spring 2025,Control
26-Feb,Side White or Brown Rice,5,Asian,Spring 2025,Control
26-Feb,Side Vegetables,2,Asian,Spring 2025,Control
26-Feb,Side Vegetarian Lo Mein,2,Asian,Spring 2025,Control
26-Feb,Side Fried Spring Roll,1,Asian,Spring 2025,Control
26-Feb,Create Your Pasta Bowl MEAT,136,Italian,Spring 2025,Control
26-Feb,Pizza with Toppings,34,Italian,Spring 2025,Control
26-Feb,Create Your Pasta Bowl VEG,19,Italian,Spring 2025,Control
26-Feb,Pizza Cheese,19,Italian,Spring 2025,Control
26-Feb,Add Extra Meat,31,Italian,Spring 2025,Control
26-Feb,Side Bread Pasta Station,2,Italian,Spring 2025,Control
26-Feb,Burrito Breakfast,87,Breakfast,Spring 2025,Control
26-Feb,Small French Omelet,63,Breakfast,Spring 2025,Control
26-Feb,Grand Slam Breakfast,11,Breakfast,Spring 2025,Control
26-Feb,Add Bacon,41,Breakfast,Spring 2025,Control
26-Feb,Two Eggs,18,Breakfast,Spring 2025,Control
26-Feb,Trillium Home Fries,6,Breakfast,Spring 2025,Control
26-Feb,Pancake Single,4,Breakfast,Spring 2025,Control
26-Feb,2 Slices Toast,4,Breakfast,Spring 2025,Control
26-Feb,PC Jelly,3,Breakfast,Spring 2025,Control
26-Feb,PC Peanut Butter,2,Breakfast,Spring 2025,Control
26-Feb,Burrito Bowl BYO,104,Mexican,Spring 2025,Control
26-Feb,Single Taco,2,Mexican,Spring 2025,Control
26-Feb,Side Guacamole,2,Mexican,Spring 2025,Control
26-Feb,Soup 12 oz,47,Soup,Spring 2025,Control
26-Feb,8 oz Soup,44,Soup,Spring 2025,Control
26-Feb,LTO Spicy Chicken Sandwich,28,Grab N Go,Spring 2025,Control
26-Feb,Egg Cheese Sausage Breakfast Sandwich,32,Grab N Go,Spring 2025,Control
26-Feb,Egg Cheese Bacon Breakfast Sandwich,14,Grab N Go,Spring 2025,Control
26-Feb,Salad by the Pound,52,Salad Bar,Spring 2025,Control
26-Feb,Add Extra Protein $3.99,3,Salad Bar,Spring 2025,Control
27-Feb,Quesadilla Deluxe Trillium,198,Grill,Spring 2025,Control
27-Feb,Grilled Hamburger,105,Grill,Spring 2025,Control
27-Feb,Fried Chicken Tenders,108,Grill,Spring 2025,Control
27-Feb,Burrito Una Mano Trillium BYO,65,Grill,Spring 2025,Control
27-Feb,French Fries,166,Grill,Spring 2025,Control
27-Feb,Quesadilla Cheese,23,Grill,Spring 2025,Control
27-Feb,Grilled Chicken Breast Sandwich,17,Grill,Spring 2025,Control
27-Feb,Seared Salmon Burger,13,Grill,Spring 2025,Control
27-Feb,Sweet Potato Fries,35,Grill,Spring 2025,Control
27-Feb,Trillium Grill Impossible Burger,8,Grill,Spring 2025,Control
27-Feb,Side Potato Tots,25,Grill,Spring 2025,Control
27-Feb,ADD Beef Patty,12,Grill,Spring 2025,Control
27-Feb,Black Bean Burger,2,Grill,Spring 2025,Control
27-Feb,Add Sausage 2 Patty,6,Grill,Spring 2025,Control
27-Feb,ADD Chicken Breast,2,Grill,Spring 2025,Control
27-Feb,Add Impossible Burger Patty,1,Grill,Spring 2025,Control
27-Feb,ADD Cheese,6,Grill,Spring 2025,Control
27-Feb,Add Egg $.99,1,Grill,Spring 2025,Control
27-Feb,1 Entree + 1 Side,212,Asian,Spring 2025,Control
27-Feb,1 Entree + 2 Side,82,Asian,Spring 2025,Control
27-Feb,Bowl Ramen Chicken,85,Asian,Spring 2025,Control
27-Feb,2 Entrees + 2 Sides,34,Asian,Spring 2025,Control
27-Feb,Bowl Ramen Tofu,18,Asian,Spring 2025,Control
27-Feb,Side Vegetarian Lo Mein,8,Asian,Spring 2025,Control
27-Feb,1 Wok Entree,5,Asian,Spring 2025,Control
27-Feb,Side White or Brown Rice,5,Asian,Spring 2025,Control
27-Feb,Side Fried Spring Roll,2,Asian,Spring 2025,Control
27-Feb,Side Vegetable Spring Rolls,2,Asian,Spring 2025,Control
27-Feb,Create Your Pasta Bowl MEAT,89,Italian,Spring 2025,Control
27-Feb,Create Your Pasta Bowl VEG,30,Italian,Spring 2025,Control
27-Feb,Pizza with Toppings,36,Italian,Spring 2025,Control
27-Feb,Pizza Cheese,24,Italian,Spring 2025,Control
27-Feb,Add Extra Meat,33,Italian,Spring 2025,Control
27-Feb,Burrito Breakfast,84,Breakfast,Spring 2025,Control
27-Feb,Small French Omelet,58,Breakfast,Spring 2025,Control
27-Feb,Grand Slam Breakfast,8,Breakfast,Spring 2025,Control
27-Feb,Add Bacon,33,Breakfast,Spring 2025,Control
27-Feb,Two Eggs,13,Breakfast,Spring 2025,Control
27-Feb,Trillium Home Fries,3,Breakfast,Spring 2025,Control
27-Feb,Pancake Single,2,Breakfast,Spring 2025,Control
27-Feb,Toast,2,Breakfast,Spring 2025,Control
27-Feb,2 Slices Toast,1,Breakfast,Spring 2025,Control
27-Feb,Burrito Bowl BYO,103,Mexican,Spring 2025,Control
27-Feb,Single Taco,6,Mexican,Spring 2025,Control
27-Feb,Side Guacamole,5,Mexican,Spring 2025,Control
27-Feb,Add Extra Toppings Una Mano,1,Mexican,Spring 2025,Control
27-Feb,LTO Spicy Chicken Sandwich,32,Grab N Go,Spring 2025,Control
27-Feb,LTO Meatball Sub,15,Grab N Go,Spring 2025,Control
27-Feb,Egg Cheese Sausage Breakfast Sandwich,23,Grab N Go,Spring 2025,Control
27-Feb,Egg Cheese Bacon Breakfast Sandwich,21,Grab N Go,Spring 2025,Control
27-Feb,Soup 12 oz,60,Soup,Spring 2025,Control
27-Feb,8 oz Soup,36,Soup,Spring 2025,Control
27-Feb,Salad by the Pound,52,Salad Bar,Spring 2025,Control
28-Feb,Quesadilla Deluxe Trillium,147,Grill,Spring 2025,Control
28-Feb,Grilled Hamburger,72,Grill,Spring 2025,Control
28-Feb,Fried Chicken Tenders,63,Grill,Spring 2025,Control
28-Feb,Burrito Una Mano Trillium BYO,44,Grill,Spring 2025,Control
28-Feb,French Fries,95,Grill,Spring 2025,Control
28-Feb,Grilled Chicken Breast Sandwich,14,Grill,Spring 2025,Control
28-Feb,Sweet Potato Fries,27,Grill,Spring 2025,Control
28-Feb,Seared Salmon Burger,9,Grill,Spring 2025,Control
28-Feb,Quesadilla Cheese,8,Grill,Spring 2025,Control
28-Feb,ADD Beef Patty,12,Grill,Spring 2025,Control
28-Feb,Side Potato Tots,13,Grill,Spring 2025,Control
28-Feb,Trillium Grill Impossible Burger,2,Grill,Spring 2025,Control
28-Feb,Black Bean Burger,1,Grill,Spring 2025,Control
28-Feb,Add Sausage 2 Patty,3,Grill,Spring 2025,Control
28-Feb,ADD Chicken Breast,1,Grill,Spring 2025,Control
28-Feb,ADD Cheese,6,Grill,Spring 2025,Control
28-Feb,1 Entree + 1 Side,122,Asian,Spring 2025,Control
28-Feb,1 Entree + 2 Side,47,Asian,Spring 2025,Control
28-Feb,Bowl Ramen Chicken,49,Asian,Spring 2025,Control
28-Feb,2 Entrees + 2 Sides,12,Asian,Spring 2025,Control
28-Feb,Bowl Ramen Tofu,11,Asian,Spring 2025,Control
28-Feb,1 Wok Entree,2,Asian,Spring 2025,Control
28-Feb,Side White or Brown Rice,4,Asian,Spring 2025,Control
28-Feb,Side Vegetarian Lo Mein,2,Asian,Spring 2025,Control
28-Feb,Burrito Breakfast,88,Breakfast,Spring 2025,Control
28-Feb,Small French Omelet,59,Breakfast,Spring 2025,Control
28-Feb,Grand Slam Breakfast,13,Breakfast,Spring 2025,Control
28-Feb,Add Bacon,20,Breakfast,Spring 2025,Control
28-Feb,Trillium Home Fries,5,Breakfast,Spring 2025,Control
28-Feb,Pancake Single,5,Breakfast,Spring 2025,Control
28-Feb,Two Eggs,5,Breakfast,Spring 2025,Control
28-Feb,Toast,3,Breakfast,Spring 2025,Control
28-Feb,2 Slices Toast,1,Breakfast,Spring 2025,Control
28-Feb,Create Your Pasta Bowl MEAT,84,Italian,Spring 2025,Control
28-Feb,Pizza with Toppings,23,Italian,Spring 2025,Control
28-Feb,Create Your Pasta Bowl VEG,13,Italian,Spring 2025,Control
28-Feb,Pizza Cheese,14,Italian,Spring 2025,Control
28-Feb,Add Extra Meat,21,Italian,Spring 2025,Control
28-Feb,Side Bread Pasta Station,1,Italian,Spring 2025,Control
28-Feb,Burrito Bowl BYO,55,Mexican,Spring 2025,Control
28-Feb,Single Taco,3,Mexican,Spring 2025,Control
28-Feb,Side Guacamole,2,Mexican,Spring 2025,Control
28-Feb,Add Extra Toppings Una Mano,2,Mexican,Spring 2025,Control
28-Feb,LTO Spicy Chicken Sandwich,22,Grab N Go,Spring 2025,Control
28-Feb,Egg Cheese Sausage Breakfast Sandwich,21,Grab N Go,Spring 2025,Control
28-Feb,Egg Cheese Bacon Breakfast Sandwich,18,Grab N Go,Spring 2025,Control
28-Feb,Soup 12 oz,33,Soup,Spring 2025,Control
28-Feb,8 oz Soup,33,Soup,Spring 2025,Control
28-Feb,Salad by the Pound,34,Salad Bar,Spring 2025,Control
28-Feb,Add Extra Protein $3.99,3,Salad Bar,Spring 2025,Control
3-Mar,Quesadilla Deluxe Trillium,152,Grill,Spring 2025,Control
3-Mar,Grilled Hamburger,95,Grill,Spring 2025,Control
3-Mar,Burrito Una Mano Trillium BYO,74,Grill,Spring 2025,Control
3-Mar,Fried Chicken Tenders,79,Grill,Spring 2025,Control
3-Mar,French Fries,136,Grill,Spring 2025,Control
3-Mar,Quesadilla Cheese,20,Grill,Spring 2025,Control
3-Mar,Grilled Chicken Breast Sandwich,16,Grill,Spring 2025,Control
3-Mar,Trillium Grill Impossible Burger,12,Grill,Spring 2025,Control
3-Mar,Sweet Potato Fries,34,Grill,Spring 2025,Control
3-Mar,Seared Salmon Burger,9,Grill,Spring 2025,Control
3-Mar,ADD Beef Patty,11,Grill,Spring 2025,Control
3-Mar,Side Potato Tots,8,Grill,Spring 2025,Control
3-Mar,Black Bean Burger,2,Grill,Spring 2025,Control
3-Mar,ADD Chicken Breast,3,Grill,Spring 2025,Control
3-Mar,ADD Cheese,8,Grill,Spring 2025,Control
3-Mar,Add Egg $.99,1,Grill,Spring 2025,Control
3-Mar,1 Entree + 1 Side,204,Asian,Spring 2025,Control
3-Mar,Bowl Ramen Chicken,72,Asian,Spring 2025,Control
3-Mar,1 Entree + 2 Side,64,Asian,Spring 2025,Control
3-Mar,2 Entrees + 2 Sides,26,Asian,Spring 2025,Control
3-Mar,Bowl Ramen Tofu,17,Asian,Spring 2025,Control
3-Mar,1 Wok Entree,6,Asian,Spring 2025,Control
3-Mar,Side Vegetarian Lo Mein,7,Asian,Spring 2025,Control
3-Mar,Side Fried Spring Roll,3,Asian,Spring 2025,Control
3-Mar,Side White or Brown Rice,3,Asian,Spring 2025,Control
3-Mar,Side Vegetables,1,Asian,Spring 2025,Control
3-Mar,Side Vegetable Spring Rolls,1,Asian,Spring 2025,Control
3-Mar,Side Vegetarian Fried Rice with,1,Asian,Spring 2025,Control
3-Mar,Create Your Pasta Bowl MEAT,107,Italian,Spring 2025,Control
3-Mar,Pizza with Toppings,36,Italian,Spring 2025,Control
3-Mar,Create Your Pasta Bowl VEG,13,Italian,Spring 2025,Control
3-Mar,Pizza Cheese,20,Italian,Spring 2025,Control
3-Mar,Add Extra Meat,19,Italian,Spring 2025,Control
3-Mar,Burrito Breakfast,87,Breakfast,Spring 2025,Control
3-Mar,Small French Omelet,52,Breakfast,Spring 2025,Control
3-Mar,Add Bacon,38,Breakfast,Spring 2025,Control
3-Mar,Grand Slam Breakfast,6,Breakfast,Spring 2025,Control
3-Mar,Two Eggs,11,Breakfast,Spring 2025,Control
3-Mar,Trillium Home Fries,4,Breakfast,Spring 2025,Control
3-Mar,2 Slices Toast,2,Breakfast,Spring 2025,Control
3-Mar,Burrito Bowl BYO,94,Mexican,Spring 2025,Control
3-Mar,Side Guacamole,4,Mexican,Spring 2025,Control
3-Mar,Single Taco,1,Mexican,Spring 2025,Control
3-Mar,LTO Spicy Chicken Sandwich,30,Grab N Go,Spring 2025,Control
3-Mar,Egg Cheese Bacon Breakfast Sandwich,23,Grab N Go,Spring 2025,Control
3-Mar,Egg Cheese Sausage Breakfast Sandwich,23,Grab N Go,Spring 2025,Control
3-Mar,Salad by the Pound,50,Salad Bar,Spring 2025,Control
3-Mar,Add Extra Protein $3.99,2,Salad Bar,Spring 2025,Control
3-Mar,8 oz Soup,43,Soup,Spring 2025,Control
3-Mar,Soup 12 oz,30,Soup,Spring 2025,Control
4-Mar,Quesadilla Deluxe Trillium,189,Grill,Spring 2025,Control
4-Mar,Grilled Hamburger,104,Grill,Spring 2025,Control
4-Mar,Fried Chicken Tenders,113,Grill,Spring 2025,Control
4-Mar,Burrito Una Mano Trillium BYO,60,Grill,Spring 2025,Control
4-Mar,French Fries,148,Grill,Spring 2025,Control
4-Mar,Grilled Chicken Breast Sandwich,21,Grill,Spring 2025,Control
4-Mar,Quesadilla Cheese,17,Grill,Spring 2025,Control
4-Mar,Sweet Potato Fries,41,Grill,Spring 2025,Control
4-Mar,Seared Salmon Burger,10,Grill,Spring 2025,Control
4-Mar,Trillium Grill Impossible Burger,8,Grill,Spring 2025,Control
4-Mar,ADD Beef Patty,15,Grill,Spring 2025,Control
4-Mar,Side Potato Tots,11,Grill,Spring 2025,Control
4-Mar,ADD Chicken Breast,8,Grill,Spring 2025,Control
4-Mar,Black Bean Burger,2,Grill,Spring 2025,Control
4-Mar,Add Sausage 2 Patty,4,Grill,Spring 2025,Control
4-Mar,ADD Cheese,11,Grill,Spring 2025,Control
4-Mar,Add Egg $.99,2,Grill,Spring 2025,Control
4-Mar,1 Entree + 1 Side,215,Asian,Spring 2025,Control
4-Mar,Bowl Ramen Chicken,75,Asian,Spring 2025,Control
4-Mar,1 Entree + 2 Side,59,Asian,Spring 2025,Control
4-Mar,2 Entrees + 2 Sides,34,Asian,Spring 2025,Control
4-Mar,Bowl Ramen Tofu,20,Asian,Spring 2025,Control
4-Mar,1 Wok Entree,13,Asian,Spring 2025,Control
4-Mar,Side Vegetarian Lo Mein,8,Asian,Spring 2025,Control
4-Mar,Side White or Brown Rice,8,Asian,Spring 2025,Control
4-Mar,Side Fried Spring Roll,2,Asian,Spring 2025,Control
4-Mar,Side Vegetable Spring Rolls,2,Asian,Spring 2025,Control
4-Mar,Side Vegetables,1,Asian,Spring 2025,Control
4-Mar,Burrito Breakfast,91,Breakfast,Spring 2025,Control
4-Mar,Small French Omelet,73,Breakfast,Spring 2025,Control
4-Mar,Grand Slam Breakfast,12,Breakfast,Spring 2025,Control
4-Mar,Add Bacon,31,Breakfast,Spring 2025,Control
4-Mar,Two Eggs,9,Breakfast,Spring 2025,Control
4-Mar,Pancake Single,3,Breakfast,Spring 2025,Control
4-Mar,Trillium Home Fries,1,Breakfast,Spring 2025,Control
4-Mar,PC Jelly,3,Breakfast,Spring 2025,Control
4-Mar,2 Slices Toast,1,Breakfast,Spring 2025,Control
4-Mar,Create Your Pasta Bowl MEAT,86,Italian,Spring 2025,Control
4-Mar,Create Your Pasta Bowl VEG,29,Italian,Spring 2025,Control
4-Mar,Pizza with Toppings,39,Italian,Spring 2025,Control
4-Mar,Pizza Cheese,24,Italian,Spring 2025,Control
4-Mar,Add Extra Meat,18,Italian,Spring 2025,Control
4-Mar,Burrito Bowl BYO,92,Mexican,Spring 2025,Control
4-Mar,Single Taco,3,Mexican,Spring 2025,Control
4-Mar,Side Guacamole,2,Mexican,Spring 2025,Control
4-Mar,Add Extra Toppings Una Mano,1,Mexican,Spring 2025,Control
4-Mar,LTO Spicy Chicken Sandwich,33,Grab N Go,Spring 2025,Control
4-Mar,LTO Meatball Sub,18,Grab N Go,Spring 2025,Control
4-Mar,Egg Cheese Bacon Breakfast Sandwich,23,Grab N Go,Spring 2025,Control
4-Mar,Egg Cheese Sausage Breakfast Sandwich,19,Grab N Go,Spring 2025,Control
4-Mar,Salad by the Pound,54,Salad Bar,Spring 2025,Control
4-Mar,Soup 12 oz,45,Soup,Spring 2025,Control
4-Mar,8 oz Soup,37,Soup,Spring 2025,Control
5-Mar,Quesadilla Deluxe Trillium,178,Grill,Spring 2025,Control
5-Mar,Grilled Hamburger,86,Grill,Spring 2025,Control
5-Mar,Fried Chicken Tenders,88,Grill,Spring 2025,Control
5-Mar,Burrito Una Mano Trillium BYO,64,Grill,Spring 2025,Control
5-Mar,French Fries,134,Grill,Spring 2025,Control
5-Mar,Grilled Chicken Breast Sandwich,16,Grill,Spring 2025,Control
5-Mar,ADD Beef Patty,24,Grill,Spring 2025,Control
5-Mar,Quesadilla Cheese,11,Grill,Spring 2025,Control
5-Mar,Sweet Potato Fries,29,Grill,Spring 2025,Control
5-Mar,Trillium Grill Impossible Burger,6,Grill,Spring 2025,Control
5-Mar,Side Potato Tots,21,Grill,Spring 2025,Control
5-Mar,Seared Salmon Burger,4,Grill,Spring 2025,Control
5-Mar,Black Bean Burger,3,Grill,Spring 2025,Control
5-Mar,ADD Chicken Breast,3,Grill,Spring 2025,Control
5-Mar,Add Sausage 2 Patty,4,Grill,Spring 2025,Control
5-Mar,ADD Cheese,7,Grill,Spring 2025,Control
5-Mar,Add Egg $.99,4,Grill,Spring 2025,Control
5-Mar,1 Entree + 1 Side,143,Asian,Spring 2025,Control
5-Mar,1 Entree + 2 Side,66,Asian,Spring 2025,Control
5-Mar,Bowl Ramen Chicken,71,Asian,Spring 2025,Control
5-Mar,2 Entrees + 2 Sides,22,Asian,Spring 2025,Control
5-Mar,Bowl Ramen Tofu,20,Asian,Spring 2025,Control
5-Mar,1 Wok Entree,8,Asian,Spring 2025,Control
5-Mar,Side Vegetarian Lo Mein,7,Asian,Spring 2025,Control
5-Mar,Side White or Brown Rice,11,Asian,Spring 2025,Control
5-Mar,Bowl Ramen Pork,1,Asian,Spring 2025,Control
5-Mar,Side Vegetable Spring Rolls,2,Asian,Spring 2025,Control
5-Mar,Side Vegetables,1,Asian,Spring 2025,Control
5-Mar,Side Vegetarian Fried Rice with,1,Asian,Spring 2025,Control
5-Mar,Create Your Pasta Bowl MEAT,132,Italian,Spring 2025,Control
5-Mar,Create Your Pasta Bowl VEG,20,Italian,Spring 2025,Control
5-Mar,Pizza with Toppings,24,Italian,Spring 2025,Control
5-Mar,Add Extra Meat,40,Italian,Spring 2025,Control
5-Mar,Pizza Cheese,20,Italian,Spring 2025,Control
5-Mar,Side Bread Pasta Station,2,Italian,Spring 2025,Control
5-Mar,Burrito Breakfast,107,Breakfast,Spring 2025,Control
5-Mar,Small French Omelet,78,Breakfast,Spring 2025,Control
5-Mar,Grand Slam Breakfast,13,Breakfast,Spring 2025,Control
5-Mar,Add Bacon,24,Breakfast,Spring 2025,Control
5-Mar,Two Eggs,17,Breakfast,Spring 2025,Control
5-Mar,Trillium Home Fries,7,Breakfast,Spring 2025,Control
5-Mar,Pancake Single,3,Breakfast,Spring 2025,Control
5-Mar,2 Slices Toast,4,Breakfast,Spring 2025,Control
5-Mar,Toast,3,Breakfast,Spring 2025,Control
5-Mar,PC Jelly,4,Breakfast,Spring 2025,Control
5-Mar,Burrito Bowl BYO,101,Mexican,Spring 2025,Control
5-Mar,Single Taco,3,Mexican,Spring 2025,Control
5-Mar,Side Guacamole,3,Mexican,Spring 2025,Control
5-Mar,LTO Spicy Chicken Sandwich,33,Grab N Go,Spring 2025,Control
5-Mar,Egg Cheese Sausage Breakfast Sandwich,20,Grab N Go,Spring 2025,Control
5-Mar,Egg Cheese Bacon Breakfast Sandwich,16,Grab N Go,Spring 2025,Control
5-Mar,Soup 12 oz,42,Soup,Spring 2025,Control
5-Mar,8 oz Soup,45,Soup,Spring 2025,Control
5-Mar,Salad by the Pound,45,Salad Bar,Spring 2025,Control
5-Mar,Add Extra Protein $3.99,1,Salad Bar,Spring 2025,Control
6-Mar,Quesadilla Deluxe Trillium,178,Grill,Spring 2025,Control
6-Mar,Grilled Hamburger,114,Grill,Spring 2025,Control
6-Mar,Fried Chicken Tenders,121,Grill,Spring 2025,Control
6-Mar,Burrito Una Mano Trillium BYO,81,Grill,Spring 2025,Control
6-Mar,French Fries,156,Grill,Spring 2025,Control
6-Mar,Quesadilla Cheese,18,Grill,Spring 2025,Control
6-Mar,Sweet Potato Fries,41,Grill,Spring 2025,Control
6-Mar,Grilled Chicken Breast Sandwich,12,Grill,Spring 2025,Control
6-Mar,Trillium Grill Impossible Burger,8,Grill,Spring 2025,Control
6-Mar,ADD Beef Patty,20,Grill,Spring 2025,Control
6-Mar,Side Potato Tots,9,Grill,Spring 2025,Control
6-Mar,Seared Salmon Burger,3,Grill,Spring 2025,Control
6-Mar,ADD Chicken Breast,5,Grill,Spring 2025,Control
6-Mar,Black Bean Burger,1,Grill,Spring 2025,Control
6-Mar,Add Sausage 2 Patty,1,Grill,Spring 2025,Control
6-Mar,Add Egg $.99,2,Grill,Spring 2025,Control
6-Mar,ADD Cheese,2,Grill,Spring 2025,Control
6-Mar,1 Entree + 1 Side,171,Asian,Spring 2025,Control
6-Mar,Bowl Ramen Chicken,72,Asian,Spring 2025,Control
6-Mar,1 Entree + 2 Side,52,Asian,Spring 2025,Control
6-Mar,2 Entrees + 2 Sides,35,Asian,Spring 2025,Control
6-Mar,Bowl Ramen Tofu,24,Asian,Spring 2025,Control
6-Mar,1 Wok Entree,8,Asian,Spring 2025,Control
6-Mar,Side Vegetarian Lo Mein,11,Asian,Spring 2025,Control
6-Mar,Side White or Brown Rice,11,Asian,Spring 2025,Control
6-Mar,Bowl Ramen Pork,1,Asian,Spring 2025,Control
6-Mar,Side Fried Spring Roll,2,Asian,Spring 2025,Control
6-Mar,Side Vegetable Spring Rolls,2,Asian,Spring 2025,Control
6-Mar,Create Your Pasta Bowl MEAT,93,Italian,Spring 2025,Control
6-Mar,Pizza with Toppings,37,Italian,Spring 2025,Control
6-Mar,Create Your Pasta Bowl VEG,23,Italian,Spring 2025,Control
6-Mar,Pizza Cheese,20,Italian,Spring 2025,Control
6-Mar,Add Extra Meat,21,Italian,Spring 2025,Control
6-Mar,Burrito Breakfast,78,Breakfast,Spring 2025,Control
6-Mar,Small French Omelet,57,Breakfast,Spring 2025,Control
6-Mar,Grand Slam Breakfast,8,Breakfast,Spring 2025,Control
6-Mar,Add Bacon,32,Breakfast,Spring 2025,Control
6-Mar,Two Eggs,9,Breakfast,Spring 2025,Control
6-Mar,Trillium Home Fries,2,Breakfast,Spring 2025,Control
6-Mar,2 Slices Toast,2,Breakfast,Spring 2025,Control
6-Mar,Burrito Bowl BYO,106,Mexican,Spring 2025,Control
6-Mar,Single Taco,8,Mexican,Spring 2025,Control
6-Mar,Side Guacamole,2,Mexican,Spring 2025,Control
6-Mar,LTO Spicy Chicken Sandwich,26,Grab N Go,Spring 2025,Control
6-Mar,Egg Cheese Sausage Breakfast Sandwich,24,Grab N Go,Spring 2025,Control
6-Mar,Egg Cheese Bacon Breakfast Sandwich,21,Grab N Go,Spring 2025,Control
6-Mar,LTO Meatball Sub,9,Grab N Go,Spring 2025,Control
6-Mar,Salad by the Pound,50,Salad Bar,Spring 2025,Control
6-Mar,Add Extra Protein $3.99,4,Salad Bar,Spring 2025,Control
6-Mar,Soup 12 oz,46,Soup,Spring 2025,Control
6-Mar,8 oz Soup,31,Soup,Spring 2025,Control
7-Mar,Quesadilla Deluxe Trillium,129,Grill,Spring 2025,Control
7-Mar,Grilled Hamburger,75,Grill,Spring 2025,Control
7-Mar,Burrito Una Mano Trillium BYO,47,Grill,Spring 2025,Control
7-Mar,Fried Chicken Tenders,46,Grill,Spring 2025,Control
7-Mar,French Fries,98,Grill,Spring 2025,Control
7-Mar,Quesadilla Cheese,21,Grill,Spring 2025,Control
7-Mar,ADD Beef Patty,22,Grill,Spring 2025,Control
7-Mar,Grilled Chicken Breast Sandwich,8,Grill,Spring 2025,Control
7-Mar,Trillium Grill Impossible Burger,5,Grill,Spring 2025,Control
7-Mar,Sweet Potato Fries,15,Grill,Spring 2025,Control
7-Mar,Seared Salmon Burger,4,Grill,Spring 2025,Control
7-Mar,Side Potato Tots,9,Grill,Spring 2025,Control
7-Mar,Black Bean Burger,1,Grill,Spring 2025,Control
7-Mar,Add Sausage 2 Patty,2,Grill,Spring 2025,Control
7-Mar,Add Egg $.99,3,Grill,Spring 2025,Control
7-Mar,ADD Cheese,3,Grill,Spring 2025,Control
7-Mar,1 Entree + 1 Side,94,Asian,Spring 2025,Control
7-Mar,Bowl Ramen Chicken,57,Asian,Spring 2025,Control
7-Mar,1 Entree + 2 Side,40,Asian,Spring 2025,Control
7-Mar,Bowl Ramen Tofu,16,Asian,Spring 2025,Control
7-Mar,2 Entrees + 2 Sides,10,Asian,Spring 2025,Control
7-Mar,1 Wok Entree,7,Asian,Spring 2025,Control
7-Mar,Side Vegetarian Lo Mein,11,Asian,Spring 2025,Control
7-Mar,Side Vegetable Spring Rolls,5,Asian,Spring 2025,Control
7-Mar,Side White or Brown Rice,7,Asian,Spring 2025,Control
7-Mar,Side Vegetables,2,Asian,Spring 2025,Control
7-Mar,Side Vegetarian Fried Rice with,2,Asian,Spring 2025,Control
7-Mar,Burrito Breakfast,73,Breakfast,Spring 2025,Control
7-Mar,Small French Omelet,38,Breakfast,Spring 2025,Control
7-Mar,Grand Slam Breakfast,9,Breakfast,Spring 2025,Control
7-Mar,Add Bacon,15,Breakfast,Spring 2025,Control
7-Mar,Trillium Home Fries,5,Breakfast,Spring 2025,Control
7-Mar,Two Eggs,5,Breakfast,Spring 2025,Control
7-Mar,Pancake Single,3,Breakfast,Spring 2025,Control
7-Mar,2 Slices Toast,4,Breakfast,Spring 2025,Control
7-Mar,PC Peanut Butter,1,Breakfast,Spring 2025,Control
7-Mar,Create Your Pasta Bowl MEAT,55,Italian,Spring 2025,Control
7-Mar,Create Your Pasta Bowl VEG,22,Italian,Spring 2025,Control
7-Mar,Pizza with Toppings,16,Italian,Spring 2025,Control
7-Mar,Pizza Cheese,16,Italian,Spring 2025,Control
7-Mar,Add Extra Meat,22,Italian,Spring 2025,Control
7-Mar,Side Bread Pasta Station,1,Italian,Spring 2025,Control
7-Mar,Burrito Bowl BYO,50,Mexican,Spring 2025,Control
7-Mar,Side Guacamole,3,Mexican,Spring 2025,Control
7-Mar,8 oz Soup,39,Soup,Spring 2025,Control
7-Mar,Soup 12 oz,33,Soup,Spring 2025,Control
7-Mar,LTO Spicy Chicken Sandwich,16,Grab N Go,Spring 2025,Control
7-Mar,Egg Cheese Bacon Breakfast Sandwich,22,Grab N Go,Spring 2025,Control
7-Mar,Egg Cheese Sausage Breakfast Sandwich,22,Grab N Go,Spring 2025,Control
7-Mar,Salad by the Pound,37,Salad Bar,Spring 2025,Control
10-Mar,Quesadilla Deluxe Trillium,182,Grill,Spring 2025,Unimodal
10-Mar,Grilled Hamburger,86,Grill,Spring 2025,Unimodal
10-Mar,Burrito Una Mano Trillium BYO,75,Grill,Spring 2025,Unimodal
10-Mar,Fried Chicken Tenders,69,Grill,Spring 2025,Unimodal
10-Mar,French Fries,98,Grill,Spring 2025,Unimodal
10-Mar,Quesadilla Cheese,17,Grill,Spring 2025,Unimodal
10-Mar,Grilled Chicken Breast Sandwich,13,Grill,Spring 2025,Unimodal
10-Mar,Sweet Potato Fries,31,Grill,Spring 2025,Unimodal
10-Mar,ADD Beef Patty,21,Grill,Spring 2025,Unimodal
10-Mar,Trillium Grill Impossible Burger,7,Grill,Spring 2025,Unimodal
10-Mar,Seared Salmon Burger,8,Grill,Spring 2025,Unimodal
10-Mar,Side Potato Tots,13,Grill,Spring 2025,Unimodal
10-Mar,Black Bean Burger,3,Grill,Spring 2025,Unimodal
10-Mar,ADD Chicken Breast,4,Grill,Spring 2025,Unimodal
10-Mar,Add Sausage 2 Patty,3,Grill,Spring 2025,Unimodal
10-Mar,ADD Cheese,2,Grill,Spring 2025,Unimodal
10-Mar,Add Egg $.99,1,Grill,Spring 2025,Unimodal
10-Mar,1 Entree + 1 Side,192,Asian,Spring 2025,Unimodal
10-Mar,1 Entree + 2 Side,72,Asian,Spring 2025,Unimodal
10-Mar,Bowl Ramen Chicken,37,Asian,Spring 2025,Unimodal
10-Mar,2 Entrees + 2 Sides,18,Asian,Spring 2025,Unimodal
10-Mar,Bowl Ramen Tofu,6,Asian,Spring 2025,Unimodal
10-Mar,Side Vegetarian Lo Mein,10,Asian,Spring 2025,Unimodal
10-Mar,1 Wok Entree,3,Asian,Spring 2025,Unimodal
10-Mar,Side White or Brown Rice,7,Asian,Spring 2025,Unimodal
10-Mar,Bowl Ramen Pork,1,Asian,Spring 2025,Unimodal
10-Mar,Side Fried Spring Roll,1,Asian,Spring 2025,Unimodal
10-Mar,Side Vegetable Spring Rolls,1,Asian,Spring 2025,Unimodal
10-Mar,Side Vegetarian Fried Rice with,1,Asian,Spring 2025,Unimodal
10-Mar,Create Your Pasta Bowl MEAT,106,Italian,Spring 2025,Unimodal
10-Mar,Create Your Pasta Bowl VEG,20,Italian,Spring 2025,Unimodal
10-Mar,Pizza with Toppings,25,Italian,Spring 2025,Unimodal
10-Mar,Pizza Cheese,19,Italian,Spring 2025,Unimodal
10-Mar,Add Extra Meat,22,Italian,Spring 2025,Unimodal
10-Mar,Burrito Breakfast,88,Breakfast,Spring 2025,Unimodal
10-Mar,Small French Omelet,47,Breakfast,Spring 2025,Unimodal
10-Mar,Add Bacon,30,Breakfast,Spring 2025,Unimodal
10-Mar,Grand Slam Breakfast,5,Breakfast,Spring 2025,Unimodal
10-Mar,Two Eggs,16,Breakfast,Spring 2025,Unimodal
10-Mar,Trillium Home Fries,4,Breakfast,Spring 2025,Unimodal
10-Mar,Pancake Single,4,Breakfast,Spring 2025,Unimodal
10-Mar,2 Slices Toast,3,Breakfast,Spring 2025,Unimodal
10-Mar,Toast,1,Breakfast,Spring 2025,Unimodal
10-Mar,Burrito Bowl BYO,106,Mexican,Spring 2025,Unimodal
10-Mar,Single Taco,2,Mexican,Spring 2025,Unimodal
10-Mar,Side Guacamole,2,Mexican,Spring 2025,Unimodal
10-Mar,LTO Spicy Chicken Sandwich,30,Grab N Go,Spring 2025,Unimodal
10-Mar,Egg Cheese Sausage Breakfast Sandwich,23,Grab N Go,Spring 2025,Unimodal
10-Mar,Egg Cheese Bacon Breakfast Sandwich,21,Grab N Go,Spring 2025,Unimodal
10-Mar,Salad by the Pound,51,Salad Bar,Spring 2025,Unimodal
10-Mar,Add Extra Protein $3.99,1,Salad Bar,Spring 2025,Unimodal
10-Mar,8 oz Soup,39,Soup,Spring 2025,Unimodal
10-Mar,Soup 12 oz,32,Soup,Spring 2025,Unimodal
11-Mar,Quesadilla Deluxe Trillium,184,Grill,Spring 2025,Unimodal
11-Mar,Grilled Hamburger,118,Grill,Spring 2025,Unimodal
11-Mar,Burrito Una Mano Trillium BYO,77,Grill,Spring 2025,Unimodal
11-Mar,Fried Chicken Tenders,79,Grill,Spring 2025,Unimodal
11-Mar,French Fries,130,Grill,Spring 2025,Unimodal
11-Mar,Grilled Chicken Breast Sandwich,20,Grill,Spring 2025,Unimodal
11-Mar,Quesadilla Cheese,15,Grill,Spring 2025,Unimodal
11-Mar,Sweet Potato Fries,32,Grill,Spring 2025,Unimodal
11-Mar,ADD Beef Patty,22,Grill,Spring 2025,Unimodal
11-Mar,Trillium Grill Impossible Burger,6,Grill,Spring 2025,Unimodal
11-Mar,Seared Salmon Burger,5,Grill,Spring 2025,Unimodal
11-Mar,ADD Chicken Breast,8,Grill,Spring 2025,Unimodal
11-Mar,Black Bean Burger,3,Grill,Spring 2025,Unimodal
11-Mar,Side Potato Tots,8,Grill,Spring 2025,Unimodal
11-Mar,Add Egg $.99,6,Grill,Spring 2025,Unimodal
11-Mar,Add Sausage 2 Patty,2,Grill,Spring 2025,Unimodal
11-Mar,ADD Cheese,6,Grill,Spring 2025,Unimodal
11-Mar,1 Entree + 1 Side,184,Asian,Spring 2025,Unimodal
11-Mar,1 Entree + 2 Side,70,Asian,Spring 2025,Unimodal
11-Mar,Bowl Ramen Chicken,51,Asian,Spring 2025,Unimodal
11-Mar,2 Entrees + 2 Sides,34,Asian,Spring 2025,Unimodal
11-Mar,Bowl Ramen Tofu,11,Asian,Spring 2025,Unimodal
11-Mar,1 Wok Entree,9,Asian,Spring 2025,Unimodal
11-Mar,Side White or Brown Rice,12,Asian,Spring 2025,Unimodal
11-Mar,Side Vegetarian Lo Mein,6,Asian,Spring 2025,Unimodal
11-Mar,Side Fried Spring Roll,2,Asian,Spring 2025,Unimodal
11-Mar,Side Vegetable Spring Rolls,2,Asian,Spring 2025,Unimodal
11-Mar,Create Your Pasta Bowl MEAT,81,Italian,Spring 2025,Unimodal
11-Mar,Create Your Pasta Bowl VEG,29,Italian,Spring 2025,Unimodal
11-Mar,Pizza with Toppings,35,Italian,Spring 2025,Unimodal
11-Mar,Pizza Cheese,15,Italian,Spring 2025,Unimodal
11-Mar,Add Extra Meat,16,Italian,Spring 2025,Unimodal
11-Mar,Side Bread Pasta Station,3,Italian,Spring 2025,Unimodal
11-Mar,Burrito Breakfast,84,Breakfast,Spring 2025,Unimodal
11-Mar,Small French Omelet,57,Breakfast,Spring 2025,Unimodal
11-Mar,Grand Slam Breakfast,10,Breakfast,Spring 2025,Unimodal
11-Mar,Add Bacon,37,Breakfast,Spring 2025,Unimodal
11-Mar,Two Eggs,6,Breakfast,Spring 2025,Unimodal
11-Mar,Trillium Home Fries,3,Breakfast,Spring 2025,Unimodal
11-Mar,Pancake Single,1,Breakfast,Spring 2025,Unimodal
11-Mar,2 Slices Toast,1,Breakfast,Spring 2025,Unimodal
11-Mar,Toast,1,Breakfast,Spring 2025,Unimodal
11-Mar,PC Jelly,1,Breakfast,Spring 2025,Unimodal
11-Mar,Burrito Bowl BYO,110,Mexican,Spring 2025,Unimodal
11-Mar,Single Taco,9,Mexican,Spring 2025,Unimodal
11-Mar,Side Guacamole,3,Mexican,Spring 2025,Unimodal
11-Mar,Side Salsa,2,Mexican,Spring 2025,Unimodal
11-Mar,LTO Spicy Chicken Sandwich,28,Grab N Go,Spring 2025,Unimodal
11-Mar,LTO Meatball Sub,17,Grab N Go,Spring 2025,Unimodal
11-Mar,Egg Cheese Sausage Breakfast Sandwich,23,Grab N Go,Spring 2025,Unimodal
11-Mar,Egg Cheese Bacon Breakfast Sandwich,22,Grab N Go,Spring 2025,Unimodal
11-Mar,Salad by the Pound,55,Salad Bar,Spring 2025,Unimodal
11-Mar,Soup 12 oz,39,Soup,Spring 2025,Unimodal
11-Mar,8 oz Soup,24,Soup,Spring 2025,Unimodal
12-Mar,Quesadilla Deluxe Trillium,173,Grill,Spring 2025,Unimodal
12-Mar,Grilled Hamburger,89,Grill,Spring 2025,Unimodal
12-Mar,Fried Chicken Tenders,96,Grill,Spring 2025,Unimodal
12-Mar,Burrito Una Mano Trillium BYO,64,Grill,Spring 2025,Unimodal
12-Mar,French Fries,126,Grill,Spring 2025,Unimodal
12-Mar,Grilled Chicken Breast Sandwich,19,Grill,Spring 2025,Unimodal
12-Mar,Quesadilla Cheese,17,Grill,Spring 2025,Unimodal
12-Mar,Sweet Potato Fries,38,Grill,Spring 2025,Unimodal
12-Mar,Trillium Grill Impossible Burger,7,Grill,Spring 2025,Unimodal
12-Mar,ADD Beef Patty,17,Grill,Spring 2025,Unimodal
12-Mar,Seared Salmon Burger,7,Grill,Spring 2025,Unimodal
12-Mar,Black Bean Burger,6,Grill,Spring 2025,Unimodal
12-Mar,Side Potato Tots,8,Grill,Spring 2025,Unimodal
12-Mar,ADD Chicken Breast,5,Grill,Spring 2025,Unimodal
12-Mar,Add Egg $.99,10,Grill,Spring 2025,Unimodal
12-Mar,ADD Cheese,8,Grill,Spring 2025,Unimodal
12-Mar,Add Sausage 2 Patty,1,Grill,Spring 2025,Unimodal
12-Mar,1 Entree + 1 Side,180,Asian,Spring 2025,Unimodal
12-Mar,1 Entree + 2 Side,79,Asian,Spring 2025,Unimodal
12-Mar,Bowl Ramen Chicken,72,Asian,Spring 2025,Unimodal
12-Mar,2 Entrees + 2 Sides,24,Asian,Spring 2025,Unimodal
12-Mar,Bowl Ramen Tofu,17,Asian,Spring 2025,Unimodal
12-Mar,Side Vegetarian Lo Mein,8,Asian,Spring 2025,Unimodal
12-Mar,1 Wok Entree,5,Asian,Spring 2025,Unimodal
12-Mar,Side White or Brown Rice,10,Asian,Spring 2025,Unimodal
12-Mar,Side Vegetable Spring Rolls,2,Asian,Spring 2025,Unimodal
12-Mar,Side Fried Spring Roll,1,Asian,Spring 2025,Unimodal
12-Mar,Side Vegetables,1,Asian,Spring 2025,Unimodal
12-Mar,Create Your Pasta Bowl MEAT,107,Italian,Spring 2025,Unimodal
12-Mar,Pizza with Toppings,36,Italian,Spring 2025,Unimodal
12-Mar,Create Your Pasta Bowl VEG,20,Italian,Spring 2025,Unimodal
12-Mar,Add Extra Meat,32,Italian,Spring 2025,Unimodal
12-Mar,Pizza Cheese,16,Italian,Spring 2025,Unimodal
12-Mar,Burrito Breakfast,108,Breakfast,Spring 2025,Unimodal
12-Mar,Small French Omelet,61,Breakfast,Spring 2025,Unimodal
12-Mar,Grand Slam Breakfast,11,Breakfast,Spring 2025,Unimodal
12-Mar,Add Bacon,24,Breakfast,Spring 2025,Unimodal
12-Mar,Two Eggs,15,Breakfast,Spring 2025,Unimodal
12-Mar,Trillium Home Fries,3,Breakfast,Spring 2025,Unimodal
12-Mar,Pancake Single,1,Breakfast,Spring 2025,Unimodal
12-Mar,2 Slices Toast,2,Breakfast,Spring 2025,Unimodal
12-Mar,PC Peanut Butter,1,Breakfast,Spring 2025,Unimodal
12-Mar,Burrito Bowl BYO,106,Mexican,Spring 2025,Unimodal
12-Mar,Single Taco,5,Mexican,Spring 2025,Unimodal
12-Mar,Side Guacamole,5,Mexican,Spring 2025,Unimodal
12-Mar,Add Extra Toppings Una Mano,1,Mexican,Spring 2025,Unimodal
12-Mar,Salad by the Pound,55,Salad Bar,Spring 2025,Unimodal
12-Mar,Soup 12 oz,52,Soup,Spring 2025,Unimodal
12-Mar,8 oz Soup,37,Soup,Spring 2025,Unimodal
12-Mar,LTO Spicy Chicken Sandwich,28,Grab N Go,Spring 2025,Unimodal
12-Mar,Egg Cheese Sausage Breakfast Sandwich,22,Grab N Go,Spring 2025,Unimodal
12-Mar,Egg Cheese Bacon Breakfast Sandwich,19,Grab N Go,Spring 2025,Unimodal
13-Mar,Quesadilla Deluxe Trillium,171,Grill,Spring 2025,Unimodal
13-Mar,Grilled Hamburger,99,Grill,Spring 2025,Unimodal
13-Mar,Fried Chicken Tenders,113,Grill,Spring 2025,Unimodal
13-Mar,Burrito Una Mano Trillium BYO,59,Grill,Spring 2025,Unimodal
13-Mar,French Fries,146,Grill,Spring 2025,Unimodal
13-Mar,Grilled Chicken Breast Sandwich,17,Grill,Spring 2025,Unimodal
13-Mar,Quesadilla Cheese,16,Grill,Spring 2025,Unimodal
13-Mar,Sweet Potato Fries,40,Grill,Spring 2025,Unimodal
13-Mar,Seared Salmon Burger,8,Grill,Spring 2025,Unimodal
13-Mar,Side Potato Tots,18,Grill,Spring 2025,Unimodal
13-Mar,Trillium Grill Impossible Burger,5,Grill,Spring 2025,Unimodal
13-Mar,ADD Beef Patty,9,Grill,Spring 2025,Unimodal
13-Mar,ADD Chicken Breast,4,Grill,Spring 2025,Unimodal
13-Mar,Add Sausage 2 Patty,3,Grill,Spring 2025,Unimodal
13-Mar,ADD Cheese,5,Grill,Spring 2025,Unimodal
13-Mar,1 Entree + 1 Side,185,Asian,Spring 2025,Unimodal
13-Mar,Bowl Ramen Chicken,75,Asian,Spring 2025,Unimodal
13-Mar,1 Entree + 2 Side,54,Asian,Spring 2025,Unimodal
13-Mar,2 Entrees + 2 Sides,31,Asian,Spring 2025,Unimodal
13-Mar,Bowl Ramen Tofu,24,Asian,Spring 2025,Unimodal
13-Mar,1 Wok Entree,10,Asian,Spring 2025,Unimodal
13-Mar,Side Vegetarian Lo Mein,10,Asian,Spring 2025,Unimodal
13-Mar,Side White or Brown Rice,11,Asian,Spring 2025,Unimodal
13-Mar,Side Vegetable Spring Rolls,4,Asian,Spring 2025,Unimodal
13-Mar,Side Vegetables,3,Asian,Spring 2025,Unimodal
13-Mar,Side Fried Spring Roll,2,Asian,Spring 2025,Unimodal
13-Mar,Create Your Pasta Bowl MEAT,92,Italian,Spring 2025,Unimodal
13-Mar,Pizza with Toppings,39,Italian,Spring 2025,Unimodal
13-Mar,Create Your Pasta Bowl VEG,19,Italian,Spring 2025,Unimodal
13-Mar,Pizza Cheese,18,Italian,Spring 2025,Unimodal
13-Mar,Add Extra Meat,24,Italian,Spring 2025,Unimodal
13-Mar,Side Bread Pasta Station,1,Italian,Spring 2025,Unimodal
13-Mar,Burrito Breakfast,85,Breakfast,Spring 2025,Unimodal
13-Mar,Small French Omelet,51,Breakfast,Spring 2025,Unimodal
13-Mar,Add Bacon,39,Breakfast,Spring 2025,Unimodal
13-Mar,Grand Slam Breakfast,5,Breakfast,Spring 2025,Unimodal
13-Mar,Two Eggs,11,Breakfast,Spring 2025,Unimodal
13-Mar,Trillium Home Fries,4,Breakfast,Spring 2025,Unimodal
13-Mar,Pancake Single,4,Breakfast,Spring 2025,Unimodal
13-Mar,2 Slices Toast,2,Breakfast,Spring 2025,Unimodal
13-Mar,Toast,1,Breakfast,Spring 2025,Unimodal
13-Mar,PC Butter,1,Breakfast,Spring 2025,Unimodal
13-Mar,Burrito Bowl BYO,88,Mexican,Spring 2025,Unimodal
13-Mar,Single Taco,6,Mexican,Spring 2025,Unimodal
13-Mar,Side Guacamole,3,Mexican,Spring 2025,Unimodal
13-Mar,Side Salsa,3,Mexican,Spring 2025,Unimodal
13-Mar,Side Sour Cream,3,Mexican,Spring 2025,Unimodal
13-Mar,Add Extra Toppings Una Mano,1,Mexican,Spring 2025,Unimodal
13-Mar,LTO Spicy Chicken Sandwich,27,Grab N Go,Spring 2025,Unimodal
13-Mar,Egg Cheese Sausage Breakfast Sandwich,24,Grab N Go,Spring 2025,Unimodal
13-Mar,Egg Cheese Bacon Breakfast Sandwich,21,Grab N Go,Spring 2025,Unimodal
13-Mar,LTO Meatball Sub,10,Grab N Go,Spring 2025,Unimodal
13-Mar,Burrito Breakfast G&G,5,Grab N Go,Spring 2025,Unimodal
13-Mar,Salad by the Pound,55,Salad Bar,Spring 2025,Unimodal
13-Mar,Add Extra Protein $3.99,4,Salad Bar,Spring 2025,Unimodal
13-Mar,Soup 12 oz,49,Soup,Spring 2025,Unimodal
13-Mar,8 oz Soup,24,Soup,Spring 2025,Unimodal
14-Mar,Quesadilla Deluxe Trillium,111,Grill,Spring 2025,Unimodal
14-Mar,Grilled Hamburger,76,Grill,Spring 2025,Unimodal
14-Mar,Burrito Una Mano Trillium BYO,51,Grill,Spring 2025,Unimodal
14-Mar,Fried Chicken Tenders,51,Grill,Spring 2025,Unimodal
14-Mar,French Fries,73,Grill,Spring 2025,Unimodal
14-Mar,Quesadilla Cheese,18,Grill,Spring 2025,Unimodal
14-Mar,Trillium Grill Impossible Burger,10,Grill,Spring 2025,Unimodal
14-Mar,Grilled Chicken Breast Sandwich,11,Grill,Spring 2025,Unimodal
14-Mar,Sweet Potato Fries,30,Grill,Spring 2025,Unimodal
14-Mar,ADD Beef Patty,14,Grill,Spring 2025,Unimodal
14-Mar,Seared Salmon Burger,4,Grill,Spring 2025,Unimodal
14-Mar,Side Potato Tots,11,Grill,Spring 2025,Unimodal
14-Mar,Black Bean Burger,1,Grill,Spring 2025,Unimodal
14-Mar,ADD Chicken Breast,2,Grill,Spring 2025,Unimodal
14-Mar,ADD Burger Salmon Grilled,1,Grill,Spring 2025,Unimodal
14-Mar,Add Sausage 2 Patty,1,Grill,Spring 2025,Unimodal
14-Mar,Add Egg $.99,1,Grill,Spring 2025,Unimodal
14-Mar,1 Entree + 1 Side,102,Asian,Spring 2025,Unimodal
14-Mar,Bowl Ramen Chicken,47,Asian,Spring 2025,Unimodal
14-Mar,1 Entree + 2 Side,36,Asian,Spring 2025,Unimodal
14-Mar,2 Entrees + 2 Sides,16,Asian,Spring 2025,Unimodal
14-Mar,Bowl Ramen Tofu,11,Asian,Spring 2025,Unimodal
14-Mar,1 Wok Entree,3,Asian,Spring 2025,Unimodal
14-Mar,Side Vegetarian Lo Mein,3,Asian,Spring 2025,Unimodal
14-Mar,Side White or Brown Rice,5,Asian,Spring 2025,Unimodal
14-Mar,Side Fried Spring Roll,1,Asian,Spring 2025,Unimodal
14-Mar,Side Vegetables,1,Asian,Spring 2025,Unimodal
14-Mar,Side Vegetarian Fried Rice with,1,Asian,Spring 2025,Unimodal
14-Mar,Burrito Breakfast,82,Breakfast,Spring 2025,Unimodal
14-Mar,Small French Omelet,65,Breakfast,Spring 2025,Unimodal
14-Mar,Grand Slam Breakfast,17,Breakfast,Spring 2025,Unimodal
14-Mar,Add Bacon,20,Breakfast,Spring 2025,Unimodal
14-Mar,Two Eggs,11,Breakfast,Spring 2025,Unimodal
14-Mar,Pancake Single,6,Breakfast,Spring 2025,Unimodal
14-Mar,Trillium Home Fries,2,Breakfast,Spring 2025,Unimodal
14-Mar,2 Slices Toast,2,Breakfast,Spring 2025,Unimodal
14-Mar,PC Jelly,3,Breakfast,Spring 2025,Unimodal
14-Mar,PC Peanut Butter,2,Breakfast,Spring 2025,Unimodal
14-Mar,Create Your Pasta Bowl MEAT,71,Italian,Spring 2025,Unimodal
14-Mar,Pizza with Toppings,27,Italian,Spring 2025,Unimodal
14-Mar,Create Your Pasta Bowl VEG,14,Italian,Spring 2025,Unimodal
14-Mar,Pizza Cheese,11,Italian,Spring 2025,Unimodal
14-Mar,Add Extra Meat,15,Italian,Spring 2025,Unimodal
14-Mar,Side Bread Pasta Station,2,Italian,Spring 2025,Unimodal
14-Mar,Burrito Bowl BYO,61,Mexican,Spring 2025,Unimodal
14-Mar,Single Taco,4,Mexican,Spring 2025,Unimodal
14-Mar,Side Guacamole,1,Mexican,Spring 2025,Unimodal
14-Mar,Add Extra Toppings Una Mano,2,Mexican,Spring 2025,Unimodal
14-Mar,LTO Spicy Chicken Sandwich,33,Grab N Go,Spring 2025,Unimodal
14-Mar,Egg Cheese Sausage Breakfast Sandwich,24,Grab N Go,Spring 2025,Unimodal
14-Mar,Egg Cheese Bacon Breakfast Sandwich,19,Grab N Go,Spring 2025,Unimodal
14-Mar,Salad by the Pound,31,Salad Bar,Spring 2025,Unimodal
14-Mar,Add Extra Protein $3.99,2,Salad Bar,Spring 2025,Unimodal
14-Mar,Soup 12 oz,27,Soup,Spring 2025,Unimodal
14-Mar,8 oz Soup,15,Soup,Spring 2025,Unimodal
17-Mar,Quesadilla Deluxe Trillium,147,Grill,Spring 2025,Unimodal
17-Mar,Grilled Hamburger,77,Grill,Spring 2025,Unimodal
17-Mar,Fried Chicken Tenders,92,Grill,Spring 2025,Unimodal
17-Mar,Burrito Una Mano Trillium BYO,51,Grill,Spring 2025,Unimodal
17-Mar,French Fries,113,Grill,Spring 2025,Unimodal
17-Mar,Quesadilla Cheese,19,Grill,Spring 2025,Unimodal
17-Mar,Grilled Chicken Breast Sandwich,17,Grill,Spring 2025,Unimodal
17-Mar,Trillium Grill Impossible Burger,12,Grill,Spring 2025,Unimodal
17-Mar,Sweet Potato Fries,41,Grill,Spring 2025,Unimodal
17-Mar,ADD Beef Patty,30,Grill,Spring 2025,Unimodal
17-Mar,Seared Salmon Burger,10,Grill,Spring 2025,Unimodal
17-Mar,Black Bean Burger,8,Grill,Spring 2025,Unimodal
17-Mar,Side Potato Tots,13,Grill,Spring 2025,Unimodal
17-Mar,ADD Cheese,12,Grill,Spring 2025,Unimodal
17-Mar,ADD Chicken Breast,1,Grill,Spring 2025,Unimodal
17-Mar,Add Sausage 2 Patty,1,Grill,Spring 2025,Unimodal
17-Mar,Add Egg $.99,2,Grill,Spring 2025,Unimodal
17-Mar,1 Entree + 1 Side,184,Asian,Spring 2025,Unimodal
17-Mar,Bowl Ramen Chicken,84,Asian,Spring 2025,Unimodal
17-Mar,1 Entree + 2 Side,70,Asian,Spring 2025,Unimodal
17-Mar,2 Entrees + 2 Sides,32,Asian,Spring 2025,Unimodal
17-Mar,Bowl Ramen Tofu,19,Asian,Spring 2025,Unimodal
17-Mar,Side Vegetarian Lo Mein,7,Asian,Spring 2025,Unimodal
17-Mar,1 Wok Entree,3,Asian,Spring 2025,Unimodal
17-Mar,Side White or Brown Rice,7,Asian,Spring 2025,Unimodal
17-Mar,Side Fried Spring Roll,2,Asian,Spring 2025,Unimodal
17-Mar,Side Vegetable Spring Rolls,2,Asian,Spring 2025,Unimodal
17-Mar,Create Your Pasta Bowl MEAT,126,Italian,Spring 2025,Unimodal
17-Mar,Pizza with Toppings,28,Italian,Spring 2025,Unimodal
17-Mar,Create Your Pasta Bowl VEG,18,Italian,Spring 2025,Unimodal
17-Mar,Add Extra Meat,31,Italian,Spring 2025,Unimodal
17-Mar,Pizza Cheese,17,Italian,Spring 2025,Unimodal
17-Mar,Side Bread Pasta Station,1,Italian,Spring 2025,Unimodal
17-Mar,Burrito Breakfast,76,Breakfast,Spring 2025,Unimodal
17-Mar,Small French Omelet,61,Breakfast,Spring 2025,Unimodal
17-Mar,Add Bacon,32,Breakfast,Spring 2025,Unimodal
17-Mar,Grand Slam Breakfast,7,Breakfast,Spring 2025,Unimodal
17-Mar,Two Eggs,14,Breakfast,Spring 2025,Unimodal
17-Mar,Trillium Home Fries,1,Breakfast,Spring 2025,Unimodal
17-Mar,PC Peanut Butter,2,Breakfast,Spring 2025,Unimodal
17-Mar,2 Slices Toast,1,Breakfast,Spring 2025,Unimodal
17-Mar,Burrito Bowl BYO,100,Mexican,Spring 2025,Unimodal
17-Mar,Side Guacamole,4,Mexican,Spring 2025,Unimodal
17-Mar,Add Extra Toppings Una Mano,2,Mexican,Spring 2025,Unimodal
17-Mar,Side Sour Cream,2,Mexican,Spring 2025,Unimodal
17-Mar,Side Salsa,1,Mexican,Spring 2025,Unimodal
17-Mar,Salad by the Pound,51,Salad Bar,Spring 2025,Unimodal
17-Mar,Add Extra Protein $3.99,2,Salad Bar,Spring 2025,Unimodal
17-Mar,LTO Spicy Chicken Sandwich,29,Grab N Go,Spring 2025,Unimodal
17-Mar,Egg Cheese Sausage Breakfast Sandwich,24,Grab N Go,Spring 2025,Unimodal
17-Mar,Egg Cheese Bacon Breakfast Sandwich,20,Grab N Go,Spring 2025,Unimodal
17-Mar,8 oz Soup,47,Soup,Spring 2025,Unimodal
17-Mar,Soup 12 oz,40,Soup,Spring 2025,Unimodal
18-Mar,Quesadilla Deluxe Trillium,186,Grill,Spring 2025,Unimodal
18-Mar,Fried Chicken Tenders,105,Grill,Spring 2025,Unimodal
18-Mar,Grilled Hamburger,80,Grill,Spring 2025,Unimodal
18-Mar,Burrito Una Mano Trillium BYO,69,Grill,Spring 2025,Unimodal
18-Mar,French Fries,112,Grill,Spring 2025,Unimodal
18-Mar,Quesadilla Cheese,18,Grill,Spring 2025,Unimodal
18-Mar,Grilled Chicken Breast Sandwich,16,Grill,Spring 2025,Unimodal
18-Mar,Sweet Potato Fries,43,Grill,Spring 2025,Unimodal
18-Mar,Trillium Grill Impossible Burger,7,Grill,Spring 2025,Unimodal
18-Mar,ADD Beef Patty,18,Grill,Spring 2025,Unimodal
18-Mar,Side Potato Tots,20,Grill,Spring 2025,Unimodal
18-Mar,Seared Salmon Burger,6,Grill,Spring 2025,Unimodal
18-Mar,Black Bean Burger,3,Grill,Spring 2025,Unimodal
18-Mar,ADD Chicken Breast,4,Grill,Spring 2025,Unimodal
18-Mar,Add Impossible Burger Patty,1,Grill,Spring 2025,Unimodal
18-Mar,ADD Cheese,8,Grill,Spring 2025,Unimodal
18-Mar,Add Egg $.99,4,Grill,Spring 2025,Unimodal
18-Mar,1 Entree + 1 Side,196,Asian,Spring 2025,Unimodal
18-Mar,Bowl Ramen Chicken,73,Asian,Spring 2025,Unimodal
18-Mar,1 Entree + 2 Side,62,Asian,Spring 2025,Unimodal
18-Mar,2 Entrees + 2 Sides,33,Asian,Spring 2025,Unimodal
18-Mar,Bowl Ramen Tofu,23,Asian,Spring 2025,Unimodal
18-Mar,Side Vegetarian Lo Mein,7,Asian,Spring 2025,Unimodal
18-Mar,1 Wok Entree,4,Asian,Spring 2025,Unimodal
18-Mar,Side White or Brown Rice,8,Asian,Spring 2025,Unimodal
18-Mar,Side Vegetable Spring Rolls,4,Asian,Spring 2025,Unimodal
18-Mar,Side Fried Spring Roll,3,Asian,Spring 2025,Unimodal
18-Mar,Bowl Ramen Pork,1,Asian,Spring 2025,Unimodal
18-Mar,Burrito Breakfast,85,Breakfast,Spring 2025,Unimodal
18-Mar,Small French Omelet,69,Breakfast,Spring 2025,Unimodal
18-Mar,Grand Slam Breakfast,12,Breakfast,Spring 2025,Unimodal
18-Mar,Add Bacon,31,Breakfast,Spring 2025,Unimodal
18-Mar,Trillium Home Fries,7,Breakfast,Spring 2025,Unimodal
18-Mar,Two Eggs,10,Breakfast,Spring 2025,Unimodal
18-Mar,Pancake Single,1,Breakfast,Spring 2025,Unimodal
18-Mar,2 Slices Toast,1,Breakfast,Spring 2025,Unimodal
18-Mar,Create Your Pasta Bowl MEAT,89,Italian,Spring 2025,Unimodal
18-Mar,Create Your Pasta Bowl VEG,27,Italian,Spring 2025,Unimodal
18-Mar,Pizza with Toppings,31,Italian,Spring 2025,Unimodal
18-Mar,Pizza Cheese,18,Italian,Spring 2025,Unimodal
18-Mar,Add Extra Meat,24,Italian,Spring 2025,Unimodal
18-Mar,Side Bread Pasta Station,2,Italian,Spring 2025,Unimodal
18-Mar,Burrito Bowl BYO,101,Mexican,Spring 2025,Unimodal
18-Mar,Single Taco,7,Mexican,Spring 2025,Unimodal
18-Mar,Side Guacamole,4,Mexican,Spring 2025,Unimodal
18-Mar,Add Extra Toppings Una Mano,4,Mexican,Spring 2025,Unimodal
18-Mar,Side Sour Cream,2,Mexican,Spring 2025,Unimodal
18-Mar,LTO Spicy Chicken Sandwich,24,Grab N Go,Spring 2025,Unimodal
18-Mar,Egg Cheese Sausage Breakfast Sandwich,29,Grab N Go,Spring 2025,Unimodal
18-Mar,LTO Meatball Sub,15,Grab N Go,Spring 2025,Unimodal
18-Mar,Egg Cheese Bacon Breakfast Sandwich,17,Grab N Go,Spring 2025,Unimodal
18-Mar,Salad by the Pound,57,Salad Bar,Spring 2025,Unimodal
18-Mar,Soup 12 oz,49,Soup,Spring 2025,Unimodal
18-Mar,8 oz Soup,24,Soup,Spring 2025,Unimodal
19-Mar,Quesadilla Deluxe Trillium,188,Grill,Spring 2025,Unimodal
19-Mar,Grilled Hamburger,96,Grill,Spring 2025,Unimodal
19-Mar,Burrito Una Mano Trillium BYO,67,Grill,Spring 2025,Unimodal
19-Mar,Fried Chicken Tenders,83,Grill,Spring 2025,Unimodal
19-Mar,French Fries,103,Grill,Spring 2025,Unimodal
19-Mar,Quesadilla Cheese,27,Grill,Spring 2025,Unimodal
19-Mar,Grilled Chicken Breast Sandwich,20,Grill,Spring 2025,Unimodal
19-Mar,Sweet Potato Fries,42,Grill,Spring 2025,Unimodal
19-Mar,ADD Beef Patty,26,Grill,Spring 2025,Unimodal
19-Mar,Seared Salmon Burger,6,Grill,Spring 2025,Unimodal
19-Mar,Side Potato Tots,16,Grill,Spring 2025,Unimodal
19-Mar,Black Bean Burger,5,Grill,Spring 2025,Unimodal
19-Mar,Trillium Grill Impossible Burger,3,Grill,Spring 2025,Unimodal
19-Mar,Add Sausage 2 Patty,4,Grill,Spring 2025,Unimodal
19-Mar,ADD Chicken Breast,2,Grill,Spring 2025,Unimodal
19-Mar,ADD Cheese,13,Grill,Spring 2025,Unimodal
19-Mar,Add Egg $.99,3,Grill,Spring 2025,Unimodal
19-Mar,1 Entree + 1 Side,198,Asian,Spring 2025,Unimodal
19-Mar,1 Entree + 2 Side,68,Asian,Spring 2025,Unimodal
19-Mar,Bowl Ramen Chicken,62,Asian,Spring 2025,Unimodal
19-Mar,2 Entrees + 2 Sides,23,Asian,Spring 2025,Unimodal
19-Mar,Bowl Ramen Tofu,15,Asian,Spring 2025,Unimodal
19-Mar,1 Wok Entree,5,Asian,Spring 2025,Unimodal
19-Mar,Side White or Brown Rice,10,Asian,Spring 2025,Unimodal
19-Mar,Side Vegetarian Lo Mein,5,Asian,Spring 2025,Unimodal
19-Mar,Side Vegetables,2,Asian,Spring 2025,Unimodal
19-Mar,Side Fried Spring Roll,1,Asian,Spring 2025,Unimodal
19-Mar,Side Vegetarian Fried Rice with,1,Asian,Spring 2025,Unimodal
19-Mar,Add Extra Toppings,1,Asian,Spring 2025,Unimodal
19-Mar,Create Your Pasta Bowl MEAT,106,Italian,Spring 2025,Unimodal
19-Mar,Create Your Pasta Bowl VEG,20,Italian,Spring 2025,Unimodal
19-Mar,Pizza with Toppings,29,Italian,Spring 2025,Unimodal
19-Mar,Pizza Cheese,20,Italian,Spring 2025,Unimodal
19-Mar,Add Extra Meat,22,Italian,Spring 2025,Unimodal
19-Mar,Side Bread Pasta Station,1,Italian,Spring 2025,Unimodal
19-Mar,Burrito Breakfast,95,Breakfast,Spring 2025,Unimodal
19-Mar,Small French Omelet,45,Breakfast,Spring 2025,Unimodal
19-Mar,Grand Slam Breakfast,9,Breakfast,Spring 2025,Unimodal
19-Mar,Add Bacon,28,Breakfast,Spring 2025,Unimodal
19-Mar,Two Eggs,14,Breakfast,Spring 2025,Unimodal
19-Mar,Pancake Single,4,Breakfast,Spring 2025,Unimodal
19-Mar,Trillium Home Fries,1,Breakfast,Spring 2025,Unimodal
19-Mar,2 Slices Toast,1,Breakfast,Spring 2025,Unimodal
19-Mar,Burrito Bowl BYO,102,Mexican,Spring 2025,Unimodal
19-Mar,Side Guacamole,1,Mexican,Spring 2025,Unimodal
19-Mar,Side Sour Cream,2,Mexican,Spring 2025,Unimodal
19-Mar,Side Salsa,1,Mexican,Spring 2025,Unimodal
19-Mar,Salad by the Pound,67,Salad Bar,Spring 2025,Unimodal
19-Mar,Add Extra Protein $3.99,1,Salad Bar,Spring 2025,Unimodal
19-Mar,LTO Spicy Chicken Sandwich,39,Grab N Go,Spring 2025,Unimodal
19-Mar,Egg Cheese Sausage Breakfast Sandwich,23,Grab N Go,Spring 2025,Unimodal
19-Mar,Egg Cheese Bacon Breakfast Sandwich,13,Grab N Go,Spring 2025,Unimodal
19-Mar,Soup 12 oz,41,Soup,Spring 2025,Unimodal
19-Mar,8 oz Soup,44,Soup,Spring 2025,Unimodal
20-Mar,Quesadilla Deluxe Trillium,180,Grill,Spring 2025,Unimodal
20-Mar,Grilled Hamburger,103,Grill,Spring 2025,Unimodal
20-Mar,Burrito Una Mano Trillium BYO,65,Grill,Spring 2025,Unimodal
20-Mar,Fried Chicken Tenders,77,Grill,Spring 2025,Unimodal
20-Mar,French Fries,109,Grill,Spring 2025,Unimodal
20-Mar,Quesadilla Cheese,24,Grill,Spring 2025,Unimodal
20-Mar,Grilled Chicken Breast Sandwich,18,Grill,Spring 2025,Unimodal
20-Mar,Trillium Grill Impossible Burger,12,Grill,Spring 2025,Unimodal
20-Mar,Sweet Potato Fries,23,Grill,Spring 2025,Unimodal
20-Mar,Side Potato Tots,22,Grill,Spring 2025,Unimodal
20-Mar,ADD Beef Patty,14,Grill,Spring 2025,Unimodal
20-Mar,Seared Salmon Burger,6,Grill,Spring 2025,Unimodal
20-Mar,Black Bean Burger,3,Grill,Spring 2025,Unimodal
20-Mar,Add Sausage 2 Patty,5,Grill,Spring 2025,Unimodal
20-Mar,ADD Chicken Breast,1,Grill,Spring 2025,Unimodal
20-Mar,Add Egg $.99,4,Grill,Spring 2025,Unimodal
20-Mar,ADD Cheese,5,Grill,Spring 2025,Unimodal
20-Mar,1 Entree + 1 Side,191,Asian,Spring 2025,Unimodal
20-Mar,1 Entree + 2 Side,72,Asian,Spring 2025,Unimodal
20-Mar,Bowl Ramen Chicken,59,Asian,Spring 2025,Unimodal
20-Mar,2 Entrees + 2 Sides,25,Asian,Spring 2025,Unimodal
20-Mar,Bowl Ramen Tofu,27,Asian,Spring 2025,Unimodal
20-Mar,1 Wok Entree,15,Asian,Spring 2025,Unimodal
20-Mar,Side Vegetarian Lo Mein,5,Asian,Spring 2025,Unimodal
20-Mar,Side Vegetable Spring Rolls,2,Asian,Spring 2025,Unimodal
20-Mar,Side White or Brown Rice,2,Asian,Spring 2025,Unimodal
20-Mar,Side Vegetables,1,Asian,Spring 2025,Unimodal
20-Mar,Create Your Pasta Bowl MEAT,98,Italian,Spring 2025,Unimodal
20-Mar,Create Your Pasta Bowl VEG,28,Italian,Spring 2025,Unimodal
20-Mar,Pizza with Toppings,32,Italian,Spring 2025,Unimodal
20-Mar,Pizza Cheese,16,Italian,Spring 2025,Unimodal
20-Mar,Add Extra Meat,20,Italian,Spring 2025,Unimodal
20-Mar,Side Bread Pasta Station,4,Italian,Spring 2025,Unimodal
20-Mar,Burrito Breakfast,90,Breakfast,Spring 2025,Unimodal
20-Mar,Small French Omelet,50,Breakfast,Spring 2025,Unimodal
20-Mar,Grand Slam Breakfast,11,Breakfast,Spring 2025,Unimodal
20-Mar,Add Bacon,40,Breakfast,Spring 2025,Unimodal
20-Mar,Two Eggs,17,Breakfast,Spring 2025,Unimodal
20-Mar,Trillium Home Fries,1,Breakfast,Spring 2025,Unimodal
20-Mar,Pancake Single,1,Breakfast,Spring 2025,Unimodal
20-Mar,2 Slices Toast,2,Breakfast,Spring 2025,Unimodal
20-Mar,Burrito Bowl BYO,107,Mexican,Spring 2025,Unimodal
20-Mar,Single Taco,9,Mexican,Spring 2025,Unimodal
20-Mar,Side Guacamole,9,Mexican,Spring 2025,Unimodal
20-Mar,Add Extra Toppings Una Mano,4,Mexican,Spring 2025,Unimodal
20-Mar,Side Sour Cream,2,Mexican,Spring 2025,Unimodal
20-Mar,Side Salsa,1,Mexican,Spring 2025,Unimodal
20-Mar,LTO Meatball Sub,22,Grab N Go,Spring 2025,Unimodal
20-Mar,LTO Spicy Chicken Sandwich,18,Grab N Go,Spring 2025,Unimodal
20-Mar,Egg Cheese Sausage Breakfast Sandwich,23,Grab N Go,Spring 2025,Unimodal
20-Mar,Egg Cheese Bacon Breakfast Sandwich,18,Grab N Go,Spring 2025,Unimodal
20-Mar,Salad by the Pound,55,Salad Bar,Spring 2025,Unimodal
20-Mar,Add Extra Protein $3.99,1,Salad Bar,Spring 2025,Unimodal
20-Mar,Soup 12 oz,58,Soup,Spring 2025,Unimodal
20-Mar,8 oz Soup,20,Soup,Spring 2025,Unimodal
21-Mar,Quesadilla Deluxe Trillium,136,Grill,Spring 2025,Unimodal
21-Mar,Grilled Hamburger,85,Grill,Spring 2025,Unimodal
21-Mar,Burrito Una Mano Trillium BYO,46,Grill,Spring 2025,Unimodal
21-Mar,Fried Chicken Tenders,55,Grill,Spring 2025,Unimodal
21-Mar,French Fries,80,Grill,Spring 2025,Unimodal
21-Mar,Sweet Potato Fries,31,Grill,Spring 2025,Unimodal
21-Mar,Quesadilla Cheese,10,Grill,Spring 2025,Unimodal
21-Mar,Grilled Chicken Breast Sandwich,9,Grill,Spring 2025,Unimodal
21-Mar,Seared Salmon Burger,7,Grill,Spring 2025,Unimodal
21-Mar,Trillium Grill Impossible Burger,5,Grill,Spring 2025,Unimodal
21-Mar,Side Potato Tots,12,Grill,Spring 2025,Unimodal
21-Mar,ADD Beef Patty,6,Grill,Spring 2025,Unimodal
21-Mar,Black Bean Burger,1,Grill,Spring 2025,Unimodal
21-Mar,ADD Chicken Breast,1,Grill,Spring 2025,Unimodal
21-Mar,Add Sausage 2 Patty,1,Grill,Spring 2025,Unimodal
21-Mar,ADD Cheese,1,Grill,Spring 2025,Unimodal
21-Mar,1 Entree + 1 Side,109,Asian,Spring 2025,Unimodal
21-Mar,1 Entree + 2 Side,49,Asian,Spring 2025,Unimodal
21-Mar,Bowl Ramen Chicken,40,Asian,Spring 2025,Unimodal
21-Mar,2 Entrees + 2 Sides,19,Asian,Spring 2025,Unimodal
21-Mar,Bowl Ramen Tofu,10,Asian,Spring 2025,Unimodal
21-Mar,1 Wok Entree,2,Asian,Spring 2025,Unimodal
21-Mar,Side Vegetarian Lo Mein,3,Asian,Spring 2025,Unimodal
21-Mar,Side White or Brown Rice,5,Asian,Spring 2025,Unimodal
21-Mar,Side Fried Spring Roll,1,Asian,Spring 2025,Unimodal
21-Mar,Side Vegetables,1,Asian,Spring 2025,Unimodal
21-Mar,Create Your Pasta Bowl MEAT,69,Italian,Spring 2025,Unimodal
21-Mar,Create Your Pasta Bowl VEG,18,Italian,Spring 2025,Unimodal
21-Mar,Pizza with Toppings,22,Italian,Spring 2025,Unimodal
21-Mar,Pizza Cheese,17,Italian,Spring 2025,Unimodal
21-Mar,Add Extra Meat,15,Italian,Spring 2025,Unimodal
21-Mar,Burrito Breakfast,59,Breakfast,Spring 2025,Unimodal
21-Mar,Small French Omelet,46,Breakfast,Spring 2025,Unimodal
21-Mar,Grand Slam Breakfast,12,Breakfast,Spring 2025,Unimodal
21-Mar,Add Bacon,21,Breakfast,Spring 2025,Unimodal
21-Mar,Two Eggs,7,Breakfast,Spring 2025,Unimodal
21-Mar,Pancake Single,4,Breakfast,Spring 2025,Unimodal
21-Mar,2 Slices Toast,1,Breakfast,Spring 2025,Unimodal
21-Mar,Toast,1,Breakfast,Spring 2025,Unimodal
21-Mar,PC Jelly,1,Breakfast,Spring 2025,Unimodal
21-Mar,Burrito Bowl BYO,59,Mexican,Spring 2025,Unimodal
21-Mar,Single Taco,2,Mexican,Spring 2025,Unimodal
21-Mar,Side Guacamole,2,Mexican,Spring 2025,Unimodal
21-Mar,Side Salsa,1,Mexican,Spring 2025,Unimodal
21-Mar,LTO Spicy Chicken Sandwich,23,Grab N Go,Spring 2025,Unimodal
21-Mar,Egg Cheese Sausage Breakfast Sandwich,21,Grab N Go,Spring 2025,Unimodal
21-Mar,Egg Cheese Bacon Breakfast Sandwich,13,Grab N Go,Spring 2025,Unimodal
21-Mar,Soup 12 oz,37,Soup,Spring 2025,Unimodal
21-Mar,8 oz Soup,31,Soup,Spring 2025,Unimodal
21-Mar,Salad by the Pound,31,Salad Bar,Spring 2025,Unimodal
21-Mar,Add Extra Protein $3.99,3,Salad Bar,Spring 2025,Unimodal
24-Mar,Quesadilla Deluxe Trillium,160,Grill,Spring 2025,Control
24-Mar,Grilled Hamburger,81,Grill,Spring 2025,Control
24-Mar,Burrito Una Mano Trillium BYO,69,Grill,Spring 2025,Control
24-Mar,Fried Chicken Tenders,66,Grill,Spring 2025,Control
24-Mar,French Fries,98,Grill,Spring 2025,Control
24-Mar,Grilled Chicken Breast Sandwich,23,Grill,Spring 2025,Control
24-Mar,Trillium Grill Impossible Burger,13,Grill,Spring 2025,Control
24-Mar,Quesadilla Cheese,16,Grill,Spring 2025,Control
24-Mar,Seared Salmon Burger,15,Grill,Spring 2025,Control
24-Mar,Sweet Potato Fries,25,Grill,Spring 2025,Control
24-Mar,ADD Beef Patty,10,Grill,Spring 2025,Control
24-Mar,Side Potato Tots,6,Grill,Spring 2025,Control
24-Mar,Black Bean Burger,2,Grill,Spring 2025,Control
24-Mar,ADD Chicken Breast,3,Grill,Spring 2025,Control
24-Mar,Add Sausage 2 Patty,5,Grill,Spring 2025,Control
24-Mar,Add Egg $.99,2,Grill,Spring 2025,Control
24-Mar,ADD Cheese,1,Grill,Spring 2025,Control
24-Mar,1 Entree + 1 Side,196,Asian,Spring 2025,Control
24-Mar,1 Entree + 2 Side,62,Asian,Spring 2025,Control
24-Mar,Bowl Ramen Chicken,54,Asian,Spring 2025,Control
24-Mar,2 Entrees + 2 Sides,25,Asian,Spring 2025,Control
24-Mar,Bowl Ramen Tofu,13,Asian,Spring 2025,Control
24-Mar,1 Wok Entree,8,Asian,Spring 2025,Control
24-Mar,Side Vegetarian Lo Mein,9,Asian,Spring 2025,Control
24-Mar,Side White or Brown Rice,8,Asian,Spring 2025,Control
24-Mar,Side Vegetable Spring Rolls,2,Asian,Spring 2025,Control
24-Mar,Create Your Pasta Bowl MEAT,87,Italian,Spring 2025,Control
24-Mar,Pizza with Toppings,36,Italian,Spring 2025,Control
24-Mar,Create Your Pasta Bowl VEG,21,Italian,Spring 2025,Control
24-Mar,Pizza Cheese,16,Italian,Spring 2025,Control
24-Mar,Add Extra Meat,24,Italian,Spring 2025,Control
24-Mar,Burrito Breakfast,93,Breakfast,Spring 2025,Control
24-Mar,Small French Omelet,51,Breakfast,Spring 2025,Control
24-Mar,Grand Slam Breakfast,10,Breakfast,Spring 2025,Control
24-Mar,Add Bacon,19,Breakfast,Spring 2025,Control
24-Mar,Two Eggs,10,Breakfast,Spring 2025,Control
24-Mar,Trillium Home Fries,6,Breakfast,Spring 2025,Control
24-Mar,Pancake Single,3,Breakfast,Spring 2025,Control
24-Mar,2 Slices Toast,2,Breakfast,Spring 2025,Control
24-Mar,PC Jelly,2,Breakfast,Spring 2025,Control
24-Mar,Toast,1,Breakfast,Spring 2025,Control
24-Mar,Burrito Bowl BYO,104,Mexican,Spring 2025,Control
24-Mar,Single Taco,2,Mexican,Spring 2025,Control
24-Mar,Side Guacamole,3,Mexican,Spring 2025,Control
24-Mar,Side Sour Cream,4,Mexican,Spring 2025,Control
24-Mar,Side Salsa,1,Mexican,Spring 2025,Control
24-Mar,Salad by the Pound,57,Salad Bar,Spring 2025,Control
24-Mar,Add Extra Protein $3.99,1,Salad Bar,Spring 2025,Control
24-Mar,Soup 12 oz,44,Soup,Spring 2025,Control
24-Mar,8 oz Soup,46,Soup,Spring 2025,Control
24-Mar,LTO Spicy Chicken Sandwich,26,Grab N Go,Spring 2025,Control
24-Mar,Egg Cheese Bacon Breakfast Sandwich,23,Grab N Go,Spring 2025,Control
24-Mar,Egg Cheese Sausage Breakfast Sandwich,21,Grab N Go,Spring 2025,Control
25-Mar,Quesadilla Deluxe Trillium,185,Grill,Spring 2025,Control
25-Mar,Grilled Hamburger,122,Grill,Spring 2025,Control
25-Mar,Fried Chicken Tenders,107,Grill,Spring 2025,Control
25-Mar,Burrito Una Mano Trillium BYO,68,Grill,Spring 2025,Control
25-Mar,French Fries,135,Grill,Spring 2025,Control
25-Mar,Quesadilla Cheese,18,Grill,Spring 2025,Control
25-Mar,Grilled Chicken Breast Sandwich,15,Grill,Spring 2025,Control
25-Mar,Sweet Potato Fries,31,Grill,Spring 2025,Control
25-Mar,Seared Salmon Burger,8,Grill,Spring 2025,Control
25-Mar,Trillium Grill Impossible Burger,6,Grill,Spring 2025,Control
25-Mar,Black Bean Burger,5,Grill,Spring 2025,Control
25-Mar,ADD Beef Patty,9,Grill,Spring 2025,Control
25-Mar,Side Potato Tots,9,Grill,Spring 2025,Control
25-Mar,ADD Chicken Breast,2,Grill,Spring 2025,Control
25-Mar,Add Egg $.99,7,Grill,Spring 2025,Control
25-Mar,Add Sausage 2 Patty,3,Grill,Spring 2025,Control
25-Mar,1 Entree + 1 Side,199,Asian,Spring 2025,Control
25-Mar,Bowl Ramen Chicken,85,Asian,Spring 2025,Control
25-Mar,1 Entree + 2 Side,74,Asian,Spring 2025,Control
25-Mar,2 Entrees + 2 Sides,38,Asian,Spring 2025,Control
25-Mar,Bowl Ramen Tofu,19,Asian,Spring 2025,Control
25-Mar,Side Vegetarian Lo Mein,10,Asian,Spring 2025,Control
25-Mar,Side White or Brown Rice,8,Asian,Spring 2025,Control
25-Mar,Side Fried Spring Roll,4,Asian,Spring 2025,Control
25-Mar,1 Wok Entree,2,Asian,Spring 2025,Control
25-Mar,Side Vegetable Spring Rolls,3,Asian,Spring 2025,Control
25-Mar,Bowl Ramen Pork,1,Asian,Spring 2025,Control
25-Mar,Side Vegetables,1,Asian,Spring 2025,Control
25-Mar,Side Vegetarian Fried Rice with,1,Asian,Spring 2025,Control
25-Mar,Burrito Breakfast,101,Breakfast,Spring 2025,Control
25-Mar,Small French Omelet,59,Breakfast,Spring 2025,Control
25-Mar,Grand Slam Breakfast,13,Breakfast,Spring 2025,Control
25-Mar,Add Bacon,37,Breakfast,Spring 2025,Control
25-Mar,Two Eggs,14,Breakfast,Spring 2025,Control
25-Mar,Trillium Home Fries,2,Breakfast,Spring 2025,Control
25-Mar,Pancake Single,2,Breakfast,Spring 2025,Control
25-Mar,2 Slices Toast,2,Breakfast,Spring 2025,Control
25-Mar,PC Peanut Butter,2,Breakfast,Spring 2025,Control
25-Mar,PC Jelly,1,Breakfast,Spring 2025,Control
25-Mar,Create Your Pasta Bowl MEAT,94,Italian,Spring 2025,Control
25-Mar,Create Your Pasta Bowl VEG,24,Italian,Spring 2025,Control
25-Mar,Pizza with Toppings,25,Italian,Spring 2025,Control
25-Mar,Pizza Cheese,21,Italian,Spring 2025,Control
25-Mar,Add Extra Meat,21,Italian,Spring 2025,Control
25-Mar,Side Bread Pasta Station,3,Italian,Spring 2025,Control
25-Mar,Burrito Bowl BYO,121,Mexican,Spring 2025,Control
25-Mar,Single Taco,10,Mexican,Spring 2025,Control
25-Mar,Side Guacamole,3,Mexican,Spring 2025,Control
25-Mar,Side Salsa,2,Mexican,Spring 2025,Control
25-Mar,Side Sour Cream,2,Mexican,Spring 2025,Control
25-Mar,Add Extra Toppings Una Mano,1,Mexican,Spring 2025,Control
25-Mar,LTO Spicy Chicken Sandwich,27,Grab N Go,Spring 2025,Control
25-Mar,LTO Meatball Sub,16,Grab N Go,Spring 2025,Control
25-Mar,Egg Cheese Sausage Breakfast Sandwich,22,Grab N Go,Spring 2025,Control
25-Mar,Egg Cheese Bacon Breakfast Sandwich,21,Grab N Go,Spring 2025,Control
25-Mar,Salad by the Pound,46,Salad Bar,Spring 2025,Control
25-Mar,Add Extra Protein $3.99,1,Salad Bar,Spring 2025,Control
25-Mar,Soup 12 oz,47,Soup,Spring 2025,Control
25-Mar,8 oz Soup,43,Soup,Spring 2025,Control
26-Mar,Quesadilla Deluxe Trillium,181,Grill,Spring 2025,Control
26-Mar,Grilled Hamburger,108,Grill,Spring 2025,Control
26-Mar,Fried Chicken Tenders,72,Grill,Spring 2025,Control
26-Mar,Burrito Una Mano Trillium BYO,56,Grill,Spring 2025,Control
26-Mar,French Fries,119,Grill,Spring 2025,Control
26-Mar,Grilled Chicken Breast Sandwich,19,Grill,Spring 2025,Control
26-Mar,Quesadilla Cheese,14,Grill,Spring 2025,Control
26-Mar,Sweet Potato Fries,36,Grill,Spring 2025,Control
26-Mar,Black Bean Burger,7,Grill,Spring 2025,Control
26-Mar,Trillium Grill Impossible Burger,5,Grill,Spring 2025,Control
26-Mar,Seared Salmon Burger,6,Grill,Spring 2025,Control
26-Mar,ADD Beef Patty,12,Grill,Spring 2025,Control
26-Mar,Side Potato Tots,10,Grill,Spring 2025,Control
26-Mar,ADD Chicken Breast,3,Grill,Spring 2025,Control
26-Mar,Add Egg $.99,9,Grill,Spring 2025,Control
26-Mar,Add Sausage 2 Patty,3,Grill,Spring 2025,Control
26-Mar,ADD Cheese,2,Grill,Spring 2025,Control
26-Mar,1 Entree + 1 Side,167,Asian,Spring 2025,Control
26-Mar,1 Entree + 2 Side,74,Asian,Spring 2025,Control
26-Mar,Bowl Ramen Chicken,52,Asian,Spring 2025,Control
26-Mar,2 Entrees + 2 Sides,16,Asian,Spring 2025,Control
26-Mar,Bowl Ramen Tofu,16,Asian,Spring 2025,Control
26-Mar,1 Wok Entree,14,Asian,Spring 2025,Control
26-Mar,Side Vegetarian Lo Mein,7,Asian,Spring 2025,Control
26-Mar,Side Vegetable Spring Rolls,6,Asian,Spring 2025,Control
26-Mar,Side White or Brown Rice,10,Asian,Spring 2025,Control
26-Mar,Side Vegetables,2,Asian,Spring 2025,Control
26-Mar,Side Vegetarian Fried Rice with,1,Asian,Spring 2025,Control
26-Mar,Create Your Pasta Bowl MEAT,103,Italian,Spring 2025,Control
26-Mar,Pizza with Toppings,31,Italian,Spring 2025,Control
26-Mar,Create Your Pasta Bowl VEG,20,Italian,Spring 2025,Control
26-Mar,Add Extra Meat,32,Italian,Spring 2025,Control
26-Mar,Pizza Cheese,14,Italian,Spring 2025,Control
26-Mar,Side Bread Pasta Station,1,Italian,Spring 2025,Control
26-Mar,Burrito Breakfast,85,Breakfast,Spring 2025,Control
26-Mar,Small French Omelet,61,Breakfast,Spring 2025,Control
26-Mar,Grand Slam Breakfast,11,Breakfast,Spring 2025,Control
26-Mar,Add Bacon,28,Breakfast,Spring 2025,Control
26-Mar,Two Eggs,18,Breakfast,Spring 2025,Control
26-Mar,Trillium Home Fries,2,Breakfast,Spring 2025,Control
26-Mar,Pancake Single,2,Breakfast,Spring 2025,Control
26-Mar,2 Slices Toast,2,Breakfast,Spring 2025,Control
26-Mar,PC Jelly,2,Breakfast,Spring 2025,Control
26-Mar,Toast,1,Breakfast,Spring 2025,Control
26-Mar,Burrito Bowl BYO,116,Mexican,Spring 2025,Control
26-Mar,Side Guacamole,1,Mexican,Spring 2025,Control
26-Mar,Side Salsa,1,Mexican,Spring 2025,Control
26-Mar,Soup 12 oz,49,Soup,Spring 2025,Control
26-Mar,8 oz Soup,41,Soup,Spring 2025,Control
26-Mar,LTO Spicy Chicken Sandwich,26,Grab N Go,Spring 2025,Control
26-Mar,Egg Cheese Bacon Breakfast Sandwich,22,Grab N Go,Spring 2025,Control
26-Mar,Egg Cheese Sausage Breakfast Sandwich,22,Grab N Go,Spring 2025,Control
26-Mar,Salad by the Pound,39,Salad Bar,Spring 2025,Control
26-Mar,Add Extra Protein $3.99,2,Salad Bar,Spring 2025,Control
27-Mar,Quesadilla Deluxe Trillium,166,Grill,Spring 2025,Control
27-Mar,Grilled Hamburger,99,Grill,Spring 2025,Control
27-Mar,Fried Chicken Tenders,85,Grill,Spring 2025,Control
27-Mar,Burrito Una Mano Trillium BYO,65,Grill,Spring 2025,Control
27-Mar,French Fries,130,Grill,Spring 2025,Control
27-Mar,Quesadilla Cheese,25,Grill,Spring 2025,Control
27-Mar,Sweet Potato Fries,33,Grill,Spring 2025,Control
27-Mar,Grilled Chicken Breast Sandwich,10,Grill,Spring 2025,Control
27-Mar,Seared Salmon Burger,10,Grill,Spring 2025,Control
27-Mar,Trillium Grill Impossible Burger,7,Grill,Spring 2025,Control
27-Mar,ADD Beef Patty,13,Grill,Spring 2025,Control
27-Mar,Side Potato Tots,16,Grill,Spring 2025,Control
27-Mar,Black Bean Burger,1,Grill,Spring 2025,Control
27-Mar,Add Sausage 2 Patty,3,Grill,Spring 2025,Control
27-Mar,ADD Chicken Breast,1,Grill,Spring 2025,Control
27-Mar,Add Egg $.99,3,Grill,Spring 2025,Control
27-Mar,ADD Cheese,1,Grill,Spring 2025,Control
27-Mar,1 Entree + 1 Side,167,Asian,Spring 2025,Control
27-Mar,1 Entree + 2 Side,74,Asian,Spring 2025,Control
27-Mar,Bowl Ramen Chicken,61,Asian,Spring 2025,Control
27-Mar,2 Entrees + 2 Sides,25,Asian,Spring 2025,Control
27-Mar,Bowl Ramen Tofu,20,Asian,Spring 2025,Control
27-Mar,Side Vegetarian Lo Mein,10,Asian,Spring 2025,Control
27-Mar,1 Wok Entree,5,Asian,Spring 2025,Control
27-Mar,Side Fried Spring Roll,4,Asian,Spring 2025,Control
27-Mar,Side White or Brown Rice,5,Asian,Spring 2025,Control
27-Mar,Side Vegetables,2,Asian,Spring 2025,Control
27-Mar,Side Vegetable Spring Rolls,2,Asian,Spring 2025,Control
27-Mar,Burrito Breakfast,95,Breakfast,Spring 2025,Control
27-Mar,Small French Omelet,52,Breakfast,Spring 2025,Control
27-Mar,Grand Slam Breakfast,17,Breakfast,Spring 2025,Control
27-Mar,Add Bacon,31,Breakfast,Spring 2025,Control
27-Mar,Two Eggs,15,Breakfast,Spring 2025,Control
27-Mar,Trillium Home Fries,4,Breakfast,Spring 2025,Control
27-Mar,Pancake Single,1,Breakfast,Spring 2025,Control
27-Mar,2 Slices Toast,2,Breakfast,Spring 2025,Control
27-Mar,PC Peanut Butter,1,Breakfast,Spring 2025,Control
27-Mar,Create Your Pasta Bowl MEAT,74,Italian,Spring 2025,Control
27-Mar,Create Your Pasta Bowl VEG,27,Italian,Spring 2025,Control
27-Mar,Pizza with Toppings,32,Italian,Spring 2025,Control
27-Mar,Pizza Cheese,16,Italian,Spring 2025,Control
27-Mar,Add Extra Meat,22,Italian,Spring 2025,Control
27-Mar,Side Bread Pasta Station,1,Italian,Spring 2025,Control
27-Mar,Burrito Bowl BYO,84,Mexican,Spring 2025,Control
27-Mar,Single Taco,2,Mexican,Spring 2025,Control
27-Mar,Side Guacamole,4,Mexican,Spring 2025,Control
27-Mar,Side Salsa,3,Mexican,Spring 2025,Control
27-Mar,Side Sour Cream,2,Mexican,Spring 2025,Control
27-Mar,LTO Spicy Chicken Sandwich,30,Grab N Go,Spring 2025,Control
27-Mar,Egg Cheese Bacon Breakfast Sandwich,13,Grab N Go,Spring 2025,Control
27-Mar,LTO Meatball Sub,8,Grab N Go,Spring 2025,Control
27-Mar,Egg Cheese Sausage Breakfast Sandwich,10,Grab N Go,Spring 2025,Control
27-Mar,Soup 12 oz,40,Soup,Spring 2025,Control
27-Mar,8 oz Soup,29,Soup,Spring 2025,Control
27-Mar,Salad by the Pound,39,Salad Bar,Spring 2025,Control
27-Mar,Add Extra Protein $3.99,1,Salad Bar,Spring 2025,Control
28-Mar,Quesadilla Deluxe Trillium,77,Grill,Spring 2025,Control
28-Mar,Grilled Hamburger,29,Grill,Spring 2025,Control
28-Mar,Burrito Una Mano Trillium BYO,26,Grill,Spring 2025,Control
28-Mar,Fried Chicken Tenders,24,Grill,Spring 2025,Control
28-Mar,French Fries,52,Grill,Spring 2025,Control
28-Mar,Quesadilla Cheese,13,Grill,Spring 2025,Control
28-Mar,Grilled Chicken Breast Sandwich,8,Grill,Spring 2025,Control
28-Mar,Black Bean Burger,5,Grill,Spring 2025,Control
28-Mar,Seared Salmon Burger,5,Grill,Spring 2025,Control
28-Mar,Sweet Potato Fries,14,Grill,Spring 2025,Control
28-Mar,Trillium Grill Impossible Burger,3,Grill,Spring 2025,Control
28-Mar,Side Potato Tots,7,Grill,Spring 2025,Control
28-Mar,ADD Beef Patty,4,Grill,Spring 2025,Control
28-Mar,ADD Chicken Breast,3,Grill,Spring 2025,Control
28-Mar,Add Sausage 2 Patty,2,Grill,Spring 2025,Control
28-Mar,Add Egg $.99,1,Grill,Spring 2025,Control
28-Mar,1 Entree + 1 Side,62,Asian,Spring 2025,Control
28-Mar,Bowl Ramen Chicken,32,Asian,Spring 2025,Control
28-Mar,1 Entree + 2 Side,26,Asian,Spring 2025,Control
28-Mar,2 Entrees + 2 Sides,13,Asian,Spring 2025,Control
28-Mar,Bowl Ramen Tofu,6,Asian,Spring 2025,Control
28-Mar,Bowl Ramen Pork,1,Asian,Spring 2025,Control
28-Mar,Side Vegetarian Lo Mein,2,Asian,Spring 2025,Control
28-Mar,1 Wok Entree,1,Asian,Spring 2025,Control
28-Mar,Side White or Brown Rice,2,Asian,Spring 2025,Control
28-Mar,Side Fried Spring Roll,1,Asian,Spring 2025,Control
28-Mar,Burrito Breakfast,65,Breakfast,Spring 2025,Control
28-Mar,Small French Omelet,37,Breakfast,Spring 2025,Control
28-Mar,Grand Slam Breakfast,5,Breakfast,Spring 2025,Control
28-Mar,Add Bacon,11,Breakfast,Spring 2025,Control
28-Mar,Trillium Home Fries,4,Breakfast,Spring 2025,Control
28-Mar,Two Eggs,6,Breakfast,Spring 2025,Control
28-Mar,Pancake Single,4,Breakfast,Spring 2025,Control
28-Mar,2 Slices Toast,1,Breakfast,Spring 2025,Control
28-Mar,Create Your Pasta Bowl MEAT,34,Italian,Spring 2025,Control
28-Mar,Pizza with Toppings,19,Italian,Spring 2025,Control
28-Mar,Create Your Pasta Bowl VEG,10,Italian,Spring 2025,Control
28-Mar,Pizza Cheese,10,Italian,Spring 2025,Control
28-Mar,Add Extra Meat,7,Italian,Spring 2025,Control
28-Mar,Side Bread Pasta Station,2,Italian,Spring 2025,Control
28-Mar,Burrito Bowl BYO,36,Mexican,Spring 2025,Control
28-Mar,Single Taco,5,Mexican,Spring 2025,Control
28-Mar,8 oz Soup,23,Soup,Spring 2025,Control
28-Mar,Soup 12 oz,18,Soup,Spring 2025,Control
28-Mar,LTO Spicy Chicken Sandwich,12,Grab N Go,Spring 2025,Control
28-Mar,LTO Meatball Sub,10,Grab N Go,Spring 2025,Control
28-Mar,Salad by the Pound,15,Salad Bar,Spring 2025,Control
28-Mar,Add Extra Protein $3.99,4,Salad Bar,Spring 2025,Control
7-Apr,Quesadilla Deluxe Trillium,142,Grill,Spring 2025,Control
7-Apr,Grilled Hamburger,77,Grill,Spring 2025,Control
7-Apr,Fried Chicken Tenders,57,Grill,Spring 2025,Control
7-Apr,Burrito Una Mano Trillium BYO,42,Grill,Spring 2025,Control
7-Apr,French Fries,89,Grill,Spring 2025,Control
7-Apr,Quesadilla Cheese,19,Grill,Spring 2025,Control
7-Apr,Grilled Chicken Breast Sandwich,17,Grill,Spring 2025,Control
7-Apr,Sweet Potato Fries,27,Grill,Spring 2025,Control
7-Apr,ADD Beef Patty,13,Grill,Spring 2025,Control
7-Apr,Black Bean Burger,4,Grill,Spring 2025,Control
7-Apr,Seared Salmon Burger,4,Grill,Spring 2025,Control
7-Apr,Trillium Grill Impossible Burger,3,Grill,Spring 2025,Control
7-Apr,Side Potato Tots,8,Grill,Spring 2025,Control
7-Apr,ADD Chicken Breast,2,Grill,Spring 2025,Control
7-Apr,Add Sausage 2 Patty,2,Grill,Spring 2025,Control
7-Apr,Add Egg $.99,2,Grill,Spring 2025,Control
7-Apr,ADD Cheese,2,Grill,Spring 2025,Control
7-Apr,1 Entree + 1 Side,152,Asian,Spring 2025,Control
7-Apr,1 Entree + 2 Side,62,Asian,Spring 2025,Control
7-Apr,Bowl Ramen Chicken,50,Asian,Spring 2025,Control
7-Apr,2 Entrees + 2 Sides,17,Asian,Spring 2025,Control
7-Apr,Bowl Ramen Tofu,17,Asian,Spring 2025,Control
7-Apr,1 Wok Entree,6,Asian,Spring 2025,Control
7-Apr,Side Vegetarian Lo Mein,7,Asian,Spring 2025,Control
7-Apr,Side White or Brown Rice,8,Asian,Spring 2025,Control
7-Apr,Bowl Ramen Pork,1,Asian,Spring 2025,Control
7-Apr,Side Vegetable Spring Rolls,1,Asian,Spring 2025,Control
7-Apr,Create Your Pasta Bowl MEAT,93,Italian,Spring 2025,Control
7-Apr,Create Your Pasta Bowl VEG,21,Italian,Spring 2025,Control
7-Apr,Pizza with Toppings,22,Italian,Spring 2025,Control
7-Apr,Add Extra Meat,33,Italian,Spring 2025,Control
7-Apr,Pizza Cheese,16,Italian,Spring 2025,Control
7-Apr,Burrito Breakfast,93,Breakfast,Spring 2025,Control
7-Apr,Small French Omelet,47,Breakfast,Spring 2025,Control
7-Apr,Grand Slam Breakfast,12,Breakfast,Spring 2025,Control
7-Apr,Add Bacon,28,Breakfast,Spring 2025,Control
7-Apr,Two Eggs,18,Breakfast,Spring 2025,Control
7-Apr,Trillium Home Fries,7,Breakfast,Spring 2025,Control
7-Apr,2 Slices Toast,2,Breakfast,Spring 2025,Control
7-Apr,Toast,2,Breakfast,Spring 2025,Control
7-Apr,Burrito Bowl BYO,105,Mexican,Spring 2025,Control
7-Apr,Side Guacamole,5,Mexican,Spring 2025,Control
7-Apr,Single Taco,1,Mexican,Spring 2025,Control
7-Apr,Side Salsa,1,Mexican,Spring 2025,Control
7-Apr,Side Sour Cream,1,Mexican,Spring 2025,Control
7-Apr,Salad by the Pound,51,Salad Bar,Spring 2025,Control
7-Apr,Add Extra Protein $3.99,1,Salad Bar,Spring 2025,Control
7-Apr,LTO Spicy Chicken Sandwich,25,Grab N Go,Spring 2025,Control
7-Apr,Egg Cheese Sausage Breakfast Sandwich,18,Grab N Go,Spring 2025,Control
7-Apr,Egg Cheese Bacon Breakfast Sandwich,13,Grab N Go,Spring 2025,Control
7-Apr,Soup 12 oz,31,Soup,Spring 2025,Control
7-Apr,8 oz Soup,32,Soup,Spring 2025,Control
8-Apr,Quesadilla Deluxe Trillium,176,Grill,Spring 2025,Control
8-Apr,Grilled Hamburger,113,Grill,Spring 2025,Control
8-Apr,Fried Chicken Tenders,105,Grill,Spring 2025,Control
8-Apr,Burrito Una Mano Trillium BYO,70,Grill,Spring 2025,Control
8-Apr,French Fries,124,Grill,Spring 2025,Control
8-Apr,Grilled Chicken Breast Sandwich,28,Grill,Spring 2025,Control
8-Apr,Quesadilla Cheese,22,Grill,Spring 2025,Control
8-Apr,Trillium Grill Impossible Burger,13,Grill,Spring 2025,Control
8-Apr,Sweet Potato Fries,40,Grill,Spring 2025,Control
8-Apr,Seared Salmon Burger,11,Grill,Spring 2025,Control
8-Apr,ADD Beef Patty,15,Grill,Spring 2025,Control
8-Apr,Side Potato Tots,10,Grill,Spring 2025,Control
8-Apr,Black Bean Burger,2,Grill,Spring 2025,Control
8-Apr,Add Egg $.99,8,Grill,Spring 2025,Control
8-Apr,Add Sausage 2 Patty,2,Grill,Spring 2025,Control
8-Apr,ADD Chicken Breast,1,Grill,Spring 2025,Control
8-Apr,ADD Cheese,3,Grill,Spring 2025,Control
8-Apr,1 Entree + 1 Side,193,Asian,Spring 2025,Control
8-Apr,Bowl Ramen Chicken,84,Asian,Spring 2025,Control
8-Apr,1 Entree + 2 Side,62,Asian,Spring 2025,Control
8-Apr,2 Entrees + 2 Sides,45,Asian,Spring 2025,Control
8-Apr,Bowl Ramen Tofu,21,Asian,Spring 2025,Control
8-Apr,1 Wok Entree,8,Asian,Spring 2025,Control
8-Apr,Side Vegetarian Lo Mein,8,Asian,Spring 2025,Control
8-Apr,Side White or Brown Rice,7,Asian,Spring 2025,Control
8-Apr,Side Vegetable Spring Rolls,3,Asian,Spring 2025,Control
8-Apr,Side Vegetarian Fried Rice with,2,Asian,Spring 2025,Control
8-Apr,Side Vegetables,1,Asian,Spring 2025,Control
8-Apr,Burrito Breakfast,96,Breakfast,Spring 2025,Control
8-Apr,Small French Omelet,77,Breakfast,Spring 2025,Control
8-Apr,Grand Slam Breakfast,23,Breakfast,Spring 2025,Control
8-Apr,Add Bacon,34,Breakfast,Spring 2025,Control
8-Apr,Two Eggs,15,Breakfast,Spring 2025,Control
8-Apr,Trillium Home Fries,5,Breakfast,Spring 2025,Control
8-Apr,2 Slices Toast,7,Breakfast,Spring 2025,Control
8-Apr,Pancake Single,1,Breakfast,Spring 2025,Control
8-Apr,Toast,1,Breakfast,Spring 2025,Control
8-Apr,PC Butter,1,Breakfast,Spring 2025,Control
8-Apr,PC Jelly,1,Breakfast,Spring 2025,Control
8-Apr,PC Peanut Butter,1,Breakfast,Spring 2025,Control
8-Apr,Create Your Pasta Bowl MEAT,108,Italian,Spring 2025,Control
8-Apr,Create Your Pasta Bowl VEG,29,Italian,Spring 2025,Control
8-Apr,Pizza with Toppings,32,Italian,Spring 2025,Control
8-Apr,Add Extra Meat,29,Italian,Spring 2025,Control
8-Apr,Pizza Cheese,17,Italian,Spring 2025,Control
8-Apr,Side Bread Pasta Station,1,Italian,Spring 2025,Control
8-Apr,Burrito Bowl BYO,127,Mexican,Spring 2025,Control
8-Apr,Single Taco,8,Mexican,Spring 2025,Control
8-Apr,Side Guacamole,3,Mexican,Spring 2025,Control
8-Apr,Side Salsa,4,Mexican,Spring 2025,Control
8-Apr,Add Extra Toppings Una Mano,1,Mexican,Spring 2025,Control
8-Apr,LTO Spicy Chicken Sandwich,35,Grab N Go,Spring 2025,Control
8-Apr,Egg Cheese Sausage Breakfast Sandwich,28,Grab N Go,Spring 2025,Control
8-Apr,LTO Meatball Sub,14,Grab N Go,Spring 2025,Control
8-Apr,Egg Cheese Bacon Breakfast Sandwich,19,Grab N Go,Spring 2025,Control
8-Apr,Salad by the Pound,65,Salad Bar,Spring 2025,Control
8-Apr,Add Extra Protein $3.99,2,Salad Bar,Spring 2025,Control
8-Apr,Soup 12 oz,65,Soup,Spring 2025,Control
8-Apr,8 oz Soup,37,Soup,Spring 2025,Control
8-Apr,LTO Sandwich,3,Deli,Spring 2025,Control
9-Apr,Quesadilla Deluxe Trillium,181,Grill,Spring 2025,Control
9-Apr,Grilled Hamburger,89,Grill,Spring 2025,Control
9-Apr,Fried Chicken Tenders,80,Grill,Spring 2025,Control
9-Apr,Burrito Una Mano Trillium BYO,59,Grill,Spring 2025,Control
9-Apr,French Fries,117,Grill,Spring 2025,Control
9-Apr,Grilled Chicken Breast Sandwich,30,Grill,Spring 2025,Control
9-Apr,Quesadilla Cheese,20,Grill,Spring 2025,Control
9-Apr,Sweet Potato Fries,35,Grill,Spring 2025,Control
9-Apr,Seared Salmon Burger,10,Grill,Spring 2025,Control
9-Apr,Trillium Grill Impossible Burger,6,Grill,Spring 2025,Control
9-Apr,ADD Beef Patty,14,Grill,Spring 2025,Control
9-Apr,Side Potato Tots,11,Grill,Spring 2025,Control
9-Apr,ADD Chicken Breast,3,Grill,Spring 2025,Control
9-Apr,Black Bean Burger,1,Grill,Spring 2025,Control
9-Apr,Add Egg $.99,3,Grill,Spring 2025,Control
9-Apr,ADD Cheese,2,Grill,Spring 2025,Control
9-Apr,1 Entree + 1 Side,186,Asian,Spring 2025,Control
9-Apr,1 Entree + 2 Side,84,Asian,Spring 2025,Control
9-Apr,Bowl Ramen Chicken,69,Asian,Spring 2025,Control
9-Apr,2 Entrees + 2 Sides,18,Asian,Spring 2025,Control
9-Apr,Bowl Ramen Tofu,14,Asian,Spring 2025,Control
9-Apr,1 Wok Entree,17,Asian,Spring 2025,Control
9-Apr,Side Vegetarian Lo Mein,9,Asian,Spring 2025,Control
9-Apr,Side White or Brown Rice,7,Asian,Spring 2025,Control
9-Apr,Side Vegetable Spring Rolls,2,Asian,Spring 2025,Control
9-Apr,Side Fried Spring Roll,1,Asian,Spring 2025,Control
9-Apr,Side Vegetables,1,Asian,Spring 2025,Control
9-Apr,Side Vegetarian Fried Rice with,1,Asian,Spring 2025,Control
9-Apr,Create Your Pasta Bowl MEAT,125,Italian,Spring 2025,Control
9-Apr,Create Your Pasta Bowl VEG,23,Italian,Spring 2025,Control
9-Apr,Pizza with Toppings,23,Italian,Spring 2025,Control
9-Apr,Pizza Cheese,16,Italian,Spring 2025,Control
9-Apr,Add Extra Meat,23,Italian,Spring 2025,Control
9-Apr,Burrito Breakfast,87,Breakfast,Spring 2025,Control
9-Apr,Small French Omelet,65,Breakfast,Spring 2025,Control
9-Apr,Grand Slam Breakfast,14,Breakfast,Spring 2025,Control
9-Apr,Add Bacon,24,Breakfast,Spring 2025,Control
9-Apr,Two Eggs,16,Breakfast,Spring 2025,Control
9-Apr,Trillium Home Fries,6,Breakfast,Spring 2025,Control
9-Apr,Pancake Single,2,Breakfast,Spring 2025,Control
9-Apr,PC Peanut Butter,1,Breakfast,Spring 2025,Control
9-Apr,Burrito Bowl BYO,111,Mexican,Spring 2025,Control
9-Apr,Side Guacamole,6,Mexican,Spring 2025,Control
9-Apr,Side Salsa,1,Mexican,Spring 2025,Control
9-Apr,Side Sour Cream,1,Mexican,Spring 2025,Control
9-Apr,Salad by the Pound,68,Salad Bar,Spring 2025,Control
9-Apr,Add Extra Protein $3.99,2,Salad Bar,Spring 2025,Control
9-Apr,Soup 12 oz,47,Soup,Spring 2025,Control
9-Apr,8 oz Soup,51,Soup,Spring 2025,Control
9-Apr,LTO Spicy Chicken Sandwich,34,Grab N Go,Spring 2025,Control
9-Apr,Egg Cheese Sausage Breakfast Sandwich,28,Grab N Go,Spring 2025,Control
9-Apr,Egg Cheese Bacon Breakfast Sandwich,16,Grab N Go,Spring 2025,Control
10-Apr,Quesadilla Deluxe Trillium,153,Grill,Spring 2025,Control
10-Apr,Grilled Hamburger,90,Grill,Spring 2025,Control
10-Apr,Fried Chicken Tenders,104,Grill,Spring 2025,Control
10-Apr,Burrito Una Mano Trillium BYO,77,Grill,Spring 2025,Control
10-Apr,French Fries,139,Grill,Spring 2025,Control
10-Apr,Grilled Chicken Breast Sandwich,17,Grill,Spring 2025,Control
10-Apr,Sweet Potato Fries,47,Grill,Spring 2025,Control
10-Apr,Quesadilla Cheese,15,Grill,Spring 2025,Control
10-Apr,Seared Salmon Burger,10,Grill,Spring 2025,Control
10-Apr,Trillium Grill Impossible Burger,8,Grill,Spring 2025,Control
10-Apr,Black Bean Burger,6,Grill,Spring 2025,Control
10-Apr,ADD Beef Patty,6,Grill,Spring 2025,Control
10-Apr,Side Potato Tots,6,Grill,Spring 2025,Control
10-Apr,Add Sausage 2 Patty,2,Grill,Spring 2025,Control
10-Apr,ADD Chicken Breast,1,Grill,Spring 2025,Control
10-Apr,ADD Cheese,4,Grill,Spring 2025,Control
10-Apr,Add Egg $.99,2,Grill,Spring 2025,Control
10-Apr,1 Entree + 1 Side,204,Asian,Spring 2025,Control
10-Apr,Bowl Ramen Chicken,79,Asian,Spring 2025,Control
10-Apr,1 Entree + 2 Side,67,Asian,Spring 2025,Control
10-Apr,2 Entrees + 2 Sides,29,Asian,Spring 2025,Control
10-Apr,Bowl Ramen Tofu,24,Asian,Spring 2025,Control
10-Apr,Side Vegetarian Lo Mein,18,Asian,Spring 2025,Control
10-Apr,1 Wok Entree,9,Asian,Spring 2025,Control
10-Apr,Side Vegetable Spring Rolls,7,Asian,Spring 2025,Control
10-Apr,Side Vegetables,5,Asian,Spring 2025,Control
10-Apr,Side White or Brown Rice,6,Asian,Spring 2025,Control
10-Apr,Side Fried Spring Roll,3,Asian,Spring 2025,Control
10-Apr,Bowl Ramen Pork,1,Asian,Spring 2025,Control
10-Apr,Burrito Breakfast,103,Breakfast,Spring 2025,Control
10-Apr,Small French Omelet,74,Breakfast,Spring 2025,Control
10-Apr,Grand Slam Breakfast,8,Breakfast,Spring 2025,Control
10-Apr,Add Bacon,33,Breakfast,Spring 2025,Control
10-Apr,Two Eggs,20,Breakfast,Spring 2025,Control
10-Apr,Trillium Home Fries,9,Breakfast,Spring 2025,Control
10-Apr,2 Slices Toast,1,Breakfast,Spring 2025,Control
10-Apr,Create Your Pasta Bowl MEAT,96,Italian,Spring 2025,Control
10-Apr,Create Your Pasta Bowl VEG,29,Italian,Spring 2025,Control
10-Apr,Pizza with Toppings,29,Italian,Spring 2025,Control
10-Apr,Pizza Cheese,17,Italian,Spring 2025,Control
10-Apr,Add Extra Meat,19,Italian,Spring 2025,Control
10-Apr,Side Bread Pasta Station,1,Italian,Spring 2025,Control
10-Apr,Burrito Bowl BYO,105,Mexican,Spring 2025,Control
10-Apr,Single Taco,9,Mexican,Spring 2025,Control
10-Apr,Side Guacamole,5,Mexican,Spring 2025,Control
10-Apr,Side Sour Cream,6,Mexican,Spring 2025,Control
10-Apr,Side Salsa,1,Mexican,Spring 2025,Control
10-Apr,Add Extra Toppings Una Mano,1,Mexican,Spring 2025,Control
10-Apr,LTO Spicy Chicken Sandwich,23,Grab N Go,Spring 2025,Control
10-Apr,Egg Cheese Bacon Breakfast Sandwich,25,Grab N Go,Spring 2025,Control
10-Apr,Egg Cheese Sausage Breakfast Sandwich,23,Grab N Go,Spring 2025,Control
10-Apr,LTO Meatball Sub,14,Grab N Go,Spring 2025,Control
10-Apr,Soup 12 oz,62,Soup,Spring 2025,Control
10-Apr,8 oz Soup,26,Soup,Spring 2025,Control
10-Apr,Salad by the Pound,43,Salad Bar,Spring 2025,Control
10-Apr,Add Extra Protein $3.99,2,Salad Bar,Spring 2025,Control
11-Apr,Quesadilla Deluxe Trillium,129,Grill,Spring 2025,Control
11-Apr,Grilled Hamburger,72,Grill,Spring 2025,Control
11-Apr,Burrito Una Mano Trillium BYO,51,Grill,Spring 2025,Control
11-Apr,Fried Chicken Tenders,51,Grill,Spring 2025,Control
11-Apr,French Fries,85,Grill,Spring 2025,Control
11-Apr,Quesadilla Cheese,25,Grill,Spring 2025,Control
11-Apr,Trillium Grill Impossible Burger,14,Grill,Spring 2025,Control
11-Apr,Grilled Chicken Breast Sandwich,9,Grill,Spring 2025,Control
11-Apr,Seared Salmon Burger,7,Grill,Spring 2025,Control
11-Apr,Sweet Potato Fries,19,Grill,Spring 2025,Control
11-Apr,Side Potato Tots,15,Grill,Spring 2025,Control
11-Apr,Black Bean Burger,1,Grill,Spring 2025,Control
11-Apr,ADD Beef Patty,2,Grill,Spring 2025,Control
11-Apr,ADD Chicken Breast,1,Grill,Spring 2025,Control
11-Apr,Add Egg $.99,3,Grill,Spring 2025,Control
11-Apr,Add Sausage 2 Patty,1,Grill,Spring 2025,Control
11-Apr,1 Entree + 1 Side,109,Asian,Spring 2025,Control
11-Apr,Bowl Ramen Chicken,46,Asian,Spring 2025,Control
11-Apr,1 Entree + 2 Side,41,Asian,Spring 2025,Control
11-Apr,2 Entrees + 2 Sides,15,Asian,Spring 2025,Control
11-Apr,Bowl Ramen Tofu,8,Asian,Spring 2025,Control
11-Apr,1 Wok Entree,6,Asian,Spring 2025,Control
11-Apr,Side Vegetarian Lo Mein,9,Asian,Spring 2025,Control
11-Apr,Side Fried Spring Roll,2,Asian,Spring 2025,Control
11-Apr,Side Vegetable Spring Rolls,2,Asian,Spring 2025,Control
11-Apr,Side Vegetables,1,Asian,Spring 2025,Control
11-Apr,Burrito Breakfast,89,Breakfast,Spring 2025,Control
11-Apr,Small French Omelet,66,Breakfast,Spring 2025,Control
11-Apr,Grand Slam Breakfast,9,Breakfast,Spring 2025,Control
11-Apr,Add Bacon,23,Breakfast,Spring 2025,Control
11-Apr,Pancake Single,10,Breakfast,Spring 2025,Control
11-Apr,Two Eggs,11,Breakfast,Spring 2025,Control
11-Apr,Trillium Home Fries,3,Breakfast,Spring 2025,Control
11-Apr,Toast,1,Breakfast,Spring 2025,Control
11-Apr,Create Your Pasta Bowl MEAT,56,Italian,Spring 2025,Control
11-Apr,Pizza with Toppings,22,Italian,Spring 2025,Control
11-Apr,Create Your Pasta Bowl VEG,10,Italian,Spring 2025,Control
11-Apr,Pizza Cheese,9,Italian,Spring 2025,Control
11-Apr,Add Extra Meat,13,Italian,Spring 2025,Control
11-Apr,Side Bread Pasta Station,1,Italian,Spring 2025,Control
11-Apr,Burrito Bowl BYO,55,Mexican,Spring 2025,Control
11-Apr,Side Guacamole,2,Mexican,Spring 2025,Control
11-Apr,Side Salsa,1,Mexican,Spring 2025,Control
11-Apr,LTO Spicy Chicken Sandwich,22,Grab N Go,Spring 2025,Control
11-Apr,Egg Cheese Bacon Breakfast Sandwich,24,Grab N Go,Spring 2025,Control
11-Apr,Egg Cheese Sausage Breakfast Sandwich,21,Grab N Go,Spring 2025,Control
11-Apr,Salad by the Pound,32,Salad Bar,Spring 2025,Control
11-Apr,Add Extra Protein $3.99,2,Salad Bar,Spring 2025,Control
11-Apr,8 oz Soup,38,Soup,Spring 2025,Control
11-Apr,Soup 12 oz,21,Soup,Spring 2025,Control
14-Apr,Quesadilla Deluxe Trillium,183,Grill,Spring 2025,Control
14-Apr,Grilled Hamburger,79,Grill,Spring 2025,Control
14-Apr,Burrito Una Mano Trillium BYO,70,Grill,Spring 2025,Control
14-Apr,Fried Chicken Tenders,63,Grill,Spring 2025,Control
14-Apr,French Fries,95,Grill,Spring 2025,Control
14-Apr,Grilled Chicken Breast Sandwich,19,Grill,Spring 2025,Control
14-Apr,Quesadilla Cheese,19,Grill,Spring 2025,Control
14-Apr,Trillium Grill Impossible Burger,14,Grill,Spring 2025,Control
14-Apr,Seared Salmon Burger,10,Grill,Spring 2025,Control
14-Apr,Sweet Potato Fries,24,Grill,Spring 2025,Control
14-Apr,Side Potato Tots,20,Grill,Spring 2025,Control
14-Apr,ADD Beef Patty,7,Grill,Spring 2025,Control
14-Apr,Black Bean Burger,3,Grill,Spring 2025,Control
14-Apr,ADD Chicken Breast,3,Grill,Spring 2025,Control
14-Apr,ADD Burger Salmon Grilled,2,Grill,Spring 2025,Control
14-Apr,Add Impossible Burger Patty,1,Grill,Spring 2025,Control
14-Apr,Add Sausage 2 Patty,2,Grill,Spring 2025,Control
14-Apr,Add Egg $.99,4,Grill,Spring 2025,Control
14-Apr,ADD Cheese,4,Grill,Spring 2025,Control
14-Apr,1 Entree + 1 Side,197,Asian,Spring 2025,Control
14-Apr,1 Entree + 2 Side,73,Asian,Spring 2025,Control
14-Apr,Bowl Ramen Chicken,38,Asian,Spring 2025,Control
14-Apr,2 Entrees + 2 Sides,23,Asian,Spring 2025,Control
14-Apr,Bowl Ramen Tofu,27,Asian,Spring 2025,Control
14-Apr,1 Wok Entree,8,Asian,Spring 2025,Control
14-Apr,Side Vegetarian Lo Mein,6,Asian,Spring 2025,Control
14-Apr,Side White or Brown Rice,6,Asian,Spring 2025,Control
14-Apr,Side Fried Spring Roll,3,Asian,Spring 2025,Control
14-Apr,Side Vegetable Spring Rolls,2,Asian,Spring 2025,Control
14-Apr,Side Vegetarian Fried Rice with,1,Asian,Spring 2025,Control
14-Apr,Create Your Pasta Bowl MEAT,100,Italian,Spring 2025,Control
14-Apr,Create Your Pasta Bowl VEG,28,Italian,Spring 2025,Control
14-Apr,Pizza with Toppings,25,Italian,Spring 2025,Control
14-Apr,Add Extra Meat,33,Italian,Spring 2025,Control
14-Apr,Pizza Cheese,18,Italian,Spring 2025,Control
14-Apr,Side Bread Pasta Station,2,Italian,Spring 2025,Control
14-Apr,Burrito Breakfast,73,Breakfast,Spring 2025,Control
14-Apr,Small French Omelet,55,Breakfast,Spring 2025,Control
14-Apr,Grand Slam Breakfast,6,Breakfast,Spring 2025,Control
14-Apr,Add Bacon,20,Breakfast,Spring 2025,Control
14-Apr,Two Eggs,15,Breakfast,Spring 2025,Control
14-Apr,Pancake Single,3,Breakfast,Spring 2025,Control
14-Apr,Trillium Home Fries,2,Breakfast,Spring 2025,Control
14-Apr,2 Slices Toast,2,Breakfast,Spring 2025,Control
14-Apr,PC Jelly,2,Breakfast,Spring 2025,Control
14-Apr,PC Peanut Butter,1,Breakfast,Spring 2025,Control
14-Apr,Burrito Bowl BYO,103,Mexican,Spring 2025,Control
14-Apr,Single Taco,7,Mexican,Spring 2025,Control
14-Apr,Side Guacamole,5,Mexican,Spring 2025,Control
14-Apr,Side Salsa,2,Mexican,Spring 2025,Control
14-Apr,Side Sour Cream,2,Mexican,Spring 2025,Control
14-Apr,Add Extra Toppings Una Mano,1,Mexican,Spring 2025,Control
14-Apr,Salad by the Pound,54,Salad Bar,Spring 2025,Control
14-Apr,Add Extra Protein $3.99,2,Salad Bar,Spring 2025,Control
14-Apr,LTO Spicy Chicken Sandwich,25,Grab N Go,Spring 2025,Control
14-Apr,Egg Cheese Bacon Breakfast Sandwich,25,Grab N Go,Spring 2025,Control
14-Apr,Egg Cheese Sausage Breakfast Sandwich,20,Grab N Go,Spring 2025,Control
14-Apr,Soup 12 oz,36,Soup,Spring 2025,Control
14-Apr,8 oz Soup,32,Soup,Spring 2025,Control
15-Apr,Quesadilla Deluxe Trillium,194,Grill,Spring 2025,Control
15-Apr,Grilled Hamburger,101,Grill,Spring 2025,Control
15-Apr,Fried Chicken Tenders,112,Grill,Spring 2025,Control
15-Apr,Burrito Una Mano Trillium BYO,74,Grill,Spring 2025,Control
15-Apr,French Fries,122,Grill,Spring 2025,Control
15-Apr,Grilled Chicken Breast Sandwich,20,Grill,Spring 2025,Control
15-Apr,Sweet Potato Fries,47,Grill,Spring 2025,Control
15-Apr,Quesadilla Cheese,14,Grill,Spring 2025,Control
15-Apr,Seared Salmon Burger,10,Grill,Spring 2025,Control
15-Apr,Trillium Grill Impossible Burger,8,Grill,Spring 2025,Control
15-Apr,ADD Beef Patty,12,Grill,Spring 2025,Control
15-Apr,Side Potato Tots,13,Grill,Spring 2025,Control
15-Apr,Black Bean Burger,2,Grill,Spring 2025,Control
15-Apr,Add Sausage 2 Patty,4,Grill,Spring 2025,Control
15-Apr,ADD Chicken Breast,1,Grill,Spring 2025,Control
15-Apr,Add Egg $.99,1,Grill,Spring 2025,Control
15-Apr,ADD Cheese,1,Grill,Spring 2025,Control
15-Apr,1 Entree + 1 Side,220,Asian,Spring 2025,Control
15-Apr,1 Entree + 2 Side,74,Asian,Spring 2025,Control
15-Apr,Bowl Ramen Chicken,70,Asian,Spring 2025,Control
15-Apr,2 Entrees + 2 Sides,29,Asian,Spring 2025,Control
15-Apr,Bowl Ramen Tofu,28,Asian,Spring 2025,Control
15-Apr,1 Wok Entree,6,Asian,Spring 2025,Control
15-Apr,Side Vegetarian Lo Mein,7,Asian,Spring 2025,Control
15-Apr,Side White or Brown Rice,5,Asian,Spring 2025,Control
15-Apr,Bowl Ramen Pork,1,Asian,Spring 2025,Control
15-Apr,Side Fried Spring Roll,1,Asian,Spring 2025,Control
15-Apr,Side Vegetable Spring Rolls,1,Asian,Spring 2025,Control
15-Apr,Burrito Breakfast,90,Breakfast,Spring 2025,Control
15-Apr,Small French Omelet,53,Breakfast,Spring 2025,Control
15-Apr,Grand Slam Breakfast,16,Breakfast,Spring 2025,Control
15-Apr,Add Bacon,27,Breakfast,Spring 2025,Control
15-Apr,Two Eggs,14,Breakfast,Spring 2025,Control
15-Apr,Pancake Single,5,Breakfast,Spring 2025,Control
15-Apr,Trillium Home Fries,2,Breakfast,Spring 2025,Control
15-Apr,Create Your Pasta Bowl MEAT,83,Italian,Spring 2025,Control
15-Apr,Create Your Pasta Bowl VEG,23,Italian,Spring 2025,Control
15-Apr,Pizza with Toppings,22,Italian,Spring 2025,Control
15-Apr,Pizza Cheese,25,Italian,Spring 2025,Control
15-Apr,Add Extra Meat,26,Italian,Spring 2025,Control
15-Apr,Burrito Bowl BYO,115,Mexican,Spring 2025,Control
15-Apr,Side Guacamole,4,Mexican,Spring 2025,Control
15-Apr,Side Sour Cream,7,Mexican,Spring 2025,Control
15-Apr,Side Salsa,2,Mexican,Spring 2025,Control
15-Apr,Add Extra Toppings Una Mano,2,Mexican,Spring 2025,Control
15-Apr,LTO Spicy Chicken Sandwich,31,Grab N Go,Spring 2025,Control
15-Apr,LTO Meatball Sub,17,Grab N Go,Spring 2025,Control
15-Apr,Egg Cheese Bacon Breakfast Sandwich,23,Grab N Go,Spring 2025,Control
15-Apr,Egg Cheese Sausage Breakfast Sandwich,22,Grab N Go,Spring 2025,Control
15-Apr,Salad by the Pound,58,Salad Bar,Spring 2025,Control
15-Apr,Add Extra Protein $3.99,3,Salad Bar,Spring 2025,Control
15-Apr,Soup 12 oz,63,Soup,Spring 2025,Control
15-Apr,8 oz Soup,26,Soup,Spring 2025,Control
15-Apr,LTO Sandwich,1,Deli,Spring 2025,Control
16-Apr,Quesadilla Deluxe Trillium,160,Grill,Spring 2025,Control
16-Apr,Grilled Hamburger,103,Grill,Spring 2025,Control
16-Apr,Fried Chicken Tenders,79,Grill,Spring 2025,Control
16-Apr,Burrito Una Mano Trillium BYO,49,Grill,Spring 2025,Control
16-Apr,French Fries,108,Grill,Spring 2025,Control
16-Apr,Quesadilla Cheese,21,Grill,Spring 2025,Control
16-Apr,Sweet Potato Fries,37,Grill,Spring 2025,Control
16-Apr,Grilled Chicken Breast Sandwich,13,Grill,Spring 2025,Control
16-Apr,Trillium Grill Impossible Burger,9,Grill,Spring 2025,Control
16-Apr,Seared Salmon Burger,9,Grill,Spring 2025,Control
16-Apr,Side Potato Tots,13,Grill,Spring 2025,Control
16-Apr,ADD Beef Patty,8,Grill,Spring 2025,Control
16-Apr,Black Bean Burger,3,Grill,Spring 2025,Control
16-Apr,Add Impossible Burger Patty,1,Grill,Spring 2025,Control
16-Apr,Add Sausage 2 Patty,2,Grill,Spring 2025,Control
16-Apr,Add Egg $.99,3,Grill,Spring 2025,Control
16-Apr,ADD Cheese,2,Grill,Spring 2025,Control
16-Apr,1 Entree + 1 Side,151,Asian,Spring 2025,Control
16-Apr,1 Entree + 2 Side,63,Asian,Spring 2025,Control
16-Apr,Bowl Ramen Chicken,61,Asian,Spring 2025,Control
16-Apr,2 Entrees + 2 Sides,21,Asian,Spring 2025,Control
16-Apr,Bowl Ramen Tofu,13,Asian,Spring 2025,Control
16-Apr,Side Vegetarian Lo Mein,13,Asian,Spring 2025,Control
16-Apr,Side Fried Spring Roll,4,Asian,Spring 2025,Control
16-Apr,1 Wok Entree,2,Asian,Spring 2025,Control
16-Apr,Side White or Brown Rice,2,Asian,Spring 2025,Control
16-Apr,Side Vegetable Spring Rolls,1,Asian,Spring 2025,Control
16-Apr,Create Your Pasta Bowl MEAT,118,Italian,Spring 2025,Control
16-Apr,Create Your Pasta Bowl VEG,26,Italian,Spring 2025,Control
16-Apr,Pizza with Toppings,27,Italian,Spring 2025,Control
16-Apr,Add Extra Meat,33,Italian,Spring 2025,Control
16-Apr,Pizza Cheese,16,Italian,Spring 2025,Control
16-Apr,Burrito Breakfast,98,Breakfast,Spring 2025,Control
16-Apr,Small French Omelet,63,Breakfast,Spring 2025,Control
16-Apr,Grand Slam Breakfast,8,Breakfast,Spring 2025,Control
16-Apr,Add Bacon,26,Breakfast,Spring 2025,Control
16-Apr,Two Eggs,21,Breakfast,Spring 2025,Control
16-Apr,Trillium Home Fries,4,Breakfast,Spring 2025,Control
16-Apr,Pancake Single,2,Breakfast,Spring 2025,Control
16-Apr,PC Jelly,1,Breakfast,Spring 2025,Control
16-Apr,Burrito Bowl BYO,106,Mexican,Spring 2025,Control
16-Apr,Single Taco,3,Mexican,Spring 2025,Control
16-Apr,Side Guacamole,1,Mexican,Spring 2025,Control
16-Apr,Soup 12 oz,73,Soup,Spring 2025,Control
16-Apr,8 oz Soup,47,Soup,Spring 2025,Control
16-Apr,Salad by the Pound,49,Salad Bar,Spring 2025,Control
16-Apr,LTO Spicy Chicken Sandwich,22,Grab N Go,Spring 2025,Control
16-Apr,Egg Cheese Bacon Breakfast Sandwich,21,Grab N Go,Spring 2025,Control
16-Apr,Egg Cheese Sausage Breakfast Sandwich,21,Grab N Go,Spring 2025,Control
16-Apr,LTO Sandwich,12,Deli,Spring 2025,Control
17-Apr,Quesadilla Deluxe Trillium,172,Grill,Spring 2025,Control
17-Apr,Grilled Hamburger,113,Grill,Spring 2025,Control
17-Apr,Fried Chicken Tenders,121,Grill,Spring 2025,Control
17-Apr,Burrito Una Mano Trillium BYO,72,Grill,Spring 2025,Control
17-Apr,French Fries,151,Grill,Spring 2025,Control
17-Apr,Sweet Potato Fries,46,Grill,Spring 2025,Control
17-Apr,Trillium Grill Impossible Burger,13,Grill,Spring 2025,Control
17-Apr,Grilled Chicken Breast Sandwich,16,Grill,Spring 2025,Control
17-Apr,Quesadilla Cheese,13,Grill,Spring 2025,Control
17-Apr,Side Potato Tots,21,Grill,Spring 2025,Control
17-Apr,ADD Beef Patty,14,Grill,Spring 2025,Control
17-Apr,Seared Salmon Burger,5,Grill,Spring 2025,Control
17-Apr,Black Bean Burger,2,Grill,Spring 2025,Control
17-Apr,ADD Chicken Breast,1,Grill,Spring 2025,Control
17-Apr,Add Sausage 2 Patty,1,Grill,Spring 2025,Control
17-Apr,Add Egg $.99,2,Grill,Spring 2025,Control
17-Apr,ADD Cheese,3,Grill,Spring 2025,Control
17-Apr,1 Entree + 1 Side,188,Asian,Spring 2025,Control
17-Apr,1 Entree + 2 Side,72,Asian,Spring 2025,Control
17-Apr,Bowl Ramen Chicken,58,Asian,Spring 2025,Control
17-Apr,2 Entrees + 2 Sides,29,Asian,Spring 2025,Control
17-Apr,Bowl Ramen Tofu,24,Asian,Spring 2025,Control
17-Apr,1 Wok Entree,10,Asian,Spring 2025,Control
17-Apr,Side Vegetarian Lo Mein,4,Asian,Spring 2025,Control
17-Apr,Side White or Brown Rice,7,Asian,Spring 2025,Control
17-Apr,Side Vegetable Spring Rolls,3,Asian,Spring 2025,Control
17-Apr,Side Fried Spring Roll,2,Asian,Spring 2025,Control
17-Apr,Side Vegetarian Fried Rice with,2,Asian,Spring 2025,Control
17-Apr,Create Your Pasta Bowl MEAT,85,Italian,Spring 2025,Control
17-Apr,Create Your Pasta Bowl VEG,27,Italian,Spring 2025,Control
17-Apr,Pizza with Toppings,30,Italian,Spring 2025,Control
17-Apr,Pizza Cheese,19,Italian,Spring 2025,Control
17-Apr,Add Extra Meat,22,Italian,Spring 2025,Control
17-Apr,Burrito Breakfast,83,Breakfast,Spring 2025,Control
17-Apr,Small French Omelet,60,Breakfast,Spring 2025,Control
17-Apr,Grand Slam Breakfast,8,Breakfast,Spring 2025,Control
17-Apr,Add Bacon,20,Breakfast,Spring 2025,Control
17-Apr,Two Eggs,19,Breakfast,Spring 2025,Control
17-Apr,Trillium Home Fries,3,Breakfast,Spring 2025,Control
17-Apr,Pancake Single,2,Breakfast,Spring 2025,Control
17-Apr,2 Slices Toast,2,Breakfast,Spring 2025,Control
17-Apr,Toast,1,Breakfast,Spring 2025,Control
17-Apr,Burrito Bowl BYO,126,Mexican,Spring 2025,Control
17-Apr,Single Taco,2,Mexican,Spring 2025,Control
17-Apr,Side Guacamole,2,Mexican,Spring 2025,Control
17-Apr,Side Sour Cream,1,Mexican,Spring 2025,Control
17-Apr,LTO Spicy Chicken Sandwich,28,Grab N Go,Spring 2025,Control
17-Apr,LTO Meatball Sub,16,Grab N Go,Spring 2025,Control
17-Apr,Egg Cheese Sausage Breakfast Sandwich,23,Grab N Go,Spring 2025,Control
17-Apr,Egg Cheese Bacon Breakfast Sandwich,21,Grab N Go,Spring 2025,Control
17-Apr,Salad by the Pound,54,Salad Bar,Spring 2025,Control
17-Apr,Add Extra Protein $3.99,3,Salad Bar,Spring 2025,Control
17-Apr,Soup 12 oz,63,Soup,Spring 2025,Control
17-Apr,8 oz Soup,27,Soup,Spring 2025,Control
18-Apr,Quesadilla Deluxe Trillium,105,Grill,Spring 2025,Control
18-Apr,Grilled Hamburger,76,Grill,Spring 2025,Control
18-Apr,Burrito Una Mano Trillium BYO,45,Grill,Spring 2025,Control
18-Apr,Fried Chicken Tenders,54,Grill,Spring 2025,Control
18-Apr,French Fries,81,Grill,Spring 2025,Control
18-Apr,Quesadilla Cheese,24,Grill,Spring 2025,Control
18-Apr,Seared Salmon Burger,10,Grill,Spring 2025,Control
18-Apr,Sweet Potato Fries,28,Grill,Spring 2025,Control
18-Apr,Side Potato Tots,20,Grill,Spring 2025,Control
18-Apr,Grilled Chicken Breast Sandwich,6,Grill,Spring 2025,Control
18-Apr,Trillium Grill Impossible Burger,3,Grill,Spring 2025,Control
18-Apr,Black Bean Burger,2,Grill,Spring 2025,Control
18-Apr,Add Sausage 2 Patty,4,Grill,Spring 2025,Control
18-Apr,ADD Beef Patty,2,Grill,Spring 2025,Control
18-Apr,Add Egg $.99,5,Grill,Spring 2025,Control
18-Apr,ADD Cheese,2,Grill,Spring 2025,Control
18-Apr,1 Entree + 1 Side,102,Asian,Spring 2025,Control
18-Apr,1 Entree + 2 Side,42,Asian,Spring 2025,Control
18-Apr,Bowl Ramen Chicken,46,Asian,Spring 2025,Control
18-Apr,2 Entrees + 2 Sides,10,Asian,Spring 2025,Control
18-Apr,Bowl Ramen Tofu,12,Asian,Spring 2025,Control
18-Apr,1 Wok Entree,6,Asian,Spring 2025,Control
18-Apr,Side Vegetables,3,Asian,Spring 2025,Control
18-Apr,Side Vegetarian Lo Mein,3,Asian,Spring 2025,Control
18-Apr,Side Vegetable Spring Rolls,2,Asian,Spring 2025,Control
18-Apr,Side White or Brown Rice,1,Asian,Spring 2025,Control
18-Apr,Small French Omelet,58,Breakfast,Spring 2025,Control
18-Apr,Burrito Breakfast,60,Breakfast,Spring 2025,Control
18-Apr,Grand Slam Breakfast,9,Breakfast,Spring 2025,Control
18-Apr,Add Bacon,24,Breakfast,Spring 2025,Control
18-Apr,Two Eggs,11,Breakfast,Spring 2025,Control
18-Apr,Pancake Single,5,Breakfast,Spring 2025,Control
18-Apr,Trillium Home Fries,4,Breakfast,Spring 2025,Control
18-Apr,2 Slices Toast,2,Breakfast,Spring 2025,Control
18-Apr,Create Your Pasta Bowl MEAT,63,Italian,Spring 2025,Control
18-Apr,Create Your Pasta Bowl VEG,18,Italian,Spring 2025,Control
18-Apr,Pizza with Toppings,19,Italian,Spring 2025,Control
18-Apr,Add Extra Meat,28,Italian,Spring 2025,Control
18-Apr,Pizza Cheese,12,Italian,Spring 2025,Control
18-Apr,Burrito Bowl BYO,66,Mexican,Spring 2025,Control
18-Apr,Single Taco,3,Mexican,Spring 2025,Control
18-Apr,Side Guacamole,3,Mexican,Spring 2025,Control
18-Apr,Side Salsa,1,Mexican,Spring 2025,Control
18-Apr,Salad by the Pound,39,Salad Bar,Spring 2025,Control
18-Apr,Add Extra Protein $3.99,2,Salad Bar,Spring 2025,Control
18-Apr,8 oz Soup,34,Soup,Spring 2025,Control
18-Apr,Soup 12 oz,25,Soup,Spring 2025,Control
18-Apr,LTO Spicy Chicken Sandwich,22,Grab N Go,Spring 2025,Control
18-Apr,Egg Cheese Bacon Breakfast Sandwich,11,Grab N Go,Spring 2025,Control
18-Apr,Egg Cheese Sausage Breakfast Sandwich,9,Grab N Go,Spring 2025,Control